setting,bucket,query_id,query_parent_id,query_display_name,query_family_name,query_variant,query_variant_family,query_noise_group,true_parent_matched,candidate_count,num_matches,timeout_count,false_positives,false_negatives,matched_reference_ids,query_runtime_seconds
strict,medium,medium::mp-1008374::conventional_standard,mp-1008374,mp-1008374,C,conventional_standard,equivalent_transform,no_noise,1,20,1,0,0,0,medium::mp-1008374::reference,1.3461183439940214
strict,medium,medium::mp-1008374::niggli_reduced,mp-1008374,mp-1008374,C,niggli_reduced,equivalent_transform,no_noise,1,20,1,0,0,0,medium::mp-1008374::reference,0.5179982911795378
strict,medium,medium::mp-1008374::origin_shifted,mp-1008374,mp-1008374,C,origin_shifted,equivalent_transform,no_noise,1,20,1,0,0,0,medium::mp-1008374::reference,0.6575269792228937
strict,medium,medium::mp-1008374::permuted_sites,mp-1008374,mp-1008374,C,permuted_sites,equivalent_transform,no_noise,1,20,1,0,0,0,medium::mp-1008374::reference,0.9063293822109699
strict,medium,medium::mp-1008374::combined_noise_0.002A_0.003,mp-1008374,mp-1008374,C,combined_noise_0.002A_0.003,combined_perturbation,noise,1,20,1,0,0,0,medium::mp-1008374::reference,0.520520456135273
strict,medium,medium::mp-1008374::combined_noise_0.015A_0.003,mp-1008374,mp-1008374,C,combined_noise_0.015A_0.003,combined_perturbation,noise,1,20,1,0,0,0,medium::mp-1008374::reference,0.5206682085990906
strict,medium,medium::mp-1008374::combined_noise_0.050A_0.003,mp-1008374,mp-1008374,C,combined_noise_0.050A_0.003,combined_perturbation,noise,1,20,1,0,0,0,medium::mp-1008374::reference,0.5292900688946247
strict,medium,medium::mp-1008374::combined_noise_0.002A_0.010,mp-1008374,mp-1008374,C,combined_noise_0.002A_0.010,combined_perturbation,noise,1,20,1,0,0,0,medium::mp-1008374::reference,0.5210039410740137
strict,medium,medium::mp-1008374::combined_noise_0.015A_0.010,mp-1008374,mp-1008374,C,combined_noise_0.015A_0.010,combined_perturbation,noise,1,20,1,0,0,0,medium::mp-1008374::reference,0.5213498193770647
strict,medium,medium::mp-1008374::combined_noise_0.050A_0.010,mp-1008374,mp-1008374,C,combined_noise_0.050A_0.010,combined_perturbation,noise,1,20,1,0,0,0,medium::mp-1008374::reference,0.5299142599105835
strict,medium,medium::mp-1008374::combined_noise_0.002A_0.030,mp-1008374,mp-1008374,C,combined_noise_0.002A_0.030,combined_perturbation,noise,1,20,1,0,0,0,medium::mp-1008374::reference,0.5207200776785612
strict,medium,medium::mp-1008374::combined_noise_0.015A_0.030,mp-1008374,mp-1008374,C,combined_noise_0.015A_0.030,combined_perturbation,noise,1,20,1,0,0,0,medium::mp-1008374::reference,0.5228679645806551
strict,medium,medium::mp-1008374::combined_noise_0.050A_0.030,mp-1008374,mp-1008374,C,combined_noise_0.050A_0.030,combined_perturbation,noise,1,20,1,0,0,0,medium::mp-1008374::reference,0.5303048025816679
strict,medium,medium::mp-1008395::conventional_standard,mp-1008395,mp-1008395,C,conventional_standard,equivalent_transform,no_noise,1,20,1,0,0,0,medium::mp-1008395::reference,0.3451381642371416
strict,medium,medium::mp-1008395::niggli_reduced,mp-1008395,mp-1008395,C,niggli_reduced,equivalent_transform,no_noise,1,20,1,0,0,0,medium::mp-1008395::reference,0.5335241500288248
strict,medium,medium::mp-1008395::origin_shifted,mp-1008395,mp-1008395,C,origin_shifted,equivalent_transform,no_noise,1,20,1,0,0,0,medium::mp-1008395::reference,0.5706677492707968
strict,medium,medium::mp-1008395::permuted_sites,mp-1008395,mp-1008395,C,permuted_sites,equivalent_transform,no_noise,1,20,1,0,0,0,medium::mp-1008395::reference,1.2836585715413094
strict,medium,medium::mp-1008395::combined_noise_0.002A_0.003,mp-1008395,mp-1008395,C,combined_noise_0.002A_0.003,combined_perturbation,noise,1,20,1,0,0,0,medium::mp-1008395::reference,0.5349008236080408
strict,medium,medium::mp-1008395::combined_noise_0.015A_0.003,mp-1008395,mp-1008395,C,combined_noise_0.015A_0.003,combined_perturbation,noise,1,20,1,0,0,0,medium::mp-1008395::reference,0.5295850206166506
strict,medium,medium::mp-1008395::combined_noise_0.050A_0.003,mp-1008395,mp-1008395,C,combined_noise_0.050A_0.003,combined_perturbation,noise,1,20,1,0,0,0,medium::mp-1008395::reference,0.5274194832891226
strict,medium,medium::mp-1008395::combined_noise_0.002A_0.010,mp-1008395,mp-1008395,C,combined_noise_0.002A_0.010,combined_perturbation,noise,1,20,1,0,0,0,medium::mp-1008395::reference,0.5366544872522354
strict,medium,medium::mp-1008395::combined_noise_0.015A_0.010,mp-1008395,mp-1008395,C,combined_noise_0.015A_0.010,combined_perturbation,noise,1,20,1,0,0,0,medium::mp-1008395::reference,0.5285355970263481
strict,medium,medium::mp-1008395::combined_noise_0.050A_0.010,mp-1008395,mp-1008395,C,combined_noise_0.050A_0.010,combined_perturbation,noise,1,20,1,0,0,0,medium::mp-1008395::reference,0.5281503442674875
strict,medium,medium::mp-1008395::combined_noise_0.002A_0.030,mp-1008395,mp-1008395,C,combined_noise_0.002A_0.030,combined_perturbation,noise,1,20,1,0,0,0,medium::mp-1008395::reference,0.5366154666990042
strict,medium,medium::mp-1008395::combined_noise_0.015A_0.030,mp-1008395,mp-1008395,C,combined_noise_0.015A_0.030,combined_perturbation,noise,0,20,0,0,0,1,,0.5305476915091276
strict,medium,medium::mp-1008395::combined_noise_0.050A_0.030,mp-1008395,mp-1008395,C,combined_noise_0.050A_0.030,combined_perturbation,noise,1,20,1,0,0,0,medium::mp-1008395::reference,0.530662102624774
strict,medium,medium::mp-1018088::conventional_standard,mp-1018088,mp-1018088,C,conventional_standard,equivalent_transform,no_noise,1,20,1,0,0,0,medium::mp-1018088::reference,0.3345623277127743
strict,medium,medium::mp-1018088::niggli_reduced,mp-1018088,mp-1018088,C,niggli_reduced,equivalent_transform,no_noise,1,20,1,0,0,0,medium::mp-1018088::reference,0.5245665777474642
strict,medium,medium::mp-1018088::origin_shifted,mp-1018088,mp-1018088,C,origin_shifted,equivalent_transform,no_noise,1,20,1,0,0,0,medium::mp-1018088::reference,0.5459494385868311
strict,medium,medium::mp-1018088::permuted_sites,mp-1018088,mp-1018088,C,permuted_sites,equivalent_transform,no_noise,1,20,1,0,0,0,medium::mp-1018088::reference,0.914440119639039
strict,medium,medium::mp-1018088::combined_noise_0.002A_0.003,mp-1018088,mp-1018088,C,combined_noise_0.002A_0.003,combined_perturbation,noise,1,20,1,0,0,0,medium::mp-1018088::reference,0.5278643164783716
strict,medium,medium::mp-1018088::combined_noise_0.015A_0.003,mp-1018088,mp-1018088,C,combined_noise_0.015A_0.003,combined_perturbation,noise,1,20,1,0,0,0,medium::mp-1018088::reference,0.5328295882791281
strict,medium,medium::mp-1018088::combined_noise_0.050A_0.003,mp-1018088,mp-1018088,C,combined_noise_0.050A_0.003,combined_perturbation,noise,1,20,1,0,0,0,medium::mp-1018088::reference,0.5933432560414076
strict,medium,medium::mp-1018088::combined_noise_0.002A_0.010,mp-1018088,mp-1018088,C,combined_noise_0.002A_0.010,combined_perturbation,noise,1,20,1,0,0,0,medium::mp-1018088::reference,0.5310962628573179
strict,medium,medium::mp-1018088::combined_noise_0.015A_0.010,mp-1018088,mp-1018088,C,combined_noise_0.015A_0.010,combined_perturbation,noise,1,20,1,0,0,0,medium::mp-1018088::reference,0.5326340775936842
strict,medium,medium::mp-1018088::combined_noise_0.050A_0.010,mp-1018088,mp-1018088,C,combined_noise_0.050A_0.010,combined_perturbation,noise,1,20,1,0,0,0,medium::mp-1018088::reference,0.5798067506402731
strict,medium,medium::mp-1018088::combined_noise_0.002A_0.030,mp-1018088,mp-1018088,C,combined_noise_0.002A_0.030,combined_perturbation,noise,0,20,0,0,0,1,,0.5289466585963964
strict,medium,medium::mp-1018088::combined_noise_0.015A_0.030,mp-1018088,mp-1018088,C,combined_noise_0.015A_0.030,combined_perturbation,noise,1,20,1,0,0,0,medium::mp-1018088::reference,0.5395765248686075
strict,medium,medium::mp-1018088::combined_noise_0.050A_0.030,mp-1018088,mp-1018088,C,combined_noise_0.050A_0.030,combined_perturbation,noise,0,20,0,0,0,1,,0.574450459331274
strict,medium,medium::mp-1040425::conventional_standard,mp-1040425,mp-1040425,C,conventional_standard,equivalent_transform,no_noise,1,20,1,0,0,0,medium::mp-1040425::reference,0.3318139314651489
strict,medium,medium::mp-1040425::niggli_reduced,mp-1040425,mp-1040425,C,niggli_reduced,equivalent_transform,no_noise,1,20,1,0,0,0,medium::mp-1040425::reference,0.5347082410007715
strict,medium,medium::mp-1040425::origin_shifted,mp-1040425,mp-1040425,C,origin_shifted,equivalent_transform,no_noise,1,20,1,0,0,0,medium::mp-1040425::reference,0.555854644626379
strict,medium,medium::mp-1040425::permuted_sites,mp-1040425,mp-1040425,C,permuted_sites,equivalent_transform,no_noise,1,20,1,0,0,0,medium::mp-1040425::reference,0.9264215566217899
strict,medium,medium::mp-1040425::combined_noise_0.002A_0.003,mp-1040425,mp-1040425,C,combined_noise_0.002A_0.003,combined_perturbation,noise,1,20,1,0,0,0,medium::mp-1040425::reference,0.5376266110688448
strict,medium,medium::mp-1040425::combined_noise_0.015A_0.003,mp-1040425,mp-1040425,C,combined_noise_0.015A_0.003,combined_perturbation,noise,1,20,1,0,0,0,medium::mp-1040425::reference,0.528266878798604
strict,medium,medium::mp-1040425::combined_noise_0.050A_0.003,mp-1040425,mp-1040425,C,combined_noise_0.050A_0.003,combined_perturbation,noise,1,20,1,0,0,0,medium::mp-1040425::reference,0.5277135949581861
strict,medium,medium::mp-1040425::combined_noise_0.002A_0.010,mp-1040425,mp-1040425,C,combined_noise_0.002A_0.010,combined_perturbation,noise,1,20,1,0,0,0,medium::mp-1040425::reference,0.5388661064207554
strict,medium,medium::mp-1040425::combined_noise_0.015A_0.010,mp-1040425,mp-1040425,C,combined_noise_0.015A_0.010,combined_perturbation,noise,1,20,1,0,0,0,medium::mp-1040425::reference,0.5275276564061642
strict,medium,medium::mp-1040425::combined_noise_0.050A_0.010,mp-1040425,mp-1040425,C,combined_noise_0.050A_0.010,combined_perturbation,noise,1,20,1,0,0,0,medium::mp-1040425::reference,0.5271469056606293
strict,medium,medium::mp-1040425::combined_noise_0.002A_0.030,mp-1040425,mp-1040425,C,combined_noise_0.002A_0.030,combined_perturbation,noise,1,20,1,0,0,0,medium::mp-1040425::reference,0.5421059876680374
strict,medium,medium::mp-1040425::combined_noise_0.015A_0.030,mp-1040425,mp-1040425,C,combined_noise_0.015A_0.030,combined_perturbation,noise,0,20,0,0,0,1,,0.5277871489524841
strict,medium,medium::mp-1040425::combined_noise_0.050A_0.030,mp-1040425,mp-1040425,C,combined_noise_0.050A_0.030,combined_perturbation,noise,0,20,0,0,0,1,,0.529593363404274
strict,medium,medium::mp-1056957::conventional_standard,mp-1056957,mp-1056957,C,conventional_standard,equivalent_transform,no_noise,1,20,1,0,0,0,medium::mp-1056957::reference,0.3392958287149668
strict,medium,medium::mp-1056957::niggli_reduced,mp-1056957,mp-1056957,C,niggli_reduced,equivalent_transform,no_noise,1,20,1,0,0,0,medium::mp-1056957::reference,0.5442817471921444
strict,medium,medium::mp-1056957::origin_shifted,mp-1056957,mp-1056957,C,origin_shifted,equivalent_transform,no_noise,1,20,1,0,0,0,medium::mp-1056957::reference,0.5841364543884993
strict,medium,medium::mp-1056957::permuted_sites,mp-1056957,mp-1056957,C,permuted_sites,equivalent_transform,no_noise,1,20,1,0,0,0,medium::mp-1056957::reference,1.290580477565527
strict,medium,medium::mp-1056957::combined_noise_0.002A_0.003,mp-1056957,mp-1056957,C,combined_noise_0.002A_0.003,combined_perturbation,noise,1,20,1,0,0,0,medium::mp-1056957::reference,0.5434705931693316
strict,medium,medium::mp-1056957::combined_noise_0.015A_0.003,mp-1056957,mp-1056957,C,combined_noise_0.015A_0.003,combined_perturbation,noise,1,20,1,0,0,0,medium::mp-1056957::reference,0.5452228933572769
strict,medium,medium::mp-1056957::combined_noise_0.050A_0.003,mp-1056957,mp-1056957,C,combined_noise_0.050A_0.003,combined_perturbation,noise,1,20,1,0,0,0,medium::mp-1056957::reference,0.5445835590362549
strict,medium,medium::mp-1056957::combined_noise_0.002A_0.010,mp-1056957,mp-1056957,C,combined_noise_0.002A_0.010,combined_perturbation,noise,1,20,1,0,0,0,medium::mp-1056957::reference,0.5443095564842224
strict,medium,medium::mp-1056957::combined_noise_0.015A_0.010,mp-1056957,mp-1056957,C,combined_noise_0.015A_0.010,combined_perturbation,noise,1,20,1,0,0,0,medium::mp-1056957::reference,0.5498137436807156
strict,medium,medium::mp-1056957::combined_noise_0.050A_0.010,mp-1056957,mp-1056957,C,combined_noise_0.050A_0.010,combined_perturbation,noise,1,20,1,0,0,0,medium::mp-1056957::reference,0.5429013147950172
strict,medium,medium::mp-1056957::combined_noise_0.002A_0.030,mp-1056957,mp-1056957,C,combined_noise_0.002A_0.030,combined_perturbation,noise,1,20,1,0,0,0,medium::mp-1056957::reference,0.5471032671630383
strict,medium,medium::mp-1056957::combined_noise_0.015A_0.030,mp-1056957,mp-1056957,C,combined_noise_0.015A_0.030,combined_perturbation,noise,1,20,1,0,0,0,medium::mp-1056957::reference,0.5484987888485193
strict,medium,medium::mp-1056957::combined_noise_0.050A_0.030,mp-1056957,mp-1056957,C,combined_noise_0.050A_0.030,combined_perturbation,noise,1,20,1,0,0,0,medium::mp-1056957::reference,0.5473834648728371
strict,medium,medium::mp-1078845::conventional_standard,mp-1078845,mp-1078845,C,conventional_standard,equivalent_transform,no_noise,1,20,1,0,0,0,medium::mp-1078845::reference,0.3606359828263521
strict,medium,medium::mp-1078845::niggli_reduced,mp-1078845,mp-1078845,C,niggli_reduced,equivalent_transform,no_noise,1,20,1,0,0,0,medium::mp-1078845::reference,0.5322451405227184
strict,medium,medium::mp-1078845::origin_shifted,mp-1078845,mp-1078845,C,origin_shifted,equivalent_transform,no_noise,1,20,1,0,0,0,medium::mp-1078845::reference,0.5539069883525372
strict,medium,medium::mp-1078845::permuted_sites,mp-1078845,mp-1078845,C,permuted_sites,equivalent_transform,no_noise,1,20,1,0,0,0,medium::mp-1078845::reference,0.9217566400766373
strict,medium,medium::mp-1078845::combined_noise_0.002A_0.003,mp-1078845,mp-1078845,C,combined_noise_0.002A_0.003,combined_perturbation,noise,1,20,1,0,0,0,medium::mp-1078845::reference,0.5334893651306629
strict,medium,medium::mp-1078845::combined_noise_0.015A_0.003,mp-1078845,mp-1078845,C,combined_noise_0.015A_0.003,combined_perturbation,noise,1,20,1,0,0,0,medium::mp-1078845::reference,0.6078993659466505
strict,medium,medium::mp-1078845::combined_noise_0.050A_0.003,mp-1078845,mp-1078845,C,combined_noise_0.050A_0.003,combined_perturbation,noise,1,20,1,0,0,0,medium::mp-1078845::reference,0.6092192903161049
strict,medium,medium::mp-1078845::combined_noise_0.002A_0.010,mp-1078845,mp-1078845,C,combined_noise_0.002A_0.010,combined_perturbation,noise,1,20,1,0,0,0,medium::mp-1078845::reference,0.5353457611054182
strict,medium,medium::mp-1078845::combined_noise_0.015A_0.010,mp-1078845,mp-1078845,C,combined_noise_0.015A_0.010,combined_perturbation,noise,1,20,1,0,0,0,medium::mp-1078845::reference,0.6124927494674921
strict,medium,medium::mp-1078845::combined_noise_0.050A_0.010,mp-1078845,mp-1078845,C,combined_noise_0.050A_0.010,combined_perturbation,noise,1,20,1,0,0,0,medium::mp-1078845::reference,0.609713401645422
strict,medium,medium::mp-1078845::combined_noise_0.002A_0.030,mp-1078845,mp-1078845,C,combined_noise_0.002A_0.030,combined_perturbation,noise,1,20,1,0,0,0,medium::mp-1078845::reference,0.5354965813457966
strict,medium,medium::mp-1078845::combined_noise_0.015A_0.030,mp-1078845,mp-1078845,C,combined_noise_0.015A_0.030,combined_perturbation,noise,1,20,1,0,0,0,medium::mp-1078845::reference,0.6116345208138227
strict,medium,medium::mp-1078845::combined_noise_0.050A_0.030,mp-1078845,mp-1078845,C,combined_noise_0.050A_0.030,combined_perturbation,noise,0,20,0,0,0,1,,0.7512491848319769
strict,medium,medium::mp-1080826::conventional_standard,mp-1080826,mp-1080826,C,conventional_standard,equivalent_transform,no_noise,1,20,1,0,0,0,medium::mp-1080826::reference,0.35920240730047226
strict,medium,medium::mp-1080826::niggli_reduced,mp-1080826,mp-1080826,C,niggli_reduced,equivalent_transform,no_noise,1,20,1,0,0,0,medium::mp-1080826::reference,0.53597292304039
strict,medium,medium::mp-1080826::origin_shifted,mp-1080826,mp-1080826,C,origin_shifted,equivalent_transform,no_noise,1,20,1,0,0,0,medium::mp-1080826::reference,0.5714243482798338
strict,medium,medium::mp-1080826::permuted_sites,mp-1080826,mp-1080826,C,permuted_sites,equivalent_transform,no_noise,1,20,1,0,0,0,medium::mp-1080826::reference,1.2878814488649368
strict,medium,medium::mp-1080826::combined_noise_0.002A_0.003,mp-1080826,mp-1080826,C,combined_noise_0.002A_0.003,combined_perturbation,noise,1,20,1,0,0,0,medium::mp-1080826::reference,0.5350775104016066
strict,medium,medium::mp-1080826::combined_noise_0.015A_0.003,mp-1080826,mp-1080826,C,combined_noise_0.015A_0.003,combined_perturbation,noise,1,20,1,0,0,0,medium::mp-1080826::reference,0.5373169649392366
strict,medium,medium::mp-1080826::combined_noise_0.050A_0.003,mp-1080826,mp-1080826,C,combined_noise_0.050A_0.003,combined_perturbation,noise,1,20,1,0,0,0,medium::mp-1080826::reference,0.5859569199383259
strict,medium,medium::mp-1080826::combined_noise_0.002A_0.010,mp-1080826,mp-1080826,C,combined_noise_0.002A_0.010,combined_perturbation,noise,1,20,1,0,0,0,medium::mp-1080826::reference,0.5406924355775118
strict,medium,medium::mp-1080826::combined_noise_0.015A_0.010,mp-1080826,mp-1080826,C,combined_noise_0.015A_0.010,combined_perturbation,noise,1,20,1,0,0,0,medium::mp-1080826::reference,0.5373648684471846
strict,medium,medium::mp-1080826::combined_noise_0.050A_0.010,mp-1080826,mp-1080826,C,combined_noise_0.050A_0.010,combined_perturbation,noise,1,20,1,0,0,0,medium::mp-1080826::reference,0.584654338657856
strict,medium,medium::mp-1080826::combined_noise_0.002A_0.030,mp-1080826,mp-1080826,C,combined_noise_0.002A_0.030,combined_perturbation,noise,1,20,1,0,0,0,medium::mp-1080826::reference,0.5362344235181808
strict,medium,medium::mp-1080826::combined_noise_0.015A_0.030,mp-1080826,mp-1080826,C,combined_noise_0.015A_0.030,combined_perturbation,noise,1,20,1,0,0,0,medium::mp-1080826::reference,0.537855776026845
strict,medium,medium::mp-1080826::combined_noise_0.050A_0.030,mp-1080826,mp-1080826,C,combined_noise_0.050A_0.030,combined_perturbation,noise,1,20,1,0,0,0,medium::mp-1080826::reference,0.5823978204280138
strict,medium,medium::mp-1095534::conventional_standard,mp-1095534,mp-1095534,C,conventional_standard,equivalent_transform,no_noise,1,20,1,0,0,0,medium::mp-1095534::reference,0.3993317671120167
strict,medium,medium::mp-1095534::niggli_reduced,mp-1095534,mp-1095534,C,niggli_reduced,equivalent_transform,no_noise,1,20,1,0,0,0,medium::mp-1095534::reference,0.5964234806597233
strict,medium,medium::mp-1095534::origin_shifted,mp-1095534,mp-1095534,C,origin_shifted,equivalent_transform,no_noise,1,20,1,0,0,0,medium::mp-1095534::reference,0.6390348989516497
strict,medium,medium::mp-1095534::permuted_sites,mp-1095534,mp-1095534,C,permuted_sites,equivalent_transform,no_noise,1,20,1,0,0,0,medium::mp-1095534::reference,1.6645109672099352
strict,medium,medium::mp-1095534::combined_noise_0.002A_0.003,mp-1095534,mp-1095534,C,combined_noise_0.002A_0.003,combined_perturbation,noise,1,20,1,0,0,0,medium::mp-1095534::reference,0.6029651332646608
strict,medium,medium::mp-1095534::combined_noise_0.015A_0.003,mp-1095534,mp-1095534,C,combined_noise_0.015A_0.003,combined_perturbation,noise,1,20,1,0,0,0,medium::mp-1095534::reference,0.5977775380015373
strict,medium,medium::mp-1095534::combined_noise_0.050A_0.003,mp-1095534,mp-1095534,C,combined_noise_0.050A_0.003,combined_perturbation,noise,1,20,1,0,0,0,medium::mp-1095534::reference,0.5982979983091354
strict,medium,medium::mp-1095534::combined_noise_0.002A_0.010,mp-1095534,mp-1095534,C,combined_noise_0.002A_0.010,combined_perturbation,noise,1,20,1,0,0,0,medium::mp-1095534::reference,0.597708135843277
strict,medium,medium::mp-1095534::combined_noise_0.015A_0.010,mp-1095534,mp-1095534,C,combined_noise_0.015A_0.010,combined_perturbation,noise,1,20,1,0,0,0,medium::mp-1095534::reference,0.6010971050709486
strict,medium,medium::mp-1095534::combined_noise_0.050A_0.010,mp-1095534,mp-1095534,C,combined_noise_0.050A_0.010,combined_perturbation,noise,1,20,1,0,0,0,medium::mp-1095534::reference,0.600049551576376
strict,medium,medium::mp-1095534::combined_noise_0.002A_0.030,mp-1095534,mp-1095534,C,combined_noise_0.002A_0.030,combined_perturbation,noise,1,20,1,0,0,0,medium::mp-1095534::reference,0.5981485042721033
strict,medium,medium::mp-1095534::combined_noise_0.015A_0.030,mp-1095534,mp-1095534,C,combined_noise_0.015A_0.030,combined_perturbation,noise,1,20,1,0,0,0,medium::mp-1095534::reference,0.5974006541073322
strict,medium,medium::mp-1095534::combined_noise_0.050A_0.030,mp-1095534,mp-1095534,C,combined_noise_0.050A_0.030,combined_perturbation,noise,1,20,1,0,0,0,medium::mp-1095534::reference,0.603825444355607
strict,medium,medium::mp-1095633::conventional_standard,mp-1095633,mp-1095633,C,conventional_standard,equivalent_transform,no_noise,1,20,1,0,0,0,medium::mp-1095633::reference,0.39737888239324093
strict,medium,medium::mp-1095633::niggli_reduced,mp-1095633,mp-1095633,C,niggli_reduced,equivalent_transform,no_noise,1,20,1,0,0,0,medium::mp-1095633::reference,0.6031800415366888
strict,medium,medium::mp-1095633::origin_shifted,mp-1095633,mp-1095633,C,origin_shifted,equivalent_transform,no_noise,1,20,1,0,0,0,medium::mp-1095633::reference,0.6271982844918966
strict,medium,medium::mp-1095633::permuted_sites,mp-1095633,mp-1095633,C,permuted_sites,equivalent_transform,no_noise,1,20,1,0,0,0,medium::mp-1095633::reference,1.1466670893132687
strict,medium,medium::mp-1095633::combined_noise_0.002A_0.003,mp-1095633,mp-1095633,C,combined_noise_0.002A_0.003,combined_perturbation,noise,1,20,1,0,0,0,medium::mp-1095633::reference,0.6036505829542875
strict,medium,medium::mp-1095633::combined_noise_0.015A_0.003,mp-1095633,mp-1095633,C,combined_noise_0.015A_0.003,combined_perturbation,noise,1,20,1,0,0,0,medium::mp-1095633::reference,0.601632734760642
strict,medium,medium::mp-1095633::combined_noise_0.050A_0.003,mp-1095633,mp-1095633,C,combined_noise_0.050A_0.003,combined_perturbation,noise,1,20,1,0,0,0,medium::mp-1095633::reference,0.7039072718471289
strict,medium,medium::mp-1095633::combined_noise_0.002A_0.010,mp-1095633,mp-1095633,C,combined_noise_0.002A_0.010,combined_perturbation,noise,1,20,1,0,0,0,medium::mp-1095633::reference,0.6041498761624098
strict,medium,medium::mp-1095633::combined_noise_0.015A_0.010,mp-1095633,mp-1095633,C,combined_noise_0.015A_0.010,combined_perturbation,noise,1,20,1,0,0,0,medium::mp-1095633::reference,0.6046583466231823
strict,medium,medium::mp-1095633::combined_noise_0.050A_0.010,mp-1095633,mp-1095633,C,combined_noise_0.050A_0.010,combined_perturbation,noise,1,20,1,0,0,0,medium::mp-1095633::reference,0.7138265818357468
strict,medium,medium::mp-1095633::combined_noise_0.002A_0.030,mp-1095633,mp-1095633,C,combined_noise_0.002A_0.030,combined_perturbation,noise,0,20,0,0,0,1,,0.604902857914567
strict,medium,medium::mp-1095633::combined_noise_0.015A_0.030,mp-1095633,mp-1095633,C,combined_noise_0.015A_0.030,combined_perturbation,noise,1,20,1,0,0,0,medium::mp-1095633::reference,0.603836003690958
strict,medium,medium::mp-1095633::combined_noise_0.050A_0.030,mp-1095633,mp-1095633,C,combined_noise_0.050A_0.030,combined_perturbation,noise,0,20,0,0,0,1,,0.8790207616984844
strict,medium,medium::mp-1096869::conventional_standard,mp-1096869,mp-1096869,C,conventional_standard,equivalent_transform,no_noise,1,20,1,0,0,0,medium::mp-1096869::reference,2.7681793849915266
strict,medium,medium::mp-1096869::niggli_reduced,mp-1096869,mp-1096869,C,niggli_reduced,equivalent_transform,no_noise,1,20,1,0,0,0,medium::mp-1096869::reference,1.0802183467894793
strict,medium,medium::mp-1096869::origin_shifted,mp-1096869,mp-1096869,C,origin_shifted,equivalent_transform,no_noise,1,20,1,0,0,0,medium::mp-1096869::reference,1.1336325481534004
strict,medium,medium::mp-1096869::permuted_sites,mp-1096869,mp-1096869,C,permuted_sites,equivalent_transform,no_noise,1,20,1,0,0,0,medium::mp-1096869::reference,2.362625939771533
strict,medium,medium::mp-1096869::combined_noise_0.002A_0.003,mp-1096869,mp-1096869,C,combined_noise_0.002A_0.003,combined_perturbation,noise,1,20,1,0,0,0,medium::mp-1096869::reference,1.096985274925828
strict,medium,medium::mp-1096869::combined_noise_0.015A_0.003,mp-1096869,mp-1096869,C,combined_noise_0.015A_0.003,combined_perturbation,noise,1,20,1,0,0,0,medium::mp-1096869::reference,1.0956287290900946
strict,medium,medium::mp-1096869::combined_noise_0.050A_0.003,mp-1096869,mp-1096869,C,combined_noise_0.050A_0.003,combined_perturbation,noise,1,20,1,0,0,0,medium::mp-1096869::reference,1.0912114270031452
strict,medium,medium::mp-1096869::combined_noise_0.002A_0.010,mp-1096869,mp-1096869,C,combined_noise_0.002A_0.010,combined_perturbation,noise,1,20,1,0,0,0,medium::mp-1096869::reference,1.2476643398404121
strict,medium,medium::mp-1096869::combined_noise_0.015A_0.010,mp-1096869,mp-1096869,C,combined_noise_0.015A_0.010,combined_perturbation,noise,1,20,1,0,0,0,medium::mp-1096869::reference,1.1043618191033602
strict,medium,medium::mp-1096869::combined_noise_0.050A_0.010,mp-1096869,mp-1096869,C,combined_noise_0.050A_0.010,combined_perturbation,noise,1,20,1,0,0,0,medium::mp-1096869::reference,1.1140856239944696
strict,medium,medium::mp-1096869::combined_noise_0.002A_0.030,mp-1096869,mp-1096869,C,combined_noise_0.002A_0.030,combined_perturbation,noise,1,20,1,0,0,0,medium::mp-1096869::reference,1.093603003770113
strict,medium,medium::mp-1096869::combined_noise_0.015A_0.030,mp-1096869,mp-1096869,C,combined_noise_0.015A_0.030,combined_perturbation,noise,1,20,1,0,0,0,medium::mp-1096869::reference,1.232152298092842
strict,medium,medium::mp-1096869::combined_noise_0.050A_0.030,mp-1096869,mp-1096869,C,combined_noise_0.050A_0.030,combined_perturbation,noise,1,20,1,0,0,0,medium::mp-1096869::reference,1.094348106533289
strict,medium,medium::mp-1097832::conventional_standard,mp-1097832,mp-1097832,C,conventional_standard,equivalent_transform,no_noise,1,20,1,0,0,0,medium::mp-1097832::reference,0.34274682216346264
strict,medium,medium::mp-1097832::niggli_reduced,mp-1097832,mp-1097832,C,niggli_reduced,equivalent_transform,no_noise,1,20,1,0,0,0,medium::mp-1097832::reference,0.5542050115764141
strict,medium,medium::mp-1097832::origin_shifted,mp-1097832,mp-1097832,C,origin_shifted,equivalent_transform,no_noise,1,20,1,0,0,0,medium::mp-1097832::reference,0.589575307443738
strict,medium,medium::mp-1097832::permuted_sites,mp-1097832,mp-1097832,C,permuted_sites,equivalent_transform,no_noise,1,20,1,0,0,0,medium::mp-1097832::reference,1.3008830398321152
strict,medium,medium::mp-1097832::combined_noise_0.002A_0.003,mp-1097832,mp-1097832,C,combined_noise_0.002A_0.003,combined_perturbation,noise,1,20,1,0,0,0,medium::mp-1097832::reference,0.5554060880094767
strict,medium,medium::mp-1097832::combined_noise_0.015A_0.003,mp-1097832,mp-1097832,C,combined_noise_0.015A_0.003,combined_perturbation,noise,1,20,1,0,0,0,medium::mp-1097832::reference,0.5562121272087097
strict,medium,medium::mp-1097832::combined_noise_0.050A_0.003,mp-1097832,mp-1097832,C,combined_noise_0.050A_0.003,combined_perturbation,noise,1,20,1,0,0,0,medium::mp-1097832::reference,0.5552055072039366
strict,medium,medium::mp-1097832::combined_noise_0.002A_0.010,mp-1097832,mp-1097832,C,combined_noise_0.002A_0.010,combined_perturbation,noise,1,20,1,0,0,0,medium::mp-1097832::reference,0.5581329371780157
strict,medium,medium::mp-1097832::combined_noise_0.015A_0.010,mp-1097832,mp-1097832,C,combined_noise_0.015A_0.010,combined_perturbation,noise,1,20,1,0,0,0,medium::mp-1097832::reference,0.5553490482270718
strict,medium,medium::mp-1097832::combined_noise_0.050A_0.010,mp-1097832,mp-1097832,C,combined_noise_0.050A_0.010,combined_perturbation,noise,1,20,1,0,0,0,medium::mp-1097832::reference,0.5557629037648439
strict,medium,medium::mp-1097832::combined_noise_0.002A_0.030,mp-1097832,mp-1097832,C,combined_noise_0.002A_0.030,combined_perturbation,noise,0,20,0,0,0,1,,0.5521469991654158
strict,medium,medium::mp-1097832::combined_noise_0.015A_0.030,mp-1097832,mp-1097832,C,combined_noise_0.015A_0.030,combined_perturbation,noise,1,20,1,0,0,0,medium::mp-1097832::reference,0.554975338280201
strict,medium,medium::mp-1097832::combined_noise_0.050A_0.030,mp-1097832,mp-1097832,C,combined_noise_0.050A_0.030,combined_perturbation,noise,1,20,1,0,0,0,medium::mp-1097832::reference,0.5559009797871113
strict,medium,medium::mp-1181996::conventional_standard,mp-1181996,mp-1181996,C,conventional_standard,equivalent_transform,no_noise,1,20,1,0,0,0,medium::mp-1181996::reference,0.43468563072383404
strict,medium,medium::mp-1181996::niggli_reduced,mp-1181996,mp-1181996,C,niggli_reduced,equivalent_transform,no_noise,1,20,1,0,0,0,medium::mp-1181996::reference,0.650976050645113
strict,medium,medium::mp-1181996::origin_shifted,mp-1181996,mp-1181996,C,origin_shifted,equivalent_transform,no_noise,1,20,1,0,0,0,medium::mp-1181996::reference,0.6725840158760548
strict,medium,medium::mp-1181996::permuted_sites,mp-1181996,mp-1181996,C,permuted_sites,equivalent_transform,no_noise,1,20,1,0,0,0,medium::mp-1181996::reference,1.0382106956094503
strict,medium,medium::mp-1181996::combined_noise_0.002A_0.003,mp-1181996,mp-1181996,C,combined_noise_0.002A_0.003,combined_perturbation,noise,1,20,1,0,0,0,medium::mp-1181996::reference,0.653545280918479
strict,medium,medium::mp-1181996::combined_noise_0.015A_0.003,mp-1181996,mp-1181996,C,combined_noise_0.015A_0.003,combined_perturbation,noise,1,20,1,0,0,0,medium::mp-1181996::reference,0.6553152278065681
strict,medium,medium::mp-1181996::combined_noise_0.050A_0.003,mp-1181996,mp-1181996,C,combined_noise_0.050A_0.003,combined_perturbation,noise,1,20,1,0,0,0,medium::mp-1181996::reference,0.6501067504286766
strict,medium,medium::mp-1181996::combined_noise_0.002A_0.010,mp-1181996,mp-1181996,C,combined_noise_0.002A_0.010,combined_perturbation,noise,1,20,1,0,0,0,medium::mp-1181996::reference,0.65322570130229
strict,medium,medium::mp-1181996::combined_noise_0.015A_0.010,mp-1181996,mp-1181996,C,combined_noise_0.015A_0.010,combined_perturbation,noise,1,20,1,0,0,0,medium::mp-1181996::reference,0.6559431813657284
strict,medium,medium::mp-1181996::combined_noise_0.050A_0.010,mp-1181996,mp-1181996,C,combined_noise_0.050A_0.010,combined_perturbation,noise,1,20,1,0,0,0,medium::mp-1181996::reference,0.6569499131292105
strict,medium,medium::mp-1181996::combined_noise_0.002A_0.030,mp-1181996,mp-1181996,C,combined_noise_0.002A_0.030,combined_perturbation,noise,1,20,1,0,0,0,medium::mp-1181996::reference,0.6397310756146908
strict,medium,medium::mp-1181996::combined_noise_0.015A_0.030,mp-1181996,mp-1181996,C,combined_noise_0.015A_0.030,combined_perturbation,noise,1,20,1,0,0,0,medium::mp-1181996::reference,0.6326993107795715
strict,medium,medium::mp-1181996::combined_noise_0.050A_0.030,mp-1181996,mp-1181996,C,combined_noise_0.050A_0.030,combined_perturbation,noise,1,20,1,0,0,0,medium::mp-1181996::reference,0.6460295654833317
strict,medium,medium::mp-1182029::conventional_standard,mp-1182029,mp-1182029,C,conventional_standard,equivalent_transform,no_noise,1,20,1,0,0,0,medium::mp-1182029::reference,0.400581419467926
strict,medium,medium::mp-1182029::niggli_reduced,mp-1182029,mp-1182029,C,niggli_reduced,equivalent_transform,no_noise,1,20,1,0,0,0,medium::mp-1182029::reference,0.624716566875577
strict,medium,medium::mp-1182029::origin_shifted,mp-1182029,mp-1182029,C,origin_shifted,equivalent_transform,no_noise,1,20,1,0,0,0,medium::mp-1182029::reference,0.6444735825061798
strict,medium,medium::mp-1182029::permuted_sites,mp-1182029,mp-1182029,C,permuted_sites,equivalent_transform,no_noise,1,20,1,0,0,0,medium::mp-1182029::reference,1.0118321292102337
strict,medium,medium::mp-1182029::combined_noise_0.002A_0.003,mp-1182029,mp-1182029,C,combined_noise_0.002A_0.003,combined_perturbation,noise,1,20,1,0,0,0,medium::mp-1182029::reference,0.6267753448337317
strict,medium,medium::mp-1182029::combined_noise_0.015A_0.003,mp-1182029,mp-1182029,C,combined_noise_0.015A_0.003,combined_perturbation,noise,1,20,1,0,0,0,medium::mp-1182029::reference,0.6271285712718964
strict,medium,medium::mp-1182029::combined_noise_0.050A_0.003,mp-1182029,mp-1182029,C,combined_noise_0.050A_0.003,combined_perturbation,noise,1,20,1,0,0,0,medium::mp-1182029::reference,0.6318623591214418
strict,medium,medium::mp-1182029::combined_noise_0.002A_0.010,mp-1182029,mp-1182029,C,combined_noise_0.002A_0.010,combined_perturbation,noise,1,20,1,0,0,0,medium::mp-1182029::reference,0.6283975187689066
strict,medium,medium::mp-1182029::combined_noise_0.015A_0.010,mp-1182029,mp-1182029,C,combined_noise_0.015A_0.010,combined_perturbation,noise,1,20,1,0,0,0,medium::mp-1182029::reference,0.6321800220757723
strict,medium,medium::mp-1182029::combined_noise_0.050A_0.010,mp-1182029,mp-1182029,C,combined_noise_0.050A_0.010,combined_perturbation,noise,1,20,1,0,0,0,medium::mp-1182029::reference,0.6306924354285002
strict,medium,medium::mp-1182029::combined_noise_0.002A_0.030,mp-1182029,mp-1182029,C,combined_noise_0.002A_0.030,combined_perturbation,noise,1,20,1,0,0,0,medium::mp-1182029::reference,0.629601314663887
strict,medium,medium::mp-1182029::combined_noise_0.015A_0.030,mp-1182029,mp-1182029,C,combined_noise_0.015A_0.030,combined_perturbation,noise,1,20,1,0,0,0,medium::mp-1182029::reference,0.641654971987009
strict,medium,medium::mp-1182029::combined_noise_0.050A_0.030,mp-1182029,mp-1182029,C,combined_noise_0.050A_0.030,combined_perturbation,noise,1,20,1,0,0,0,medium::mp-1182029::reference,0.6284941397607327
strict,medium,medium::mp-1182684::conventional_standard,mp-1182684,mp-1182684,C,conventional_standard,equivalent_transform,no_noise,1,20,1,0,0,0,medium::mp-1182684::reference,1.830487648025155
strict,medium,medium::mp-1182684::niggli_reduced,mp-1182684,mp-1182684,C,niggli_reduced,equivalent_transform,no_noise,1,20,1,0,0,0,medium::mp-1182684::reference,1.8271998036652803
strict,medium,medium::mp-1182684::origin_shifted,mp-1182684,mp-1182684,C,origin_shifted,equivalent_transform,no_noise,1,20,1,0,0,0,medium::mp-1182684::reference,1.717670176178217
strict,medium,medium::mp-1182684::permuted_sites,mp-1182684,mp-1182684,C,permuted_sites,equivalent_transform,no_noise,1,20,1,0,0,0,medium::mp-1182684::reference,3.1521578989923
strict,medium,medium::mp-1182684::combined_noise_0.002A_0.003,mp-1182684,mp-1182684,C,combined_noise_0.002A_0.003,combined_perturbation,noise,1,20,1,0,0,0,medium::mp-1182684::reference,1.6952636409550905
strict,medium,medium::mp-1182684::combined_noise_0.015A_0.003,mp-1182684,mp-1182684,C,combined_noise_0.015A_0.003,combined_perturbation,noise,1,20,1,0,0,0,medium::mp-1182684::reference,1.512974651530385
strict,medium,medium::mp-1182684::combined_noise_0.050A_0.003,mp-1182684,mp-1182684,C,combined_noise_0.050A_0.003,combined_perturbation,noise,1,20,1,0,0,0,medium::mp-1182684::reference,1.657282656058669
strict,medium,medium::mp-1182684::combined_noise_0.002A_0.010,mp-1182684,mp-1182684,C,combined_noise_0.002A_0.010,combined_perturbation,noise,1,20,1,0,0,0,medium::mp-1182684::reference,1.669372696429491
strict,medium,medium::mp-1182684::combined_noise_0.015A_0.010,mp-1182684,mp-1182684,C,combined_noise_0.015A_0.010,combined_perturbation,noise,1,20,1,0,0,0,medium::mp-1182684::reference,1.6656361762434244
strict,medium,medium::mp-1182684::combined_noise_0.050A_0.010,mp-1182684,mp-1182684,C,combined_noise_0.050A_0.010,combined_perturbation,noise,1,20,1,0,0,0,medium::mp-1182684::reference,1.6758509054780006
strict,medium,medium::mp-1182684::combined_noise_0.002A_0.030,mp-1182684,mp-1182684,C,combined_noise_0.002A_0.030,combined_perturbation,noise,1,20,1,0,0,0,medium::mp-1182684::reference,1.6817192360758781
strict,medium,medium::mp-1182684::combined_noise_0.015A_0.030,mp-1182684,mp-1182684,C,combined_noise_0.015A_0.030,combined_perturbation,noise,1,20,1,0,0,0,medium::mp-1182684::reference,1.5386568661779165
strict,medium,medium::mp-1182684::combined_noise_0.050A_0.030,mp-1182684,mp-1182684,C,combined_noise_0.050A_0.030,combined_perturbation,noise,1,20,1,0,0,0,medium::mp-1182684::reference,1.654700867831707
strict,medium,medium::mp-1188817::conventional_standard,mp-1188817,mp-1188817,C,conventional_standard,equivalent_transform,no_noise,1,20,1,0,0,0,medium::mp-1188817::reference,0.396034624427557
strict,medium,medium::mp-1188817::niggli_reduced,mp-1188817,mp-1188817,C,niggli_reduced,equivalent_transform,no_noise,1,20,1,0,0,0,medium::mp-1188817::reference,0.5679678395390511
strict,medium,medium::mp-1188817::origin_shifted,mp-1188817,mp-1188817,C,origin_shifted,equivalent_transform,no_noise,1,20,1,0,0,0,medium::mp-1188817::reference,0.5859098490327597
strict,medium,medium::mp-1188817::permuted_sites,mp-1188817,mp-1188817,C,permuted_sites,equivalent_transform,no_noise,1,20,1,0,0,0,medium::mp-1188817::reference,0.9546565935015678
strict,medium,medium::mp-1188817::combined_noise_0.002A_0.003,mp-1188817,mp-1188817,C,combined_noise_0.002A_0.003,combined_perturbation,noise,1,20,1,0,0,0,medium::mp-1188817::reference,0.5708686001598835
strict,medium,medium::mp-1188817::combined_noise_0.015A_0.003,mp-1188817,mp-1188817,C,combined_noise_0.015A_0.003,combined_perturbation,noise,1,20,1,0,0,0,medium::mp-1188817::reference,0.5700316447764635
strict,medium,medium::mp-1188817::combined_noise_0.050A_0.003,mp-1188817,mp-1188817,C,combined_noise_0.050A_0.003,combined_perturbation,noise,1,20,1,0,0,0,medium::mp-1188817::reference,0.5697066560387611
strict,medium,medium::mp-1188817::combined_noise_0.002A_0.010,mp-1188817,mp-1188817,C,combined_noise_0.002A_0.010,combined_perturbation,noise,1,20,1,0,0,0,medium::mp-1188817::reference,0.5697675757110119
strict,medium,medium::mp-1188817::combined_noise_0.015A_0.010,mp-1188817,mp-1188817,C,combined_noise_0.015A_0.010,combined_perturbation,noise,1,20,1,0,0,0,medium::mp-1188817::reference,0.5709514673799276
strict,medium,medium::mp-1188817::combined_noise_0.050A_0.010,mp-1188817,mp-1188817,C,combined_noise_0.050A_0.010,combined_perturbation,noise,1,20,1,0,0,0,medium::mp-1188817::reference,0.5704008378088474
strict,medium,medium::mp-1188817::combined_noise_0.002A_0.030,mp-1188817,mp-1188817,C,combined_noise_0.002A_0.030,combined_perturbation,noise,1,20,1,0,0,0,medium::mp-1188817::reference,0.5600290950387716
strict,medium,medium::mp-1188817::combined_noise_0.015A_0.030,mp-1188817,mp-1188817,C,combined_noise_0.015A_0.030,combined_perturbation,noise,1,20,1,0,0,0,medium::mp-1188817::reference,0.5634223241358995
strict,medium,medium::mp-1188817::combined_noise_0.050A_0.030,mp-1188817,mp-1188817,C,combined_noise_0.050A_0.030,combined_perturbation,noise,1,20,1,0,0,0,medium::mp-1188817::reference,0.57001125626266
strict,medium,medium::mp-1190171::conventional_standard,mp-1190171,mp-1190171,C,conventional_standard,equivalent_transform,no_noise,1,20,1,0,0,0,medium::mp-1190171::reference,0.38122723437845707
strict,medium,medium::mp-1190171::niggli_reduced,mp-1190171,mp-1190171,C,niggli_reduced,equivalent_transform,no_noise,1,20,1,0,0,0,medium::mp-1190171::reference,0.6242397148162127
strict,medium,medium::mp-1190171::origin_shifted,mp-1190171,mp-1190171,C,origin_shifted,equivalent_transform,no_noise,1,20,1,0,0,0,medium::mp-1190171::reference,0.6446474716067314
strict,medium,medium::mp-1190171::permuted_sites,mp-1190171,mp-1190171,C,permuted_sites,equivalent_transform,no_noise,1,20,1,0,0,0,medium::mp-1190171::reference,1.1737073846161366
strict,medium,medium::mp-1190171::combined_noise_0.002A_0.003,mp-1190171,mp-1190171,C,combined_noise_0.002A_0.003,combined_perturbation,noise,1,20,1,0,0,0,medium::mp-1190171::reference,0.625841910019517
strict,medium,medium::mp-1190171::combined_noise_0.015A_0.003,mp-1190171,mp-1190171,C,combined_noise_0.015A_0.003,combined_perturbation,noise,1,20,1,0,0,0,medium::mp-1190171::reference,0.6282042600214481
strict,medium,medium::mp-1190171::combined_noise_0.050A_0.003,mp-1190171,mp-1190171,C,combined_noise_0.050A_0.003,combined_perturbation,noise,1,20,1,0,0,0,medium::mp-1190171::reference,0.6282868161797523
strict,medium,medium::mp-1190171::combined_noise_0.002A_0.010,mp-1190171,mp-1190171,C,combined_noise_0.002A_0.010,combined_perturbation,noise,1,20,1,0,0,0,medium::mp-1190171::reference,0.6277753692120314
strict,medium,medium::mp-1190171::combined_noise_0.015A_0.010,mp-1190171,mp-1190171,C,combined_noise_0.015A_0.010,combined_perturbation,noise,1,20,1,0,0,0,medium::mp-1190171::reference,0.6276578959077597
strict,medium,medium::mp-1190171::combined_noise_0.050A_0.010,mp-1190171,mp-1190171,C,combined_noise_0.050A_0.010,combined_perturbation,noise,1,20,1,0,0,0,medium::mp-1190171::reference,0.6277098953723907
strict,medium,medium::mp-1190171::combined_noise_0.002A_0.030,mp-1190171,mp-1190171,C,combined_noise_0.002A_0.030,combined_perturbation,noise,1,20,1,0,0,0,medium::mp-1190171::reference,0.6288718674331903
strict,medium,medium::mp-1190171::combined_noise_0.015A_0.030,mp-1190171,mp-1190171,C,combined_noise_0.015A_0.030,combined_perturbation,noise,1,20,1,0,0,0,medium::mp-1190171::reference,0.6290704514831305
strict,medium,medium::mp-1190171::combined_noise_0.050A_0.030,mp-1190171,mp-1190171,C,combined_noise_0.050A_0.030,combined_perturbation,noise,1,20,1,0,0,0,medium::mp-1190171::reference,0.7571623828262091
strict,medium,medium::mp-1192619::conventional_standard,mp-1192619,mp-1192619,C,conventional_standard,equivalent_transform,no_noise,1,20,1,0,0,0,medium::mp-1192619::reference,0.7356412597000599
strict,medium,medium::mp-1192619::niggli_reduced,mp-1192619,mp-1192619,C,niggli_reduced,equivalent_transform,no_noise,1,20,1,0,0,0,medium::mp-1192619::reference,0.7383692599833012
strict,medium,medium::mp-1192619::origin_shifted,mp-1192619,mp-1192619,C,origin_shifted,equivalent_transform,no_noise,1,20,1,0,0,0,medium::mp-1192619::reference,0.763246200978756
strict,medium,medium::mp-1192619::permuted_sites,mp-1192619,mp-1192619,C,permuted_sites,equivalent_transform,no_noise,1,20,1,0,0,0,medium::mp-1192619::reference,1.5257243532687426
strict,medium,medium::mp-1192619::combined_noise_0.002A_0.003,mp-1192619,mp-1192619,C,combined_noise_0.002A_0.003,combined_perturbation,noise,1,20,1,0,0,0,medium::mp-1192619::reference,0.7382651101797819
strict,medium,medium::mp-1192619::combined_noise_0.015A_0.003,mp-1192619,mp-1192619,C,combined_noise_0.015A_0.003,combined_perturbation,noise,1,20,1,0,0,0,medium::mp-1192619::reference,0.7348558809608221
strict,medium,medium::mp-1192619::combined_noise_0.050A_0.003,mp-1192619,mp-1192619,C,combined_noise_0.050A_0.003,combined_perturbation,noise,1,20,1,0,0,0,medium::mp-1192619::reference,0.9737595282495022
strict,medium,medium::mp-1192619::combined_noise_0.002A_0.010,mp-1192619,mp-1192619,C,combined_noise_0.002A_0.010,combined_perturbation,noise,1,20,1,0,0,0,medium::mp-1192619::reference,0.7376406919211149
strict,medium,medium::mp-1192619::combined_noise_0.015A_0.010,mp-1192619,mp-1192619,C,combined_noise_0.015A_0.010,combined_perturbation,noise,1,20,1,0,0,0,medium::mp-1192619::reference,0.7343460377305746
strict,medium,medium::mp-1192619::combined_noise_0.050A_0.010,mp-1192619,mp-1192619,C,combined_noise_0.050A_0.010,combined_perturbation,noise,1,20,1,0,0,0,medium::mp-1192619::reference,0.8212468829005957
strict,medium,medium::mp-1192619::combined_noise_0.002A_0.030,mp-1192619,mp-1192619,C,combined_noise_0.002A_0.030,combined_perturbation,noise,0,20,0,0,0,1,,0.7298800591379404
strict,medium,medium::mp-1192619::combined_noise_0.015A_0.030,mp-1192619,mp-1192619,C,combined_noise_0.015A_0.030,combined_perturbation,noise,0,20,0,0,0,1,,0.7320959195494652
strict,medium,medium::mp-1192619::combined_noise_0.050A_0.030,mp-1192619,mp-1192619,C,combined_noise_0.050A_0.030,combined_perturbation,noise,1,20,1,0,0,0,medium::mp-1192619::reference,0.8221229258924723
strict,medium,medium::mp-1196857::conventional_standard,mp-1196857,mp-1196857,C,conventional_standard,equivalent_transform,no_noise,1,20,1,0,0,0,medium::mp-1196857::reference,0.9538571424782276
strict,medium,medium::mp-1196857::niggli_reduced,mp-1196857,mp-1196857,C,niggli_reduced,equivalent_transform,no_noise,1,20,1,0,0,0,medium::mp-1196857::reference,0.9545256439596415
strict,medium,medium::mp-1196857::origin_shifted,mp-1196857,mp-1196857,C,origin_shifted,equivalent_transform,no_noise,1,20,1,0,0,0,medium::mp-1196857::reference,0.774285439401865
strict,medium,medium::mp-1196857::permuted_sites,mp-1196857,mp-1196857,C,permuted_sites,equivalent_transform,no_noise,1,20,1,0,0,0,medium::mp-1196857::reference,1.5503158923238516
strict,medium,medium::mp-1196857::combined_noise_0.002A_0.003,mp-1196857,mp-1196857,C,combined_noise_0.002A_0.003,combined_perturbation,noise,1,20,1,0,0,0,medium::mp-1196857::reference,0.7527963556349277
strict,medium,medium::mp-1196857::combined_noise_0.015A_0.003,mp-1196857,mp-1196857,C,combined_noise_0.015A_0.003,combined_perturbation,noise,1,20,1,0,0,0,medium::mp-1196857::reference,0.7509830314666033
strict,medium,medium::mp-1196857::combined_noise_0.050A_0.003,mp-1196857,mp-1196857,C,combined_noise_0.050A_0.003,combined_perturbation,noise,1,20,1,0,0,0,medium::mp-1196857::reference,0.7543054409325123
strict,medium,medium::mp-1196857::combined_noise_0.002A_0.010,mp-1196857,mp-1196857,C,combined_noise_0.002A_0.010,combined_perturbation,noise,1,20,1,0,0,0,medium::mp-1196857::reference,0.7548587843775749
strict,medium,medium::mp-1196857::combined_noise_0.015A_0.010,mp-1196857,mp-1196857,C,combined_noise_0.015A_0.010,combined_perturbation,noise,1,20,1,0,0,0,medium::mp-1196857::reference,0.7567412797361612
strict,medium,medium::mp-1196857::combined_noise_0.050A_0.010,mp-1196857,mp-1196857,C,combined_noise_0.050A_0.010,combined_perturbation,noise,1,20,1,0,0,0,medium::mp-1196857::reference,0.9171341508626938
strict,medium,medium::mp-1196857::combined_noise_0.002A_0.030,mp-1196857,mp-1196857,C,combined_noise_0.002A_0.030,combined_perturbation,noise,1,20,1,0,0,0,medium::mp-1196857::reference,0.7575531341135502
strict,medium,medium::mp-1196857::combined_noise_0.015A_0.030,mp-1196857,mp-1196857,C,combined_noise_0.015A_0.030,combined_perturbation,noise,1,20,1,0,0,0,medium::mp-1196857::reference,0.7566160000860691
strict,medium,medium::mp-1196857::combined_noise_0.050A_0.030,mp-1196857,mp-1196857,C,combined_noise_0.050A_0.030,combined_perturbation,noise,1,20,1,0,0,0,medium::mp-1196857::reference,0.7625195514410734
strict,medium,medium::mp-1197903::conventional_standard,mp-1197903,mp-1197903,C,conventional_standard,equivalent_transform,no_noise,1,20,1,0,0,0,medium::mp-1197903::reference,1.7542967665940523
strict,medium,medium::mp-1197903::niggli_reduced,mp-1197903,mp-1197903,C,niggli_reduced,equivalent_transform,no_noise,1,20,1,0,0,0,medium::mp-1197903::reference,1.760725799947977
strict,medium,medium::mp-1197903::origin_shifted,mp-1197903,mp-1197903,C,origin_shifted,equivalent_transform,no_noise,1,20,1,0,0,0,medium::mp-1197903::reference,1.6649089120328426
strict,medium,medium::mp-1197903::permuted_sites,mp-1197903,mp-1197903,C,permuted_sites,equivalent_transform,no_noise,1,20,1,0,0,0,medium::mp-1197903::reference,3.0928605925291777
strict,medium,medium::mp-1197903::combined_noise_0.002A_0.003,mp-1197903,mp-1197903,C,combined_noise_0.002A_0.003,combined_perturbation,noise,1,20,1,0,0,0,medium::mp-1197903::reference,1.4558983612805605
strict,medium,medium::mp-1197903::combined_noise_0.015A_0.003,mp-1197903,mp-1197903,C,combined_noise_0.015A_0.003,combined_perturbation,noise,1,20,1,0,0,0,medium::mp-1197903::reference,1.6236788257956505
strict,medium,medium::mp-1197903::combined_noise_0.050A_0.003,mp-1197903,mp-1197903,C,combined_noise_0.050A_0.003,combined_perturbation,noise,1,20,1,0,0,0,medium::mp-1197903::reference,1.6263666171580553
strict,medium,medium::mp-1197903::combined_noise_0.002A_0.010,mp-1197903,mp-1197903,C,combined_noise_0.002A_0.010,combined_perturbation,noise,1,20,1,0,0,0,medium::mp-1197903::reference,1.6234620455652475
strict,medium,medium::mp-1197903::combined_noise_0.015A_0.010,mp-1197903,mp-1197903,C,combined_noise_0.015A_0.010,combined_perturbation,noise,1,20,1,0,0,0,medium::mp-1197903::reference,1.461323218420148
strict,medium,medium::mp-1197903::combined_noise_0.050A_0.010,mp-1197903,mp-1197903,C,combined_noise_0.050A_0.010,combined_perturbation,noise,1,20,1,0,0,0,medium::mp-1197903::reference,1.6213406287133694
strict,medium,medium::mp-1197903::combined_noise_0.002A_0.030,mp-1197903,mp-1197903,C,combined_noise_0.002A_0.030,combined_perturbation,noise,1,20,1,0,0,0,medium::mp-1197903::reference,1.645191615447402
strict,medium,medium::mp-1197903::combined_noise_0.015A_0.030,mp-1197903,mp-1197903,C,combined_noise_0.015A_0.030,combined_perturbation,noise,1,20,1,0,0,0,medium::mp-1197903::reference,1.6391059961169958
strict,medium,medium::mp-1197903::combined_noise_0.050A_0.030,mp-1197903,mp-1197903,C,combined_noise_0.050A_0.030,combined_perturbation,noise,1,20,1,0,0,0,medium::mp-1197903::reference,1.4614631719887257
strict,medium,medium::mp-1205417::conventional_standard,mp-1205417,mp-1205417,C,conventional_standard,equivalent_transform,no_noise,1,20,1,0,0,0,medium::mp-1205417::reference,0.5617726072669029
strict,medium,medium::mp-1205417::niggli_reduced,mp-1205417,mp-1205417,C,niggli_reduced,equivalent_transform,no_noise,1,20,1,0,0,0,medium::mp-1205417::reference,0.5585289057344198
strict,medium,medium::mp-1205417::origin_shifted,mp-1205417,mp-1205417,C,origin_shifted,equivalent_transform,no_noise,1,20,1,0,0,0,medium::mp-1205417::reference,0.5769756063818932
strict,medium,medium::mp-1205417::permuted_sites,mp-1205417,mp-1205417,C,permuted_sites,equivalent_transform,no_noise,1,20,1,0,0,0,medium::mp-1205417::reference,0.9472639672458172
strict,medium,medium::mp-1205417::combined_noise_0.002A_0.003,mp-1205417,mp-1205417,C,combined_noise_0.002A_0.003,combined_perturbation,noise,1,20,1,0,0,0,medium::mp-1205417::reference,0.562218340113759
strict,medium,medium::mp-1205417::combined_noise_0.015A_0.003,mp-1205417,mp-1205417,C,combined_noise_0.015A_0.003,combined_perturbation,noise,1,20,1,0,0,0,medium::mp-1205417::reference,0.7221892569214106
strict,medium,medium::mp-1205417::combined_noise_0.050A_0.003,mp-1205417,mp-1205417,C,combined_noise_0.050A_0.003,combined_perturbation,noise,1,20,1,0,0,0,medium::mp-1205417::reference,0.6052025891840458
strict,medium,medium::mp-1205417::combined_noise_0.002A_0.010,mp-1205417,mp-1205417,C,combined_noise_0.002A_0.010,combined_perturbation,noise,1,20,1,0,0,0,medium::mp-1205417::reference,0.5620451681315899
strict,medium,medium::mp-1205417::combined_noise_0.015A_0.010,mp-1205417,mp-1205417,C,combined_noise_0.015A_0.010,combined_perturbation,noise,1,20,1,0,0,0,medium::mp-1205417::reference,0.5623247288167477
strict,medium,medium::mp-1205417::combined_noise_0.050A_0.010,mp-1205417,mp-1205417,C,combined_noise_0.050A_0.010,combined_perturbation,noise,1,20,1,0,0,0,medium::mp-1205417::reference,0.6106736473739147
strict,medium,medium::mp-1205417::combined_noise_0.002A_0.030,mp-1205417,mp-1205417,C,combined_noise_0.002A_0.030,combined_perturbation,noise,1,20,1,0,0,0,medium::mp-1205417::reference,0.5684800092130899
strict,medium,medium::mp-1205417::combined_noise_0.015A_0.030,mp-1205417,mp-1205417,C,combined_noise_0.015A_0.030,combined_perturbation,noise,0,20,0,0,0,1,,0.5634411852806807
strict,medium,medium::mp-1205417::combined_noise_0.050A_0.030,mp-1205417,mp-1205417,C,combined_noise_0.050A_0.030,combined_perturbation,noise,0,20,0,0,0,1,,0.6068283542990685
strict,medium,medium::mp-10064::conventional_standard,mp-10064,mp-10064,SiO2,conventional_standard,equivalent_transform,no_noise,1,20,1,0,0,0,medium::mp-10064::reference,0.24268550239503384
strict,medium,medium::mp-10064::niggli_reduced,mp-10064,mp-10064,SiO2,niggli_reduced,equivalent_transform,no_noise,1,20,1,0,0,0,medium::mp-10064::reference,0.4978880863636732
strict,medium,medium::mp-10064::origin_shifted,mp-10064,mp-10064,SiO2,origin_shifted,equivalent_transform,no_noise,1,20,1,0,0,0,medium::mp-10064::reference,0.5067262835800648
strict,medium,medium::mp-10064::permuted_sites,mp-10064,mp-10064,SiO2,permuted_sites,equivalent_transform,no_noise,1,20,1,0,0,0,medium::mp-10064::reference,0.7920291591435671
strict,medium,medium::mp-10064::combined_noise_0.002A_0.003,mp-10064,mp-10064,SiO2,combined_noise_0.002A_0.003,combined_perturbation,noise,1,20,1,0,0,0,medium::mp-10064::reference,0.5004060938954353
strict,medium,medium::mp-10064::combined_noise_0.015A_0.003,mp-10064,mp-10064,SiO2,combined_noise_0.015A_0.003,combined_perturbation,noise,1,20,1,0,0,0,medium::mp-10064::reference,0.4733843430876732
strict,medium,medium::mp-10064::combined_noise_0.050A_0.003,mp-10064,mp-10064,SiO2,combined_noise_0.050A_0.003,combined_perturbation,noise,1,20,1,0,0,0,medium::mp-10064::reference,0.4759822729974985
strict,medium,medium::mp-10064::combined_noise_0.002A_0.010,mp-10064,mp-10064,SiO2,combined_noise_0.002A_0.010,combined_perturbation,noise,1,20,1,0,0,0,medium::mp-10064::reference,0.5003516431897879
strict,medium,medium::mp-10064::combined_noise_0.015A_0.010,mp-10064,mp-10064,SiO2,combined_noise_0.015A_0.010,combined_perturbation,noise,1,20,1,0,0,0,medium::mp-10064::reference,0.4750059600919485
strict,medium,medium::mp-10064::combined_noise_0.050A_0.010,mp-10064,mp-10064,SiO2,combined_noise_0.050A_0.010,combined_perturbation,noise,1,20,1,0,0,0,medium::mp-10064::reference,0.4947014655917883
strict,medium,medium::mp-10064::combined_noise_0.002A_0.030,mp-10064,mp-10064,SiO2,combined_noise_0.002A_0.030,combined_perturbation,noise,1,20,1,0,0,0,medium::mp-10064::reference,0.5124703738838434
strict,medium,medium::mp-10064::combined_noise_0.015A_0.030,mp-10064,mp-10064,SiO2,combined_noise_0.015A_0.030,combined_perturbation,noise,1,20,1,0,0,0,medium::mp-10064::reference,0.477437200024724
strict,medium,medium::mp-10064::combined_noise_0.050A_0.030,mp-10064,mp-10064,SiO2,combined_noise_0.050A_0.030,combined_perturbation,noise,1,20,1,0,0,0,medium::mp-10064::reference,0.480649346485734
strict,medium,medium::mp-1021503::conventional_standard,mp-1021503,mp-1021503,SiO2,conventional_standard,equivalent_transform,no_noise,1,20,1,0,0,0,medium::mp-1021503::reference,0.35113588348031044
strict,medium,medium::mp-1021503::niggli_reduced,mp-1021503,mp-1021503,SiO2,niggli_reduced,equivalent_transform,no_noise,1,20,1,0,0,0,medium::mp-1021503::reference,0.6591576896607876
strict,medium,medium::mp-1021503::origin_shifted,mp-1021503,mp-1021503,SiO2,origin_shifted,equivalent_transform,no_noise,1,20,1,0,0,0,medium::mp-1021503::reference,0.5398167837411165
strict,medium,medium::mp-1021503::permuted_sites,mp-1021503,mp-1021503,SiO2,permuted_sites,equivalent_transform,no_noise,1,20,1,0,0,0,medium::mp-1021503::reference,0.8608824647963047
strict,medium,medium::mp-1021503::combined_noise_0.002A_0.003,mp-1021503,mp-1021503,SiO2,combined_noise_0.002A_0.003,combined_perturbation,noise,1,20,1,0,0,0,medium::mp-1021503::reference,0.5324395000934601
strict,medium,medium::mp-1021503::combined_noise_0.015A_0.003,mp-1021503,mp-1021503,SiO2,combined_noise_0.015A_0.003,combined_perturbation,noise,1,20,1,0,0,0,medium::mp-1021503::reference,0.5285678654909134
strict,medium,medium::mp-1021503::combined_noise_0.050A_0.003,mp-1021503,mp-1021503,SiO2,combined_noise_0.050A_0.003,combined_perturbation,noise,1,20,1,0,0,0,medium::mp-1021503::reference,0.530928373336792
strict,medium,medium::mp-1021503::combined_noise_0.002A_0.010,mp-1021503,mp-1021503,SiO2,combined_noise_0.002A_0.010,combined_perturbation,noise,1,20,1,0,0,0,medium::mp-1021503::reference,0.5310443229973316
strict,medium,medium::mp-1021503::combined_noise_0.015A_0.010,mp-1021503,mp-1021503,SiO2,combined_noise_0.015A_0.010,combined_perturbation,noise,1,20,1,0,0,0,medium::mp-1021503::reference,0.5292622279375792
strict,medium,medium::mp-1021503::combined_noise_0.050A_0.010,mp-1021503,mp-1021503,SiO2,combined_noise_0.050A_0.010,combined_perturbation,noise,1,20,1,0,0,0,medium::mp-1021503::reference,0.5317152179777622
strict,medium,medium::mp-1021503::combined_noise_0.002A_0.030,mp-1021503,mp-1021503,SiO2,combined_noise_0.002A_0.030,combined_perturbation,noise,1,20,1,0,0,0,medium::mp-1021503::reference,0.5376816056668758
strict,medium,medium::mp-1021503::combined_noise_0.015A_0.030,mp-1021503,mp-1021503,SiO2,combined_noise_0.015A_0.030,combined_perturbation,noise,1,20,1,0,0,0,medium::mp-1021503::reference,0.530447892844677
strict,medium,medium::mp-1021503::combined_noise_0.050A_0.030,mp-1021503,mp-1021503,SiO2,combined_noise_0.050A_0.030,combined_perturbation,noise,1,20,1,0,0,0,medium::mp-1021503::reference,0.5312504954636097
strict,medium,medium::mp-1071820::conventional_standard,mp-1071820,mp-1071820,SiO2,conventional_standard,equivalent_transform,no_noise,1,20,1,0,0,0,medium::mp-1071820::reference,0.33733988367021084
strict,medium,medium::mp-1071820::niggli_reduced,mp-1071820,mp-1071820,SiO2,niggli_reduced,equivalent_transform,no_noise,1,20,1,0,0,0,medium::mp-1071820::reference,0.5095981657505035
strict,medium,medium::mp-1071820::origin_shifted,mp-1071820,mp-1071820,SiO2,origin_shifted,equivalent_transform,no_noise,1,20,1,0,0,0,medium::mp-1071820::reference,0.5282417144626379
strict,medium,medium::mp-1071820::permuted_sites,mp-1071820,mp-1071820,SiO2,permuted_sites,equivalent_transform,no_noise,1,20,1,0,0,0,medium::mp-1071820::reference,1.156355831772089
strict,medium,medium::mp-1071820::combined_noise_0.002A_0.003,mp-1071820,mp-1071820,SiO2,combined_noise_0.002A_0.003,combined_perturbation,noise,1,20,1,0,0,0,medium::mp-1071820::reference,0.5124777536839247
strict,medium,medium::mp-1071820::combined_noise_0.015A_0.003,mp-1071820,mp-1071820,SiO2,combined_noise_0.015A_0.003,combined_perturbation,noise,1,20,1,0,0,0,medium::mp-1071820::reference,0.5132356248795986
strict,medium,medium::mp-1071820::combined_noise_0.050A_0.003,mp-1071820,mp-1071820,SiO2,combined_noise_0.050A_0.003,combined_perturbation,noise,1,20,1,0,0,0,medium::mp-1071820::reference,0.5132776759564877
strict,medium,medium::mp-1071820::combined_noise_0.002A_0.010,mp-1071820,mp-1071820,SiO2,combined_noise_0.002A_0.010,combined_perturbation,noise,1,20,1,0,0,0,medium::mp-1071820::reference,0.5146449822932482
strict,medium,medium::mp-1071820::combined_noise_0.015A_0.010,mp-1071820,mp-1071820,SiO2,combined_noise_0.015A_0.010,combined_perturbation,noise,1,20,1,0,0,0,medium::mp-1071820::reference,0.5126386359333992
strict,medium,medium::mp-1071820::combined_noise_0.050A_0.010,mp-1071820,mp-1071820,SiO2,combined_noise_0.050A_0.010,combined_perturbation,noise,1,20,1,0,0,0,medium::mp-1071820::reference,0.5134734846651554
strict,medium,medium::mp-1071820::combined_noise_0.002A_0.030,mp-1071820,mp-1071820,SiO2,combined_noise_0.002A_0.030,combined_perturbation,noise,1,20,1,0,0,0,medium::mp-1071820::reference,0.5332689266651869
strict,medium,medium::mp-1071820::combined_noise_0.015A_0.030,mp-1071820,mp-1071820,SiO2,combined_noise_0.015A_0.030,combined_perturbation,noise,1,20,1,0,0,0,medium::mp-1071820::reference,0.5130198244005442
strict,medium,medium::mp-1071820::combined_noise_0.050A_0.030,mp-1071820,mp-1071820,SiO2,combined_noise_0.050A_0.030,combined_perturbation,noise,1,20,1,0,0,0,medium::mp-1071820::reference,0.5105247236788273
strict,medium,medium::mp-10851::conventional_standard,mp-10851,mp-10851,SiO2,conventional_standard,equivalent_transform,no_noise,1,20,1,0,0,0,medium::mp-10851::reference,0.33154806680977345
strict,medium,medium::mp-10851::niggli_reduced,mp-10851,mp-10851,SiO2,niggli_reduced,equivalent_transform,no_noise,1,20,1,0,0,0,medium::mp-10851::reference,0.4866734929382801
strict,medium,medium::mp-10851::origin_shifted,mp-10851,mp-10851,SiO2,origin_shifted,equivalent_transform,no_noise,1,20,1,0,0,0,medium::mp-10851::reference,0.49297805689275265
strict,medium,medium::mp-10851::permuted_sites,mp-10851,mp-10851,SiO2,permuted_sites,equivalent_transform,no_noise,1,20,1,0,0,0,medium::mp-10851::reference,0.7791600972414017
strict,medium,medium::mp-10851::combined_noise_0.002A_0.003,mp-10851,mp-10851,SiO2,combined_noise_0.002A_0.003,combined_perturbation,noise,1,20,1,0,0,0,medium::mp-10851::reference,0.4911000709980726
strict,medium,medium::mp-10851::combined_noise_0.015A_0.003,mp-10851,mp-10851,SiO2,combined_noise_0.015A_0.003,combined_perturbation,noise,1,20,1,0,0,0,medium::mp-10851::reference,0.4846301004290581
strict,medium,medium::mp-10851::combined_noise_0.050A_0.003,mp-10851,mp-10851,SiO2,combined_noise_0.050A_0.003,combined_perturbation,noise,1,20,1,0,0,0,medium::mp-10851::reference,0.48363165743649006
strict,medium,medium::mp-10851::combined_noise_0.002A_0.010,mp-10851,mp-10851,SiO2,combined_noise_0.002A_0.010,combined_perturbation,noise,1,20,1,0,0,0,medium::mp-10851::reference,0.4866853356361389
strict,medium,medium::mp-10851::combined_noise_0.015A_0.010,mp-10851,mp-10851,SiO2,combined_noise_0.015A_0.010,combined_perturbation,noise,1,20,1,0,0,0,medium::mp-10851::reference,0.483942748978734
strict,medium,medium::mp-10851::combined_noise_0.050A_0.010,mp-10851,mp-10851,SiO2,combined_noise_0.050A_0.010,combined_perturbation,noise,1,20,1,0,0,0,medium::mp-10851::reference,0.48615937307477
strict,medium,medium::mp-10851::combined_noise_0.002A_0.030,mp-10851,mp-10851,SiO2,combined_noise_0.002A_0.030,combined_perturbation,noise,1,20,1,0,0,0,medium::mp-10851::reference,0.5036865808069706
strict,medium,medium::mp-10851::combined_noise_0.015A_0.030,mp-10851,mp-10851,SiO2,combined_noise_0.015A_0.030,combined_perturbation,noise,1,20,1,0,0,0,medium::mp-10851::reference,0.4861126933246851
strict,medium,medium::mp-10851::combined_noise_0.050A_0.030,mp-10851,mp-10851,SiO2,combined_noise_0.050A_0.030,combined_perturbation,noise,1,20,1,0,0,0,medium::mp-10851::reference,0.4873511977493763
strict,medium,medium::mp-10948::conventional_standard,mp-10948,mp-10948,SiO2,conventional_standard,equivalent_transform,no_noise,1,20,1,0,0,0,medium::mp-10948::reference,0.3393438942730427
strict,medium,medium::mp-10948::niggli_reduced,mp-10948,mp-10948,SiO2,niggli_reduced,equivalent_transform,no_noise,1,20,1,0,0,0,medium::mp-10948::reference,0.5125292278826237
strict,medium,medium::mp-10948::origin_shifted,mp-10948,mp-10948,SiO2,origin_shifted,equivalent_transform,no_noise,1,20,1,0,0,0,medium::mp-10948::reference,0.5340345334261656
strict,medium,medium::mp-10948::permuted_sites,mp-10948,mp-10948,SiO2,permuted_sites,equivalent_transform,no_noise,1,20,1,0,0,0,medium::mp-10948::reference,1.1620905511081219
strict,medium,medium::mp-10948::combined_noise_0.002A_0.003,mp-10948,mp-10948,SiO2,combined_noise_0.002A_0.003,combined_perturbation,noise,1,20,1,0,0,0,medium::mp-10948::reference,0.5133343227207661
strict,medium,medium::mp-10948::combined_noise_0.015A_0.003,mp-10948,mp-10948,SiO2,combined_noise_0.015A_0.003,combined_perturbation,noise,1,20,1,0,0,0,medium::mp-10948::reference,0.5140069257467985
strict,medium,medium::mp-10948::combined_noise_0.050A_0.003,mp-10948,mp-10948,SiO2,combined_noise_0.050A_0.003,combined_perturbation,noise,1,20,1,0,0,0,medium::mp-10948::reference,0.5139103271067142
strict,medium,medium::mp-10948::combined_noise_0.002A_0.010,mp-10948,mp-10948,SiO2,combined_noise_0.002A_0.010,combined_perturbation,noise,1,20,1,0,0,0,medium::mp-10948::reference,0.511180367320776
strict,medium,medium::mp-10948::combined_noise_0.015A_0.010,mp-10948,mp-10948,SiO2,combined_noise_0.015A_0.010,combined_perturbation,noise,1,20,1,0,0,0,medium::mp-10948::reference,0.5118504799902439
strict,medium,medium::mp-10948::combined_noise_0.050A_0.010,mp-10948,mp-10948,SiO2,combined_noise_0.050A_0.010,combined_perturbation,noise,1,20,1,0,0,0,medium::mp-10948::reference,0.5137996952980757
strict,medium,medium::mp-10948::combined_noise_0.002A_0.030,mp-10948,mp-10948,SiO2,combined_noise_0.002A_0.030,combined_perturbation,noise,1,20,1,0,0,0,medium::mp-10948::reference,0.5403637792915106
strict,medium,medium::mp-10948::combined_noise_0.015A_0.030,mp-10948,mp-10948,SiO2,combined_noise_0.015A_0.030,combined_perturbation,noise,1,20,1,0,0,0,medium::mp-10948::reference,0.5225614439696074
strict,medium,medium::mp-10948::combined_noise_0.050A_0.030,mp-10948,mp-10948,SiO2,combined_noise_0.050A_0.030,combined_perturbation,noise,1,20,1,0,0,0,medium::mp-10948::reference,0.5137527268379927
strict,medium,medium::mp-11684::conventional_standard,mp-11684,mp-11684,SiO2,conventional_standard,equivalent_transform,no_noise,1,20,1,0,0,0,medium::mp-11684::reference,0.525335144251585
strict,medium,medium::mp-11684::niggli_reduced,mp-11684,mp-11684,SiO2,niggli_reduced,equivalent_transform,no_noise,1,20,1,0,0,0,medium::mp-11684::reference,0.5239958204329014
strict,medium,medium::mp-11684::origin_shifted,mp-11684,mp-11684,SiO2,origin_shifted,equivalent_transform,no_noise,1,20,1,0,0,0,medium::mp-11684::reference,0.534227792173624
strict,medium,medium::mp-11684::permuted_sites,mp-11684,mp-11684,SiO2,permuted_sites,equivalent_transform,no_noise,1,20,1,0,0,0,medium::mp-11684::reference,0.8514540307223797
strict,medium,medium::mp-11684::combined_noise_0.002A_0.003,mp-11684,mp-11684,SiO2,combined_noise_0.002A_0.003,combined_perturbation,noise,1,20,1,0,0,0,medium::mp-11684::reference,0.5269633959978819
strict,medium,medium::mp-11684::combined_noise_0.015A_0.003,mp-11684,mp-11684,SiO2,combined_noise_0.015A_0.003,combined_perturbation,noise,1,20,1,0,0,0,medium::mp-11684::reference,0.5271495971828699
strict,medium,medium::mp-11684::combined_noise_0.050A_0.003,mp-11684,mp-11684,SiO2,combined_noise_0.050A_0.003,combined_perturbation,noise,1,20,1,0,0,0,medium::mp-11684::reference,0.5181235373020172
strict,medium,medium::mp-11684::combined_noise_0.002A_0.010,mp-11684,mp-11684,SiO2,combined_noise_0.002A_0.010,combined_perturbation,noise,1,20,1,0,0,0,medium::mp-11684::reference,0.5298019573092461
strict,medium,medium::mp-11684::combined_noise_0.015A_0.010,mp-11684,mp-11684,SiO2,combined_noise_0.015A_0.010,combined_perturbation,noise,1,20,1,0,0,0,medium::mp-11684::reference,0.5282748714089394
strict,medium,medium::mp-11684::combined_noise_0.050A_0.010,mp-11684,mp-11684,SiO2,combined_noise_0.050A_0.010,combined_perturbation,noise,1,20,1,0,0,0,medium::mp-11684::reference,0.5202545747160912
strict,medium,medium::mp-11684::combined_noise_0.002A_0.030,mp-11684,mp-11684,SiO2,combined_noise_0.002A_0.030,combined_perturbation,noise,1,20,1,0,0,0,medium::mp-11684::reference,0.5452302377671003
strict,medium,medium::mp-11684::combined_noise_0.015A_0.030,mp-11684,mp-11684,SiO2,combined_noise_0.015A_0.030,combined_perturbation,noise,1,20,1,0,0,0,medium::mp-11684::reference,0.5296473763883114
strict,medium,medium::mp-11684::combined_noise_0.050A_0.030,mp-11684,mp-11684,SiO2,combined_noise_0.050A_0.030,combined_perturbation,noise,1,20,1,0,0,0,medium::mp-11684::reference,0.5276065934449434
strict,medium,medium::mp-1179447::conventional_standard,mp-1179447,mp-1179447,SiO2,conventional_standard,equivalent_transform,no_noise,1,20,1,0,0,0,medium::mp-1179447::reference,0.5251311510801315
strict,medium,medium::mp-1179447::niggli_reduced,mp-1179447,mp-1179447,SiO2,niggli_reduced,equivalent_transform,no_noise,1,20,1,0,0,0,medium::mp-1179447::reference,0.526271415874362
strict,medium,medium::mp-1179447::origin_shifted,mp-1179447,mp-1179447,SiO2,origin_shifted,equivalent_transform,no_noise,1,20,1,0,0,0,medium::mp-1179447::reference,0.5138563569635153
strict,medium,medium::mp-1179447::permuted_sites,mp-1179447,mp-1179447,SiO2,permuted_sites,equivalent_transform,no_noise,1,20,1,0,0,0,medium::mp-1179447::reference,0.8553854767233133
strict,medium,medium::mp-1179447::combined_noise_0.002A_0.003,mp-1179447,mp-1179447,SiO2,combined_noise_0.002A_0.003,combined_perturbation,noise,1,20,1,0,0,0,medium::mp-1179447::reference,0.5273335501551628
strict,medium,medium::mp-1179447::combined_noise_0.015A_0.003,mp-1179447,mp-1179447,SiO2,combined_noise_0.015A_0.003,combined_perturbation,noise,1,20,1,0,0,0,medium::mp-1179447::reference,0.5273200981318951
strict,medium,medium::mp-1179447::combined_noise_0.050A_0.003,mp-1179447,mp-1179447,SiO2,combined_noise_0.050A_0.003,combined_perturbation,noise,1,20,1,0,0,0,medium::mp-1179447::reference,0.5166333243250847
strict,medium,medium::mp-1179447::combined_noise_0.002A_0.010,mp-1179447,mp-1179447,SiO2,combined_noise_0.002A_0.010,combined_perturbation,noise,1,20,1,0,0,0,medium::mp-1179447::reference,0.5260937660932541
strict,medium,medium::mp-1179447::combined_noise_0.015A_0.010,mp-1179447,mp-1179447,SiO2,combined_noise_0.015A_0.010,combined_perturbation,noise,1,20,1,0,0,0,medium::mp-1179447::reference,0.5273150987923145
strict,medium,medium::mp-1179447::combined_noise_0.050A_0.010,mp-1179447,mp-1179447,SiO2,combined_noise_0.050A_0.010,combined_perturbation,noise,1,20,1,0,0,0,medium::mp-1179447::reference,0.5205186884850264
strict,medium,medium::mp-1179447::combined_noise_0.002A_0.030,mp-1179447,mp-1179447,SiO2,combined_noise_0.002A_0.030,combined_perturbation,noise,1,20,1,0,0,0,medium::mp-1179447::reference,0.5353980753570795
strict,medium,medium::mp-1179447::combined_noise_0.015A_0.030,mp-1179447,mp-1179447,SiO2,combined_noise_0.015A_0.030,combined_perturbation,noise,1,20,1,0,0,0,medium::mp-1179447::reference,0.5298995487391949
strict,medium,medium::mp-1179447::combined_noise_0.050A_0.030,mp-1179447,mp-1179447,SiO2,combined_noise_0.050A_0.030,combined_perturbation,noise,1,20,1,0,0,0,medium::mp-1179447::reference,0.5299407672137022
strict,medium,medium::mp-1179454::conventional_standard,mp-1179454,mp-1179454,SiO2,conventional_standard,equivalent_transform,no_noise,1,20,1,0,0,0,medium::mp-1179454::reference,0.3746009673923254
strict,medium,medium::mp-1179454::niggli_reduced,mp-1179454,mp-1179454,SiO2,niggli_reduced,equivalent_transform,no_noise,1,20,1,0,0,0,medium::mp-1179454::reference,0.5212764590978622
strict,medium,medium::mp-1179454::origin_shifted,mp-1179454,mp-1179454,SiO2,origin_shifted,equivalent_transform,no_noise,1,20,1,0,0,0,medium::mp-1179454::reference,0.5307949278503656
strict,medium,medium::mp-1179454::permuted_sites,mp-1179454,mp-1179454,SiO2,permuted_sites,equivalent_transform,no_noise,1,20,1,0,0,0,medium::mp-1179454::reference,0.8522162828594446
strict,medium,medium::mp-1179454::combined_noise_0.002A_0.003,mp-1179454,mp-1179454,SiO2,combined_noise_0.002A_0.003,combined_perturbation,noise,1,20,1,0,0,0,medium::mp-1179454::reference,0.6948282793164253
strict,medium,medium::mp-1179454::combined_noise_0.015A_0.003,mp-1179454,mp-1179454,SiO2,combined_noise_0.015A_0.003,combined_perturbation,noise,1,20,1,0,0,0,medium::mp-1179454::reference,0.5234032552689314
strict,medium,medium::mp-1179454::combined_noise_0.050A_0.003,mp-1179454,mp-1179454,SiO2,combined_noise_0.050A_0.003,combined_perturbation,noise,1,20,1,0,0,0,medium::mp-1179454::reference,0.521873589605093
strict,medium,medium::mp-1179454::combined_noise_0.002A_0.010,mp-1179454,mp-1179454,SiO2,combined_noise_0.002A_0.010,combined_perturbation,noise,1,20,1,0,0,0,medium::mp-1179454::reference,0.5230177659541368
strict,medium,medium::mp-1179454::combined_noise_0.015A_0.010,mp-1179454,mp-1179454,SiO2,combined_noise_0.015A_0.010,combined_perturbation,noise,1,20,1,0,0,0,medium::mp-1179454::reference,0.5231083650141954
strict,medium,medium::mp-1179454::combined_noise_0.050A_0.010,mp-1179454,mp-1179454,SiO2,combined_noise_0.050A_0.010,combined_perturbation,noise,1,20,1,0,0,0,medium::mp-1179454::reference,0.524605680257082
strict,medium,medium::mp-1179454::combined_noise_0.002A_0.030,mp-1179454,mp-1179454,SiO2,combined_noise_0.002A_0.030,combined_perturbation,noise,1,20,1,0,0,0,medium::mp-1179454::reference,0.5478705074638128
strict,medium,medium::mp-1179454::combined_noise_0.015A_0.030,mp-1179454,mp-1179454,SiO2,combined_noise_0.015A_0.030,combined_perturbation,noise,1,20,1,0,0,0,medium::mp-1179454::reference,0.5260372553020716
strict,medium,medium::mp-1179454::combined_noise_0.050A_0.030,mp-1179454,mp-1179454,SiO2,combined_noise_0.050A_0.030,combined_perturbation,noise,1,20,1,0,0,0,medium::mp-1179454::reference,0.5257723443210125
strict,medium,medium::mp-1179488::conventional_standard,mp-1179488,mp-1179488,SiO2,conventional_standard,equivalent_transform,no_noise,1,20,1,0,0,0,medium::mp-1179488::reference,2.3338371738791466
strict,medium,medium::mp-1179488::niggli_reduced,mp-1179488,mp-1179488,SiO2,niggli_reduced,equivalent_transform,no_noise,1,20,1,0,0,0,medium::mp-1179488::reference,0.8599310200661421
strict,medium,medium::mp-1179488::origin_shifted,mp-1179488,mp-1179488,SiO2,origin_shifted,equivalent_transform,no_noise,1,20,1,0,0,0,medium::mp-1179488::reference,0.8772346079349518
strict,medium,medium::mp-1179488::permuted_sites,mp-1179488,mp-1179488,SiO2,permuted_sites,equivalent_transform,no_noise,1,20,1,0,0,0,medium::mp-1179488::reference,1.835863770917058
strict,medium,medium::mp-1179488::combined_noise_0.002A_0.003,mp-1179488,mp-1179488,SiO2,combined_noise_0.002A_0.003,combined_perturbation,noise,1,20,1,0,0,0,medium::mp-1179488::reference,0.8602896593511105
strict,medium,medium::mp-1179488::combined_noise_0.015A_0.003,mp-1179488,mp-1179488,SiO2,combined_noise_0.015A_0.003,combined_perturbation,noise,1,20,1,0,0,0,medium::mp-1179488::reference,0.8583077639341354
strict,medium,medium::mp-1179488::combined_noise_0.050A_0.003,mp-1179488,mp-1179488,SiO2,combined_noise_0.050A_0.003,combined_perturbation,noise,1,20,1,0,0,0,medium::mp-1179488::reference,0.860950194299221
strict,medium,medium::mp-1179488::combined_noise_0.002A_0.010,mp-1179488,mp-1179488,SiO2,combined_noise_0.002A_0.010,combined_perturbation,noise,1,20,1,0,0,0,medium::mp-1179488::reference,0.8600042499601841
strict,medium,medium::mp-1179488::combined_noise_0.015A_0.010,mp-1179488,mp-1179488,SiO2,combined_noise_0.015A_0.010,combined_perturbation,noise,1,20,1,0,0,0,medium::mp-1179488::reference,0.8618691265583038
strict,medium,medium::mp-1179488::combined_noise_0.050A_0.010,mp-1179488,mp-1179488,SiO2,combined_noise_0.050A_0.010,combined_perturbation,noise,1,20,1,0,0,0,medium::mp-1179488::reference,0.863097220659256
strict,medium,medium::mp-1179488::combined_noise_0.002A_0.030,mp-1179488,mp-1179488,SiO2,combined_noise_0.002A_0.030,combined_perturbation,noise,1,20,1,0,0,0,medium::mp-1179488::reference,0.883842958137393
strict,medium,medium::mp-1179488::combined_noise_0.015A_0.030,mp-1179488,mp-1179488,SiO2,combined_noise_0.015A_0.030,combined_perturbation,noise,1,20,1,0,0,0,medium::mp-1179488::reference,0.8644824232906103
strict,medium,medium::mp-1179488::combined_noise_0.050A_0.030,mp-1179488,mp-1179488,SiO2,combined_noise_0.050A_0.030,combined_perturbation,noise,1,20,1,0,0,0,medium::mp-1179488::reference,0.8633318711072206
strict,medium,medium::mp-1179529::conventional_standard,mp-1179529,mp-1179529,SiO2,conventional_standard,equivalent_transform,no_noise,1,20,1,0,0,0,medium::mp-1179529::reference,0.43846294842660427
strict,medium,medium::mp-1179529::niggli_reduced,mp-1179529,mp-1179529,SiO2,niggli_reduced,equivalent_transform,no_noise,1,20,1,0,0,0,medium::mp-1179529::reference,0.7239534370601177
strict,medium,medium::mp-1179529::origin_shifted,mp-1179529,mp-1179529,SiO2,origin_shifted,equivalent_transform,no_noise,1,20,1,0,0,0,medium::mp-1179529::reference,0.7388835921883583
strict,medium,medium::mp-1179529::permuted_sites,mp-1179529,mp-1179529,SiO2,permuted_sites,equivalent_transform,no_noise,1,20,1,0,0,0,medium::mp-1179529::reference,1.4460152331739664
strict,medium,medium::mp-1179529::combined_noise_0.002A_0.003,mp-1179529,mp-1179529,SiO2,combined_noise_0.002A_0.003,combined_perturbation,noise,1,20,1,0,0,0,medium::mp-1179529::reference,0.7262219097465277
strict,medium,medium::mp-1179529::combined_noise_0.015A_0.003,mp-1179529,mp-1179529,SiO2,combined_noise_0.015A_0.003,combined_perturbation,noise,1,20,1,0,0,0,medium::mp-1179529::reference,0.7256879266351461
strict,medium,medium::mp-1179529::combined_noise_0.050A_0.003,mp-1179529,mp-1179529,SiO2,combined_noise_0.050A_0.003,combined_perturbation,noise,1,20,1,0,0,0,medium::mp-1179529::reference,0.729743480682373
strict,medium,medium::mp-1179529::combined_noise_0.002A_0.010,mp-1179529,mp-1179529,SiO2,combined_noise_0.002A_0.010,combined_perturbation,noise,1,20,1,0,0,0,medium::mp-1179529::reference,0.72931526042521
strict,medium,medium::mp-1179529::combined_noise_0.015A_0.010,mp-1179529,mp-1179529,SiO2,combined_noise_0.015A_0.010,combined_perturbation,noise,1,20,1,0,0,0,medium::mp-1179529::reference,0.7276135049760342
strict,medium,medium::mp-1179529::combined_noise_0.050A_0.010,mp-1179529,mp-1179529,SiO2,combined_noise_0.050A_0.010,combined_perturbation,noise,1,20,1,0,0,0,medium::mp-1179529::reference,0.7274962887167931
strict,medium,medium::mp-1179529::combined_noise_0.002A_0.030,mp-1179529,mp-1179529,SiO2,combined_noise_0.002A_0.030,combined_perturbation,noise,1,20,1,0,0,0,medium::mp-1179529::reference,0.7792408466339111
strict,medium,medium::mp-1179529::combined_noise_0.015A_0.030,mp-1179529,mp-1179529,SiO2,combined_noise_0.015A_0.030,combined_perturbation,noise,1,20,1,0,0,0,medium::mp-1179529::reference,0.727057434618473
strict,medium,medium::mp-1179529::combined_noise_0.050A_0.030,mp-1179529,mp-1179529,SiO2,combined_noise_0.050A_0.030,combined_perturbation,noise,1,20,1,0,0,0,medium::mp-1179529::reference,0.7269619330763817
strict,medium,medium::mp-1188220::conventional_standard,mp-1188220,mp-1188220,SiO2,conventional_standard,equivalent_transform,no_noise,1,20,1,0,0,0,medium::mp-1188220::reference,0.43845911510288715
strict,medium,medium::mp-1188220::niggli_reduced,mp-1188220,mp-1188220,SiO2,niggli_reduced,equivalent_transform,no_noise,1,20,1,0,0,0,medium::mp-1188220::reference,0.5624405536800623
strict,medium,medium::mp-1188220::origin_shifted,mp-1188220,mp-1188220,SiO2,origin_shifted,equivalent_transform,no_noise,1,20,1,0,0,0,medium::mp-1188220::reference,0.5665036849677563
strict,medium,medium::mp-1188220::permuted_sites,mp-1188220,mp-1188220,SiO2,permuted_sites,equivalent_transform,no_noise,1,20,1,0,0,0,medium::mp-1188220::reference,0.9728631395846605
strict,medium,medium::mp-1188220::combined_noise_0.002A_0.003,mp-1188220,mp-1188220,SiO2,combined_noise_0.002A_0.003,combined_perturbation,noise,1,20,1,0,0,0,medium::mp-1188220::reference,0.559234855696559
strict,medium,medium::mp-1188220::combined_noise_0.015A_0.003,mp-1188220,mp-1188220,SiO2,combined_noise_0.015A_0.003,combined_perturbation,noise,1,20,1,0,0,0,medium::mp-1188220::reference,0.5578042790293694
strict,medium,medium::mp-1188220::combined_noise_0.050A_0.003,mp-1188220,mp-1188220,SiO2,combined_noise_0.050A_0.003,combined_perturbation,noise,1,20,1,0,0,0,medium::mp-1188220::reference,0.5622636154294014
strict,medium,medium::mp-1188220::combined_noise_0.002A_0.010,mp-1188220,mp-1188220,SiO2,combined_noise_0.002A_0.010,combined_perturbation,noise,1,20,1,0,0,0,medium::mp-1188220::reference,0.5583032015711069
strict,medium,medium::mp-1188220::combined_noise_0.015A_0.010,mp-1188220,mp-1188220,SiO2,combined_noise_0.015A_0.010,combined_perturbation,noise,1,20,1,0,0,0,medium::mp-1188220::reference,0.5573514886200428
strict,medium,medium::mp-1188220::combined_noise_0.050A_0.010,mp-1188220,mp-1188220,SiO2,combined_noise_0.050A_0.010,combined_perturbation,noise,1,20,1,0,0,0,medium::mp-1188220::reference,0.5561890229582787
strict,medium,medium::mp-1188220::combined_noise_0.002A_0.030,mp-1188220,mp-1188220,SiO2,combined_noise_0.002A_0.030,combined_perturbation,noise,0,20,0,0,0,1,,0.57669947296381
strict,medium,medium::mp-1188220::combined_noise_0.015A_0.030,mp-1188220,mp-1188220,SiO2,combined_noise_0.015A_0.030,combined_perturbation,noise,1,20,1,0,0,0,medium::mp-1188220::reference,0.5614172704517841
strict,medium,medium::mp-1188220::combined_noise_0.050A_0.030,mp-1188220,mp-1188220,SiO2,combined_noise_0.050A_0.030,combined_perturbation,noise,1,20,1,0,0,0,medium::mp-1188220::reference,0.5652646161615849
strict,medium,medium::mp-1200685::conventional_standard,mp-1200685,mp-1200685,SiO2,conventional_standard,equivalent_transform,no_noise,1,20,1,0,0,0,medium::mp-1200685::reference,1.0040196385234594
strict,medium,medium::mp-1200685::niggli_reduced,mp-1200685,mp-1200685,SiO2,niggli_reduced,equivalent_transform,no_noise,1,20,1,0,0,0,medium::mp-1200685::reference,0.8460560757666826
strict,medium,medium::mp-1200685::origin_shifted,mp-1200685,mp-1200685,SiO2,origin_shifted,equivalent_transform,no_noise,1,20,1,0,0,0,medium::mp-1200685::reference,0.5438999608159065
strict,medium,medium::mp-1200685::permuted_sites,mp-1200685,mp-1200685,SiO2,permuted_sites,equivalent_transform,no_noise,1,20,1,0,0,0,medium::mp-1200685::reference,1.1741851828992367
strict,medium,medium::mp-1200685::combined_noise_0.002A_0.003,mp-1200685,mp-1200685,SiO2,combined_noise_0.002A_0.003,combined_perturbation,noise,1,20,1,0,0,0,medium::mp-1200685::reference,0.5259521324187517
strict,medium,medium::mp-1200685::combined_noise_0.015A_0.003,mp-1200685,mp-1200685,SiO2,combined_noise_0.015A_0.003,combined_perturbation,noise,1,20,1,0,0,0,medium::mp-1200685::reference,0.5277417358011007
strict,medium,medium::mp-1200685::combined_noise_0.050A_0.003,mp-1200685,mp-1200685,SiO2,combined_noise_0.050A_0.003,combined_perturbation,noise,1,20,1,0,0,0,medium::mp-1200685::reference,0.5285283997654915
strict,medium,medium::mp-1200685::combined_noise_0.002A_0.010,mp-1200685,mp-1200685,SiO2,combined_noise_0.002A_0.010,combined_perturbation,noise,1,20,1,0,0,0,medium::mp-1200685::reference,0.5282075982540846
strict,medium,medium::mp-1200685::combined_noise_0.015A_0.010,mp-1200685,mp-1200685,SiO2,combined_noise_0.015A_0.010,combined_perturbation,noise,1,20,1,0,0,0,medium::mp-1200685::reference,0.5282243359833956
strict,medium,medium::mp-1200685::combined_noise_0.050A_0.010,mp-1200685,mp-1200685,SiO2,combined_noise_0.050A_0.010,combined_perturbation,noise,1,20,1,0,0,0,medium::mp-1200685::reference,0.7071786727756262
strict,medium,medium::mp-1200685::combined_noise_0.002A_0.030,mp-1200685,mp-1200685,SiO2,combined_noise_0.002A_0.030,combined_perturbation,noise,0,20,0,0,0,1,,0.5480711683630943
strict,medium,medium::mp-1200685::combined_noise_0.015A_0.030,mp-1200685,mp-1200685,SiO2,combined_noise_0.015A_0.030,combined_perturbation,noise,0,20,0,0,0,1,,0.5287778098136187
strict,medium,medium::mp-1200685::combined_noise_0.050A_0.030,mp-1200685,mp-1200685,SiO2,combined_noise_0.050A_0.030,combined_perturbation,noise,1,20,1,0,0,0,medium::mp-1200685::reference,0.5288350414484739
strict,medium,medium::mp-1201738::conventional_standard,mp-1201738,mp-1201738,SiO2,conventional_standard,equivalent_transform,no_noise,1,20,1,0,0,0,medium::mp-1201738::reference,1.5324637796729803
strict,medium,medium::mp-1201738::niggli_reduced,mp-1201738,mp-1201738,SiO2,niggli_reduced,equivalent_transform,no_noise,1,20,1,0,0,0,medium::mp-1201738::reference,1.0472375955432653
strict,medium,medium::mp-1201738::origin_shifted,mp-1201738,mp-1201738,SiO2,origin_shifted,equivalent_transform,no_noise,1,20,1,0,0,0,medium::mp-1201738::reference,1.068952927365899
strict,medium,medium::mp-1201738::permuted_sites,mp-1201738,mp-1201738,SiO2,permuted_sites,equivalent_transform,no_noise,1,20,1,0,0,0,medium::mp-1201738::reference,2.3004938550293446
strict,medium,medium::mp-1201738::combined_noise_0.002A_0.003,mp-1201738,mp-1201738,SiO2,combined_noise_0.002A_0.003,combined_perturbation,noise,1,20,1,0,0,0,medium::mp-1201738::reference,1.0466887038201094
strict,medium,medium::mp-1201738::combined_noise_0.015A_0.003,mp-1201738,mp-1201738,SiO2,combined_noise_0.015A_0.003,combined_perturbation,noise,1,20,1,0,0,0,medium::mp-1201738::reference,1.0504941046237946
strict,medium,medium::mp-1201738::combined_noise_0.050A_0.003,mp-1201738,mp-1201738,SiO2,combined_noise_0.050A_0.003,combined_perturbation,noise,1,20,1,0,0,0,medium::mp-1201738::reference,1.0464957039803267
strict,medium,medium::mp-1201738::combined_noise_0.002A_0.010,mp-1201738,mp-1201738,SiO2,combined_noise_0.002A_0.010,combined_perturbation,noise,1,20,1,0,0,0,medium::mp-1201738::reference,1.0504228752106428
strict,medium,medium::mp-1201738::combined_noise_0.015A_0.010,mp-1201738,mp-1201738,SiO2,combined_noise_0.015A_0.010,combined_perturbation,noise,1,20,1,0,0,0,medium::mp-1201738::reference,1.0490254014730453
strict,medium,medium::mp-1201738::combined_noise_0.050A_0.010,mp-1201738,mp-1201738,SiO2,combined_noise_0.050A_0.010,combined_perturbation,noise,1,20,1,0,0,0,medium::mp-1201738::reference,1.0502535365521908
strict,medium,medium::mp-1201738::combined_noise_0.002A_0.030,mp-1201738,mp-1201738,SiO2,combined_noise_0.002A_0.030,combined_perturbation,noise,1,20,1,0,0,0,medium::mp-1201738::reference,1.0513147991150618
strict,medium,medium::mp-1201738::combined_noise_0.015A_0.030,mp-1201738,mp-1201738,SiO2,combined_noise_0.015A_0.030,combined_perturbation,noise,1,20,1,0,0,0,medium::mp-1201738::reference,1.074287747964263
strict,medium,medium::mp-1201738::combined_noise_0.050A_0.030,mp-1201738,mp-1201738,SiO2,combined_noise_0.050A_0.030,combined_perturbation,noise,1,20,1,0,0,0,medium::mp-1201738::reference,1.0520623121410608
strict,medium,medium::mp-1201887::conventional_standard,mp-1201887,mp-1201887,SiO2,conventional_standard,equivalent_transform,no_noise,1,20,1,0,0,0,medium::mp-1201887::reference,1.460047086700797
strict,medium,medium::mp-1201887::niggli_reduced,mp-1201887,mp-1201887,SiO2,niggli_reduced,equivalent_transform,no_noise,1,20,1,0,0,0,medium::mp-1201887::reference,0.7554231360554695
strict,medium,medium::mp-1201887::origin_shifted,mp-1201887,mp-1201887,SiO2,origin_shifted,equivalent_transform,no_noise,1,20,1,0,0,0,medium::mp-1201887::reference,0.7516973707824945
strict,medium,medium::mp-1201887::permuted_sites,mp-1201887,mp-1201887,SiO2,permuted_sites,equivalent_transform,no_noise,1,20,1,0,0,0,medium::mp-1201887::reference,2.181799480691552
strict,medium,medium::mp-1201887::combined_noise_0.002A_0.003,mp-1201887,mp-1201887,SiO2,combined_noise_0.002A_0.003,combined_perturbation,noise,1,20,1,0,0,0,medium::mp-1201887::reference,0.7577803246676922
strict,medium,medium::mp-1201887::combined_noise_0.015A_0.003,mp-1201887,mp-1201887,SiO2,combined_noise_0.015A_0.003,combined_perturbation,noise,1,20,1,0,0,0,medium::mp-1201887::reference,0.7564415521919727
strict,medium,medium::mp-1201887::combined_noise_0.050A_0.003,mp-1201887,mp-1201887,SiO2,combined_noise_0.050A_0.003,combined_perturbation,noise,1,20,1,0,0,0,medium::mp-1201887::reference,0.7552249077707529
strict,medium,medium::mp-1201887::combined_noise_0.002A_0.010,mp-1201887,mp-1201887,SiO2,combined_noise_0.002A_0.010,combined_perturbation,noise,1,20,1,0,0,0,medium::mp-1201887::reference,0.7570311818271875
strict,medium,medium::mp-1201887::combined_noise_0.015A_0.010,mp-1201887,mp-1201887,SiO2,combined_noise_0.015A_0.010,combined_perturbation,noise,1,20,1,0,0,0,medium::mp-1201887::reference,0.7608446255326271
strict,medium,medium::mp-1201887::combined_noise_0.050A_0.010,mp-1201887,mp-1201887,SiO2,combined_noise_0.050A_0.010,combined_perturbation,noise,1,20,1,0,0,0,medium::mp-1201887::reference,0.8239228427410126
strict,medium,medium::mp-1201887::combined_noise_0.002A_0.030,mp-1201887,mp-1201887,SiO2,combined_noise_0.002A_0.030,combined_perturbation,noise,1,20,1,0,0,0,medium::mp-1201887::reference,0.760173425078392
strict,medium,medium::mp-1201887::combined_noise_0.015A_0.030,mp-1201887,mp-1201887,SiO2,combined_noise_0.015A_0.030,combined_perturbation,noise,1,20,1,0,0,0,medium::mp-1201887::reference,0.7582807969301939
strict,medium,medium::mp-1201887::combined_noise_0.050A_0.030,mp-1201887,mp-1201887,SiO2,combined_noise_0.050A_0.030,combined_perturbation,noise,1,20,1,0,0,0,medium::mp-1201887::reference,0.7587405275553465
strict,medium,medium::mp-1204070::conventional_standard,mp-1204070,mp-1204070,SiO2,conventional_standard,equivalent_transform,no_noise,1,20,1,0,0,0,medium::mp-1204070::reference,0.7183246277272701
strict,medium,medium::mp-1204070::niggli_reduced,mp-1204070,mp-1204070,SiO2,niggli_reduced,equivalent_transform,no_noise,1,20,1,0,0,0,medium::mp-1204070::reference,0.7192651648074389
strict,medium,medium::mp-1204070::origin_shifted,mp-1204070,mp-1204070,SiO2,origin_shifted,equivalent_transform,no_noise,1,20,1,0,0,0,medium::mp-1204070::reference,0.5744695980101824
strict,medium,medium::mp-1204070::permuted_sites,mp-1204070,mp-1204070,SiO2,permuted_sites,equivalent_transform,no_noise,1,20,1,0,0,0,medium::mp-1204070::reference,0.9840414803475142
strict,medium,medium::mp-1204070::combined_noise_0.002A_0.003,mp-1204070,mp-1204070,SiO2,combined_noise_0.002A_0.003,combined_perturbation,noise,1,20,1,0,0,0,medium::mp-1204070::reference,0.5652790758758783
strict,medium,medium::mp-1204070::combined_noise_0.015A_0.003,mp-1204070,mp-1204070,SiO2,combined_noise_0.015A_0.003,combined_perturbation,noise,1,20,1,0,0,0,medium::mp-1204070::reference,0.5703044198453426
strict,medium,medium::mp-1204070::combined_noise_0.050A_0.003,mp-1204070,mp-1204070,SiO2,combined_noise_0.050A_0.003,combined_perturbation,noise,1,20,1,0,0,0,medium::mp-1204070::reference,0.5642663519829512
strict,medium,medium::mp-1204070::combined_noise_0.002A_0.010,mp-1204070,mp-1204070,SiO2,combined_noise_0.002A_0.010,combined_perturbation,noise,1,20,1,0,0,0,medium::mp-1204070::reference,0.5683192163705826
strict,medium,medium::mp-1204070::combined_noise_0.015A_0.010,mp-1204070,mp-1204070,SiO2,combined_noise_0.015A_0.010,combined_perturbation,noise,1,20,1,0,0,0,medium::mp-1204070::reference,0.5549385417252779
strict,medium,medium::mp-1204070::combined_noise_0.050A_0.010,mp-1204070,mp-1204070,SiO2,combined_noise_0.050A_0.010,combined_perturbation,noise,1,20,1,0,0,0,medium::mp-1204070::reference,0.5666054207831621
strict,medium,medium::mp-1204070::combined_noise_0.002A_0.030,mp-1204070,mp-1204070,SiO2,combined_noise_0.002A_0.030,combined_perturbation,noise,1,20,1,0,0,0,medium::mp-1204070::reference,0.7468288280069828
strict,medium,medium::mp-1204070::combined_noise_0.015A_0.030,mp-1204070,mp-1204070,SiO2,combined_noise_0.015A_0.030,combined_perturbation,noise,1,20,1,0,0,0,medium::mp-1204070::reference,0.5817268416285515
strict,medium,medium::mp-1204070::combined_noise_0.050A_0.030,mp-1204070,mp-1204070,SiO2,combined_noise_0.050A_0.030,combined_perturbation,noise,1,20,1,0,0,0,medium::mp-1204070::reference,0.5670843217521906
strict,medium,medium::mp-12350::conventional_standard,mp-12350,mp-12350,SiO2,conventional_standard,equivalent_transform,no_noise,1,20,1,0,0,0,medium::mp-12350::reference,1.0176505241543055
strict,medium,medium::mp-12350::niggli_reduced,mp-12350,mp-12350,SiO2,niggli_reduced,equivalent_transform,no_noise,1,20,1,0,0,0,medium::mp-12350::reference,0.5454204678535461
strict,medium,medium::mp-12350::origin_shifted,mp-12350,mp-12350,SiO2,origin_shifted,equivalent_transform,no_noise,1,20,1,0,0,0,medium::mp-12350::reference,0.5522337313741446
strict,medium,medium::mp-12350::permuted_sites,mp-12350,mp-12350,SiO2,permuted_sites,equivalent_transform,no_noise,1,20,1,0,0,0,medium::mp-12350::reference,0.8703710995614529
strict,medium,medium::mp-12350::combined_noise_0.002A_0.003,mp-12350,mp-12350,SiO2,combined_noise_0.002A_0.003,combined_perturbation,noise,1,20,1,0,0,0,medium::mp-12350::reference,0.5449737850576639
strict,medium,medium::mp-12350::combined_noise_0.015A_0.003,mp-12350,mp-12350,SiO2,combined_noise_0.015A_0.003,combined_perturbation,noise,1,20,1,0,0,0,medium::mp-12350::reference,0.5428533274680376
strict,medium,medium::mp-12350::combined_noise_0.050A_0.003,mp-12350,mp-12350,SiO2,combined_noise_0.050A_0.003,combined_perturbation,noise,1,20,1,0,0,0,medium::mp-12350::reference,0.5492984615266323
strict,medium,medium::mp-12350::combined_noise_0.002A_0.010,mp-12350,mp-12350,SiO2,combined_noise_0.002A_0.010,combined_perturbation,noise,1,20,1,0,0,0,medium::mp-12350::reference,0.5420796554535627
strict,medium,medium::mp-12350::combined_noise_0.015A_0.010,mp-12350,mp-12350,SiO2,combined_noise_0.015A_0.010,combined_perturbation,noise,1,20,1,0,0,0,medium::mp-12350::reference,0.5415795557200909
strict,medium,medium::mp-12350::combined_noise_0.050A_0.010,mp-12350,mp-12350,SiO2,combined_noise_0.050A_0.010,combined_perturbation,noise,1,20,1,0,0,0,medium::mp-12350::reference,0.5494574010372162
strict,medium,medium::mp-12350::combined_noise_0.002A_0.030,mp-12350,mp-12350,SiO2,combined_noise_0.002A_0.030,combined_perturbation,noise,0,20,0,0,0,1,,0.5330593958497047
strict,medium,medium::mp-12350::combined_noise_0.015A_0.030,mp-12350,mp-12350,SiO2,combined_noise_0.015A_0.030,combined_perturbation,noise,1,20,1,0,0,0,medium::mp-12350::reference,0.5688730385154486
strict,medium,medium::mp-12350::combined_noise_0.050A_0.030,mp-12350,mp-12350,SiO2,combined_noise_0.050A_0.030,combined_perturbation,noise,0,20,0,0,0,1,,0.534803232178092
strict,medium,medium::mp-1244945::conventional_standard,mp-1244945,mp-1244945,SiO2,conventional_standard,equivalent_transform,no_noise,1,20,1,0,0,0,medium::mp-1244945::reference,1.378900520503521
strict,medium,medium::mp-1244945::niggli_reduced,mp-1244945,mp-1244945,SiO2,niggli_reduced,equivalent_transform,no_noise,1,20,1,0,0,0,medium::mp-1244945::reference,1.3816056996583939
strict,medium,medium::mp-1244945::origin_shifted,mp-1244945,mp-1244945,SiO2,origin_shifted,equivalent_transform,no_noise,1,20,1,0,0,0,medium::mp-1244945::reference,0.9654607363045216
strict,medium,medium::mp-1244945::permuted_sites,mp-1244945,mp-1244945,SiO2,permuted_sites,equivalent_transform,no_noise,1,20,1,0,0,0,medium::mp-1244945::reference,2.0606556851416826
strict,medium,medium::mp-1244945::combined_noise_0.002A_0.003,mp-1244945,mp-1244945,SiO2,combined_noise_0.002A_0.003,combined_perturbation,noise,1,20,1,0,0,0,medium::mp-1244945::reference,0.9492579102516174
strict,medium,medium::mp-1244945::combined_noise_0.015A_0.003,mp-1244945,mp-1244945,SiO2,combined_noise_0.015A_0.003,combined_perturbation,noise,1,20,1,0,0,0,medium::mp-1244945::reference,0.9517238587141037
strict,medium,medium::mp-1244945::combined_noise_0.050A_0.003,mp-1244945,mp-1244945,SiO2,combined_noise_0.050A_0.003,combined_perturbation,noise,1,20,1,0,0,0,medium::mp-1244945::reference,0.9488506782799959
strict,medium,medium::mp-1244945::combined_noise_0.002A_0.010,mp-1244945,mp-1244945,SiO2,combined_noise_0.002A_0.010,combined_perturbation,noise,1,20,1,0,0,0,medium::mp-1244945::reference,0.950482064858079
strict,medium,medium::mp-1244945::combined_noise_0.015A_0.010,mp-1244945,mp-1244945,SiO2,combined_noise_0.015A_0.010,combined_perturbation,noise,1,20,1,0,0,0,medium::mp-1244945::reference,0.9580510705709457
strict,medium,medium::mp-1244945::combined_noise_0.050A_0.010,mp-1244945,mp-1244945,SiO2,combined_noise_0.050A_0.010,combined_perturbation,noise,1,20,1,0,0,0,medium::mp-1244945::reference,0.9525289721786976
strict,medium,medium::mp-1244945::combined_noise_0.002A_0.030,mp-1244945,mp-1244945,SiO2,combined_noise_0.002A_0.030,combined_perturbation,noise,1,20,1,0,0,0,medium::mp-1244945::reference,0.9515303578227758
strict,medium,medium::mp-1244945::combined_noise_0.015A_0.030,mp-1244945,mp-1244945,SiO2,combined_noise_0.015A_0.030,combined_perturbation,noise,1,20,1,0,0,0,medium::mp-1244945::reference,0.9558050893247128
strict,medium,medium::mp-1244945::combined_noise_0.050A_0.030,mp-1244945,mp-1244945,SiO2,combined_noise_0.050A_0.030,combined_perturbation,noise,1,20,1,0,0,0,medium::mp-1244945::reference,0.9591524321585894
strict,medium,medium::mp-1248957::conventional_standard,mp-1248957,mp-1248957,SiO2,conventional_standard,equivalent_transform,no_noise,1,20,1,0,0,0,medium::mp-1248957::reference,1.0485797952860594
strict,medium,medium::mp-1248957::niggli_reduced,mp-1248957,mp-1248957,SiO2,niggli_reduced,equivalent_transform,no_noise,1,20,1,0,0,0,medium::mp-1248957::reference,0.5337782725691795
strict,medium,medium::mp-1248957::origin_shifted,mp-1248957,mp-1248957,SiO2,origin_shifted,equivalent_transform,no_noise,1,20,1,0,0,0,medium::mp-1248957::reference,0.5460856035351753
strict,medium,medium::mp-1248957::permuted_sites,mp-1248957,mp-1248957,SiO2,permuted_sites,equivalent_transform,no_noise,1,20,1,0,0,0,medium::mp-1248957::reference,0.8623738270252943
strict,medium,medium::mp-1248957::combined_noise_0.002A_0.003,mp-1248957,mp-1248957,SiO2,combined_noise_0.002A_0.003,combined_perturbation,noise,1,20,1,0,0,0,medium::mp-1248957::reference,0.5369922909885645
strict,medium,medium::mp-1248957::combined_noise_0.015A_0.003,mp-1248957,mp-1248957,SiO2,combined_noise_0.015A_0.003,combined_perturbation,noise,1,20,1,0,0,0,medium::mp-1248957::reference,0.5372080206871033
strict,medium,medium::mp-1248957::combined_noise_0.050A_0.003,mp-1248957,mp-1248957,SiO2,combined_noise_0.050A_0.003,combined_perturbation,noise,1,20,1,0,0,0,medium::mp-1248957::reference,0.535903686657548
strict,medium,medium::mp-1248957::combined_noise_0.002A_0.010,mp-1248957,mp-1248957,SiO2,combined_noise_0.002A_0.010,combined_perturbation,noise,1,20,1,0,0,0,medium::mp-1248957::reference,0.5381404459476471
strict,medium,medium::mp-1248957::combined_noise_0.015A_0.010,mp-1248957,mp-1248957,SiO2,combined_noise_0.015A_0.010,combined_perturbation,noise,1,20,1,0,0,0,medium::mp-1248957::reference,0.5358301382511854
strict,medium,medium::mp-1248957::combined_noise_0.050A_0.010,mp-1248957,mp-1248957,SiO2,combined_noise_0.050A_0.010,combined_perturbation,noise,1,20,1,0,0,0,medium::mp-1248957::reference,0.5365726500749588
strict,medium,medium::mp-1248957::combined_noise_0.002A_0.030,mp-1248957,mp-1248957,SiO2,combined_noise_0.002A_0.030,combined_perturbation,noise,1,20,1,0,0,0,medium::mp-1248957::reference,0.5408674459904432
strict,medium,medium::mp-1248957::combined_noise_0.015A_0.030,mp-1248957,mp-1248957,SiO2,combined_noise_0.015A_0.030,combined_perturbation,noise,0,20,0,0,0,1,,0.5643670670688152
strict,medium,medium::mp-1248957::combined_noise_0.050A_0.030,mp-1248957,mp-1248957,SiO2,combined_noise_0.050A_0.030,combined_perturbation,noise,1,20,1,0,0,0,medium::mp-1248957::reference,0.5382345151156187
strict,medium,medium::mp-1249637::conventional_standard,mp-1249637,mp-1249637,SiO2,conventional_standard,equivalent_transform,no_noise,1,20,1,0,0,0,medium::mp-1249637::reference,2.3429722860455513
strict,medium,medium::mp-1249637::niggli_reduced,mp-1249637,mp-1249637,SiO2,niggli_reduced,equivalent_transform,no_noise,1,20,1,0,0,0,medium::mp-1249637::reference,0.8545636795461178
strict,medium,medium::mp-1249637::origin_shifted,mp-1249637,mp-1249637,SiO2,origin_shifted,equivalent_transform,no_noise,1,20,1,0,0,0,medium::mp-1249637::reference,0.8790701106190681
strict,medium,medium::mp-1249637::permuted_sites,mp-1249637,mp-1249637,SiO2,permuted_sites,equivalent_transform,no_noise,1,20,1,0,0,0,medium::mp-1249637::reference,1.853846089914441
strict,medium,medium::mp-1249637::combined_noise_0.002A_0.003,mp-1249637,mp-1249637,SiO2,combined_noise_0.002A_0.003,combined_perturbation,noise,1,20,1,0,0,0,medium::mp-1249637::reference,0.8616906739771366
strict,medium,medium::mp-1249637::combined_noise_0.015A_0.003,mp-1249637,mp-1249637,SiO2,combined_noise_0.015A_0.003,combined_perturbation,noise,1,20,1,0,0,0,medium::mp-1249637::reference,0.8628185391426086
strict,medium,medium::mp-1249637::combined_noise_0.050A_0.003,mp-1249637,mp-1249637,SiO2,combined_noise_0.050A_0.003,combined_perturbation,noise,1,20,1,0,0,0,medium::mp-1249637::reference,0.8634354993700981
strict,medium,medium::mp-1249637::combined_noise_0.002A_0.010,mp-1249637,mp-1249637,SiO2,combined_noise_0.002A_0.010,combined_perturbation,noise,1,20,1,0,0,0,medium::mp-1249637::reference,0.8611375223845243
strict,medium,medium::mp-1249637::combined_noise_0.015A_0.010,mp-1249637,mp-1249637,SiO2,combined_noise_0.015A_0.010,combined_perturbation,noise,1,20,1,0,0,0,medium::mp-1249637::reference,0.864789042621851
strict,medium,medium::mp-1249637::combined_noise_0.050A_0.010,mp-1249637,mp-1249637,SiO2,combined_noise_0.050A_0.010,combined_perturbation,noise,1,20,1,0,0,0,medium::mp-1249637::reference,1.1145354975014925
strict,medium,medium::mp-1249637::combined_noise_0.002A_0.030,mp-1249637,mp-1249637,SiO2,combined_noise_0.002A_0.030,combined_perturbation,noise,1,20,1,0,0,0,medium::mp-1249637::reference,0.8712856192141771
strict,medium,medium::mp-1249637::combined_noise_0.015A_0.030,mp-1249637,mp-1249637,SiO2,combined_noise_0.015A_0.030,combined_perturbation,noise,1,20,1,0,0,0,medium::mp-1249637::reference,0.8680778760462999
strict,medium,medium::mp-1249637::combined_noise_0.050A_0.030,mp-1249637,mp-1249637,SiO2,combined_noise_0.050A_0.030,combined_perturbation,noise,1,20,1,0,0,0,medium::mp-1249637::reference,0.8640892449766397
strict,medium,medium::mp-1249969::conventional_standard,mp-1249969,mp-1249969,SiO2,conventional_standard,equivalent_transform,no_noise,1,20,1,0,0,0,medium::mp-1249969::reference,0.8008893020451069
strict,medium,medium::mp-1249969::niggli_reduced,mp-1249969,mp-1249969,SiO2,niggli_reduced,equivalent_transform,no_noise,1,20,1,0,0,0,medium::mp-1249969::reference,0.7990433648228645
strict,medium,medium::mp-1249969::origin_shifted,mp-1249969,mp-1249969,SiO2,origin_shifted,equivalent_transform,no_noise,1,20,1,0,0,0,medium::mp-1249969::reference,0.6174009200185537
strict,medium,medium::mp-1249969::permuted_sites,mp-1249969,mp-1249969,SiO2,permuted_sites,equivalent_transform,no_noise,1,20,1,0,0,0,medium::mp-1249969::reference,1.1093756258487701
strict,medium,medium::mp-1249969::combined_noise_0.002A_0.003,mp-1249969,mp-1249969,SiO2,combined_noise_0.002A_0.003,combined_perturbation,noise,1,20,1,0,0,0,medium::mp-1249969::reference,0.606276361271739
strict,medium,medium::mp-1249969::combined_noise_0.015A_0.003,mp-1249969,mp-1249969,SiO2,combined_noise_0.015A_0.003,combined_perturbation,noise,1,20,1,0,0,0,medium::mp-1249969::reference,0.6070133559405804
strict,medium,medium::mp-1249969::combined_noise_0.050A_0.003,mp-1249969,mp-1249969,SiO2,combined_noise_0.050A_0.003,combined_perturbation,noise,1,20,1,0,0,0,medium::mp-1249969::reference,0.6050807386636734
strict,medium,medium::mp-1249969::combined_noise_0.002A_0.010,mp-1249969,mp-1249969,SiO2,combined_noise_0.002A_0.010,combined_perturbation,noise,1,20,1,0,0,0,medium::mp-1249969::reference,0.6054174993187189
strict,medium,medium::mp-1249969::combined_noise_0.015A_0.010,mp-1249969,mp-1249969,SiO2,combined_noise_0.015A_0.010,combined_perturbation,noise,1,20,1,0,0,0,medium::mp-1249969::reference,0.6114202607423067
strict,medium,medium::mp-1249969::combined_noise_0.050A_0.010,mp-1249969,mp-1249969,SiO2,combined_noise_0.050A_0.010,combined_perturbation,noise,1,20,1,0,0,0,medium::mp-1249969::reference,0.6092027723789215
strict,medium,medium::mp-1249969::combined_noise_0.002A_0.030,mp-1249969,mp-1249969,SiO2,combined_noise_0.002A_0.030,combined_perturbation,noise,1,20,1,0,0,0,medium::mp-1249969::reference,0.609462782740593
strict,medium,medium::mp-1249969::combined_noise_0.015A_0.030,mp-1249969,mp-1249969,SiO2,combined_noise_0.015A_0.030,combined_perturbation,noise,1,20,1,0,0,0,medium::mp-1249969::reference,0.6265157237648964
strict,medium,medium::mp-1249969::combined_noise_0.050A_0.030,mp-1249969,mp-1249969,SiO2,combined_noise_0.050A_0.030,combined_perturbation,noise,1,20,1,0,0,0,medium::mp-1249969::reference,0.6080000810325146
strict,medium,medium::mp-1008677::conventional_standard,mp-1008677,mp-1008677,TiO2,conventional_standard,equivalent_transform,no_noise,1,20,1,0,0,0,medium::mp-1008677::reference,0.2777354568243027
strict,medium,medium::mp-1008677::niggli_reduced,mp-1008677,mp-1008677,TiO2,niggli_reduced,equivalent_transform,no_noise,1,20,1,0,0,0,medium::mp-1008677::reference,0.5143148023635149
strict,medium,medium::mp-1008677::origin_shifted,mp-1008677,mp-1008677,TiO2,origin_shifted,equivalent_transform,no_noise,1,20,1,0,0,0,medium::mp-1008677::reference,0.5191251393407583
strict,medium,medium::mp-1008677::permuted_sites,mp-1008677,mp-1008677,TiO2,permuted_sites,equivalent_transform,no_noise,1,20,1,0,0,0,medium::mp-1008677::reference,0.8013269826769829
strict,medium,medium::mp-1008677::combined_noise_0.002A_0.003,mp-1008677,mp-1008677,TiO2,combined_noise_0.002A_0.003,combined_perturbation,noise,1,20,1,0,0,0,medium::mp-1008677::reference,0.5109821520745754
strict,medium,medium::mp-1008677::combined_noise_0.015A_0.003,mp-1008677,mp-1008677,TiO2,combined_noise_0.015A_0.003,combined_perturbation,noise,1,20,1,0,0,0,medium::mp-1008677::reference,0.471011683344841
strict,medium,medium::mp-1008677::combined_noise_0.050A_0.003,mp-1008677,mp-1008677,TiO2,combined_noise_0.050A_0.003,combined_perturbation,noise,1,20,1,0,0,0,medium::mp-1008677::reference,0.4773932322859764
strict,medium,medium::mp-1008677::combined_noise_0.002A_0.010,mp-1008677,mp-1008677,TiO2,combined_noise_0.002A_0.010,combined_perturbation,noise,1,20,1,0,0,0,medium::mp-1008677::reference,0.5120722055435181
strict,medium,medium::mp-1008677::combined_noise_0.015A_0.010,mp-1008677,mp-1008677,TiO2,combined_noise_0.015A_0.010,combined_perturbation,noise,1,20,1,0,0,0,medium::mp-1008677::reference,0.47363648004829884
strict,medium,medium::mp-1008677::combined_noise_0.050A_0.010,mp-1008677,mp-1008677,TiO2,combined_noise_0.050A_0.010,combined_perturbation,noise,1,20,1,0,0,0,medium::mp-1008677::reference,0.48109699971973896
strict,medium,medium::mp-1008677::combined_noise_0.002A_0.030,mp-1008677,mp-1008677,TiO2,combined_noise_0.002A_0.030,combined_perturbation,noise,1,20,1,0,0,0,medium::mp-1008677::reference,0.5134635884314775
strict,medium,medium::mp-1008677::combined_noise_0.015A_0.030,mp-1008677,mp-1008677,TiO2,combined_noise_0.015A_0.030,combined_perturbation,noise,1,20,1,0,0,0,medium::mp-1008677::reference,0.4868491068482399
strict,medium,medium::mp-1008677::combined_noise_0.050A_0.030,mp-1008677,mp-1008677,TiO2,combined_noise_0.050A_0.030,combined_perturbation,noise,1,20,1,0,0,0,medium::mp-1008677::reference,0.48108193650841713
strict,medium,medium::mp-1041565::conventional_standard,mp-1041565,mp-1041565,TiO2,conventional_standard,equivalent_transform,no_noise,1,20,1,0,0,0,medium::mp-1041565::reference,0.37664674408733845
strict,medium,medium::mp-1041565::niggli_reduced,mp-1041565,mp-1041565,TiO2,niggli_reduced,equivalent_transform,no_noise,1,20,1,0,0,0,medium::mp-1041565::reference,0.5091533940285444
strict,medium,medium::mp-1041565::origin_shifted,mp-1041565,mp-1041565,TiO2,origin_shifted,equivalent_transform,no_noise,1,20,1,0,0,0,medium::mp-1041565::reference,0.5197652913630009
strict,medium,medium::mp-1041565::permuted_sites,mp-1041565,mp-1041565,TiO2,permuted_sites,equivalent_transform,no_noise,1,20,1,0,0,0,medium::mp-1041565::reference,0.8452815059572458
strict,medium,medium::mp-1041565::combined_noise_0.002A_0.003,mp-1041565,mp-1041565,TiO2,combined_noise_0.002A_0.003,combined_perturbation,noise,1,20,1,0,0,0,medium::mp-1041565::reference,0.5127115156501532
strict,medium,medium::mp-1041565::combined_noise_0.015A_0.003,mp-1041565,mp-1041565,TiO2,combined_noise_0.015A_0.003,combined_perturbation,noise,1,20,1,0,0,0,medium::mp-1041565::reference,0.5136455707252026
strict,medium,medium::mp-1041565::combined_noise_0.050A_0.003,mp-1041565,mp-1041565,TiO2,combined_noise_0.050A_0.003,combined_perturbation,noise,1,20,1,0,0,0,medium::mp-1041565::reference,0.5048638600856066
strict,medium,medium::mp-1041565::combined_noise_0.002A_0.010,mp-1041565,mp-1041565,TiO2,combined_noise_0.002A_0.010,combined_perturbation,noise,1,20,1,0,0,0,medium::mp-1041565::reference,0.5121091529726982
strict,medium,medium::mp-1041565::combined_noise_0.015A_0.010,mp-1041565,mp-1041565,TiO2,combined_noise_0.015A_0.010,combined_perturbation,noise,1,20,1,0,0,0,medium::mp-1041565::reference,0.5232064854353666
strict,medium,medium::mp-1041565::combined_noise_0.050A_0.010,mp-1041565,mp-1041565,TiO2,combined_noise_0.050A_0.010,combined_perturbation,noise,1,20,1,0,0,0,medium::mp-1041565::reference,0.5036682244390249
strict,medium,medium::mp-1041565::combined_noise_0.002A_0.030,mp-1041565,mp-1041565,TiO2,combined_noise_0.002A_0.030,combined_perturbation,noise,1,20,1,0,0,0,medium::mp-1041565::reference,0.5281421206891537
strict,medium,medium::mp-1041565::combined_noise_0.015A_0.030,mp-1041565,mp-1041565,TiO2,combined_noise_0.015A_0.030,combined_perturbation,noise,1,20,1,0,0,0,medium::mp-1041565::reference,0.5138835720717907
strict,medium,medium::mp-1041565::combined_noise_0.050A_0.030,mp-1041565,mp-1041565,TiO2,combined_noise_0.050A_0.030,combined_perturbation,noise,0,20,0,0,0,1,,0.5059306360781193
strict,medium,medium::mp-1044853::conventional_standard,mp-1044853,mp-1044853,TiO2,conventional_standard,equivalent_transform,no_noise,1,20,1,0,0,0,medium::mp-1044853::reference,0.4497427958995104
strict,medium,medium::mp-1044853::niggli_reduced,mp-1044853,mp-1044853,TiO2,niggli_reduced,equivalent_transform,no_noise,1,20,1,0,0,0,medium::mp-1044853::reference,0.736424807459116
strict,medium,medium::mp-1044853::origin_shifted,mp-1044853,mp-1044853,TiO2,origin_shifted,equivalent_transform,no_noise,1,20,1,0,0,0,medium::mp-1044853::reference,0.7518371101468801
strict,medium,medium::mp-1044853::permuted_sites,mp-1044853,mp-1044853,TiO2,permuted_sites,equivalent_transform,no_noise,1,20,1,0,0,0,medium::mp-1044853::reference,1.462764097377658
strict,medium,medium::mp-1044853::combined_noise_0.002A_0.003,mp-1044853,mp-1044853,TiO2,combined_noise_0.002A_0.003,combined_perturbation,noise,1,20,1,0,0,0,medium::mp-1044853::reference,0.7416444066911936
strict,medium,medium::mp-1044853::combined_noise_0.015A_0.003,mp-1044853,mp-1044853,TiO2,combined_noise_0.015A_0.003,combined_perturbation,noise,1,20,1,0,0,0,medium::mp-1044853::reference,0.7424133270978928
strict,medium,medium::mp-1044853::combined_noise_0.050A_0.003,mp-1044853,mp-1044853,TiO2,combined_noise_0.050A_0.003,combined_perturbation,noise,1,20,1,0,0,0,medium::mp-1044853::reference,0.7742133811116219
strict,medium,medium::mp-1044853::combined_noise_0.002A_0.010,mp-1044853,mp-1044853,TiO2,combined_noise_0.002A_0.010,combined_perturbation,noise,1,20,1,0,0,0,medium::mp-1044853::reference,0.7366557475179434
strict,medium,medium::mp-1044853::combined_noise_0.015A_0.010,mp-1044853,mp-1044853,TiO2,combined_noise_0.015A_0.010,combined_perturbation,noise,1,20,1,0,0,0,medium::mp-1044853::reference,0.7362758442759514
strict,medium,medium::mp-1044853::combined_noise_0.050A_0.010,mp-1044853,mp-1044853,TiO2,combined_noise_0.050A_0.010,combined_perturbation,noise,1,20,1,0,0,0,medium::mp-1044853::reference,0.7752634845674038
strict,medium,medium::mp-1044853::combined_noise_0.002A_0.030,mp-1044853,mp-1044853,TiO2,combined_noise_0.002A_0.030,combined_perturbation,noise,1,20,1,0,0,0,medium::mp-1044853::reference,0.7527645528316498
strict,medium,medium::mp-1044853::combined_noise_0.015A_0.030,mp-1044853,mp-1044853,TiO2,combined_noise_0.015A_0.030,combined_perturbation,noise,1,20,1,0,0,0,medium::mp-1044853::reference,0.7361817955970764
strict,medium,medium::mp-1044853::combined_noise_0.050A_0.030,mp-1044853,mp-1044853,TiO2,combined_noise_0.050A_0.030,combined_perturbation,noise,0,20,0,0,0,1,,0.7353956047445536
strict,medium,medium::mp-1079207::conventional_standard,mp-1079207,mp-1079207,TiO2,conventional_standard,equivalent_transform,no_noise,1,20,1,0,0,0,medium::mp-1079207::reference,0.33060597255825996
strict,medium,medium::mp-1079207::niggli_reduced,mp-1079207,mp-1079207,TiO2,niggli_reduced,equivalent_transform,no_noise,1,20,1,0,0,0,medium::mp-1079207::reference,0.4871446993201971
strict,medium,medium::mp-1079207::origin_shifted,mp-1079207,mp-1079207,TiO2,origin_shifted,equivalent_transform,no_noise,1,20,1,0,0,0,medium::mp-1079207::reference,0.4948374629020691
strict,medium,medium::mp-1079207::permuted_sites,mp-1079207,mp-1079207,TiO2,permuted_sites,equivalent_transform,no_noise,1,20,1,0,0,0,medium::mp-1079207::reference,0.7753306515514851
strict,medium,medium::mp-1079207::combined_noise_0.002A_0.003,mp-1079207,mp-1079207,TiO2,combined_noise_0.002A_0.003,combined_perturbation,noise,1,20,1,0,0,0,medium::mp-1079207::reference,0.48986415937542915
strict,medium,medium::mp-1079207::combined_noise_0.015A_0.003,mp-1079207,mp-1079207,TiO2,combined_noise_0.015A_0.003,combined_perturbation,noise,1,20,1,0,0,0,medium::mp-1079207::reference,0.48460396006703377
strict,medium,medium::mp-1079207::combined_noise_0.050A_0.003,mp-1079207,mp-1079207,TiO2,combined_noise_0.050A_0.003,combined_perturbation,noise,1,20,1,0,0,0,medium::mp-1079207::reference,0.48078695498406887
strict,medium,medium::mp-1079207::combined_noise_0.002A_0.010,mp-1079207,mp-1079207,TiO2,combined_noise_0.002A_0.010,combined_perturbation,noise,1,20,1,0,0,0,medium::mp-1079207::reference,0.4862775541841984
strict,medium,medium::mp-1079207::combined_noise_0.015A_0.010,mp-1079207,mp-1079207,TiO2,combined_noise_0.015A_0.010,combined_perturbation,noise,1,20,1,0,0,0,medium::mp-1079207::reference,0.4827588628977537
strict,medium,medium::mp-1079207::combined_noise_0.050A_0.010,mp-1079207,mp-1079207,TiO2,combined_noise_0.050A_0.010,combined_perturbation,noise,0,20,0,0,0,1,,0.4969826824963093
strict,medium,medium::mp-1079207::combined_noise_0.002A_0.030,mp-1079207,mp-1079207,TiO2,combined_noise_0.002A_0.030,combined_perturbation,noise,1,20,1,0,0,0,medium::mp-1079207::reference,0.5078392084687948
strict,medium,medium::mp-1079207::combined_noise_0.015A_0.030,mp-1079207,mp-1079207,TiO2,combined_noise_0.015A_0.030,combined_perturbation,noise,1,20,1,0,0,0,medium::mp-1079207::reference,0.48292919993400574
strict,medium,medium::mp-1079207::combined_noise_0.050A_0.030,mp-1079207,mp-1079207,TiO2,combined_noise_0.050A_0.030,combined_perturbation,noise,1,20,1,0,0,0,medium::mp-1079207::reference,0.483484148979187
strict,medium,medium::mp-1101022::conventional_standard,mp-1101022,mp-1101022,TiO2,conventional_standard,equivalent_transform,no_noise,1,20,1,0,0,0,medium::mp-1101022::reference,0.36484523862600327
strict,medium,medium::mp-1101022::niggli_reduced,mp-1101022,mp-1101022,TiO2,niggli_reduced,equivalent_transform,no_noise,1,20,1,0,0,0,medium::mp-1101022::reference,0.5008630007505417
strict,medium,medium::mp-1101022::origin_shifted,mp-1101022,mp-1101022,TiO2,origin_shifted,equivalent_transform,no_noise,1,20,1,0,0,0,medium::mp-1101022::reference,0.5091819893568754
strict,medium,medium::mp-1101022::permuted_sites,mp-1101022,mp-1101022,TiO2,permuted_sites,equivalent_transform,no_noise,1,20,1,0,0,0,medium::mp-1101022::reference,0.8292650114744902
strict,medium,medium::mp-1101022::combined_noise_0.002A_0.003,mp-1101022,mp-1101022,TiO2,combined_noise_0.002A_0.003,combined_perturbation,noise,1,20,1,0,0,0,medium::mp-1101022::reference,0.5030276998877525
strict,medium,medium::mp-1101022::combined_noise_0.015A_0.003,mp-1101022,mp-1101022,TiO2,combined_noise_0.015A_0.003,combined_perturbation,noise,1,20,1,0,0,0,medium::mp-1101022::reference,0.502155676484108
strict,medium,medium::mp-1101022::combined_noise_0.050A_0.003,mp-1101022,mp-1101022,TiO2,combined_noise_0.050A_0.003,combined_perturbation,noise,1,20,1,0,0,0,medium::mp-1101022::reference,0.5022846162319183
strict,medium,medium::mp-1101022::combined_noise_0.002A_0.010,mp-1101022,mp-1101022,TiO2,combined_noise_0.002A_0.010,combined_perturbation,noise,1,20,1,0,0,0,medium::mp-1101022::reference,0.5034824218600988
strict,medium,medium::mp-1101022::combined_noise_0.015A_0.010,mp-1101022,mp-1101022,TiO2,combined_noise_0.015A_0.010,combined_perturbation,noise,1,20,1,0,0,0,medium::mp-1101022::reference,0.505832877010107
strict,medium,medium::mp-1101022::combined_noise_0.050A_0.010,mp-1101022,mp-1101022,TiO2,combined_noise_0.050A_0.010,combined_perturbation,noise,1,20,1,0,0,0,medium::mp-1101022::reference,0.5055855363607407
strict,medium,medium::mp-1101022::combined_noise_0.002A_0.030,mp-1101022,mp-1101022,TiO2,combined_noise_0.002A_0.030,combined_perturbation,noise,1,20,1,0,0,0,medium::mp-1101022::reference,0.5322751197963953
strict,medium,medium::mp-1101022::combined_noise_0.015A_0.030,mp-1101022,mp-1101022,TiO2,combined_noise_0.015A_0.030,combined_perturbation,noise,0,20,0,0,0,1,,0.5064555034041405
strict,medium,medium::mp-1101022::combined_noise_0.050A_0.030,mp-1101022,mp-1101022,TiO2,combined_noise_0.050A_0.030,combined_perturbation,noise,1,20,1,0,0,0,medium::mp-1101022::reference,0.5069659017026424
strict,medium,medium::mp-1102255::conventional_standard,mp-1102255,mp-1102255,TiO2,conventional_standard,equivalent_transform,no_noise,1,20,1,0,0,0,medium::mp-1102255::reference,0.32875390350818634
strict,medium,medium::mp-1102255::niggli_reduced,mp-1102255,mp-1102255,TiO2,niggli_reduced,equivalent_transform,no_noise,1,20,1,0,0,0,medium::mp-1102255::reference,0.5059849098324776
strict,medium,medium::mp-1102255::origin_shifted,mp-1102255,mp-1102255,TiO2,origin_shifted,equivalent_transform,no_noise,1,20,1,0,0,0,medium::mp-1102255::reference,0.5145052392035723
strict,medium,medium::mp-1102255::permuted_sites,mp-1102255,mp-1102255,TiO2,permuted_sites,equivalent_transform,no_noise,1,20,1,0,0,0,medium::mp-1102255::reference,0.8380011040717363
strict,medium,medium::mp-1102255::combined_noise_0.002A_0.003,mp-1102255,mp-1102255,TiO2,combined_noise_0.002A_0.003,combined_perturbation,noise,1,20,1,0,0,0,medium::mp-1102255::reference,0.5046467464417219
strict,medium,medium::mp-1102255::combined_noise_0.015A_0.003,mp-1102255,mp-1102255,TiO2,combined_noise_0.015A_0.003,combined_perturbation,noise,1,20,1,0,0,0,medium::mp-1102255::reference,0.5066997930407524
strict,medium,medium::mp-1102255::combined_noise_0.050A_0.003,mp-1102255,mp-1102255,TiO2,combined_noise_0.050A_0.003,combined_perturbation,noise,1,20,1,0,0,0,medium::mp-1102255::reference,0.5077116657048464
strict,medium,medium::mp-1102255::combined_noise_0.002A_0.010,mp-1102255,mp-1102255,TiO2,combined_noise_0.002A_0.010,combined_perturbation,noise,1,20,1,0,0,0,medium::mp-1102255::reference,0.5094182323664427
strict,medium,medium::mp-1102255::combined_noise_0.015A_0.010,mp-1102255,mp-1102255,TiO2,combined_noise_0.015A_0.010,combined_perturbation,noise,1,20,1,0,0,0,medium::mp-1102255::reference,0.5057656485587358
strict,medium,medium::mp-1102255::combined_noise_0.050A_0.010,mp-1102255,mp-1102255,TiO2,combined_noise_0.050A_0.010,combined_perturbation,noise,1,20,1,0,0,0,medium::mp-1102255::reference,0.5070373732596636
strict,medium,medium::mp-1102255::combined_noise_0.002A_0.030,mp-1102255,mp-1102255,TiO2,combined_noise_0.002A_0.030,combined_perturbation,noise,1,20,1,0,0,0,medium::mp-1102255::reference,0.520963292568922
strict,medium,medium::mp-1102255::combined_noise_0.015A_0.030,mp-1102255,mp-1102255,TiO2,combined_noise_0.015A_0.030,combined_perturbation,noise,1,20,1,0,0,0,medium::mp-1102255::reference,0.5064196214079857
strict,medium,medium::mp-1102255::combined_noise_0.050A_0.030,mp-1102255,mp-1102255,TiO2,combined_noise_0.050A_0.030,combined_perturbation,noise,1,20,1,0,0,0,medium::mp-1102255::reference,0.5074853375554085
strict,medium,medium::mp-1102591::conventional_standard,mp-1102591,mp-1102591,TiO2,conventional_standard,equivalent_transform,no_noise,1,20,1,0,0,0,medium::mp-1102591::reference,0.3561640791594982
strict,medium,medium::mp-1102591::niggli_reduced,mp-1102591,mp-1102591,TiO2,niggli_reduced,equivalent_transform,no_noise,1,20,1,0,0,0,medium::mp-1102591::reference,0.535360673442483
strict,medium,medium::mp-1102591::origin_shifted,mp-1102591,mp-1102591,TiO2,origin_shifted,equivalent_transform,no_noise,1,20,1,0,0,0,medium::mp-1102591::reference,0.5460092276334763
strict,medium,medium::mp-1102591::permuted_sites,mp-1102591,mp-1102591,TiO2,permuted_sites,equivalent_transform,no_noise,1,20,1,0,0,0,medium::mp-1102591::reference,0.8627186603844166
strict,medium,medium::mp-1102591::combined_noise_0.002A_0.003,mp-1102591,mp-1102591,TiO2,combined_noise_0.002A_0.003,combined_perturbation,noise,1,20,1,0,0,0,medium::mp-1102591::reference,0.534809160977602
strict,medium,medium::mp-1102591::combined_noise_0.015A_0.003,mp-1102591,mp-1102591,TiO2,combined_noise_0.015A_0.003,combined_perturbation,noise,1,20,1,0,0,0,medium::mp-1102591::reference,0.5377266015857458
strict,medium,medium::mp-1102591::combined_noise_0.050A_0.003,mp-1102591,mp-1102591,TiO2,combined_noise_0.050A_0.003,combined_perturbation,noise,1,20,1,0,0,0,medium::mp-1102591::reference,0.536102894693613
strict,medium,medium::mp-1102591::combined_noise_0.002A_0.010,mp-1102591,mp-1102591,TiO2,combined_noise_0.002A_0.010,combined_perturbation,noise,1,20,1,0,0,0,medium::mp-1102591::reference,0.5370387677103281
strict,medium,medium::mp-1102591::combined_noise_0.015A_0.010,mp-1102591,mp-1102591,TiO2,combined_noise_0.015A_0.010,combined_perturbation,noise,1,20,1,0,0,0,medium::mp-1102591::reference,0.5353767443448305
strict,medium,medium::mp-1102591::combined_noise_0.050A_0.010,mp-1102591,mp-1102591,TiO2,combined_noise_0.050A_0.010,combined_perturbation,noise,1,20,1,0,0,0,medium::mp-1102591::reference,0.5354799441993237
strict,medium,medium::mp-1102591::combined_noise_0.002A_0.030,mp-1102591,mp-1102591,TiO2,combined_noise_0.002A_0.030,combined_perturbation,noise,1,20,1,0,0,0,medium::mp-1102591::reference,0.5556245446205139
strict,medium,medium::mp-1102591::combined_noise_0.015A_0.030,mp-1102591,mp-1102591,TiO2,combined_noise_0.015A_0.030,combined_perturbation,noise,1,20,1,0,0,0,medium::mp-1102591::reference,0.5342890080064535
strict,medium,medium::mp-1102591::combined_noise_0.050A_0.030,mp-1102591,mp-1102591,TiO2,combined_noise_0.050A_0.030,combined_perturbation,noise,1,20,1,0,0,0,medium::mp-1102591::reference,0.5330887921154499
strict,medium,medium::mp-1190753::conventional_standard,mp-1190753,mp-1190753,TiO2,conventional_standard,equivalent_transform,no_noise,1,20,1,0,0,0,medium::mp-1190753::reference,0.38937100395560265
strict,medium,medium::mp-1190753::niggli_reduced,mp-1190753,mp-1190753,TiO2,niggli_reduced,equivalent_transform,no_noise,1,20,1,0,0,0,medium::mp-1190753::reference,0.5319141391664743
strict,medium,medium::mp-1190753::origin_shifted,mp-1190753,mp-1190753,TiO2,origin_shifted,equivalent_transform,no_noise,1,20,1,0,0,0,medium::mp-1190753::reference,0.5409934315830469
strict,medium,medium::mp-1190753::permuted_sites,mp-1190753,mp-1190753,TiO2,permuted_sites,equivalent_transform,no_noise,1,20,1,0,0,0,medium::mp-1190753::reference,0.8595375008881092
strict,medium,medium::mp-1190753::combined_noise_0.002A_0.003,mp-1190753,mp-1190753,TiO2,combined_noise_0.002A_0.003,combined_perturbation,noise,1,20,1,0,0,0,medium::mp-1190753::reference,0.5354527719318867
strict,medium,medium::mp-1190753::combined_noise_0.015A_0.003,mp-1190753,mp-1190753,TiO2,combined_noise_0.015A_0.003,combined_perturbation,noise,1,20,1,0,0,0,medium::mp-1190753::reference,0.5345417596399784
strict,medium,medium::mp-1190753::combined_noise_0.050A_0.003,mp-1190753,mp-1190753,TiO2,combined_noise_0.050A_0.003,combined_perturbation,noise,1,20,1,0,0,0,medium::mp-1190753::reference,0.5345227271318436
strict,medium,medium::mp-1190753::combined_noise_0.002A_0.010,mp-1190753,mp-1190753,TiO2,combined_noise_0.002A_0.010,combined_perturbation,noise,1,20,1,0,0,0,medium::mp-1190753::reference,0.5321480706334114
strict,medium,medium::mp-1190753::combined_noise_0.015A_0.010,mp-1190753,mp-1190753,TiO2,combined_noise_0.015A_0.010,combined_perturbation,noise,1,20,1,0,0,0,medium::mp-1190753::reference,0.5357333030551672
strict,medium,medium::mp-1190753::combined_noise_0.050A_0.010,mp-1190753,mp-1190753,TiO2,combined_noise_0.050A_0.010,combined_perturbation,noise,1,20,1,0,0,0,medium::mp-1190753::reference,0.5342349577695131
strict,medium,medium::mp-1190753::combined_noise_0.002A_0.030,mp-1190753,mp-1190753,TiO2,combined_noise_0.002A_0.030,combined_perturbation,noise,1,20,1,0,0,0,medium::mp-1190753::reference,0.5552577208727598
strict,medium,medium::mp-1190753::combined_noise_0.015A_0.030,mp-1190753,mp-1190753,TiO2,combined_noise_0.015A_0.030,combined_perturbation,noise,1,20,1,0,0,0,medium::mp-1190753::reference,0.5361366234719753
strict,medium,medium::mp-1190753::combined_noise_0.050A_0.030,mp-1190753,mp-1190753,TiO2,combined_noise_0.050A_0.030,combined_perturbation,noise,1,20,1,0,0,0,medium::mp-1190753::reference,0.5352069120854139
strict,medium,medium::mp-1201727::conventional_standard,mp-1201727,mp-1201727,TiO2,conventional_standard,equivalent_transform,no_noise,1,20,1,0,0,0,medium::mp-1201727::reference,0.6358648985624313
strict,medium,medium::mp-1201727::niggli_reduced,mp-1201727,mp-1201727,TiO2,niggli_reduced,equivalent_transform,no_noise,1,20,1,0,0,0,medium::mp-1201727::reference,0.6328060105443001
strict,medium,medium::mp-1201727::origin_shifted,mp-1201727,mp-1201727,TiO2,origin_shifted,equivalent_transform,no_noise,1,20,1,0,0,0,medium::mp-1201727::reference,0.5279690064489841
strict,medium,medium::mp-1201727::permuted_sites,mp-1201727,mp-1201727,TiO2,permuted_sites,equivalent_transform,no_noise,1,20,1,0,0,0,medium::mp-1201727::reference,0.848422609269619
strict,medium,medium::mp-1201727::combined_noise_0.002A_0.003,mp-1201727,mp-1201727,TiO2,combined_noise_0.002A_0.003,combined_perturbation,noise,1,20,1,0,0,0,medium::mp-1201727::reference,0.520839711651206
strict,medium,medium::mp-1201727::combined_noise_0.015A_0.003,mp-1201727,mp-1201727,TiO2,combined_noise_0.015A_0.003,combined_perturbation,noise,1,20,1,0,0,0,medium::mp-1201727::reference,0.5209349486976862
strict,medium,medium::mp-1201727::combined_noise_0.050A_0.003,mp-1201727,mp-1201727,TiO2,combined_noise_0.050A_0.003,combined_perturbation,noise,1,20,1,0,0,0,medium::mp-1201727::reference,0.5211584120988846
strict,medium,medium::mp-1201727::combined_noise_0.002A_0.010,mp-1201727,mp-1201727,TiO2,combined_noise_0.002A_0.010,combined_perturbation,noise,1,20,1,0,0,0,medium::mp-1201727::reference,0.5223022568970919
strict,medium,medium::mp-1201727::combined_noise_0.015A_0.010,mp-1201727,mp-1201727,TiO2,combined_noise_0.015A_0.010,combined_perturbation,noise,1,20,1,0,0,0,medium::mp-1201727::reference,0.5214331746101379
strict,medium,medium::mp-1201727::combined_noise_0.050A_0.010,mp-1201727,mp-1201727,TiO2,combined_noise_0.050A_0.010,combined_perturbation,noise,1,20,1,0,0,0,medium::mp-1201727::reference,0.5211073029786348
strict,medium,medium::mp-1201727::combined_noise_0.002A_0.030,mp-1201727,mp-1201727,TiO2,combined_noise_0.002A_0.030,combined_perturbation,noise,1,20,1,0,0,0,medium::mp-1201727::reference,0.5212780814617872
strict,medium,medium::mp-1201727::combined_noise_0.015A_0.030,mp-1201727,mp-1201727,TiO2,combined_noise_0.015A_0.030,combined_perturbation,noise,1,20,1,0,0,0,medium::mp-1201727::reference,0.5222797151654959
strict,medium,medium::mp-1201727::combined_noise_0.050A_0.030,mp-1201727,mp-1201727,TiO2,combined_noise_0.050A_0.030,combined_perturbation,noise,1,20,1,0,0,0,medium::mp-1201727::reference,0.7554676476866007
strict,medium,medium::mp-1245098::conventional_standard,mp-1245098,mp-1245098,TiO2,conventional_standard,equivalent_transform,no_noise,1,20,1,0,0,0,medium::mp-1245098::reference,1.3814364951103926
strict,medium,medium::mp-1245098::niggli_reduced,mp-1245098,mp-1245098,TiO2,niggli_reduced,equivalent_transform,no_noise,1,20,1,0,0,0,medium::mp-1245098::reference,0.9382158610969782
strict,medium,medium::mp-1245098::origin_shifted,mp-1245098,mp-1245098,TiO2,origin_shifted,equivalent_transform,no_noise,1,20,1,0,0,0,medium::mp-1245098::reference,0.9630671087652445
strict,medium,medium::mp-1245098::permuted_sites,mp-1245098,mp-1245098,TiO2,permuted_sites,equivalent_transform,no_noise,1,20,1,0,0,0,medium::mp-1245098::reference,2.0519114937633276
strict,medium,medium::mp-1245098::combined_noise_0.002A_0.003,mp-1245098,mp-1245098,TiO2,combined_noise_0.002A_0.003,combined_perturbation,noise,1,20,1,0,0,0,medium::mp-1245098::reference,0.9454106371849775
strict,medium,medium::mp-1245098::combined_noise_0.015A_0.003,mp-1245098,mp-1245098,TiO2,combined_noise_0.015A_0.003,combined_perturbation,noise,1,20,1,0,0,0,medium::mp-1245098::reference,0.9406919218599796
strict,medium,medium::mp-1245098::combined_noise_0.050A_0.003,mp-1245098,mp-1245098,TiO2,combined_noise_0.050A_0.003,combined_perturbation,noise,1,20,1,0,0,0,medium::mp-1245098::reference,0.9457107689231634
strict,medium,medium::mp-1245098::combined_noise_0.002A_0.010,mp-1245098,mp-1245098,TiO2,combined_noise_0.002A_0.010,combined_perturbation,noise,1,20,1,0,0,0,medium::mp-1245098::reference,0.9385124649852514
strict,medium,medium::mp-1245098::combined_noise_0.015A_0.010,mp-1245098,mp-1245098,TiO2,combined_noise_0.015A_0.010,combined_perturbation,noise,1,20,1,0,0,0,medium::mp-1245098::reference,0.943497572094202
strict,medium,medium::mp-1245098::combined_noise_0.050A_0.010,mp-1245098,mp-1245098,TiO2,combined_noise_0.050A_0.010,combined_perturbation,noise,1,20,1,0,0,0,medium::mp-1245098::reference,0.9376066401600838
strict,medium,medium::mp-1245098::combined_noise_0.002A_0.030,mp-1245098,mp-1245098,TiO2,combined_noise_0.002A_0.030,combined_perturbation,noise,1,20,1,0,0,0,medium::mp-1245098::reference,0.9440588038414717
strict,medium,medium::mp-1245098::combined_noise_0.015A_0.030,mp-1245098,mp-1245098,TiO2,combined_noise_0.015A_0.030,combined_perturbation,noise,1,20,1,0,0,0,medium::mp-1245098::reference,0.936510544270277
strict,medium,medium::mp-1245098::combined_noise_0.050A_0.030,mp-1245098,mp-1245098,TiO2,combined_noise_0.050A_0.030,combined_perturbation,noise,1,20,1,0,0,0,medium::mp-1245098::reference,0.9474597759544849
strict,medium,medium::mp-1245134::conventional_standard,mp-1245134,mp-1245134,TiO2,conventional_standard,equivalent_transform,no_noise,1,20,1,0,0,0,medium::mp-1245134::reference,1.3774731997400522
strict,medium,medium::mp-1245134::niggli_reduced,mp-1245134,mp-1245134,TiO2,niggli_reduced,equivalent_transform,no_noise,1,20,1,0,0,0,medium::mp-1245134::reference,1.3815258033573627
strict,medium,medium::mp-1245134::origin_shifted,mp-1245134,mp-1245134,TiO2,origin_shifted,equivalent_transform,no_noise,1,20,1,0,0,0,medium::mp-1245134::reference,0.9900574516505003
strict,medium,medium::mp-1245134::permuted_sites,mp-1245134,mp-1245134,TiO2,permuted_sites,equivalent_transform,no_noise,1,20,1,0,0,0,medium::mp-1245134::reference,1.1310851834714413
strict,medium,medium::mp-1245134::combined_noise_0.002A_0.003,mp-1245134,mp-1245134,TiO2,combined_noise_0.002A_0.003,combined_perturbation,noise,1,20,1,0,0,0,medium::mp-1245134::reference,0.99921022541821
strict,medium,medium::mp-1245134::combined_noise_0.015A_0.003,mp-1245134,mp-1245134,TiO2,combined_noise_0.015A_0.003,combined_perturbation,noise,1,20,1,0,0,0,medium::mp-1245134::reference,0.9995186869055033
strict,medium,medium::mp-1245134::combined_noise_0.050A_0.003,mp-1245134,mp-1245134,TiO2,combined_noise_0.050A_0.003,combined_perturbation,noise,1,20,1,0,0,0,medium::mp-1245134::reference,0.991670735180378
strict,medium,medium::mp-1245134::combined_noise_0.002A_0.010,mp-1245134,mp-1245134,TiO2,combined_noise_0.002A_0.010,combined_perturbation,noise,1,20,1,0,0,0,medium::mp-1245134::reference,1.185299564152956
strict,medium,medium::mp-1245134::combined_noise_0.015A_0.010,mp-1245134,mp-1245134,TiO2,combined_noise_0.015A_0.010,combined_perturbation,noise,1,20,1,0,0,0,medium::mp-1245134::reference,0.9979869313538074
strict,medium,medium::mp-1245134::combined_noise_0.050A_0.010,mp-1245134,mp-1245134,TiO2,combined_noise_0.050A_0.010,combined_perturbation,noise,1,20,1,0,0,0,medium::mp-1245134::reference,0.9993495345115662
strict,medium,medium::mp-1245134::combined_noise_0.002A_0.030,mp-1245134,mp-1245134,TiO2,combined_noise_0.002A_0.030,combined_perturbation,noise,1,20,1,0,0,0,medium::mp-1245134::reference,0.9939693342894316
strict,medium,medium::mp-1245134::combined_noise_0.015A_0.030,mp-1245134,mp-1245134,TiO2,combined_noise_0.015A_0.030,combined_perturbation,noise,1,20,1,0,0,0,medium::mp-1245134::reference,0.9943642765283585
strict,medium,medium::mp-1245134::combined_noise_0.050A_0.030,mp-1245134,mp-1245134,TiO2,combined_noise_0.050A_0.030,combined_perturbation,noise,1,20,1,0,0,0,medium::mp-1245134::reference,0.999438114464283
strict,medium,medium::mp-1245308::conventional_standard,mp-1245308,mp-1245308,TiO2,conventional_standard,equivalent_transform,no_noise,1,20,1,0,0,0,medium::mp-1245308::reference,1.4313457440584898
strict,medium,medium::mp-1245308::niggli_reduced,mp-1245308,mp-1245308,TiO2,niggli_reduced,equivalent_transform,no_noise,1,20,1,0,0,0,medium::mp-1245308::reference,1.4316376633942127
strict,medium,medium::mp-1245308::origin_shifted,mp-1245308,mp-1245308,TiO2,origin_shifted,equivalent_transform,no_noise,1,20,1,0,0,0,medium::mp-1245308::reference,1.0135700292885303
strict,medium,medium::mp-1245308::permuted_sites,mp-1245308,mp-1245308,TiO2,permuted_sites,equivalent_transform,no_noise,1,20,1,0,0,0,medium::mp-1245308::reference,2.1172339636832476
strict,medium,medium::mp-1245308::combined_noise_0.002A_0.003,mp-1245308,mp-1245308,TiO2,combined_noise_0.002A_0.003,combined_perturbation,noise,1,20,1,0,0,0,medium::mp-1245308::reference,1.0164913926273584
strict,medium,medium::mp-1245308::combined_noise_0.015A_0.003,mp-1245308,mp-1245308,TiO2,combined_noise_0.015A_0.003,combined_perturbation,noise,1,20,1,0,0,0,medium::mp-1245308::reference,1.0032262150198221
strict,medium,medium::mp-1245308::combined_noise_0.050A_0.003,mp-1245308,mp-1245308,TiO2,combined_noise_0.050A_0.003,combined_perturbation,noise,1,20,1,0,0,0,medium::mp-1245308::reference,1.000323785468936
strict,medium,medium::mp-1245308::combined_noise_0.002A_0.010,mp-1245308,mp-1245308,TiO2,combined_noise_0.002A_0.010,combined_perturbation,noise,1,20,1,0,0,0,medium::mp-1245308::reference,1.0012905094772577
strict,medium,medium::mp-1245308::combined_noise_0.015A_0.010,mp-1245308,mp-1245308,TiO2,combined_noise_0.015A_0.010,combined_perturbation,noise,1,20,1,0,0,0,medium::mp-1245308::reference,0.9999766442924738
strict,medium,medium::mp-1245308::combined_noise_0.050A_0.010,mp-1245308,mp-1245308,TiO2,combined_noise_0.050A_0.010,combined_perturbation,noise,1,20,1,0,0,0,medium::mp-1245308::reference,1.0005241464823484
strict,medium,medium::mp-1245308::combined_noise_0.002A_0.030,mp-1245308,mp-1245308,TiO2,combined_noise_0.002A_0.030,combined_perturbation,noise,1,20,1,0,0,0,medium::mp-1245308::reference,1.001589609310031
strict,medium,medium::mp-1245308::combined_noise_0.015A_0.030,mp-1245308,mp-1245308,TiO2,combined_noise_0.015A_0.030,combined_perturbation,noise,1,20,1,0,0,0,medium::mp-1245308::reference,1.003926519304514
strict,medium,medium::mp-1245308::combined_noise_0.050A_0.030,mp-1245308,mp-1245308,TiO2,combined_noise_0.050A_0.030,combined_perturbation,noise,1,20,1,0,0,0,medium::mp-1245308::reference,1.0052023325115442
strict,medium,medium::mp-1245321::conventional_standard,mp-1245321,mp-1245321,TiO2,conventional_standard,equivalent_transform,no_noise,1,20,1,0,0,0,medium::mp-1245321::reference,1.4447279162704945
strict,medium,medium::mp-1245321::niggli_reduced,mp-1245321,mp-1245321,TiO2,niggli_reduced,equivalent_transform,no_noise,1,20,1,0,0,0,medium::mp-1245321::reference,1.011668972671032
strict,medium,medium::mp-1245321::origin_shifted,mp-1245321,mp-1245321,TiO2,origin_shifted,equivalent_transform,no_noise,1,20,1,0,0,0,medium::mp-1245321::reference,1.027390157803893
strict,medium,medium::mp-1245321::permuted_sites,mp-1245321,mp-1245321,TiO2,permuted_sites,equivalent_transform,no_noise,1,20,1,0,0,0,medium::mp-1245321::reference,2.156248603016138
strict,medium,medium::mp-1245321::combined_noise_0.002A_0.003,mp-1245321,mp-1245321,TiO2,combined_noise_0.002A_0.003,combined_perturbation,noise,1,20,1,0,0,0,medium::mp-1245321::reference,1.0218870807439089
strict,medium,medium::mp-1245321::combined_noise_0.015A_0.003,mp-1245321,mp-1245321,TiO2,combined_noise_0.015A_0.003,combined_perturbation,noise,1,20,1,0,0,0,medium::mp-1245321::reference,1.0264451429247856
strict,medium,medium::mp-1245321::combined_noise_0.050A_0.003,mp-1245321,mp-1245321,TiO2,combined_noise_0.050A_0.003,combined_perturbation,noise,1,20,1,0,0,0,medium::mp-1245321::reference,1.0101698394864798
strict,medium,medium::mp-1245321::combined_noise_0.002A_0.010,mp-1245321,mp-1245321,TiO2,combined_noise_0.002A_0.010,combined_perturbation,noise,1,20,1,0,0,0,medium::mp-1245321::reference,1.0212703496217728
strict,medium,medium::mp-1245321::combined_noise_0.015A_0.010,mp-1245321,mp-1245321,TiO2,combined_noise_0.015A_0.010,combined_perturbation,noise,1,20,1,0,0,0,medium::mp-1245321::reference,1.21541883982718
strict,medium,medium::mp-1245321::combined_noise_0.050A_0.010,mp-1245321,mp-1245321,TiO2,combined_noise_0.050A_0.010,combined_perturbation,noise,1,20,1,0,0,0,medium::mp-1245321::reference,1.0180967282503843
strict,medium,medium::mp-1245321::combined_noise_0.002A_0.030,mp-1245321,mp-1245321,TiO2,combined_noise_0.002A_0.030,combined_perturbation,noise,1,20,1,0,0,0,medium::mp-1245321::reference,0.9659516401588917
strict,medium,medium::mp-1245321::combined_noise_0.015A_0.030,mp-1245321,mp-1245321,TiO2,combined_noise_0.015A_0.030,combined_perturbation,noise,1,20,1,0,0,0,medium::mp-1245321::reference,0.9690732024610043
strict,medium,medium::mp-1245321::combined_noise_0.050A_0.030,mp-1245321,mp-1245321,TiO2,combined_noise_0.050A_0.030,combined_perturbation,noise,1,20,1,0,0,0,medium::mp-1245321::reference,0.9781779516488314
strict,medium,medium::mp-1341203::conventional_standard,mp-1341203,mp-1341203,TiO2,conventional_standard,equivalent_transform,no_noise,1,20,1,0,0,0,medium::mp-1341203::reference,0.39594588801264763
strict,medium,medium::mp-1341203::niggli_reduced,mp-1341203,mp-1341203,TiO2,niggli_reduced,equivalent_transform,no_noise,1,20,1,0,0,0,medium::mp-1341203::reference,0.5446896757930517
strict,medium,medium::mp-1341203::origin_shifted,mp-1341203,mp-1341203,TiO2,origin_shifted,equivalent_transform,no_noise,1,20,1,0,0,0,medium::mp-1341203::reference,0.5565561149269342
strict,medium,medium::mp-1341203::permuted_sites,mp-1341203,mp-1341203,TiO2,permuted_sites,equivalent_transform,no_noise,1,20,1,0,0,0,medium::mp-1341203::reference,0.8796575628221035
strict,medium,medium::mp-1341203::combined_noise_0.002A_0.003,mp-1341203,mp-1341203,TiO2,combined_noise_0.002A_0.003,combined_perturbation,noise,1,20,1,0,0,0,medium::mp-1341203::reference,0.6016796864569187
strict,medium,medium::mp-1341203::combined_noise_0.015A_0.003,mp-1341203,mp-1341203,TiO2,combined_noise_0.015A_0.003,combined_perturbation,noise,1,20,1,0,0,0,medium::mp-1341203::reference,0.5464666355401278
strict,medium,medium::mp-1341203::combined_noise_0.050A_0.003,mp-1341203,mp-1341203,TiO2,combined_noise_0.050A_0.003,combined_perturbation,noise,1,20,1,0,0,0,medium::mp-1341203::reference,0.544124586507678
strict,medium,medium::mp-1341203::combined_noise_0.002A_0.010,mp-1341203,mp-1341203,TiO2,combined_noise_0.002A_0.010,combined_perturbation,noise,1,20,1,0,0,0,medium::mp-1341203::reference,0.5255882423371077
strict,medium,medium::mp-1341203::combined_noise_0.015A_0.010,mp-1341203,mp-1341203,TiO2,combined_noise_0.015A_0.010,combined_perturbation,noise,1,20,1,0,0,0,medium::mp-1341203::reference,0.546416413038969
strict,medium,medium::mp-1341203::combined_noise_0.050A_0.010,mp-1341203,mp-1341203,TiO2,combined_noise_0.050A_0.010,combined_perturbation,noise,1,20,1,0,0,0,medium::mp-1341203::reference,0.5459840204566717
strict,medium,medium::mp-1341203::combined_noise_0.002A_0.030,mp-1341203,mp-1341203,TiO2,combined_noise_0.002A_0.030,combined_perturbation,noise,1,20,1,0,0,0,medium::mp-1341203::reference,0.5451373904943466
strict,medium,medium::mp-1341203::combined_noise_0.015A_0.030,mp-1341203,mp-1341203,TiO2,combined_noise_0.015A_0.030,combined_perturbation,noise,1,20,1,0,0,0,medium::mp-1341203::reference,0.5450773313641548
strict,medium,medium::mp-1341203::combined_noise_0.050A_0.030,mp-1341203,mp-1341203,TiO2,combined_noise_0.050A_0.030,combined_perturbation,noise,1,20,1,0,0,0,medium::mp-1341203::reference,0.5252089910209179
strict,medium,medium::mp-1350429::conventional_standard,mp-1350429,mp-1350429,TiO2,conventional_standard,equivalent_transform,no_noise,1,20,1,0,0,0,medium::mp-1350429::reference,1.0060695055872202
strict,medium,medium::mp-1350429::niggli_reduced,mp-1350429,mp-1350429,TiO2,niggli_reduced,equivalent_transform,no_noise,1,20,1,0,0,0,medium::mp-1350429::reference,0.5639401730149984
strict,medium,medium::mp-1350429::origin_shifted,mp-1350429,mp-1350429,TiO2,origin_shifted,equivalent_transform,no_noise,1,20,1,0,0,0,medium::mp-1350429::reference,0.5442373957484961
strict,medium,medium::mp-1350429::permuted_sites,mp-1350429,mp-1350429,TiO2,permuted_sites,equivalent_transform,no_noise,1,20,1,0,0,0,medium::mp-1350429::reference,0.8621009737253189
strict,medium,medium::mp-1350429::combined_noise_0.002A_0.003,mp-1350429,mp-1350429,TiO2,combined_noise_0.002A_0.003,combined_perturbation,noise,1,20,1,0,0,0,medium::mp-1350429::reference,0.563506780192256
strict,medium,medium::mp-1350429::combined_noise_0.015A_0.003,mp-1350429,mp-1350429,TiO2,combined_noise_0.015A_0.003,combined_perturbation,noise,1,20,1,0,0,0,medium::mp-1350429::reference,0.5355585981160402
strict,medium,medium::mp-1350429::combined_noise_0.050A_0.003,mp-1350429,mp-1350429,TiO2,combined_noise_0.050A_0.003,combined_perturbation,noise,1,20,1,0,0,0,medium::mp-1350429::reference,0.5313621032983065
strict,medium,medium::mp-1350429::combined_noise_0.002A_0.010,mp-1350429,mp-1350429,TiO2,combined_noise_0.002A_0.010,combined_perturbation,noise,1,20,1,0,0,0,medium::mp-1350429::reference,0.5318797752261162
strict,medium,medium::mp-1350429::combined_noise_0.015A_0.010,mp-1350429,mp-1350429,TiO2,combined_noise_0.015A_0.010,combined_perturbation,noise,1,20,1,0,0,0,medium::mp-1350429::reference,0.5403208639472723
strict,medium,medium::mp-1350429::combined_noise_0.050A_0.010,mp-1350429,mp-1350429,TiO2,combined_noise_0.050A_0.010,combined_perturbation,noise,1,20,1,0,0,0,medium::mp-1350429::reference,0.5415177065879107
strict,medium,medium::mp-1350429::combined_noise_0.002A_0.030,mp-1350429,mp-1350429,TiO2,combined_noise_0.002A_0.030,combined_perturbation,noise,1,20,1,0,0,0,medium::mp-1350429::reference,0.5396684799343348
strict,medium,medium::mp-1350429::combined_noise_0.015A_0.030,mp-1350429,mp-1350429,TiO2,combined_noise_0.015A_0.030,combined_perturbation,noise,1,20,1,0,0,0,medium::mp-1350429::reference,0.5325905494391918
strict,medium,medium::mp-1350429::combined_noise_0.050A_0.030,mp-1350429,mp-1350429,TiO2,combined_noise_0.050A_0.030,combined_perturbation,noise,0,20,0,0,0,1,,0.5388753302395344
strict,medium,medium::mp-1380335::conventional_standard,mp-1380335,mp-1380335,TiO2,conventional_standard,equivalent_transform,no_noise,1,20,1,0,0,0,medium::mp-1380335::reference,0.45577505975961685
strict,medium,medium::mp-1380335::niggli_reduced,mp-1380335,mp-1380335,TiO2,niggli_reduced,equivalent_transform,no_noise,1,20,1,0,0,0,medium::mp-1380335::reference,0.747039308771491
strict,medium,medium::mp-1380335::origin_shifted,mp-1380335,mp-1380335,TiO2,origin_shifted,equivalent_transform,no_noise,1,20,1,0,0,0,medium::mp-1380335::reference,0.7791798952966928
strict,medium,medium::mp-1380335::permuted_sites,mp-1380335,mp-1380335,TiO2,permuted_sites,equivalent_transform,no_noise,1,20,1,0,0,0,medium::mp-1380335::reference,1.4676199555397034
strict,medium,medium::mp-1380335::combined_noise_0.002A_0.003,mp-1380335,mp-1380335,TiO2,combined_noise_0.002A_0.003,combined_perturbation,noise,1,20,1,0,0,0,medium::mp-1380335::reference,0.7458310145884752
strict,medium,medium::mp-1380335::combined_noise_0.015A_0.003,mp-1380335,mp-1380335,TiO2,combined_noise_0.015A_0.003,combined_perturbation,noise,1,20,1,0,0,0,medium::mp-1380335::reference,0.7453706916421652
strict,medium,medium::mp-1380335::combined_noise_0.050A_0.003,mp-1380335,mp-1380335,TiO2,combined_noise_0.050A_0.003,combined_perturbation,noise,1,20,1,0,0,0,medium::mp-1380335::reference,0.7880199123173952
strict,medium,medium::mp-1380335::combined_noise_0.002A_0.010,mp-1380335,mp-1380335,TiO2,combined_noise_0.002A_0.010,combined_perturbation,noise,1,20,1,0,0,0,medium::mp-1380335::reference,0.7385657746344805
strict,medium,medium::mp-1380335::combined_noise_0.015A_0.010,mp-1380335,mp-1380335,TiO2,combined_noise_0.015A_0.010,combined_perturbation,noise,1,20,1,0,0,0,medium::mp-1380335::reference,0.7462792843580246
strict,medium,medium::mp-1380335::combined_noise_0.050A_0.010,mp-1380335,mp-1380335,TiO2,combined_noise_0.050A_0.010,combined_perturbation,noise,1,20,1,0,0,0,medium::mp-1380335::reference,0.7887941170483828
strict,medium,medium::mp-1380335::combined_noise_0.002A_0.030,mp-1380335,mp-1380335,TiO2,combined_noise_0.002A_0.030,combined_perturbation,noise,1,20,1,0,0,0,medium::mp-1380335::reference,0.7414862383157015
strict,medium,medium::mp-1380335::combined_noise_0.015A_0.030,mp-1380335,mp-1380335,TiO2,combined_noise_0.015A_0.030,combined_perturbation,noise,1,20,1,0,0,0,medium::mp-1380335::reference,0.7310486733913422
strict,medium,medium::mp-1380335::combined_noise_0.050A_0.030,mp-1380335,mp-1380335,TiO2,combined_noise_0.050A_0.030,combined_perturbation,noise,1,20,1,0,0,0,medium::mp-1380335::reference,0.7847375217825174
strict,medium,medium::mp-1386640::conventional_standard,mp-1386640,mp-1386640,TiO2,conventional_standard,equivalent_transform,no_noise,1,20,1,0,0,0,medium::mp-1386640::reference,0.3732861839234829
strict,medium,medium::mp-1386640::niggli_reduced,mp-1386640,mp-1386640,TiO2,niggli_reduced,equivalent_transform,no_noise,1,20,1,0,0,0,medium::mp-1386640::reference,0.5282226148992777
strict,medium,medium::mp-1386640::origin_shifted,mp-1386640,mp-1386640,TiO2,origin_shifted,equivalent_transform,no_noise,1,20,1,0,0,0,medium::mp-1386640::reference,0.552649823948741
strict,medium,medium::mp-1386640::permuted_sites,mp-1386640,mp-1386640,TiO2,permuted_sites,equivalent_transform,no_noise,1,20,1,0,0,0,medium::mp-1386640::reference,0.5617937259376049
strict,medium,medium::mp-1386640::combined_noise_0.002A_0.003,mp-1386640,mp-1386640,TiO2,combined_noise_0.002A_0.003,combined_perturbation,noise,1,20,1,0,0,0,medium::mp-1386640::reference,0.5443601850420237
strict,medium,medium::mp-1386640::combined_noise_0.015A_0.003,mp-1386640,mp-1386640,TiO2,combined_noise_0.015A_0.003,combined_perturbation,noise,1,20,1,0,0,0,medium::mp-1386640::reference,0.544071614742279
strict,medium,medium::mp-1386640::combined_noise_0.050A_0.003,mp-1386640,mp-1386640,TiO2,combined_noise_0.050A_0.003,combined_perturbation,noise,1,20,1,0,0,0,medium::mp-1386640::reference,0.5430724415928125
strict,medium,medium::mp-1386640::combined_noise_0.002A_0.010,mp-1386640,mp-1386640,TiO2,combined_noise_0.002A_0.010,combined_perturbation,noise,1,20,1,0,0,0,medium::mp-1386640::reference,0.5469983033835888
strict,medium,medium::mp-1386640::combined_noise_0.015A_0.010,mp-1386640,mp-1386640,TiO2,combined_noise_0.015A_0.010,combined_perturbation,noise,1,20,1,0,0,0,medium::mp-1386640::reference,0.5438618157058954
strict,medium,medium::mp-1386640::combined_noise_0.050A_0.010,mp-1386640,mp-1386640,TiO2,combined_noise_0.050A_0.010,combined_perturbation,noise,1,20,1,0,0,0,medium::mp-1386640::reference,0.5455574318766594
strict,medium,medium::mp-1386640::combined_noise_0.002A_0.030,mp-1386640,mp-1386640,TiO2,combined_noise_0.002A_0.030,combined_perturbation,noise,1,20,1,0,0,0,medium::mp-1386640::reference,0.5449043363332748
strict,medium,medium::mp-1386640::combined_noise_0.015A_0.030,mp-1386640,mp-1386640,TiO2,combined_noise_0.015A_0.030,combined_perturbation,noise,1,20,1,0,0,0,medium::mp-1386640::reference,0.5441320240497589
strict,medium,medium::mp-1386640::combined_noise_0.050A_0.030,mp-1386640,mp-1386640,TiO2,combined_noise_0.050A_0.030,combined_perturbation,noise,1,20,1,0,0,0,medium::mp-1386640::reference,0.549078144133091
strict,medium,medium::mp-1400963::conventional_standard,mp-1400963,mp-1400963,TiO2,conventional_standard,equivalent_transform,no_noise,1,20,1,0,0,0,medium::mp-1400963::reference,0.4369106348603964
strict,medium,medium::mp-1400963::niggli_reduced,mp-1400963,mp-1400963,TiO2,niggli_reduced,equivalent_transform,no_noise,1,20,1,0,0,0,medium::mp-1400963::reference,0.5440769959241152
strict,medium,medium::mp-1400963::origin_shifted,mp-1400963,mp-1400963,TiO2,origin_shifted,equivalent_transform,no_noise,1,20,1,0,0,0,medium::mp-1400963::reference,0.5504687465727329
strict,medium,medium::mp-1400963::permuted_sites,mp-1400963,mp-1400963,TiO2,permuted_sites,equivalent_transform,no_noise,1,20,1,0,0,0,medium::mp-1400963::reference,0.8744567632675171
strict,medium,medium::mp-1400963::combined_noise_0.002A_0.003,mp-1400963,mp-1400963,TiO2,combined_noise_0.002A_0.003,combined_perturbation,noise,1,20,1,0,0,0,medium::mp-1400963::reference,0.5426303073763847
strict,medium,medium::mp-1400963::combined_noise_0.015A_0.003,mp-1400963,mp-1400963,TiO2,combined_noise_0.015A_0.003,combined_perturbation,noise,1,20,1,0,0,0,medium::mp-1400963::reference,0.542438667267561
strict,medium,medium::mp-1400963::combined_noise_0.050A_0.003,mp-1400963,mp-1400963,TiO2,combined_noise_0.050A_0.003,combined_perturbation,noise,1,20,1,0,0,0,medium::mp-1400963::reference,0.5408195108175278
strict,medium,medium::mp-1400963::combined_noise_0.002A_0.010,mp-1400963,mp-1400963,TiO2,combined_noise_0.002A_0.010,combined_perturbation,noise,1,20,1,0,0,0,medium::mp-1400963::reference,0.5438754521310329
strict,medium,medium::mp-1400963::combined_noise_0.015A_0.010,mp-1400963,mp-1400963,TiO2,combined_noise_0.015A_0.010,combined_perturbation,noise,1,20,1,0,0,0,medium::mp-1400963::reference,0.5436841621994972
strict,medium,medium::mp-1400963::combined_noise_0.050A_0.010,mp-1400963,mp-1400963,TiO2,combined_noise_0.050A_0.010,combined_perturbation,noise,1,20,1,0,0,0,medium::mp-1400963::reference,0.5438172239810228
strict,medium,medium::mp-1400963::combined_noise_0.002A_0.030,mp-1400963,mp-1400963,TiO2,combined_noise_0.002A_0.030,combined_perturbation,noise,1,20,1,0,0,0,medium::mp-1400963::reference,0.5480138659477234
strict,medium,medium::mp-1400963::combined_noise_0.015A_0.030,mp-1400963,mp-1400963,TiO2,combined_noise_0.015A_0.030,combined_perturbation,noise,0,20,0,0,0,1,,0.5475360564887524
strict,medium,medium::mp-1400963::combined_noise_0.050A_0.030,mp-1400963,mp-1400963,TiO2,combined_noise_0.050A_0.030,combined_perturbation,noise,1,20,1,0,0,0,medium::mp-1400963::reference,0.5511561464518309
strict,medium,medium::mp-1408285::conventional_standard,mp-1408285,mp-1408285,TiO2,conventional_standard,equivalent_transform,no_noise,1,20,1,0,0,0,medium::mp-1408285::reference,0.49318194203078747
strict,medium,medium::mp-1408285::niggli_reduced,mp-1408285,mp-1408285,TiO2,niggli_reduced,equivalent_transform,no_noise,1,20,1,0,0,0,medium::mp-1408285::reference,0.586215415969491
strict,medium,medium::mp-1408285::origin_shifted,mp-1408285,mp-1408285,TiO2,origin_shifted,equivalent_transform,no_noise,1,20,1,0,0,0,medium::mp-1408285::reference,0.5941908154636621
strict,medium,medium::mp-1408285::permuted_sites,mp-1408285,mp-1408285,TiO2,permuted_sites,equivalent_transform,no_noise,1,20,1,0,0,0,medium::mp-1408285::reference,0.9179364815354347
strict,medium,medium::mp-1408285::combined_noise_0.002A_0.003,mp-1408285,mp-1408285,TiO2,combined_noise_0.002A_0.003,combined_perturbation,noise,1,20,1,0,0,0,medium::mp-1408285::reference,0.5860813856124878
strict,medium,medium::mp-1408285::combined_noise_0.015A_0.003,mp-1408285,mp-1408285,TiO2,combined_noise_0.015A_0.003,combined_perturbation,noise,1,20,1,0,0,0,medium::mp-1408285::reference,0.5879170447587967
strict,medium,medium::mp-1408285::combined_noise_0.050A_0.003,mp-1408285,mp-1408285,TiO2,combined_noise_0.050A_0.003,combined_perturbation,noise,1,20,1,0,0,0,medium::mp-1408285::reference,0.5875361412763596
strict,medium,medium::mp-1408285::combined_noise_0.002A_0.010,mp-1408285,mp-1408285,TiO2,combined_noise_0.002A_0.010,combined_perturbation,noise,1,20,1,0,0,0,medium::mp-1408285::reference,0.577883280813694
strict,medium,medium::mp-1408285::combined_noise_0.015A_0.010,mp-1408285,mp-1408285,TiO2,combined_noise_0.015A_0.010,combined_perturbation,noise,1,20,1,0,0,0,medium::mp-1408285::reference,0.5945186857134104
strict,medium,medium::mp-1408285::combined_noise_0.050A_0.010,mp-1408285,mp-1408285,TiO2,combined_noise_0.050A_0.010,combined_perturbation,noise,1,20,1,0,0,0,medium::mp-1408285::reference,0.5526910033077002
strict,medium,medium::mp-1408285::combined_noise_0.002A_0.030,mp-1408285,mp-1408285,TiO2,combined_noise_0.002A_0.030,combined_perturbation,noise,1,20,1,0,0,0,medium::mp-1408285::reference,0.5615426115691662
strict,medium,medium::mp-1408285::combined_noise_0.015A_0.030,mp-1408285,mp-1408285,TiO2,combined_noise_0.015A_0.030,combined_perturbation,noise,1,20,1,0,0,0,medium::mp-1408285::reference,0.559058977290988
strict,medium,medium::mp-1408285::combined_noise_0.050A_0.030,mp-1408285,mp-1408285,TiO2,combined_noise_0.050A_0.030,combined_perturbation,noise,0,20,0,0,0,1,,0.5598890297114849
strict,medium,medium::mp-1426806::conventional_standard,mp-1426806,mp-1426806,TiO2,conventional_standard,equivalent_transform,no_noise,1,20,1,0,0,0,medium::mp-1426806::reference,0.3952988386154175
strict,medium,medium::mp-1426806::niggli_reduced,mp-1426806,mp-1426806,TiO2,niggli_reduced,equivalent_transform,no_noise,1,20,1,0,0,0,medium::mp-1426806::reference,0.5092094969004393
strict,medium,medium::mp-1426806::origin_shifted,mp-1426806,mp-1426806,TiO2,origin_shifted,equivalent_transform,no_noise,1,20,1,0,0,0,medium::mp-1426806::reference,0.5177614353597164
strict,medium,medium::mp-1426806::permuted_sites,mp-1426806,mp-1426806,TiO2,permuted_sites,equivalent_transform,no_noise,1,20,1,0,0,0,medium::mp-1426806::reference,0.8014879859983921
strict,medium,medium::mp-1426806::combined_noise_0.002A_0.003,mp-1426806,mp-1426806,TiO2,combined_noise_0.002A_0.003,combined_perturbation,noise,1,20,1,0,0,0,medium::mp-1426806::reference,0.5080283228307962
strict,medium,medium::mp-1426806::combined_noise_0.015A_0.003,mp-1426806,mp-1426806,TiO2,combined_noise_0.015A_0.003,combined_perturbation,noise,1,20,1,0,0,0,medium::mp-1426806::reference,0.4990983419120312
strict,medium,medium::mp-1426806::combined_noise_0.050A_0.003,mp-1426806,mp-1426806,TiO2,combined_noise_0.050A_0.003,combined_perturbation,noise,1,20,1,0,0,0,medium::mp-1426806::reference,0.498671792447567
strict,medium,medium::mp-1426806::combined_noise_0.002A_0.010,mp-1426806,mp-1426806,TiO2,combined_noise_0.002A_0.010,combined_perturbation,noise,1,20,1,0,0,0,medium::mp-1426806::reference,0.5130367781966925
strict,medium,medium::mp-1426806::combined_noise_0.015A_0.010,mp-1426806,mp-1426806,TiO2,combined_noise_0.015A_0.010,combined_perturbation,noise,1,20,1,0,0,0,medium::mp-1426806::reference,0.5004418846219778
strict,medium,medium::mp-1426806::combined_noise_0.050A_0.010,mp-1426806,mp-1426806,TiO2,combined_noise_0.050A_0.010,combined_perturbation,noise,1,20,1,0,0,0,medium::mp-1426806::reference,0.5000213962048292
strict,medium,medium::mp-1426806::combined_noise_0.002A_0.030,mp-1426806,mp-1426806,TiO2,combined_noise_0.002A_0.030,combined_perturbation,noise,1,20,1,0,0,0,medium::mp-1426806::reference,0.5118803158402443
strict,medium,medium::mp-1426806::combined_noise_0.015A_0.030,mp-1426806,mp-1426806,TiO2,combined_noise_0.015A_0.030,combined_perturbation,noise,1,20,1,0,0,0,medium::mp-1426806::reference,0.5316867716610432
strict,medium,medium::mp-1426806::combined_noise_0.050A_0.030,mp-1426806,mp-1426806,TiO2,combined_noise_0.050A_0.030,combined_perturbation,noise,1,20,1,0,0,0,medium::mp-1426806::reference,0.49978348426520824
medium,medium,medium::mp-1008374::conventional_standard,mp-1008374,mp-1008374,C,conventional_standard,equivalent_transform,no_noise,1,20,1,0,0,0,medium::mp-1008374::reference,1.5088408030569553
medium,medium,medium::mp-1008374::niggli_reduced,mp-1008374,mp-1008374,C,niggli_reduced,equivalent_transform,no_noise,1,20,1,0,0,0,medium::mp-1008374::reference,0.5859133079648018
medium,medium,medium::mp-1008374::origin_shifted,mp-1008374,mp-1008374,C,origin_shifted,equivalent_transform,no_noise,1,20,1,0,0,0,medium::mp-1008374::reference,0.6046604868024588
medium,medium,medium::mp-1008374::permuted_sites,mp-1008374,mp-1008374,C,permuted_sites,equivalent_transform,no_noise,1,20,1,0,0,0,medium::mp-1008374::reference,0.9688887037336826
medium,medium,medium::mp-1008374::combined_noise_0.002A_0.003,mp-1008374,mp-1008374,C,combined_noise_0.002A_0.003,combined_perturbation,noise,1,20,1,0,0,0,medium::mp-1008374::reference,0.5837576407939196
medium,medium,medium::mp-1008374::combined_noise_0.015A_0.003,mp-1008374,mp-1008374,C,combined_noise_0.015A_0.003,combined_perturbation,noise,1,20,1,0,0,0,medium::mp-1008374::reference,0.5834028776735067
medium,medium,medium::mp-1008374::combined_noise_0.050A_0.003,mp-1008374,mp-1008374,C,combined_noise_0.050A_0.003,combined_perturbation,noise,1,20,1,0,0,0,medium::mp-1008374::reference,0.6570449993014336
medium,medium,medium::mp-1008374::combined_noise_0.002A_0.010,mp-1008374,mp-1008374,C,combined_noise_0.002A_0.010,combined_perturbation,noise,1,20,1,0,0,0,medium::mp-1008374::reference,0.5765349436551332
medium,medium,medium::mp-1008374::combined_noise_0.015A_0.010,mp-1008374,mp-1008374,C,combined_noise_0.015A_0.010,combined_perturbation,noise,1,20,1,0,0,0,medium::mp-1008374::reference,0.5860931966453791
medium,medium,medium::mp-1008374::combined_noise_0.050A_0.010,mp-1008374,mp-1008374,C,combined_noise_0.050A_0.010,combined_perturbation,noise,1,20,1,0,0,0,medium::mp-1008374::reference,0.6444327440112829
medium,medium,medium::mp-1008374::combined_noise_0.002A_0.030,mp-1008374,mp-1008374,C,combined_noise_0.002A_0.030,combined_perturbation,noise,1,20,1,0,0,0,medium::mp-1008374::reference,0.5851041842252016
medium,medium,medium::mp-1008374::combined_noise_0.015A_0.030,mp-1008374,mp-1008374,C,combined_noise_0.015A_0.030,combined_perturbation,noise,1,20,1,0,0,0,medium::mp-1008374::reference,0.6000497546046972
medium,medium,medium::mp-1008374::combined_noise_0.050A_0.030,mp-1008374,mp-1008374,C,combined_noise_0.050A_0.030,combined_perturbation,noise,1,20,1,0,0,0,medium::mp-1008374::reference,0.6695683877915144
medium,medium,medium::mp-1008395::conventional_standard,mp-1008395,mp-1008395,C,conventional_standard,equivalent_transform,no_noise,1,20,1,0,0,0,medium::mp-1008395::reference,0.3912734277546406
medium,medium,medium::mp-1008395::niggli_reduced,mp-1008395,mp-1008395,C,niggli_reduced,equivalent_transform,no_noise,1,20,1,0,0,0,medium::mp-1008395::reference,0.580511637032032
medium,medium,medium::mp-1008395::origin_shifted,mp-1008395,mp-1008395,C,origin_shifted,equivalent_transform,no_noise,1,20,1,0,0,0,medium::mp-1008395::reference,0.6007089838385582
medium,medium,medium::mp-1008395::permuted_sites,mp-1008395,mp-1008395,C,permuted_sites,equivalent_transform,no_noise,1,20,1,0,0,0,medium::mp-1008395::reference,0.9703858215361834
medium,medium,medium::mp-1008395::combined_noise_0.002A_0.003,mp-1008395,mp-1008395,C,combined_noise_0.002A_0.003,combined_perturbation,noise,1,20,1,0,0,0,medium::mp-1008395::reference,0.5851927921175957
medium,medium,medium::mp-1008395::combined_noise_0.015A_0.003,mp-1008395,mp-1008395,C,combined_noise_0.015A_0.003,combined_perturbation,noise,1,20,1,0,0,0,medium::mp-1008395::reference,0.5794105120003223
medium,medium,medium::mp-1008395::combined_noise_0.050A_0.003,mp-1008395,mp-1008395,C,combined_noise_0.050A_0.003,combined_perturbation,noise,1,20,1,0,0,0,medium::mp-1008395::reference,0.5951276179403067
medium,medium,medium::mp-1008395::combined_noise_0.002A_0.010,mp-1008395,mp-1008395,C,combined_noise_0.002A_0.010,combined_perturbation,noise,1,20,1,0,0,0,medium::mp-1008395::reference,0.5733759142458439
medium,medium,medium::mp-1008395::combined_noise_0.015A_0.010,mp-1008395,mp-1008395,C,combined_noise_0.015A_0.010,combined_perturbation,noise,1,20,1,0,0,0,medium::mp-1008395::reference,0.6046657394617796
medium,medium,medium::mp-1008395::combined_noise_0.050A_0.010,mp-1008395,mp-1008395,C,combined_noise_0.050A_0.010,combined_perturbation,noise,1,20,1,0,0,0,medium::mp-1008395::reference,0.5873224902898073
medium,medium,medium::mp-1008395::combined_noise_0.002A_0.030,mp-1008395,mp-1008395,C,combined_noise_0.002A_0.030,combined_perturbation,noise,1,20,1,0,0,0,medium::mp-1008395::reference,0.5747866984456778
medium,medium,medium::mp-1008395::combined_noise_0.015A_0.030,mp-1008395,mp-1008395,C,combined_noise_0.015A_0.030,combined_perturbation,noise,1,20,1,0,0,0,medium::mp-1008395::reference,0.6563714556396008
medium,medium,medium::mp-1008395::combined_noise_0.050A_0.030,mp-1008395,mp-1008395,C,combined_noise_0.050A_0.030,combined_perturbation,noise,1,20,1,0,0,0,medium::mp-1008395::reference,0.6216538492590189
medium,medium,medium::mp-1018088::conventional_standard,mp-1018088,mp-1018088,C,conventional_standard,equivalent_transform,no_noise,1,20,1,0,0,0,medium::mp-1018088::reference,0.408228000625968
medium,medium,medium::mp-1018088::niggli_reduced,mp-1018088,mp-1018088,C,niggli_reduced,equivalent_transform,no_noise,1,20,1,0,0,0,medium::mp-1018088::reference,0.5989865511655807
medium,medium,medium::mp-1018088::origin_shifted,mp-1018088,mp-1018088,C,origin_shifted,equivalent_transform,no_noise,1,20,1,0,0,0,medium::mp-1018088::reference,0.6174322851002216
medium,medium,medium::mp-1018088::permuted_sites,mp-1018088,mp-1018088,C,permuted_sites,equivalent_transform,no_noise,1,20,1,0,0,0,medium::mp-1018088::reference,0.9872770477086306
medium,medium,medium::mp-1018088::combined_noise_0.002A_0.003,mp-1018088,mp-1018088,C,combined_noise_0.002A_0.003,combined_perturbation,noise,1,20,1,0,0,0,medium::mp-1018088::reference,0.6015961393713951
medium,medium,medium::mp-1018088::combined_noise_0.015A_0.003,mp-1018088,mp-1018088,C,combined_noise_0.015A_0.003,combined_perturbation,noise,1,20,1,0,0,0,medium::mp-1018088::reference,0.8165123891085386
medium,medium,medium::mp-1018088::combined_noise_0.050A_0.003,mp-1018088,mp-1018088,C,combined_noise_0.050A_0.003,combined_perturbation,noise,1,20,1,0,0,0,medium::mp-1018088::reference,1.4597939606755972
medium,medium,medium::mp-1018088::combined_noise_0.002A_0.010,mp-1018088,mp-1018088,C,combined_noise_0.002A_0.010,combined_perturbation,noise,1,20,1,0,0,0,medium::mp-1018088::reference,0.5939512923359871
medium,medium,medium::mp-1018088::combined_noise_0.015A_0.010,mp-1018088,mp-1018088,C,combined_noise_0.015A_0.010,combined_perturbation,noise,1,20,1,0,0,0,medium::mp-1018088::reference,0.8088230714201927
medium,medium,medium::mp-1018088::combined_noise_0.050A_0.010,mp-1018088,mp-1018088,C,combined_noise_0.050A_0.010,combined_perturbation,noise,1,20,1,0,0,0,medium::mp-1018088::reference,1.4403865598142147
medium,medium,medium::mp-1018088::combined_noise_0.002A_0.030,mp-1018088,mp-1018088,C,combined_noise_0.002A_0.030,combined_perturbation,noise,1,20,1,0,0,0,medium::mp-1018088::reference,0.5729503333568573
medium,medium,medium::mp-1018088::combined_noise_0.015A_0.030,mp-1018088,mp-1018088,C,combined_noise_0.015A_0.030,combined_perturbation,noise,1,20,1,0,0,0,medium::mp-1018088::reference,0.8139792401343584
medium,medium,medium::mp-1018088::combined_noise_0.050A_0.030,mp-1018088,mp-1018088,C,combined_noise_0.050A_0.030,combined_perturbation,noise,1,20,1,0,0,0,medium::mp-1018088::reference,1.486669508740306
medium,medium,medium::mp-1040425::conventional_standard,mp-1040425,mp-1040425,C,conventional_standard,equivalent_transform,no_noise,1,20,1,0,0,0,medium::mp-1040425::reference,0.5285084284842014
medium,medium,medium::mp-1040425::niggli_reduced,mp-1040425,mp-1040425,C,niggli_reduced,equivalent_transform,no_noise,1,20,1,0,0,0,medium::mp-1040425::reference,0.7380311600863934
medium,medium,medium::mp-1040425::origin_shifted,mp-1040425,mp-1040425,C,origin_shifted,equivalent_transform,no_noise,1,20,1,0,0,0,medium::mp-1040425::reference,0.7545153070241213
medium,medium,medium::mp-1040425::permuted_sites,mp-1040425,mp-1040425,C,permuted_sites,equivalent_transform,no_noise,1,20,1,0,0,0,medium::mp-1040425::reference,1.126408340409398
medium,medium,medium::mp-1040425::combined_noise_0.002A_0.003,mp-1040425,mp-1040425,C,combined_noise_0.002A_0.003,combined_perturbation,noise,1,20,1,0,0,0,medium::mp-1040425::reference,0.729276992380619
medium,medium,medium::mp-1040425::combined_noise_0.015A_0.003,mp-1040425,mp-1040425,C,combined_noise_0.015A_0.003,combined_perturbation,noise,1,20,1,0,0,0,medium::mp-1040425::reference,0.5432855635881424
medium,medium,medium::mp-1040425::combined_noise_0.050A_0.003,mp-1040425,mp-1040425,C,combined_noise_0.050A_0.003,combined_perturbation,noise,1,20,1,0,0,0,medium::mp-1040425::reference,0.5422312468290329
medium,medium,medium::mp-1040425::combined_noise_0.002A_0.010,mp-1040425,mp-1040425,C,combined_noise_0.002A_0.010,combined_perturbation,noise,1,20,1,0,0,0,medium::mp-1040425::reference,0.7222225479781628
medium,medium,medium::mp-1040425::combined_noise_0.015A_0.010,mp-1040425,mp-1040425,C,combined_noise_0.015A_0.010,combined_perturbation,noise,1,20,1,0,0,0,medium::mp-1040425::reference,0.5401231795549393
medium,medium,medium::mp-1040425::combined_noise_0.050A_0.010,mp-1040425,mp-1040425,C,combined_noise_0.050A_0.010,combined_perturbation,noise,1,20,1,0,0,0,medium::mp-1040425::reference,0.5398707799613476
medium,medium,medium::mp-1040425::combined_noise_0.002A_0.030,mp-1040425,mp-1040425,C,combined_noise_0.002A_0.030,combined_perturbation,noise,1,20,1,0,0,0,medium::mp-1040425::reference,0.6991675514727831
medium,medium,medium::mp-1040425::combined_noise_0.015A_0.030,mp-1040425,mp-1040425,C,combined_noise_0.015A_0.030,combined_perturbation,noise,1,20,1,0,0,0,medium::mp-1040425::reference,0.5516657903790474
medium,medium,medium::mp-1040425::combined_noise_0.050A_0.030,mp-1040425,mp-1040425,C,combined_noise_0.050A_0.030,combined_perturbation,noise,1,20,1,0,0,0,medium::mp-1040425::reference,0.5437493715435266
medium,medium,medium::mp-1056957::conventional_standard,mp-1056957,mp-1056957,C,conventional_standard,equivalent_transform,no_noise,1,20,2,0,1,0,medium::mp-1056957::reference|medium::mp-1181996::reference,0.6863860469311476
medium,medium,medium::mp-1056957::niggli_reduced,mp-1056957,mp-1056957,C,niggli_reduced,equivalent_transform,no_noise,1,20,2,0,1,0,medium::mp-1056957::reference|medium::mp-1181996::reference,0.8901386559009552
medium,medium,medium::mp-1056957::origin_shifted,mp-1056957,mp-1056957,C,origin_shifted,equivalent_transform,no_noise,1,20,2,0,1,0,medium::mp-1056957::reference|medium::mp-1181996::reference,0.908257370814681
medium,medium,medium::mp-1056957::permuted_sites,mp-1056957,mp-1056957,C,permuted_sites,equivalent_transform,no_noise,1,20,2,0,1,0,medium::mp-1056957::reference|medium::mp-1181996::reference,1.2763208951801062
medium,medium,medium::mp-1056957::combined_noise_0.002A_0.003,mp-1056957,mp-1056957,C,combined_noise_0.002A_0.003,combined_perturbation,noise,1,20,2,0,1,0,medium::mp-1056957::reference|medium::mp-1181996::reference,0.9265369027853012
medium,medium,medium::mp-1056957::combined_noise_0.015A_0.003,mp-1056957,mp-1056957,C,combined_noise_0.015A_0.003,combined_perturbation,noise,1,20,2,0,1,0,medium::mp-1056957::reference|medium::mp-1181996::reference,0.8969100117683411
medium,medium,medium::mp-1056957::combined_noise_0.050A_0.003,mp-1056957,mp-1056957,C,combined_noise_0.050A_0.003,combined_perturbation,noise,1,20,2,0,1,0,medium::mp-1056957::reference|medium::mp-1181996::reference,0.9030050523579121
medium,medium,medium::mp-1056957::combined_noise_0.002A_0.010,mp-1056957,mp-1056957,C,combined_noise_0.002A_0.010,combined_perturbation,noise,1,20,2,0,1,0,medium::mp-1056957::reference|medium::mp-1181996::reference,0.9379521664232016
medium,medium,medium::mp-1056957::combined_noise_0.015A_0.010,mp-1056957,mp-1056957,C,combined_noise_0.015A_0.010,combined_perturbation,noise,1,20,2,0,1,0,medium::mp-1056957::reference|medium::mp-1181996::reference,0.8986496683210135
medium,medium,medium::mp-1056957::combined_noise_0.050A_0.010,mp-1056957,mp-1056957,C,combined_noise_0.050A_0.010,combined_perturbation,noise,1,20,2,0,1,0,medium::mp-1056957::reference|medium::mp-1181996::reference,0.9026757534593344
medium,medium,medium::mp-1056957::combined_noise_0.002A_0.030,mp-1056957,mp-1056957,C,combined_noise_0.002A_0.030,combined_perturbation,noise,1,20,2,0,1,0,medium::mp-1056957::reference|medium::mp-1181996::reference,0.8861424066126347
medium,medium,medium::mp-1056957::combined_noise_0.015A_0.030,mp-1056957,mp-1056957,C,combined_noise_0.015A_0.030,combined_perturbation,noise,1,20,2,0,1,0,medium::mp-1056957::reference|medium::mp-1181996::reference,0.9504840783774853
medium,medium,medium::mp-1056957::combined_noise_0.050A_0.030,mp-1056957,mp-1056957,C,combined_noise_0.050A_0.030,combined_perturbation,noise,1,20,2,0,1,0,medium::mp-1056957::reference|medium::mp-1181996::reference,0.9401757288724184
medium,medium,medium::mp-1078845::conventional_standard,mp-1078845,mp-1078845,C,conventional_standard,equivalent_transform,no_noise,1,20,1,0,0,0,medium::mp-1078845::reference,0.39049727842211723
medium,medium,medium::mp-1078845::niggli_reduced,mp-1078845,mp-1078845,C,niggli_reduced,equivalent_transform,no_noise,1,20,1,0,0,0,medium::mp-1078845::reference,0.5649596396833658
medium,medium,medium::mp-1078845::origin_shifted,mp-1078845,mp-1078845,C,origin_shifted,equivalent_transform,no_noise,1,20,1,0,0,0,medium::mp-1078845::reference,0.6046351287513971
medium,medium,medium::mp-1078845::permuted_sites,mp-1078845,mp-1078845,C,permuted_sites,equivalent_transform,no_noise,1,20,1,0,0,0,medium::mp-1078845::reference,1.3155395742505789
medium,medium,medium::mp-1078845::combined_noise_0.002A_0.003,mp-1078845,mp-1078845,C,combined_noise_0.002A_0.003,combined_perturbation,noise,1,20,1,0,0,0,medium::mp-1078845::reference,0.5672606565058231
medium,medium,medium::mp-1078845::combined_noise_0.015A_0.003,mp-1078845,mp-1078845,C,combined_noise_0.015A_0.003,combined_perturbation,noise,1,20,1,0,0,0,medium::mp-1078845::reference,0.8900353629142046
medium,medium,medium::mp-1078845::combined_noise_0.050A_0.003,mp-1078845,mp-1078845,C,combined_noise_0.050A_0.003,combined_perturbation,noise,1,20,1,0,0,0,medium::mp-1078845::reference,0.9150199703872204
medium,medium,medium::mp-1078845::combined_noise_0.002A_0.010,mp-1078845,mp-1078845,C,combined_noise_0.002A_0.010,combined_perturbation,noise,1,20,1,0,0,0,medium::mp-1078845::reference,0.5618510153144598
medium,medium,medium::mp-1078845::combined_noise_0.015A_0.010,mp-1078845,mp-1078845,C,combined_noise_0.015A_0.010,combined_perturbation,noise,1,20,1,0,0,0,medium::mp-1078845::reference,0.8835743293166161
medium,medium,medium::mp-1078845::combined_noise_0.050A_0.010,mp-1078845,mp-1078845,C,combined_noise_0.050A_0.010,combined_perturbation,noise,1,20,1,0,0,0,medium::mp-1078845::reference,0.8961055241525173
medium,medium,medium::mp-1078845::combined_noise_0.002A_0.030,mp-1078845,mp-1078845,C,combined_noise_0.002A_0.030,combined_perturbation,noise,1,20,1,0,0,0,medium::mp-1078845::reference,0.5640046335756779
medium,medium,medium::mp-1078845::combined_noise_0.015A_0.030,mp-1078845,mp-1078845,C,combined_noise_0.015A_0.030,combined_perturbation,noise,1,20,1,0,0,0,medium::mp-1078845::reference,0.9621967002749443
medium,medium,medium::mp-1078845::combined_noise_0.050A_0.030,mp-1078845,mp-1078845,C,combined_noise_0.050A_0.030,combined_perturbation,noise,1,20,1,0,0,0,medium::mp-1078845::reference,0.9496512357145548
medium,medium,medium::mp-1080826::conventional_standard,mp-1080826,mp-1080826,C,conventional_standard,equivalent_transform,no_noise,1,20,1,0,0,0,medium::mp-1080826::reference,0.3662861417979002
medium,medium,medium::mp-1080826::niggli_reduced,mp-1080826,mp-1080826,C,niggli_reduced,equivalent_transform,no_noise,1,20,1,0,0,0,medium::mp-1080826::reference,0.5441366638988256
medium,medium,medium::mp-1080826::origin_shifted,mp-1080826,mp-1080826,C,origin_shifted,equivalent_transform,no_noise,1,20,1,0,0,0,medium::mp-1080826::reference,0.5591236855834723
medium,medium,medium::mp-1080826::permuted_sites,mp-1080826,mp-1080826,C,permuted_sites,equivalent_transform,no_noise,1,20,1,0,0,0,medium::mp-1080826::reference,0.9267986733466387
medium,medium,medium::mp-1080826::combined_noise_0.002A_0.003,mp-1080826,mp-1080826,C,combined_noise_0.002A_0.003,combined_perturbation,noise,1,20,1,0,0,0,medium::mp-1080826::reference,0.5430141407996416
medium,medium,medium::mp-1080826::combined_noise_0.015A_0.003,mp-1080826,mp-1080826,C,combined_noise_0.015A_0.003,combined_perturbation,noise,1,20,1,0,0,0,medium::mp-1080826::reference,0.544196842238307
medium,medium,medium::mp-1080826::combined_noise_0.050A_0.003,mp-1080826,mp-1080826,C,combined_noise_0.050A_0.003,combined_perturbation,noise,1,20,1,0,0,0,medium::mp-1080826::reference,1.0280408803373575
medium,medium,medium::mp-1080826::combined_noise_0.002A_0.010,mp-1080826,mp-1080826,C,combined_noise_0.002A_0.010,combined_perturbation,noise,1,20,1,0,0,0,medium::mp-1080826::reference,0.5451099965721369
medium,medium,medium::mp-1080826::combined_noise_0.015A_0.010,mp-1080826,mp-1080826,C,combined_noise_0.015A_0.010,combined_perturbation,noise,1,20,1,0,0,0,medium::mp-1080826::reference,0.543587751686573
medium,medium,medium::mp-1080826::combined_noise_0.050A_0.010,mp-1080826,mp-1080826,C,combined_noise_0.050A_0.010,combined_perturbation,noise,1,20,1,0,0,0,medium::mp-1080826::reference,1.1297534760087729
medium,medium,medium::mp-1080826::combined_noise_0.002A_0.030,mp-1080826,mp-1080826,C,combined_noise_0.002A_0.030,combined_perturbation,noise,1,20,1,0,0,0,medium::mp-1080826::reference,0.5475319568067789
medium,medium,medium::mp-1080826::combined_noise_0.015A_0.030,mp-1080826,mp-1080826,C,combined_noise_0.015A_0.030,combined_perturbation,noise,1,20,1,0,0,0,medium::mp-1080826::reference,0.5627753082662821
medium,medium,medium::mp-1080826::combined_noise_0.050A_0.030,mp-1080826,mp-1080826,C,combined_noise_0.050A_0.030,combined_perturbation,noise,1,20,1,0,0,0,medium::mp-1080826::reference,1.0607591811567545
medium,medium,medium::mp-1095534::conventional_standard,mp-1095534,mp-1095534,C,conventional_standard,equivalent_transform,no_noise,1,20,1,0,0,0,medium::mp-1095534::reference,0.5834276024252176
medium,medium,medium::mp-1095534::niggli_reduced,mp-1095534,mp-1095534,C,niggli_reduced,equivalent_transform,no_noise,1,20,1,0,0,0,medium::mp-1095534::reference,0.6097535360604525
medium,medium,medium::mp-1095534::origin_shifted,mp-1095534,mp-1095534,C,origin_shifted,equivalent_transform,no_noise,1,20,1,0,0,0,medium::mp-1095534::reference,0.6284474842250347
medium,medium,medium::mp-1095534::permuted_sites,mp-1095534,mp-1095534,C,permuted_sites,equivalent_transform,no_noise,1,20,1,0,0,0,medium::mp-1095534::reference,1.1590558495372534
medium,medium,medium::mp-1095534::combined_noise_0.002A_0.003,mp-1095534,mp-1095534,C,combined_noise_0.002A_0.003,combined_perturbation,noise,1,20,1,0,0,0,medium::mp-1095534::reference,0.6211103349924088
medium,medium,medium::mp-1095534::combined_noise_0.015A_0.003,mp-1095534,mp-1095534,C,combined_noise_0.015A_0.003,combined_perturbation,noise,1,20,1,0,0,0,medium::mp-1095534::reference,0.6182382479310036
medium,medium,medium::mp-1095534::combined_noise_0.050A_0.003,mp-1095534,mp-1095534,C,combined_noise_0.050A_0.003,combined_perturbation,noise,1,20,1,0,0,0,medium::mp-1095534::reference,0.606302123516798
medium,medium,medium::mp-1095534::combined_noise_0.002A_0.010,mp-1095534,mp-1095534,C,combined_noise_0.002A_0.010,combined_perturbation,noise,1,20,1,0,0,0,medium::mp-1095534::reference,0.6103863287717104
medium,medium,medium::mp-1095534::combined_noise_0.015A_0.010,mp-1095534,mp-1095534,C,combined_noise_0.015A_0.010,combined_perturbation,noise,1,20,1,0,0,0,medium::mp-1095534::reference,0.6084701921790838
medium,medium,medium::mp-1095534::combined_noise_0.050A_0.010,mp-1095534,mp-1095534,C,combined_noise_0.050A_0.010,combined_perturbation,noise,1,20,1,0,0,0,medium::mp-1095534::reference,0.6208756845444441
medium,medium,medium::mp-1095534::combined_noise_0.002A_0.030,mp-1095534,mp-1095534,C,combined_noise_0.002A_0.030,combined_perturbation,noise,1,20,1,0,0,0,medium::mp-1095534::reference,0.6308509409427643
medium,medium,medium::mp-1095534::combined_noise_0.015A_0.030,mp-1095534,mp-1095534,C,combined_noise_0.015A_0.030,combined_perturbation,noise,1,20,1,0,0,0,medium::mp-1095534::reference,0.623180603608489
medium,medium,medium::mp-1095534::combined_noise_0.050A_0.030,mp-1095534,mp-1095534,C,combined_noise_0.050A_0.030,combined_perturbation,noise,1,20,1,0,0,0,medium::mp-1095534::reference,0.6078258287161589
medium,medium,medium::mp-1095633::conventional_standard,mp-1095633,mp-1095633,C,conventional_standard,equivalent_transform,no_noise,1,20,1,0,0,0,medium::mp-1095633::reference,0.4285492245107889
medium,medium,medium::mp-1095633::niggli_reduced,mp-1095633,mp-1095633,C,niggli_reduced,equivalent_transform,no_noise,1,20,1,0,0,0,medium::mp-1095633::reference,0.6298506893217564
medium,medium,medium::mp-1095633::origin_shifted,mp-1095633,mp-1095633,C,origin_shifted,equivalent_transform,no_noise,1,20,1,0,0,0,medium::mp-1095633::reference,0.6556190308183432
medium,medium,medium::mp-1095633::permuted_sites,mp-1095633,mp-1095633,C,permuted_sites,equivalent_transform,no_noise,1,20,1,0,0,0,medium::mp-1095633::reference,1.1846639700233936
medium,medium,medium::mp-1095633::combined_noise_0.002A_0.003,mp-1095633,mp-1095633,C,combined_noise_0.002A_0.003,combined_perturbation,noise,1,20,1,0,0,0,medium::mp-1095633::reference,0.632803188636899
medium,medium,medium::mp-1095633::combined_noise_0.015A_0.003,mp-1095633,mp-1095633,C,combined_noise_0.015A_0.003,combined_perturbation,noise,1,20,1,0,0,0,medium::mp-1095633::reference,0.6322189960628748
medium,medium,medium::mp-1095633::combined_noise_0.050A_0.003,mp-1095633,mp-1095633,C,combined_noise_0.050A_0.003,combined_perturbation,noise,1,20,1,0,0,0,medium::mp-1095633::reference,3.0998163763433695
medium,medium,medium::mp-1095633::combined_noise_0.002A_0.010,mp-1095633,mp-1095633,C,combined_noise_0.002A_0.010,combined_perturbation,noise,1,20,1,0,0,0,medium::mp-1095633::reference,0.6314445156604052
medium,medium,medium::mp-1095633::combined_noise_0.015A_0.010,mp-1095633,mp-1095633,C,combined_noise_0.015A_0.010,combined_perturbation,noise,1,20,1,0,0,0,medium::mp-1095633::reference,0.6337269507348537
medium,medium,medium::mp-1095633::combined_noise_0.050A_0.010,mp-1095633,mp-1095633,C,combined_noise_0.050A_0.010,combined_perturbation,noise,1,20,1,0,0,0,medium::mp-1095633::reference,2.76527813449502
medium,medium,medium::mp-1095633::combined_noise_0.002A_0.030,mp-1095633,mp-1095633,C,combined_noise_0.002A_0.030,combined_perturbation,noise,1,20,1,0,0,0,medium::mp-1095633::reference,0.6639210004359484
medium,medium,medium::mp-1095633::combined_noise_0.015A_0.030,mp-1095633,mp-1095633,C,combined_noise_0.015A_0.030,combined_perturbation,noise,1,20,1,0,0,0,medium::mp-1095633::reference,0.6343824528157711
medium,medium,medium::mp-1095633::combined_noise_0.050A_0.030,mp-1095633,mp-1095633,C,combined_noise_0.050A_0.030,combined_perturbation,noise,1,20,1,0,0,0,medium::mp-1095633::reference,2.509266335517168
medium,medium,medium::mp-1096869::conventional_standard,mp-1096869,mp-1096869,C,conventional_standard,equivalent_transform,no_noise,1,20,1,0,0,0,medium::mp-1096869::reference,3.994319651275873
medium,medium,medium::mp-1096869::niggli_reduced,mp-1096869,mp-1096869,C,niggli_reduced,equivalent_transform,no_noise,1,20,1,0,0,0,medium::mp-1096869::reference,2.4788018204271793
medium,medium,medium::mp-1096869::origin_shifted,mp-1096869,mp-1096869,C,origin_shifted,equivalent_transform,no_noise,1,20,1,0,0,0,medium::mp-1096869::reference,2.3307076301425695
medium,medium,medium::mp-1096869::permuted_sites,mp-1096869,mp-1096869,C,permuted_sites,equivalent_transform,no_noise,1,20,1,0,0,0,medium::mp-1096869::reference,3.4274376574903727
medium,medium,medium::mp-1096869::combined_noise_0.002A_0.003,mp-1096869,mp-1096869,C,combined_noise_0.002A_0.003,combined_perturbation,noise,1,20,1,0,0,0,medium::mp-1096869::reference,2.2776222117245197
medium,medium,medium::mp-1096869::combined_noise_0.015A_0.003,mp-1096869,mp-1096869,C,combined_noise_0.015A_0.003,combined_perturbation,noise,1,20,1,0,0,0,medium::mp-1096869::reference,2.4734313376247883
medium,medium,medium::mp-1096869::combined_noise_0.050A_0.003,mp-1096869,mp-1096869,C,combined_noise_0.050A_0.003,combined_perturbation,noise,1,20,1,0,0,0,medium::mp-1096869::reference,2.245960120111704
medium,medium,medium::mp-1096869::combined_noise_0.002A_0.010,mp-1096869,mp-1096869,C,combined_noise_0.002A_0.010,combined_perturbation,noise,1,20,1,0,0,0,medium::mp-1096869::reference,2.3082434460520744
medium,medium,medium::mp-1096869::combined_noise_0.015A_0.010,mp-1096869,mp-1096869,C,combined_noise_0.015A_0.010,combined_perturbation,noise,1,20,1,0,0,0,medium::mp-1096869::reference,2.3873251266777515
medium,medium,medium::mp-1096869::combined_noise_0.050A_0.010,mp-1096869,mp-1096869,C,combined_noise_0.050A_0.010,combined_perturbation,noise,1,20,1,0,0,0,medium::mp-1096869::reference,2.536545882001519
medium,medium,medium::mp-1096869::combined_noise_0.002A_0.030,mp-1096869,mp-1096869,C,combined_noise_0.002A_0.030,combined_perturbation,noise,1,20,1,0,0,0,medium::mp-1096869::reference,2.395149441435933
medium,medium,medium::mp-1096869::combined_noise_0.015A_0.030,mp-1096869,mp-1096869,C,combined_noise_0.015A_0.030,combined_perturbation,noise,1,20,1,0,0,0,medium::mp-1096869::reference,2.2173016481101513
medium,medium,medium::mp-1096869::combined_noise_0.050A_0.030,mp-1096869,mp-1096869,C,combined_noise_0.050A_0.030,combined_perturbation,noise,1,20,1,0,0,0,medium::mp-1096869::reference,2.2119626700878143
medium,medium,medium::mp-1097832::conventional_standard,mp-1097832,mp-1097832,C,conventional_standard,equivalent_transform,no_noise,1,20,1,0,0,0,medium::mp-1097832::reference,0.49978685565292835
medium,medium,medium::mp-1097832::niggli_reduced,mp-1097832,mp-1097832,C,niggli_reduced,equivalent_transform,no_noise,1,20,1,0,0,0,medium::mp-1097832::reference,0.7135281041264534
medium,medium,medium::mp-1097832::origin_shifted,mp-1097832,mp-1097832,C,origin_shifted,equivalent_transform,no_noise,1,20,1,0,0,0,medium::mp-1097832::reference,0.7307295892387629
medium,medium,medium::mp-1097832::permuted_sites,mp-1097832,mp-1097832,C,permuted_sites,equivalent_transform,no_noise,1,20,1,0,0,0,medium::mp-1097832::reference,1.0997283849865198
medium,medium,medium::mp-1097832::combined_noise_0.002A_0.003,mp-1097832,mp-1097832,C,combined_noise_0.002A_0.003,combined_perturbation,noise,1,20,1,0,0,0,medium::mp-1097832::reference,0.714693246409297
medium,medium,medium::mp-1097832::combined_noise_0.015A_0.003,mp-1097832,mp-1097832,C,combined_noise_0.015A_0.003,combined_perturbation,noise,1,20,1,0,0,0,medium::mp-1097832::reference,0.7160760723054409
medium,medium,medium::mp-1097832::combined_noise_0.050A_0.003,mp-1097832,mp-1097832,C,combined_noise_0.050A_0.003,combined_perturbation,noise,1,20,1,0,0,0,medium::mp-1097832::reference,0.7647071368992329
medium,medium,medium::mp-1097832::combined_noise_0.002A_0.010,mp-1097832,mp-1097832,C,combined_noise_0.002A_0.010,combined_perturbation,noise,1,20,1,0,0,0,medium::mp-1097832::reference,0.6768193282186985
medium,medium,medium::mp-1097832::combined_noise_0.015A_0.010,mp-1097832,mp-1097832,C,combined_noise_0.015A_0.010,combined_perturbation,noise,1,20,1,0,0,0,medium::mp-1097832::reference,0.6996844857931137
medium,medium,medium::mp-1097832::combined_noise_0.050A_0.010,mp-1097832,mp-1097832,C,combined_noise_0.050A_0.010,combined_perturbation,noise,1,20,1,0,0,0,medium::mp-1097832::reference,0.6968654170632362
medium,medium,medium::mp-1097832::combined_noise_0.002A_0.030,mp-1097832,mp-1097832,C,combined_noise_0.002A_0.030,combined_perturbation,noise,1,20,1,0,0,0,medium::mp-1097832::reference,0.6962250806391239
medium,medium,medium::mp-1097832::combined_noise_0.015A_0.030,mp-1097832,mp-1097832,C,combined_noise_0.015A_0.030,combined_perturbation,noise,1,20,1,0,0,0,medium::mp-1097832::reference,0.6810363419353962
medium,medium,medium::mp-1097832::combined_noise_0.050A_0.030,mp-1097832,mp-1097832,C,combined_noise_0.050A_0.030,combined_perturbation,noise,1,20,1,0,0,0,medium::mp-1097832::reference,0.6527955960482359
medium,medium,medium::mp-1181996::conventional_standard,mp-1181996,mp-1181996,C,conventional_standard,equivalent_transform,no_noise,1,20,2,0,1,0,medium::mp-1056957::reference|medium::mp-1181996::reference,2.4888950511813164
medium,medium,medium::mp-1181996::niggli_reduced,mp-1181996,mp-1181996,C,niggli_reduced,equivalent_transform,no_noise,1,20,2,0,1,0,medium::mp-1056957::reference|medium::mp-1181996::reference,2.6949789002537727
medium,medium,medium::mp-1181996::origin_shifted,mp-1181996,mp-1181996,C,origin_shifted,equivalent_transform,no_noise,1,20,2,0,1,0,medium::mp-1056957::reference|medium::mp-1181996::reference,2.7268391977995634
medium,medium,medium::mp-1181996::permuted_sites,mp-1181996,mp-1181996,C,permuted_sites,equivalent_transform,no_noise,1,20,2,0,1,0,medium::mp-1056957::reference|medium::mp-1181996::reference,3.0922410991042852
medium,medium,medium::mp-1181996::combined_noise_0.002A_0.003,mp-1181996,mp-1181996,C,combined_noise_0.002A_0.003,combined_perturbation,noise,1,20,2,0,1,0,medium::mp-1056957::reference|medium::mp-1181996::reference,2.725760992616415
medium,medium,medium::mp-1181996::combined_noise_0.015A_0.003,mp-1181996,mp-1181996,C,combined_noise_0.015A_0.003,combined_perturbation,noise,1,20,2,0,1,0,medium::mp-1056957::reference|medium::mp-1181996::reference,2.6480127815157175
medium,medium,medium::mp-1181996::combined_noise_0.050A_0.003,mp-1181996,mp-1181996,C,combined_noise_0.050A_0.003,combined_perturbation,noise,1,20,2,0,1,0,medium::mp-1056957::reference|medium::mp-1181996::reference,2.6731760259717703
medium,medium,medium::mp-1181996::combined_noise_0.002A_0.010,mp-1181996,mp-1181996,C,combined_noise_0.002A_0.010,combined_perturbation,noise,1,20,2,0,1,0,medium::mp-1056957::reference|medium::mp-1181996::reference,2.6714182402938604
medium,medium,medium::mp-1181996::combined_noise_0.015A_0.010,mp-1181996,mp-1181996,C,combined_noise_0.015A_0.010,combined_perturbation,noise,1,20,2,0,1,0,medium::mp-1056957::reference|medium::mp-1181996::reference,2.730732910335064
medium,medium,medium::mp-1181996::combined_noise_0.050A_0.010,mp-1181996,mp-1181996,C,combined_noise_0.050A_0.010,combined_perturbation,noise,1,20,2,0,1,0,medium::mp-1056957::reference|medium::mp-1181996::reference,2.6594123989343643
medium,medium,medium::mp-1181996::combined_noise_0.002A_0.030,mp-1181996,mp-1181996,C,combined_noise_0.002A_0.030,combined_perturbation,noise,1,20,2,0,1,0,medium::mp-1056957::reference|medium::mp-1181996::reference,2.3368730135262012
medium,medium,medium::mp-1181996::combined_noise_0.015A_0.030,mp-1181996,mp-1181996,C,combined_noise_0.015A_0.030,combined_perturbation,noise,1,20,2,0,1,0,medium::mp-1056957::reference|medium::mp-1181996::reference,2.673754518851638
medium,medium,medium::mp-1181996::combined_noise_0.050A_0.030,mp-1181996,mp-1181996,C,combined_noise_0.050A_0.030,combined_perturbation,noise,1,20,2,0,1,0,medium::mp-1056957::reference|medium::mp-1181996::reference,2.8112803753465414
medium,medium,medium::mp-1182029::conventional_standard,mp-1182029,mp-1182029,C,conventional_standard,equivalent_transform,no_noise,1,20,1,0,0,0,medium::mp-1182029::reference,2.3562259282916784
medium,medium,medium::mp-1182029::niggli_reduced,mp-1182029,mp-1182029,C,niggli_reduced,equivalent_transform,no_noise,1,20,1,0,0,0,medium::mp-1182029::reference,2.5788669772446156
medium,medium,medium::mp-1182029::origin_shifted,mp-1182029,mp-1182029,C,origin_shifted,equivalent_transform,no_noise,1,20,1,0,0,0,medium::mp-1182029::reference,2.599378725513816
medium,medium,medium::mp-1182029::permuted_sites,mp-1182029,mp-1182029,C,permuted_sites,equivalent_transform,no_noise,1,20,1,0,0,0,medium::mp-1182029::reference,3.025640171021223
medium,medium,medium::mp-1182029::combined_noise_0.002A_0.003,mp-1182029,mp-1182029,C,combined_noise_0.002A_0.003,combined_perturbation,noise,1,20,1,0,0,0,medium::mp-1182029::reference,2.5789226051419973
medium,medium,medium::mp-1182029::combined_noise_0.015A_0.003,mp-1182029,mp-1182029,C,combined_noise_0.015A_0.003,combined_perturbation,noise,1,20,1,0,0,0,medium::mp-1182029::reference,2.548776112496853
medium,medium,medium::mp-1182029::combined_noise_0.050A_0.003,mp-1182029,mp-1182029,C,combined_noise_0.050A_0.003,combined_perturbation,noise,1,20,1,0,0,0,medium::mp-1182029::reference,2.5544565934687853
medium,medium,medium::mp-1182029::combined_noise_0.002A_0.010,mp-1182029,mp-1182029,C,combined_noise_0.002A_0.010,combined_perturbation,noise,1,20,1,0,0,0,medium::mp-1182029::reference,2.5479561500251293
medium,medium,medium::mp-1182029::combined_noise_0.015A_0.010,mp-1182029,mp-1182029,C,combined_noise_0.015A_0.010,combined_perturbation,noise,1,20,1,0,0,0,medium::mp-1182029::reference,2.5808124523609877
medium,medium,medium::mp-1182029::combined_noise_0.050A_0.010,mp-1182029,mp-1182029,C,combined_noise_0.050A_0.010,combined_perturbation,noise,1,20,1,0,0,0,medium::mp-1182029::reference,2.500783432275057
medium,medium,medium::mp-1182029::combined_noise_0.002A_0.030,mp-1182029,mp-1182029,C,combined_noise_0.002A_0.030,combined_perturbation,noise,1,20,1,0,0,0,medium::mp-1182029::reference,2.539330430328846
medium,medium,medium::mp-1182029::combined_noise_0.015A_0.030,mp-1182029,mp-1182029,C,combined_noise_0.015A_0.030,combined_perturbation,noise,1,20,1,0,0,0,medium::mp-1182029::reference,2.559848040342331
medium,medium,medium::mp-1182029::combined_noise_0.050A_0.030,mp-1182029,mp-1182029,C,combined_noise_0.050A_0.030,combined_perturbation,noise,1,20,1,0,0,0,medium::mp-1182029::reference,2.504973765462637
medium,medium,medium::mp-1182684::conventional_standard,mp-1182684,mp-1182684,C,conventional_standard,equivalent_transform,no_noise,1,20,1,0,0,0,medium::mp-1182684::reference,5.002742134034634
medium,medium,medium::mp-1182684::niggli_reduced,mp-1182684,mp-1182684,C,niggli_reduced,equivalent_transform,no_noise,1,20,1,0,0,0,medium::mp-1182684::reference,4.982165474444628
medium,medium,medium::mp-1182684::origin_shifted,mp-1182684,mp-1182684,C,origin_shifted,equivalent_transform,no_noise,1,20,1,0,0,0,medium::mp-1182684::reference,4.905889175832272
medium,medium,medium::mp-1182684::permuted_sites,mp-1182684,mp-1182684,C,permuted_sites,equivalent_transform,no_noise,1,20,1,0,0,0,medium::mp-1182684::reference,6.459224941208959
medium,medium,medium::mp-1182684::combined_noise_0.002A_0.003,mp-1182684,mp-1182684,C,combined_noise_0.002A_0.003,combined_perturbation,noise,1,20,1,0,0,0,medium::mp-1182684::reference,4.605230653658509
medium,medium,medium::mp-1182684::combined_noise_0.015A_0.003,mp-1182684,mp-1182684,C,combined_noise_0.015A_0.003,combined_perturbation,noise,1,20,1,0,0,0,medium::mp-1182684::reference,4.85007843747735
medium,medium,medium::mp-1182684::combined_noise_0.050A_0.003,mp-1182684,mp-1182684,C,combined_noise_0.050A_0.003,combined_perturbation,noise,1,20,1,0,0,0,medium::mp-1182684::reference,4.689482681453228
medium,medium,medium::mp-1182684::combined_noise_0.002A_0.010,mp-1182684,mp-1182684,C,combined_noise_0.002A_0.010,combined_perturbation,noise,1,20,1,0,0,0,medium::mp-1182684::reference,4.842225467786193
medium,medium,medium::mp-1182684::combined_noise_0.015A_0.010,mp-1182684,mp-1182684,C,combined_noise_0.015A_0.010,combined_perturbation,noise,1,20,1,0,0,0,medium::mp-1182684::reference,4.8910477459430695
medium,medium,medium::mp-1182684::combined_noise_0.050A_0.010,mp-1182684,mp-1182684,C,combined_noise_0.050A_0.010,combined_perturbation,noise,1,20,1,0,0,0,medium::mp-1182684::reference,4.714346440508962
medium,medium,medium::mp-1182684::combined_noise_0.002A_0.030,mp-1182684,mp-1182684,C,combined_noise_0.002A_0.030,combined_perturbation,noise,1,20,1,0,0,0,medium::mp-1182684::reference,4.943617852404714
medium,medium,medium::mp-1182684::combined_noise_0.015A_0.030,mp-1182684,mp-1182684,C,combined_noise_0.015A_0.030,combined_perturbation,noise,1,20,1,0,0,0,medium::mp-1182684::reference,4.8187658451497555
medium,medium,medium::mp-1182684::combined_noise_0.050A_0.030,mp-1182684,mp-1182684,C,combined_noise_0.050A_0.030,combined_perturbation,noise,1,20,1,0,0,0,medium::mp-1182684::reference,4.9232038538903
medium,medium,medium::mp-1188817::conventional_standard,mp-1188817,mp-1188817,C,conventional_standard,equivalent_transform,no_noise,1,20,1,0,0,0,medium::mp-1188817::reference,0.7069226484745741
medium,medium,medium::mp-1188817::niggli_reduced,mp-1188817,mp-1188817,C,niggli_reduced,equivalent_transform,no_noise,1,20,1,0,0,0,medium::mp-1188817::reference,0.8800136037170887
medium,medium,medium::mp-1188817::origin_shifted,mp-1188817,mp-1188817,C,origin_shifted,equivalent_transform,no_noise,1,20,1,0,0,0,medium::mp-1188817::reference,0.8996094670146704
medium,medium,medium::mp-1188817::permuted_sites,mp-1188817,mp-1188817,C,permuted_sites,equivalent_transform,no_noise,1,20,1,0,0,0,medium::mp-1188817::reference,1.2697653900831938
medium,medium,medium::mp-1188817::combined_noise_0.002A_0.003,mp-1188817,mp-1188817,C,combined_noise_0.002A_0.003,combined_perturbation,noise,1,20,1,0,0,0,medium::mp-1188817::reference,0.887212784960866
medium,medium,medium::mp-1188817::combined_noise_0.015A_0.003,mp-1188817,mp-1188817,C,combined_noise_0.015A_0.003,combined_perturbation,noise,1,20,1,0,0,0,medium::mp-1188817::reference,0.9004327598959208
medium,medium,medium::mp-1188817::combined_noise_0.050A_0.003,mp-1188817,mp-1188817,C,combined_noise_0.050A_0.003,combined_perturbation,noise,1,20,1,0,0,0,medium::mp-1188817::reference,0.8479370940476656
medium,medium,medium::mp-1188817::combined_noise_0.002A_0.010,mp-1188817,mp-1188817,C,combined_noise_0.002A_0.010,combined_perturbation,noise,1,20,1,0,0,0,medium::mp-1188817::reference,0.8824325483292341
medium,medium,medium::mp-1188817::combined_noise_0.015A_0.010,mp-1188817,mp-1188817,C,combined_noise_0.015A_0.010,combined_perturbation,noise,1,20,1,0,0,0,medium::mp-1188817::reference,0.8799397628754377
medium,medium,medium::mp-1188817::combined_noise_0.050A_0.010,mp-1188817,mp-1188817,C,combined_noise_0.050A_0.010,combined_perturbation,noise,1,20,1,0,0,0,medium::mp-1188817::reference,0.8586458712816238
medium,medium,medium::mp-1188817::combined_noise_0.002A_0.030,mp-1188817,mp-1188817,C,combined_noise_0.002A_0.030,combined_perturbation,noise,1,20,1,0,0,0,medium::mp-1188817::reference,0.8010344579815865
medium,medium,medium::mp-1188817::combined_noise_0.015A_0.030,mp-1188817,mp-1188817,C,combined_noise_0.015A_0.030,combined_perturbation,noise,1,20,1,0,0,0,medium::mp-1188817::reference,0.7858526278287172
medium,medium,medium::mp-1188817::combined_noise_0.050A_0.030,mp-1188817,mp-1188817,C,combined_noise_0.050A_0.030,combined_perturbation,noise,1,20,1,0,0,0,medium::mp-1188817::reference,0.7817234937101603
medium,medium,medium::mp-1190171::conventional_standard,mp-1190171,mp-1190171,C,conventional_standard,equivalent_transform,no_noise,1,20,1,0,0,0,medium::mp-1190171::reference,0.43063132278621197
medium,medium,medium::mp-1190171::niggli_reduced,mp-1190171,mp-1190171,C,niggli_reduced,equivalent_transform,no_noise,1,20,1,0,0,0,medium::mp-1190171::reference,0.6742452029138803
medium,medium,medium::mp-1190171::origin_shifted,mp-1190171,mp-1190171,C,origin_shifted,equivalent_transform,no_noise,1,20,1,0,0,0,medium::mp-1190171::reference,0.698727123439312
medium,medium,medium::mp-1190171::permuted_sites,mp-1190171,mp-1190171,C,permuted_sites,equivalent_transform,no_noise,1,20,1,0,0,0,medium::mp-1190171::reference,1.227873306721449
medium,medium,medium::mp-1190171::combined_noise_0.002A_0.003,mp-1190171,mp-1190171,C,combined_noise_0.002A_0.003,combined_perturbation,noise,1,20,1,0,0,0,medium::mp-1190171::reference,0.8567472249269485
medium,medium,medium::mp-1190171::combined_noise_0.015A_0.003,mp-1190171,mp-1190171,C,combined_noise_0.015A_0.003,combined_perturbation,noise,1,20,1,0,0,0,medium::mp-1190171::reference,0.7144900280982256
medium,medium,medium::mp-1190171::combined_noise_0.050A_0.003,mp-1190171,mp-1190171,C,combined_noise_0.050A_0.003,combined_perturbation,noise,1,20,1,0,0,0,medium::mp-1190171::reference,0.6792753599584103
medium,medium,medium::mp-1190171::combined_noise_0.002A_0.010,mp-1190171,mp-1190171,C,combined_noise_0.002A_0.010,combined_perturbation,noise,1,20,1,0,0,0,medium::mp-1190171::reference,0.6657573934644461
medium,medium,medium::mp-1190171::combined_noise_0.015A_0.010,mp-1190171,mp-1190171,C,combined_noise_0.015A_0.010,combined_perturbation,noise,1,20,1,0,0,0,medium::mp-1190171::reference,0.6807626634836197
medium,medium,medium::mp-1190171::combined_noise_0.050A_0.010,mp-1190171,mp-1190171,C,combined_noise_0.050A_0.010,combined_perturbation,noise,1,20,1,0,0,0,medium::mp-1190171::reference,0.687269413843751
medium,medium,medium::mp-1190171::combined_noise_0.002A_0.030,mp-1190171,mp-1190171,C,combined_noise_0.002A_0.030,combined_perturbation,noise,1,20,1,0,0,0,medium::mp-1190171::reference,0.6792336776852608
medium,medium,medium::mp-1190171::combined_noise_0.015A_0.030,mp-1190171,mp-1190171,C,combined_noise_0.015A_0.030,combined_perturbation,noise,1,20,1,0,0,0,medium::mp-1190171::reference,0.6786910351365805
medium,medium,medium::mp-1190171::combined_noise_0.050A_0.030,mp-1190171,mp-1190171,C,combined_noise_0.050A_0.030,combined_perturbation,noise,1,20,1,0,0,0,medium::mp-1190171::reference,1.6683456860482693
medium,medium,medium::mp-1192619::conventional_standard,mp-1192619,mp-1192619,C,conventional_standard,equivalent_transform,no_noise,1,20,1,0,0,0,medium::mp-1192619::reference,0.8201222997158766
medium,medium,medium::mp-1192619::niggli_reduced,mp-1192619,mp-1192619,C,niggli_reduced,equivalent_transform,no_noise,1,20,1,0,0,0,medium::mp-1192619::reference,0.8368258364498615
medium,medium,medium::mp-1192619::origin_shifted,mp-1192619,mp-1192619,C,origin_shifted,equivalent_transform,no_noise,1,20,1,0,0,0,medium::mp-1192619::reference,0.8492392264306545
medium,medium,medium::mp-1192619::permuted_sites,mp-1192619,mp-1192619,C,permuted_sites,equivalent_transform,no_noise,1,20,1,0,0,0,medium::mp-1192619::reference,1.6163835991173983
medium,medium,medium::mp-1192619::combined_noise_0.002A_0.003,mp-1192619,mp-1192619,C,combined_noise_0.002A_0.003,combined_perturbation,noise,1,20,1,0,0,0,medium::mp-1192619::reference,0.8189892787486315
medium,medium,medium::mp-1192619::combined_noise_0.015A_0.003,mp-1192619,mp-1192619,C,combined_noise_0.015A_0.003,combined_perturbation,noise,1,20,1,0,0,0,medium::mp-1192619::reference,0.8263851124793291
medium,medium,medium::mp-1192619::combined_noise_0.050A_0.003,mp-1192619,mp-1192619,C,combined_noise_0.050A_0.003,combined_perturbation,noise,1,20,1,0,0,0,medium::mp-1192619::reference,1.604453582316637
medium,medium,medium::mp-1192619::combined_noise_0.002A_0.010,mp-1192619,mp-1192619,C,combined_noise_0.002A_0.010,combined_perturbation,noise,1,20,1,0,0,0,medium::mp-1192619::reference,0.920255396515131
medium,medium,medium::mp-1192619::combined_noise_0.015A_0.010,mp-1192619,mp-1192619,C,combined_noise_0.015A_0.010,combined_perturbation,noise,1,20,1,0,0,0,medium::mp-1192619::reference,0.8788625989109278
medium,medium,medium::mp-1192619::combined_noise_0.050A_0.010,mp-1192619,mp-1192619,C,combined_noise_0.050A_0.010,combined_perturbation,noise,1,20,1,0,0,0,medium::mp-1192619::reference,1.5722453631460667
medium,medium,medium::mp-1192619::combined_noise_0.002A_0.030,mp-1192619,mp-1192619,C,combined_noise_0.002A_0.030,combined_perturbation,noise,1,20,1,0,0,0,medium::mp-1192619::reference,0.9413092657923698
medium,medium,medium::mp-1192619::combined_noise_0.015A_0.030,mp-1192619,mp-1192619,C,combined_noise_0.015A_0.030,combined_perturbation,noise,1,20,1,0,0,0,medium::mp-1192619::reference,0.9858221653848886
medium,medium,medium::mp-1192619::combined_noise_0.050A_0.030,mp-1192619,mp-1192619,C,combined_noise_0.050A_0.030,combined_perturbation,noise,1,20,1,0,0,0,medium::mp-1192619::reference,1.6108965128660202
medium,medium,medium::mp-1196857::conventional_standard,mp-1196857,mp-1196857,C,conventional_standard,equivalent_transform,no_noise,1,20,1,0,0,0,medium::mp-1196857::reference,1.7490162570029497
medium,medium,medium::mp-1196857::niggli_reduced,mp-1196857,mp-1196857,C,niggli_reduced,equivalent_transform,no_noise,1,20,1,0,0,0,medium::mp-1196857::reference,1.7511179335415363
medium,medium,medium::mp-1196857::origin_shifted,mp-1196857,mp-1196857,C,origin_shifted,equivalent_transform,no_noise,1,20,1,0,0,0,medium::mp-1196857::reference,1.753133749589324
medium,medium,medium::mp-1196857::permuted_sites,mp-1196857,mp-1196857,C,permuted_sites,equivalent_transform,no_noise,1,20,1,0,0,0,medium::mp-1196857::reference,2.203580630943179
medium,medium,medium::mp-1196857::combined_noise_0.002A_0.003,mp-1196857,mp-1196857,C,combined_noise_0.002A_0.003,combined_perturbation,noise,1,20,1,0,0,0,medium::mp-1196857::reference,1.5549495555460453
medium,medium,medium::mp-1196857::combined_noise_0.015A_0.003,mp-1196857,mp-1196857,C,combined_noise_0.015A_0.003,combined_perturbation,noise,1,20,1,0,0,0,medium::mp-1196857::reference,1.5582339372485876
medium,medium,medium::mp-1196857::combined_noise_0.050A_0.003,mp-1196857,mp-1196857,C,combined_noise_0.050A_0.003,combined_perturbation,noise,1,20,1,0,0,0,medium::mp-1196857::reference,1.5039734076708555
medium,medium,medium::mp-1196857::combined_noise_0.002A_0.010,mp-1196857,mp-1196857,C,combined_noise_0.002A_0.010,combined_perturbation,noise,1,20,1,0,0,0,medium::mp-1196857::reference,1.7504286915063858
medium,medium,medium::mp-1196857::combined_noise_0.015A_0.010,mp-1196857,mp-1196857,C,combined_noise_0.015A_0.010,combined_perturbation,noise,1,20,1,0,0,0,medium::mp-1196857::reference,1.5523020159453154
medium,medium,medium::mp-1196857::combined_noise_0.050A_0.010,mp-1196857,mp-1196857,C,combined_noise_0.050A_0.010,combined_perturbation,noise,1,20,1,0,0,0,medium::mp-1196857::reference,1.5448020715266466
medium,medium,medium::mp-1196857::combined_noise_0.002A_0.030,mp-1196857,mp-1196857,C,combined_noise_0.002A_0.030,combined_perturbation,noise,1,20,1,0,0,0,medium::mp-1196857::reference,1.4227163754403591
medium,medium,medium::mp-1196857::combined_noise_0.015A_0.030,mp-1196857,mp-1196857,C,combined_noise_0.015A_0.030,combined_perturbation,noise,1,20,1,0,0,0,medium::mp-1196857::reference,1.5306876339018345
medium,medium,medium::mp-1196857::combined_noise_0.050A_0.030,mp-1196857,mp-1196857,C,combined_noise_0.050A_0.030,combined_perturbation,noise,1,20,1,0,0,0,medium::mp-1196857::reference,1.538599830120802
medium,medium,medium::mp-1197903::conventional_standard,mp-1197903,mp-1197903,C,conventional_standard,equivalent_transform,no_noise,1,20,1,0,0,0,medium::mp-1197903::reference,5.303353600203991
medium,medium,medium::mp-1197903::niggli_reduced,mp-1197903,mp-1197903,C,niggli_reduced,equivalent_transform,no_noise,1,20,1,0,0,0,medium::mp-1197903::reference,5.298547493293881
medium,medium,medium::mp-1197903::origin_shifted,mp-1197903,mp-1197903,C,origin_shifted,equivalent_transform,no_noise,1,20,1,0,0,0,medium::mp-1197903::reference,5.267913229763508
medium,medium,medium::mp-1197903::permuted_sites,mp-1197903,mp-1197903,C,permuted_sites,equivalent_transform,no_noise,1,20,1,0,0,0,medium::mp-1197903::reference,6.676005724817514
medium,medium,medium::mp-1197903::combined_noise_0.002A_0.003,mp-1197903,mp-1197903,C,combined_noise_0.002A_0.003,combined_perturbation,noise,1,20,1,0,0,0,medium::mp-1197903::reference,5.542884733527899
medium,medium,medium::mp-1197903::combined_noise_0.015A_0.003,mp-1197903,mp-1197903,C,combined_noise_0.015A_0.003,combined_perturbation,noise,1,20,1,0,0,0,medium::mp-1197903::reference,4.954178838059306
medium,medium,medium::mp-1197903::combined_noise_0.050A_0.003,mp-1197903,mp-1197903,C,combined_noise_0.050A_0.003,combined_perturbation,noise,1,20,1,0,0,0,medium::mp-1197903::reference,5.180194664746523
medium,medium,medium::mp-1197903::combined_noise_0.002A_0.010,mp-1197903,mp-1197903,C,combined_noise_0.002A_0.010,combined_perturbation,noise,1,20,1,0,0,0,medium::mp-1197903::reference,5.2700636480003595
medium,medium,medium::mp-1197903::combined_noise_0.015A_0.010,mp-1197903,mp-1197903,C,combined_noise_0.015A_0.010,combined_perturbation,noise,1,20,1,0,0,0,medium::mp-1197903::reference,5.239407129585743
medium,medium,medium::mp-1197903::combined_noise_0.050A_0.010,mp-1197903,mp-1197903,C,combined_noise_0.050A_0.010,combined_perturbation,noise,1,20,1,0,0,0,medium::mp-1197903::reference,5.084753096103668
medium,medium,medium::mp-1197903::combined_noise_0.002A_0.030,mp-1197903,mp-1197903,C,combined_noise_0.002A_0.030,combined_perturbation,noise,1,20,1,0,0,0,medium::mp-1197903::reference,5.553613821044564
medium,medium,medium::mp-1197903::combined_noise_0.015A_0.030,mp-1197903,mp-1197903,C,combined_noise_0.015A_0.030,combined_perturbation,noise,1,20,1,0,0,0,medium::mp-1197903::reference,5.326514272019267
medium,medium,medium::mp-1197903::combined_noise_0.050A_0.030,mp-1197903,mp-1197903,C,combined_noise_0.050A_0.030,combined_perturbation,noise,1,20,1,0,0,0,medium::mp-1197903::reference,5.278757024556398
medium,medium,medium::mp-1205417::conventional_standard,mp-1205417,mp-1205417,C,conventional_standard,equivalent_transform,no_noise,1,20,1,0,0,0,medium::mp-1205417::reference,0.6395245343446732
medium,medium,medium::mp-1205417::niggli_reduced,mp-1205417,mp-1205417,C,niggli_reduced,equivalent_transform,no_noise,1,20,1,0,0,0,medium::mp-1205417::reference,0.6387468427419662
medium,medium,medium::mp-1205417::origin_shifted,mp-1205417,mp-1205417,C,origin_shifted,equivalent_transform,no_noise,1,20,1,0,0,0,medium::mp-1205417::reference,0.6571977771818638
medium,medium,medium::mp-1205417::permuted_sites,mp-1205417,mp-1205417,C,permuted_sites,equivalent_transform,no_noise,1,20,1,0,0,0,medium::mp-1205417::reference,1.0287246238440275
medium,medium,medium::mp-1205417::combined_noise_0.002A_0.003,mp-1205417,mp-1205417,C,combined_noise_0.002A_0.003,combined_perturbation,noise,1,20,1,0,0,0,medium::mp-1205417::reference,0.6401327848434448
medium,medium,medium::mp-1205417::combined_noise_0.015A_0.003,mp-1205417,mp-1205417,C,combined_noise_0.015A_0.003,combined_perturbation,noise,1,20,1,0,0,0,medium::mp-1205417::reference,0.6412880122661591
medium,medium,medium::mp-1205417::combined_noise_0.050A_0.003,mp-1205417,mp-1205417,C,combined_noise_0.050A_0.003,combined_perturbation,noise,1,20,1,0,0,0,medium::mp-1205417::reference,0.9898402374237776
medium,medium,medium::mp-1205417::combined_noise_0.002A_0.010,mp-1205417,mp-1205417,C,combined_noise_0.002A_0.010,combined_perturbation,noise,1,20,1,0,0,0,medium::mp-1205417::reference,0.6397934462875128
medium,medium,medium::mp-1205417::combined_noise_0.015A_0.010,mp-1205417,mp-1205417,C,combined_noise_0.015A_0.010,combined_perturbation,noise,1,20,1,0,0,0,medium::mp-1205417::reference,0.642225094139576
medium,medium,medium::mp-1205417::combined_noise_0.050A_0.010,mp-1205417,mp-1205417,C,combined_noise_0.050A_0.010,combined_perturbation,noise,1,20,1,0,0,0,medium::mp-1205417::reference,1.0142266862094402
medium,medium,medium::mp-1205417::combined_noise_0.002A_0.030,mp-1205417,mp-1205417,C,combined_noise_0.002A_0.030,combined_perturbation,noise,1,20,1,0,0,0,medium::mp-1205417::reference,0.629936134442687
medium,medium,medium::mp-1205417::combined_noise_0.015A_0.030,mp-1205417,mp-1205417,C,combined_noise_0.015A_0.030,combined_perturbation,noise,1,20,1,0,0,0,medium::mp-1205417::reference,0.6347156688570976
medium,medium,medium::mp-1205417::combined_noise_0.050A_0.030,mp-1205417,mp-1205417,C,combined_noise_0.050A_0.030,combined_perturbation,noise,1,20,1,0,0,0,medium::mp-1205417::reference,1.0206194277852774
medium,medium,medium::mp-10064::conventional_standard,mp-10064,mp-10064,SiO2,conventional_standard,equivalent_transform,no_noise,1,20,1,0,0,0,medium::mp-10064::reference,0.6587377414107323
medium,medium,medium::mp-10064::niggli_reduced,mp-10064,mp-10064,SiO2,niggli_reduced,equivalent_transform,no_noise,1,20,1,0,0,0,medium::mp-10064::reference,0.9146727118641138
medium,medium,medium::mp-10064::origin_shifted,mp-10064,mp-10064,SiO2,origin_shifted,equivalent_transform,no_noise,1,20,1,0,0,0,medium::mp-10064::reference,0.9224321208894253
medium,medium,medium::mp-10064::permuted_sites,mp-10064,mp-10064,SiO2,permuted_sites,equivalent_transform,no_noise,1,20,1,0,0,0,medium::mp-10064::reference,1.2049208618700504
medium,medium,medium::mp-10064::combined_noise_0.002A_0.003,mp-10064,mp-10064,SiO2,combined_noise_0.002A_0.003,combined_perturbation,noise,1,20,1,0,0,0,medium::mp-10064::reference,0.8926370702683926
medium,medium,medium::mp-10064::combined_noise_0.015A_0.003,mp-10064,mp-10064,SiO2,combined_noise_0.015A_0.003,combined_perturbation,noise,1,20,1,0,0,0,medium::mp-10064::reference,0.48190439864993095
medium,medium,medium::mp-10064::combined_noise_0.050A_0.003,mp-10064,mp-10064,SiO2,combined_noise_0.050A_0.003,combined_perturbation,noise,1,20,1,0,0,0,medium::mp-10064::reference,0.48254990950226784
medium,medium,medium::mp-10064::combined_noise_0.002A_0.010,mp-10064,mp-10064,SiO2,combined_noise_0.002A_0.010,combined_perturbation,noise,1,20,1,0,0,0,medium::mp-10064::reference,0.9103522282093763
medium,medium,medium::mp-10064::combined_noise_0.015A_0.010,mp-10064,mp-10064,SiO2,combined_noise_0.015A_0.010,combined_perturbation,noise,1,20,1,0,0,0,medium::mp-10064::reference,0.48094285652041435
medium,medium,medium::mp-10064::combined_noise_0.050A_0.010,mp-10064,mp-10064,SiO2,combined_noise_0.050A_0.010,combined_perturbation,noise,1,20,1,0,0,0,medium::mp-10064::reference,0.5001388527452946
medium,medium,medium::mp-10064::combined_noise_0.002A_0.030,mp-10064,mp-10064,SiO2,combined_noise_0.002A_0.030,combined_perturbation,noise,1,20,1,0,0,0,medium::mp-10064::reference,0.8950285483151674
medium,medium,medium::mp-10064::combined_noise_0.015A_0.030,mp-10064,mp-10064,SiO2,combined_noise_0.015A_0.030,combined_perturbation,noise,1,20,1,0,0,0,medium::mp-10064::reference,0.48058028519153595
medium,medium,medium::mp-10064::combined_noise_0.050A_0.030,mp-10064,mp-10064,SiO2,combined_noise_0.050A_0.030,combined_perturbation,noise,1,20,1,0,0,0,medium::mp-10064::reference,0.4864448644220829
medium,medium,medium::mp-1021503::conventional_standard,mp-1021503,mp-1021503,SiO2,conventional_standard,equivalent_transform,no_noise,1,20,1,0,0,0,medium::mp-1021503::reference,0.40858649276196957
medium,medium,medium::mp-1021503::niggli_reduced,mp-1021503,mp-1021503,SiO2,niggli_reduced,equivalent_transform,no_noise,1,20,1,0,0,0,medium::mp-1021503::reference,0.7234646938741207
medium,medium,medium::mp-1021503::origin_shifted,mp-1021503,mp-1021503,SiO2,origin_shifted,equivalent_transform,no_noise,1,20,1,0,0,0,medium::mp-1021503::reference,0.5983973070979118
medium,medium,medium::mp-1021503::permuted_sites,mp-1021503,mp-1021503,SiO2,permuted_sites,equivalent_transform,no_noise,1,20,1,0,0,0,medium::mp-1021503::reference,0.9194248206913471
medium,medium,medium::mp-1021503::combined_noise_0.002A_0.003,mp-1021503,mp-1021503,SiO2,combined_noise_0.002A_0.003,combined_perturbation,noise,1,20,1,0,0,0,medium::mp-1021503::reference,0.5895067397505045
medium,medium,medium::mp-1021503::combined_noise_0.015A_0.003,mp-1021503,mp-1021503,SiO2,combined_noise_0.015A_0.003,combined_perturbation,noise,1,20,1,0,0,0,medium::mp-1021503::reference,0.5918487049639225
medium,medium,medium::mp-1021503::combined_noise_0.050A_0.003,mp-1021503,mp-1021503,SiO2,combined_noise_0.050A_0.003,combined_perturbation,noise,1,20,1,0,0,0,medium::mp-1021503::reference,0.5883182920515537
medium,medium,medium::mp-1021503::combined_noise_0.002A_0.010,mp-1021503,mp-1021503,SiO2,combined_noise_0.002A_0.010,combined_perturbation,noise,1,20,1,0,0,0,medium::mp-1021503::reference,0.5971031039953232
medium,medium,medium::mp-1021503::combined_noise_0.015A_0.010,mp-1021503,mp-1021503,SiO2,combined_noise_0.015A_0.010,combined_perturbation,noise,1,20,1,0,0,0,medium::mp-1021503::reference,0.5961792077869177
medium,medium,medium::mp-1021503::combined_noise_0.050A_0.010,mp-1021503,mp-1021503,SiO2,combined_noise_0.050A_0.010,combined_perturbation,noise,1,20,1,0,0,0,medium::mp-1021503::reference,0.5907411929219961
medium,medium,medium::mp-1021503::combined_noise_0.002A_0.030,mp-1021503,mp-1021503,SiO2,combined_noise_0.002A_0.030,combined_perturbation,noise,1,20,1,0,0,0,medium::mp-1021503::reference,0.6356881950050592
medium,medium,medium::mp-1021503::combined_noise_0.015A_0.030,mp-1021503,mp-1021503,SiO2,combined_noise_0.015A_0.030,combined_perturbation,noise,1,20,1,0,0,0,medium::mp-1021503::reference,0.5920827444642782
medium,medium,medium::mp-1021503::combined_noise_0.050A_0.030,mp-1021503,mp-1021503,SiO2,combined_noise_0.050A_0.030,combined_perturbation,noise,1,20,1,0,0,0,medium::mp-1021503::reference,0.5862437076866627
medium,medium,medium::mp-1071820::conventional_standard,mp-1071820,mp-1071820,SiO2,conventional_standard,equivalent_transform,no_noise,1,20,1,0,0,0,medium::mp-1071820::reference,0.40962971933186054
medium,medium,medium::mp-1071820::niggli_reduced,mp-1071820,mp-1071820,SiO2,niggli_reduced,equivalent_transform,no_noise,1,20,1,0,0,0,medium::mp-1071820::reference,0.5828181840479374
medium,medium,medium::mp-1071820::origin_shifted,mp-1071820,mp-1071820,SiO2,origin_shifted,equivalent_transform,no_noise,1,20,1,0,0,0,medium::mp-1071820::reference,0.5919852275401354
medium,medium,medium::mp-1071820::permuted_sites,mp-1071820,mp-1071820,SiO2,permuted_sites,equivalent_transform,no_noise,1,20,1,0,0,0,medium::mp-1071820::reference,0.911042720079422
medium,medium,medium::mp-1071820::combined_noise_0.002A_0.003,mp-1071820,mp-1071820,SiO2,combined_noise_0.002A_0.003,combined_perturbation,noise,1,20,1,0,0,0,medium::mp-1071820::reference,0.5817994438111782
medium,medium,medium::mp-1071820::combined_noise_0.015A_0.003,mp-1071820,mp-1071820,SiO2,combined_noise_0.015A_0.003,combined_perturbation,noise,1,20,1,0,0,0,medium::mp-1071820::reference,0.5800648164004087
medium,medium,medium::mp-1071820::combined_noise_0.050A_0.003,mp-1071820,mp-1071820,SiO2,combined_noise_0.050A_0.003,combined_perturbation,noise,1,20,1,0,0,0,medium::mp-1071820::reference,0.5893417280167341
medium,medium,medium::mp-1071820::combined_noise_0.002A_0.010,mp-1071820,mp-1071820,SiO2,combined_noise_0.002A_0.010,combined_perturbation,noise,1,20,1,0,0,0,medium::mp-1071820::reference,0.578894603997469
medium,medium,medium::mp-1071820::combined_noise_0.015A_0.010,mp-1071820,mp-1071820,SiO2,combined_noise_0.015A_0.010,combined_perturbation,noise,1,20,1,0,0,0,medium::mp-1071820::reference,0.5677183158695698
medium,medium,medium::mp-1071820::combined_noise_0.050A_0.010,mp-1071820,mp-1071820,SiO2,combined_noise_0.050A_0.010,combined_perturbation,noise,1,20,1,0,0,0,medium::mp-1071820::reference,0.5769538972526789
medium,medium,medium::mp-1071820::combined_noise_0.002A_0.030,mp-1071820,mp-1071820,SiO2,combined_noise_0.002A_0.030,combined_perturbation,noise,1,20,1,0,0,0,medium::mp-1071820::reference,0.5973999947309494
medium,medium,medium::mp-1071820::combined_noise_0.015A_0.030,mp-1071820,mp-1071820,SiO2,combined_noise_0.015A_0.030,combined_perturbation,noise,1,20,1,0,0,0,medium::mp-1071820::reference,0.5743011478334665
medium,medium,medium::mp-1071820::combined_noise_0.050A_0.030,mp-1071820,mp-1071820,SiO2,combined_noise_0.050A_0.030,combined_perturbation,noise,1,20,1,0,0,0,medium::mp-1071820::reference,0.545316781848669
medium,medium,medium::mp-10851::conventional_standard,mp-10851,mp-10851,SiO2,conventional_standard,equivalent_transform,no_noise,1,20,1,0,0,0,medium::mp-10851::reference,0.351028012111783
medium,medium,medium::mp-10851::niggli_reduced,mp-10851,mp-10851,SiO2,niggli_reduced,equivalent_transform,no_noise,1,20,1,0,0,0,medium::mp-10851::reference,0.5054262466728687
medium,medium,medium::mp-10851::origin_shifted,mp-10851,mp-10851,SiO2,origin_shifted,equivalent_transform,no_noise,1,20,1,0,0,0,medium::mp-10851::reference,0.5208231508731842
medium,medium,medium::mp-10851::permuted_sites,mp-10851,mp-10851,SiO2,permuted_sites,equivalent_transform,no_noise,1,20,1,0,0,0,medium::mp-10851::reference,1.07810427993536
medium,medium,medium::mp-10851::combined_noise_0.002A_0.003,mp-10851,mp-10851,SiO2,combined_noise_0.002A_0.003,combined_perturbation,noise,1,20,1,0,0,0,medium::mp-10851::reference,0.50705611333251
medium,medium,medium::mp-10851::combined_noise_0.015A_0.003,mp-10851,mp-10851,SiO2,combined_noise_0.015A_0.003,combined_perturbation,noise,1,20,1,0,0,0,medium::mp-10851::reference,0.49083830788731575
medium,medium,medium::mp-10851::combined_noise_0.050A_0.003,mp-10851,mp-10851,SiO2,combined_noise_0.050A_0.003,combined_perturbation,noise,1,20,1,0,0,0,medium::mp-10851::reference,0.4911965113133192
medium,medium,medium::mp-10851::combined_noise_0.002A_0.010,mp-10851,mp-10851,SiO2,combined_noise_0.002A_0.010,combined_perturbation,noise,1,20,1,0,0,0,medium::mp-10851::reference,0.5474787279963493
medium,medium,medium::mp-10851::combined_noise_0.015A_0.010,mp-10851,mp-10851,SiO2,combined_noise_0.015A_0.010,combined_perturbation,noise,1,20,1,0,0,0,medium::mp-10851::reference,0.4907317981123924
medium,medium,medium::mp-10851::combined_noise_0.050A_0.010,mp-10851,mp-10851,SiO2,combined_noise_0.050A_0.010,combined_perturbation,noise,1,20,1,0,0,0,medium::mp-10851::reference,0.48976211436092854
medium,medium,medium::mp-10851::combined_noise_0.002A_0.030,mp-10851,mp-10851,SiO2,combined_noise_0.002A_0.030,combined_perturbation,noise,1,20,1,0,0,0,medium::mp-10851::reference,0.5458467416465282
medium,medium,medium::mp-10851::combined_noise_0.015A_0.030,mp-10851,mp-10851,SiO2,combined_noise_0.015A_0.030,combined_perturbation,noise,1,20,1,0,0,0,medium::mp-10851::reference,0.48902222141623497
medium,medium,medium::mp-10851::combined_noise_0.050A_0.030,mp-10851,mp-10851,SiO2,combined_noise_0.050A_0.030,combined_perturbation,noise,1,20,1,0,0,0,medium::mp-10851::reference,0.48999325558543205
medium,medium,medium::mp-10948::conventional_standard,mp-10948,mp-10948,SiO2,conventional_standard,equivalent_transform,no_noise,1,20,1,0,0,0,medium::mp-10948::reference,0.40666868537664413
medium,medium,medium::mp-10948::niggli_reduced,mp-10948,mp-10948,SiO2,niggli_reduced,equivalent_transform,no_noise,1,20,1,0,0,0,medium::mp-10948::reference,0.5824982151389122
medium,medium,medium::mp-10948::origin_shifted,mp-10948,mp-10948,SiO2,origin_shifted,equivalent_transform,no_noise,1,20,1,0,0,0,medium::mp-10948::reference,0.5993059612810612
medium,medium,medium::mp-10948::permuted_sites,mp-10948,mp-10948,SiO2,permuted_sites,equivalent_transform,no_noise,1,20,1,0,0,0,medium::mp-10948::reference,1.2309612706303596
medium,medium,medium::mp-10948::combined_noise_0.002A_0.003,mp-10948,mp-10948,SiO2,combined_noise_0.002A_0.003,combined_perturbation,noise,1,20,1,0,0,0,medium::mp-10948::reference,0.5698408614844084
medium,medium,medium::mp-10948::combined_noise_0.015A_0.003,mp-10948,mp-10948,SiO2,combined_noise_0.015A_0.003,combined_perturbation,noise,1,20,1,0,0,0,medium::mp-10948::reference,0.5800450947135687
medium,medium,medium::mp-10948::combined_noise_0.050A_0.003,mp-10948,mp-10948,SiO2,combined_noise_0.050A_0.003,combined_perturbation,noise,1,20,1,0,0,0,medium::mp-10948::reference,0.566781772300601
medium,medium,medium::mp-10948::combined_noise_0.002A_0.010,mp-10948,mp-10948,SiO2,combined_noise_0.002A_0.010,combined_perturbation,noise,1,20,1,0,0,0,medium::mp-10948::reference,0.5793709345161915
medium,medium,medium::mp-10948::combined_noise_0.015A_0.010,mp-10948,mp-10948,SiO2,combined_noise_0.015A_0.010,combined_perturbation,noise,1,20,1,0,0,0,medium::mp-10948::reference,0.5714815072715282
medium,medium,medium::mp-10948::combined_noise_0.050A_0.010,mp-10948,mp-10948,SiO2,combined_noise_0.050A_0.010,combined_perturbation,noise,1,20,1,0,0,0,medium::mp-10948::reference,0.5701535735279322
medium,medium,medium::mp-10948::combined_noise_0.002A_0.030,mp-10948,mp-10948,SiO2,combined_noise_0.002A_0.030,combined_perturbation,noise,1,20,1,0,0,0,medium::mp-10948::reference,0.5977356676012278
medium,medium,medium::mp-10948::combined_noise_0.015A_0.030,mp-10948,mp-10948,SiO2,combined_noise_0.015A_0.030,combined_perturbation,noise,1,20,1,0,0,0,medium::mp-10948::reference,0.5876225717365742
medium,medium,medium::mp-10948::combined_noise_0.050A_0.030,mp-10948,mp-10948,SiO2,combined_noise_0.050A_0.030,combined_perturbation,noise,1,20,1,0,0,0,medium::mp-10948::reference,0.5690221004188061
medium,medium,medium::mp-11684::conventional_standard,mp-11684,mp-11684,SiO2,conventional_standard,equivalent_transform,no_noise,1,20,2,0,1,0,medium::mp-11684::reference|medium::mp-1201738::reference,0.5280494932085276
medium,medium,medium::mp-11684::niggli_reduced,mp-11684,mp-11684,SiO2,niggli_reduced,equivalent_transform,no_noise,1,20,2,0,1,0,medium::mp-11684::reference|medium::mp-1201738::reference,0.524427093565464
medium,medium,medium::mp-11684::origin_shifted,mp-11684,mp-11684,SiO2,origin_shifted,equivalent_transform,no_noise,1,20,2,0,1,0,medium::mp-11684::reference|medium::mp-1201738::reference,0.5442849770188332
medium,medium,medium::mp-11684::permuted_sites,mp-11684,mp-11684,SiO2,permuted_sites,equivalent_transform,no_noise,1,20,2,0,1,0,medium::mp-11684::reference|medium::mp-1201738::reference,0.8607938643544912
medium,medium,medium::mp-11684::combined_noise_0.002A_0.003,mp-11684,mp-11684,SiO2,combined_noise_0.002A_0.003,combined_perturbation,noise,1,20,2,0,1,0,medium::mp-11684::reference|medium::mp-1201738::reference,0.5566280204802752
medium,medium,medium::mp-11684::combined_noise_0.015A_0.003,mp-11684,mp-11684,SiO2,combined_noise_0.015A_0.003,combined_perturbation,noise,1,20,2,0,1,0,medium::mp-11684::reference|medium::mp-1201738::reference,0.7069495692849159
medium,medium,medium::mp-11684::combined_noise_0.050A_0.003,mp-11684,mp-11684,SiO2,combined_noise_0.050A_0.003,combined_perturbation,noise,1,20,1,0,0,0,medium::mp-11684::reference,0.5586505234241486
medium,medium,medium::mp-11684::combined_noise_0.002A_0.010,mp-11684,mp-11684,SiO2,combined_noise_0.002A_0.010,combined_perturbation,noise,1,20,2,0,1,0,medium::mp-11684::reference|medium::mp-1201738::reference,0.5335342325270176
medium,medium,medium::mp-11684::combined_noise_0.015A_0.010,mp-11684,mp-11684,SiO2,combined_noise_0.015A_0.010,combined_perturbation,noise,1,20,2,0,1,0,medium::mp-11684::reference|medium::mp-1201738::reference,0.5333770271390676
medium,medium,medium::mp-11684::combined_noise_0.050A_0.010,mp-11684,mp-11684,SiO2,combined_noise_0.050A_0.010,combined_perturbation,noise,1,20,1,0,0,0,medium::mp-11684::reference,0.5591260977089405
medium,medium,medium::mp-11684::combined_noise_0.002A_0.030,mp-11684,mp-11684,SiO2,combined_noise_0.002A_0.030,combined_perturbation,noise,1,20,2,0,1,0,medium::mp-11684::reference|medium::mp-1201738::reference,0.5759861953556538
medium,medium,medium::mp-11684::combined_noise_0.015A_0.030,mp-11684,mp-11684,SiO2,combined_noise_0.015A_0.030,combined_perturbation,noise,1,20,2,0,1,0,medium::mp-11684::reference|medium::mp-1201738::reference,0.5545057021081448
medium,medium,medium::mp-11684::combined_noise_0.050A_0.030,mp-11684,mp-11684,SiO2,combined_noise_0.050A_0.030,combined_perturbation,noise,1,20,2,0,1,0,medium::mp-11684::reference|medium::mp-1201738::reference,0.5778075903654099
medium,medium,medium::mp-1179447::conventional_standard,mp-1179447,mp-1179447,SiO2,conventional_standard,equivalent_transform,no_noise,1,20,1,0,0,0,medium::mp-1179447::reference,0.5324135553091764
medium,medium,medium::mp-1179447::niggli_reduced,mp-1179447,mp-1179447,SiO2,niggli_reduced,equivalent_transform,no_noise,1,20,1,0,0,0,medium::mp-1179447::reference,0.5312382765114307
medium,medium,medium::mp-1179447::origin_shifted,mp-1179447,mp-1179447,SiO2,origin_shifted,equivalent_transform,no_noise,1,20,1,0,0,0,medium::mp-1179447::reference,0.542603513225913
medium,medium,medium::mp-1179447::permuted_sites,mp-1179447,mp-1179447,SiO2,permuted_sites,equivalent_transform,no_noise,1,20,1,0,0,0,medium::mp-1179447::reference,0.8630546536296606
medium,medium,medium::mp-1179447::combined_noise_0.002A_0.003,mp-1179447,mp-1179447,SiO2,combined_noise_0.002A_0.003,combined_perturbation,noise,1,20,1,0,0,0,medium::mp-1179447::reference,0.532994270324707
medium,medium,medium::mp-1179447::combined_noise_0.015A_0.003,mp-1179447,mp-1179447,SiO2,combined_noise_0.015A_0.003,combined_perturbation,noise,1,20,1,0,0,0,medium::mp-1179447::reference,0.5351595487445593
medium,medium,medium::mp-1179447::combined_noise_0.050A_0.003,mp-1179447,mp-1179447,SiO2,combined_noise_0.050A_0.003,combined_perturbation,noise,1,20,1,0,0,0,medium::mp-1179447::reference,0.5340308714658022
medium,medium,medium::mp-1179447::combined_noise_0.002A_0.010,mp-1179447,mp-1179447,SiO2,combined_noise_0.002A_0.010,combined_perturbation,noise,1,20,1,0,0,0,medium::mp-1179447::reference,0.5342860724776983
medium,medium,medium::mp-1179447::combined_noise_0.015A_0.010,mp-1179447,mp-1179447,SiO2,combined_noise_0.015A_0.010,combined_perturbation,noise,1,20,1,0,0,0,medium::mp-1179447::reference,0.5357862282544374
medium,medium,medium::mp-1179447::combined_noise_0.050A_0.010,mp-1179447,mp-1179447,SiO2,combined_noise_0.050A_0.010,combined_perturbation,noise,1,20,1,0,0,0,medium::mp-1179447::reference,0.5353898797184229
medium,medium,medium::mp-1179447::combined_noise_0.002A_0.030,mp-1179447,mp-1179447,SiO2,combined_noise_0.002A_0.030,combined_perturbation,noise,1,20,1,0,0,0,medium::mp-1179447::reference,0.5685931406915188
medium,medium,medium::mp-1179447::combined_noise_0.015A_0.030,mp-1179447,mp-1179447,SiO2,combined_noise_0.015A_0.030,combined_perturbation,noise,1,20,1,0,0,0,medium::mp-1179447::reference,0.5353509802371264
medium,medium,medium::mp-1179447::combined_noise_0.050A_0.030,mp-1179447,mp-1179447,SiO2,combined_noise_0.050A_0.030,combined_perturbation,noise,1,20,1,0,0,0,medium::mp-1179447::reference,0.534288240596652
medium,medium,medium::mp-1179454::conventional_standard,mp-1179454,mp-1179454,SiO2,conventional_standard,equivalent_transform,no_noise,1,20,1,0,0,0,medium::mp-1179454::reference,0.38606562092900276
medium,medium,medium::mp-1179454::niggli_reduced,mp-1179454,mp-1179454,SiO2,niggli_reduced,equivalent_transform,no_noise,1,20,1,0,0,0,medium::mp-1179454::reference,0.5328064598143101
medium,medium,medium::mp-1179454::origin_shifted,mp-1179454,mp-1179454,SiO2,origin_shifted,equivalent_transform,no_noise,1,20,1,0,0,0,medium::mp-1179454::reference,0.541727690026164
medium,medium,medium::mp-1179454::permuted_sites,mp-1179454,mp-1179454,SiO2,permuted_sites,equivalent_transform,no_noise,1,20,1,0,0,0,medium::mp-1179454::reference,0.8644696082919836
medium,medium,medium::mp-1179454::combined_noise_0.002A_0.003,mp-1179454,mp-1179454,SiO2,combined_noise_0.002A_0.003,combined_perturbation,noise,1,20,1,0,0,0,medium::mp-1179454::reference,0.5333525631576777
medium,medium,medium::mp-1179454::combined_noise_0.015A_0.003,mp-1179454,mp-1179454,SiO2,combined_noise_0.015A_0.003,combined_perturbation,noise,1,20,1,0,0,0,medium::mp-1179454::reference,0.5339510124176741
medium,medium,medium::mp-1179454::combined_noise_0.050A_0.003,mp-1179454,mp-1179454,SiO2,combined_noise_0.050A_0.003,combined_perturbation,noise,1,20,1,0,0,0,medium::mp-1179454::reference,0.5355539601296186
medium,medium,medium::mp-1179454::combined_noise_0.002A_0.010,mp-1179454,mp-1179454,SiO2,combined_noise_0.002A_0.010,combined_perturbation,noise,1,20,1,0,0,0,medium::mp-1179454::reference,0.5362862721085548
medium,medium,medium::mp-1179454::combined_noise_0.015A_0.010,mp-1179454,mp-1179454,SiO2,combined_noise_0.015A_0.010,combined_perturbation,noise,1,20,1,0,0,0,medium::mp-1179454::reference,0.5371291432529688
medium,medium,medium::mp-1179454::combined_noise_0.050A_0.010,mp-1179454,mp-1179454,SiO2,combined_noise_0.050A_0.010,combined_perturbation,noise,1,20,1,0,0,0,medium::mp-1179454::reference,0.5368716027587652
medium,medium,medium::mp-1179454::combined_noise_0.002A_0.030,mp-1179454,mp-1179454,SiO2,combined_noise_0.002A_0.030,combined_perturbation,noise,1,20,1,0,0,0,medium::mp-1179454::reference,0.5605041086673737
medium,medium,medium::mp-1179454::combined_noise_0.015A_0.030,mp-1179454,mp-1179454,SiO2,combined_noise_0.015A_0.030,combined_perturbation,noise,1,20,1,0,0,0,medium::mp-1179454::reference,0.5397644508630037
medium,medium,medium::mp-1179454::combined_noise_0.050A_0.030,mp-1179454,mp-1179454,SiO2,combined_noise_0.050A_0.030,combined_perturbation,noise,1,20,1,0,0,0,medium::mp-1179454::reference,0.5320338476449251
medium,medium,medium::mp-1179488::conventional_standard,mp-1179488,mp-1179488,SiO2,conventional_standard,equivalent_transform,no_noise,1,20,1,0,0,0,medium::mp-1179488::reference,2.437885709106922
medium,medium,medium::mp-1179488::niggli_reduced,mp-1179488,mp-1179488,SiO2,niggli_reduced,equivalent_transform,no_noise,1,20,1,0,0,0,medium::mp-1179488::reference,0.9583290666341782
medium,medium,medium::mp-1179488::origin_shifted,mp-1179488,mp-1179488,SiO2,origin_shifted,equivalent_transform,no_noise,1,20,1,0,0,0,medium::mp-1179488::reference,0.9708028994500637
medium,medium,medium::mp-1179488::permuted_sites,mp-1179488,mp-1179488,SiO2,permuted_sites,equivalent_transform,no_noise,1,20,1,0,0,0,medium::mp-1179488::reference,1.9286092892289162
medium,medium,medium::mp-1179488::combined_noise_0.002A_0.003,mp-1179488,mp-1179488,SiO2,combined_noise_0.002A_0.003,combined_perturbation,noise,1,20,1,0,0,0,medium::mp-1179488::reference,0.9509444758296013
medium,medium,medium::mp-1179488::combined_noise_0.015A_0.003,mp-1179488,mp-1179488,SiO2,combined_noise_0.015A_0.003,combined_perturbation,noise,1,20,1,0,0,0,medium::mp-1179488::reference,0.9517057668417692
medium,medium,medium::mp-1179488::combined_noise_0.050A_0.003,mp-1179488,mp-1179488,SiO2,combined_noise_0.050A_0.003,combined_perturbation,noise,1,20,1,0,0,0,medium::mp-1179488::reference,0.9555275198072195
medium,medium,medium::mp-1179488::combined_noise_0.002A_0.010,mp-1179488,mp-1179488,SiO2,combined_noise_0.002A_0.010,combined_perturbation,noise,1,20,1,0,0,0,medium::mp-1179488::reference,0.9677288830280304
medium,medium,medium::mp-1179488::combined_noise_0.015A_0.010,mp-1179488,mp-1179488,SiO2,combined_noise_0.015A_0.010,combined_perturbation,noise,1,20,1,0,0,0,medium::mp-1179488::reference,0.9571330361068249
medium,medium,medium::mp-1179488::combined_noise_0.050A_0.010,mp-1179488,mp-1179488,SiO2,combined_noise_0.050A_0.010,combined_perturbation,noise,1,20,1,0,0,0,medium::mp-1179488::reference,0.9749370068311691
medium,medium,medium::mp-1179488::combined_noise_0.002A_0.030,mp-1179488,mp-1179488,SiO2,combined_noise_0.002A_0.030,combined_perturbation,noise,1,20,1,0,0,0,medium::mp-1179488::reference,0.9762974884361029
medium,medium,medium::mp-1179488::combined_noise_0.015A_0.030,mp-1179488,mp-1179488,SiO2,combined_noise_0.015A_0.030,combined_perturbation,noise,1,20,1,0,0,0,medium::mp-1179488::reference,0.9717996921390295
medium,medium,medium::mp-1179488::combined_noise_0.050A_0.030,mp-1179488,mp-1179488,SiO2,combined_noise_0.050A_0.030,combined_perturbation,noise,1,20,1,0,0,0,medium::mp-1179488::reference,1.0323399677872658
medium,medium,medium::mp-1179529::conventional_standard,mp-1179529,mp-1179529,SiO2,conventional_standard,equivalent_transform,no_noise,1,20,1,0,0,0,medium::mp-1179529::reference,0.48199344985187054
medium,medium,medium::mp-1179529::niggli_reduced,mp-1179529,mp-1179529,SiO2,niggli_reduced,equivalent_transform,no_noise,1,20,1,0,0,0,medium::mp-1179529::reference,0.7680675350129604
medium,medium,medium::mp-1179529::origin_shifted,mp-1179529,mp-1179529,SiO2,origin_shifted,equivalent_transform,no_noise,1,20,1,0,0,0,medium::mp-1179529::reference,0.7827722653746605
medium,medium,medium::mp-1179529::permuted_sites,mp-1179529,mp-1179529,SiO2,permuted_sites,equivalent_transform,no_noise,1,20,1,0,0,0,medium::mp-1179529::reference,1.4955725353211164
medium,medium,medium::mp-1179529::combined_noise_0.002A_0.003,mp-1179529,mp-1179529,SiO2,combined_noise_0.002A_0.003,combined_perturbation,noise,1,20,1,0,0,0,medium::mp-1179529::reference,0.8063761927187443
medium,medium,medium::mp-1179529::combined_noise_0.015A_0.003,mp-1179529,mp-1179529,SiO2,combined_noise_0.015A_0.003,combined_perturbation,noise,1,20,1,0,0,0,medium::mp-1179529::reference,0.7719907462596893
medium,medium,medium::mp-1179529::combined_noise_0.050A_0.003,mp-1179529,mp-1179529,SiO2,combined_noise_0.050A_0.003,combined_perturbation,noise,1,20,1,0,0,0,medium::mp-1179529::reference,0.772118927910924
medium,medium,medium::mp-1179529::combined_noise_0.002A_0.010,mp-1179529,mp-1179529,SiO2,combined_noise_0.002A_0.010,combined_perturbation,noise,1,20,1,0,0,0,medium::mp-1179529::reference,0.8095615450292826
medium,medium,medium::mp-1179529::combined_noise_0.015A_0.010,mp-1179529,mp-1179529,SiO2,combined_noise_0.015A_0.010,combined_perturbation,noise,1,20,1,0,0,0,medium::mp-1179529::reference,0.77134027518332
medium,medium,medium::mp-1179529::combined_noise_0.050A_0.010,mp-1179529,mp-1179529,SiO2,combined_noise_0.050A_0.010,combined_perturbation,noise,1,20,1,0,0,0,medium::mp-1179529::reference,0.8110399357974529
medium,medium,medium::mp-1179529::combined_noise_0.002A_0.030,mp-1179529,mp-1179529,SiO2,combined_noise_0.002A_0.030,combined_perturbation,noise,1,20,1,0,0,0,medium::mp-1179529::reference,0.817161088809371
medium,medium,medium::mp-1179529::combined_noise_0.015A_0.030,mp-1179529,mp-1179529,SiO2,combined_noise_0.015A_0.030,combined_perturbation,noise,1,20,1,0,0,0,medium::mp-1179529::reference,0.7921272944658995
medium,medium,medium::mp-1179529::combined_noise_0.050A_0.030,mp-1179529,mp-1179529,SiO2,combined_noise_0.050A_0.030,combined_perturbation,noise,1,20,1,0,0,0,medium::mp-1179529::reference,0.7926768288016319
medium,medium,medium::mp-1188220::conventional_standard,mp-1188220,mp-1188220,SiO2,conventional_standard,equivalent_transform,no_noise,1,20,1,0,0,0,medium::mp-1188220::reference,0.44310857728123665
medium,medium,medium::mp-1188220::niggli_reduced,mp-1188220,mp-1188220,SiO2,niggli_reduced,equivalent_transform,no_noise,1,20,1,0,0,0,medium::mp-1188220::reference,0.5635386910289526
medium,medium,medium::mp-1188220::origin_shifted,mp-1188220,mp-1188220,SiO2,origin_shifted,equivalent_transform,no_noise,1,20,1,0,0,0,medium::mp-1188220::reference,0.5722876004874706
medium,medium,medium::mp-1188220::permuted_sites,mp-1188220,mp-1188220,SiO2,permuted_sites,equivalent_transform,no_noise,1,20,1,0,0,0,medium::mp-1188220::reference,0.9746975433081388
medium,medium,medium::mp-1188220::combined_noise_0.002A_0.003,mp-1188220,mp-1188220,SiO2,combined_noise_0.002A_0.003,combined_perturbation,noise,1,20,1,0,0,0,medium::mp-1188220::reference,0.5619892962276936
medium,medium,medium::mp-1188220::combined_noise_0.015A_0.003,mp-1188220,mp-1188220,SiO2,combined_noise_0.015A_0.003,combined_perturbation,noise,1,20,1,0,0,0,medium::mp-1188220::reference,0.5629779305309057
medium,medium,medium::mp-1188220::combined_noise_0.050A_0.003,mp-1188220,mp-1188220,SiO2,combined_noise_0.050A_0.003,combined_perturbation,noise,1,20,1,0,0,0,medium::mp-1188220::reference,0.5788677744567394
medium,medium,medium::mp-1188220::combined_noise_0.002A_0.010,mp-1188220,mp-1188220,SiO2,combined_noise_0.002A_0.010,combined_perturbation,noise,1,20,1,0,0,0,medium::mp-1188220::reference,0.5641975607722998
medium,medium,medium::mp-1188220::combined_noise_0.015A_0.010,mp-1188220,mp-1188220,SiO2,combined_noise_0.015A_0.010,combined_perturbation,noise,1,20,1,0,0,0,medium::mp-1188220::reference,0.5654637664556503
medium,medium,medium::mp-1188220::combined_noise_0.050A_0.010,mp-1188220,mp-1188220,SiO2,combined_noise_0.050A_0.010,combined_perturbation,noise,1,20,1,0,0,0,medium::mp-1188220::reference,0.5814710333943367
medium,medium,medium::mp-1188220::combined_noise_0.002A_0.030,mp-1188220,mp-1188220,SiO2,combined_noise_0.002A_0.030,combined_perturbation,noise,1,20,1,0,0,0,medium::mp-1188220::reference,0.7560461740940809
medium,medium,medium::mp-1188220::combined_noise_0.015A_0.030,mp-1188220,mp-1188220,SiO2,combined_noise_0.015A_0.030,combined_perturbation,noise,1,20,1,0,0,0,medium::mp-1188220::reference,0.5625859070569277
medium,medium,medium::mp-1188220::combined_noise_0.050A_0.030,mp-1188220,mp-1188220,SiO2,combined_noise_0.050A_0.030,combined_perturbation,noise,1,20,1,0,0,0,medium::mp-1188220::reference,0.5810737609863281
medium,medium,medium::mp-1200685::conventional_standard,mp-1200685,mp-1200685,SiO2,conventional_standard,equivalent_transform,no_noise,1,20,1,0,0,0,medium::mp-1200685::reference,1.0194660276174545
medium,medium,medium::mp-1200685::niggli_reduced,mp-1200685,mp-1200685,SiO2,niggli_reduced,equivalent_transform,no_noise,1,20,1,0,0,0,medium::mp-1200685::reference,0.8607670851051807
medium,medium,medium::mp-1200685::origin_shifted,mp-1200685,mp-1200685,SiO2,origin_shifted,equivalent_transform,no_noise,1,20,1,0,0,0,medium::mp-1200685::reference,0.5573716815561056
medium,medium,medium::mp-1200685::permuted_sites,mp-1200685,mp-1200685,SiO2,permuted_sites,equivalent_transform,no_noise,1,20,1,0,0,0,medium::mp-1200685::reference,1.193544240668416
medium,medium,medium::mp-1200685::combined_noise_0.002A_0.003,mp-1200685,mp-1200685,SiO2,combined_noise_0.002A_0.003,combined_perturbation,noise,1,20,1,0,0,0,medium::mp-1200685::reference,0.5435158163309097
medium,medium,medium::mp-1200685::combined_noise_0.015A_0.003,mp-1200685,mp-1200685,SiO2,combined_noise_0.015A_0.003,combined_perturbation,noise,1,20,1,0,0,0,medium::mp-1200685::reference,0.5427746623754501
medium,medium,medium::mp-1200685::combined_noise_0.050A_0.003,mp-1200685,mp-1200685,SiO2,combined_noise_0.050A_0.003,combined_perturbation,noise,1,20,1,0,0,0,medium::mp-1200685::reference,0.5430218055844307
medium,medium,medium::mp-1200685::combined_noise_0.002A_0.010,mp-1200685,mp-1200685,SiO2,combined_noise_0.002A_0.010,combined_perturbation,noise,1,20,1,0,0,0,medium::mp-1200685::reference,0.5420158710330725
medium,medium,medium::mp-1200685::combined_noise_0.015A_0.010,mp-1200685,mp-1200685,SiO2,combined_noise_0.015A_0.010,combined_perturbation,noise,1,20,1,0,0,0,medium::mp-1200685::reference,0.538958391174674
medium,medium,medium::mp-1200685::combined_noise_0.050A_0.010,mp-1200685,mp-1200685,SiO2,combined_noise_0.050A_0.010,combined_perturbation,noise,1,20,1,0,0,0,medium::mp-1200685::reference,0.5491176228970289
medium,medium,medium::mp-1200685::combined_noise_0.002A_0.030,mp-1200685,mp-1200685,SiO2,combined_noise_0.002A_0.030,combined_perturbation,noise,1,20,1,0,0,0,medium::mp-1200685::reference,0.5659230798482895
medium,medium,medium::mp-1200685::combined_noise_0.015A_0.030,mp-1200685,mp-1200685,SiO2,combined_noise_0.015A_0.030,combined_perturbation,noise,1,20,1,0,0,0,medium::mp-1200685::reference,0.5387978814542294
medium,medium,medium::mp-1200685::combined_noise_0.050A_0.030,mp-1200685,mp-1200685,SiO2,combined_noise_0.050A_0.030,combined_perturbation,noise,1,20,1,0,0,0,medium::mp-1200685::reference,0.5433034244924784
medium,medium,medium::mp-1201738::conventional_standard,mp-1201738,mp-1201738,SiO2,conventional_standard,equivalent_transform,no_noise,1,20,2,0,1,0,medium::mp-11684::reference|medium::mp-1201738::reference,1.9735341053456068
medium,medium,medium::mp-1201738::niggli_reduced,mp-1201738,mp-1201738,SiO2,niggli_reduced,equivalent_transform,no_noise,1,20,2,0,1,0,medium::mp-11684::reference|medium::mp-1201738::reference,1.4878540746867657
medium,medium,medium::mp-1201738::origin_shifted,mp-1201738,mp-1201738,SiO2,origin_shifted,equivalent_transform,no_noise,1,20,2,0,1,0,medium::mp-11684::reference|medium::mp-1201738::reference,1.502580774948001
medium,medium,medium::mp-1201738::permuted_sites,mp-1201738,mp-1201738,SiO2,permuted_sites,equivalent_transform,no_noise,1,20,2,0,1,0,medium::mp-11684::reference|medium::mp-1201738::reference,2.75895213522017
medium,medium,medium::mp-1201738::combined_noise_0.002A_0.003,mp-1201738,mp-1201738,SiO2,combined_noise_0.002A_0.003,combined_perturbation,noise,1,20,2,0,1,0,medium::mp-11684::reference|medium::mp-1201738::reference,1.4751146454364061
medium,medium,medium::mp-1201738::combined_noise_0.015A_0.003,mp-1201738,mp-1201738,SiO2,combined_noise_0.015A_0.003,combined_perturbation,noise,1,20,2,0,1,0,medium::mp-11684::reference|medium::mp-1201738::reference,1.482913799583912
medium,medium,medium::mp-1201738::combined_noise_0.050A_0.003,mp-1201738,mp-1201738,SiO2,combined_noise_0.050A_0.003,combined_perturbation,noise,1,20,2,0,1,0,medium::mp-11684::reference|medium::mp-1201738::reference,1.4863394927233458
medium,medium,medium::mp-1201738::combined_noise_0.002A_0.010,mp-1201738,mp-1201738,SiO2,combined_noise_0.002A_0.010,combined_perturbation,noise,1,20,2,0,1,0,medium::mp-11684::reference|medium::mp-1201738::reference,1.4756605755537748
medium,medium,medium::mp-1201738::combined_noise_0.015A_0.010,mp-1201738,mp-1201738,SiO2,combined_noise_0.015A_0.010,combined_perturbation,noise,1,20,2,0,1,0,medium::mp-11684::reference|medium::mp-1201738::reference,1.4608658589422703
medium,medium,medium::mp-1201738::combined_noise_0.050A_0.010,mp-1201738,mp-1201738,SiO2,combined_noise_0.050A_0.010,combined_perturbation,noise,1,20,2,0,1,0,medium::mp-11684::reference|medium::mp-1201738::reference,1.4321265704929829
medium,medium,medium::mp-1201738::combined_noise_0.002A_0.030,mp-1201738,mp-1201738,SiO2,combined_noise_0.002A_0.030,combined_perturbation,noise,1,20,2,0,1,0,medium::mp-11684::reference|medium::mp-1201738::reference,1.4389433041214943
medium,medium,medium::mp-1201738::combined_noise_0.015A_0.030,mp-1201738,mp-1201738,SiO2,combined_noise_0.015A_0.030,combined_perturbation,noise,1,20,2,0,1,0,medium::mp-11684::reference|medium::mp-1201738::reference,1.495408782735467
medium,medium,medium::mp-1201738::combined_noise_0.050A_0.030,mp-1201738,mp-1201738,SiO2,combined_noise_0.050A_0.030,combined_perturbation,noise,1,20,2,0,1,0,medium::mp-11684::reference|medium::mp-1201738::reference,1.4410971123725176
medium,medium,medium::mp-1201887::conventional_standard,mp-1201887,mp-1201887,SiO2,conventional_standard,equivalent_transform,no_noise,1,20,1,0,0,0,medium::mp-1201887::reference,1.540364259853959
medium,medium,medium::mp-1201887::niggli_reduced,mp-1201887,mp-1201887,SiO2,niggli_reduced,equivalent_transform,no_noise,1,20,1,0,0,0,medium::mp-1201887::reference,0.8361621834337711
medium,medium,medium::mp-1201887::origin_shifted,mp-1201887,mp-1201887,SiO2,origin_shifted,equivalent_transform,no_noise,1,20,1,0,0,0,medium::mp-1201887::reference,0.8644922487437725
medium,medium,medium::mp-1201887::permuted_sites,mp-1201887,mp-1201887,SiO2,permuted_sites,equivalent_transform,no_noise,1,20,1,0,0,0,medium::mp-1201887::reference,2.2642331831157207
medium,medium,medium::mp-1201887::combined_noise_0.002A_0.003,mp-1201887,mp-1201887,SiO2,combined_noise_0.002A_0.003,combined_perturbation,noise,1,20,1,0,0,0,medium::mp-1201887::reference,0.8365608043968678
medium,medium,medium::mp-1201887::combined_noise_0.015A_0.003,mp-1201887,mp-1201887,SiO2,combined_noise_0.015A_0.003,combined_perturbation,noise,1,20,1,0,0,0,medium::mp-1201887::reference,0.8358853720128536
medium,medium,medium::mp-1201887::combined_noise_0.050A_0.003,mp-1201887,mp-1201887,SiO2,combined_noise_0.050A_0.003,combined_perturbation,noise,1,20,1,0,0,0,medium::mp-1201887::reference,0.8419342245906591
medium,medium,medium::mp-1201887::combined_noise_0.002A_0.010,mp-1201887,mp-1201887,SiO2,combined_noise_0.002A_0.010,combined_perturbation,noise,1,20,1,0,0,0,medium::mp-1201887::reference,0.8960569817572832
medium,medium,medium::mp-1201887::combined_noise_0.015A_0.010,mp-1201887,mp-1201887,SiO2,combined_noise_0.015A_0.010,combined_perturbation,noise,1,20,1,0,0,0,medium::mp-1201887::reference,0.8351382594555616
medium,medium,medium::mp-1201887::combined_noise_0.050A_0.010,mp-1201887,mp-1201887,SiO2,combined_noise_0.050A_0.010,combined_perturbation,noise,1,20,1,0,0,0,medium::mp-1201887::reference,0.9644180051982403
medium,medium,medium::mp-1201887::combined_noise_0.002A_0.030,mp-1201887,mp-1201887,SiO2,combined_noise_0.002A_0.030,combined_perturbation,noise,1,20,1,0,0,0,medium::mp-1201887::reference,0.8371931780129671
medium,medium,medium::mp-1201887::combined_noise_0.015A_0.030,mp-1201887,mp-1201887,SiO2,combined_noise_0.015A_0.030,combined_perturbation,noise,1,20,1,0,0,0,medium::mp-1201887::reference,1.0962826423346996
medium,medium,medium::mp-1201887::combined_noise_0.050A_0.030,mp-1201887,mp-1201887,SiO2,combined_noise_0.050A_0.030,combined_perturbation,noise,1,20,1,0,0,0,medium::mp-1201887::reference,0.8894708324223757
medium,medium,medium::mp-1204070::conventional_standard,mp-1204070,mp-1204070,SiO2,conventional_standard,equivalent_transform,no_noise,1,20,1,0,0,0,medium::mp-1204070::reference,0.7407021056860685
medium,medium,medium::mp-1204070::niggli_reduced,mp-1204070,mp-1204070,SiO2,niggli_reduced,equivalent_transform,no_noise,1,20,1,0,0,0,medium::mp-1204070::reference,0.7414334788918495
medium,medium,medium::mp-1204070::origin_shifted,mp-1204070,mp-1204070,SiO2,origin_shifted,equivalent_transform,no_noise,1,20,1,0,0,0,medium::mp-1204070::reference,0.5941375456750393
medium,medium,medium::mp-1204070::permuted_sites,mp-1204070,mp-1204070,SiO2,permuted_sites,equivalent_transform,no_noise,1,20,1,0,0,0,medium::mp-1204070::reference,1.0006687175482512
medium,medium,medium::mp-1204070::combined_noise_0.002A_0.003,mp-1204070,mp-1204070,SiO2,combined_noise_0.002A_0.003,combined_perturbation,noise,1,20,1,0,0,0,medium::mp-1204070::reference,0.5845392234623432
medium,medium,medium::mp-1204070::combined_noise_0.015A_0.003,mp-1204070,mp-1204070,SiO2,combined_noise_0.015A_0.003,combined_perturbation,noise,1,20,1,0,0,0,medium::mp-1204070::reference,0.5894707180559635
medium,medium,medium::mp-1204070::combined_noise_0.050A_0.003,mp-1204070,mp-1204070,SiO2,combined_noise_0.050A_0.003,combined_perturbation,noise,1,20,1,0,0,0,medium::mp-1204070::reference,0.5864844582974911
medium,medium,medium::mp-1204070::combined_noise_0.002A_0.010,mp-1204070,mp-1204070,SiO2,combined_noise_0.002A_0.010,combined_perturbation,noise,1,20,1,0,0,0,medium::mp-1204070::reference,0.5792381037026644
medium,medium,medium::mp-1204070::combined_noise_0.015A_0.010,mp-1204070,mp-1204070,SiO2,combined_noise_0.015A_0.010,combined_perturbation,noise,1,20,1,0,0,0,medium::mp-1204070::reference,0.5638361424207687
medium,medium,medium::mp-1204070::combined_noise_0.050A_0.010,mp-1204070,mp-1204070,SiO2,combined_noise_0.050A_0.010,combined_perturbation,noise,1,20,1,0,0,0,medium::mp-1204070::reference,0.587183378636837
medium,medium,medium::mp-1204070::combined_noise_0.002A_0.030,mp-1204070,mp-1204070,SiO2,combined_noise_0.002A_0.030,combined_perturbation,noise,1,20,1,0,0,0,medium::mp-1204070::reference,0.5899971276521683
medium,medium,medium::mp-1204070::combined_noise_0.015A_0.030,mp-1204070,mp-1204070,SiO2,combined_noise_0.015A_0.030,combined_perturbation,noise,1,20,1,0,0,0,medium::mp-1204070::reference,0.6040637567639351
medium,medium,medium::mp-1204070::combined_noise_0.050A_0.030,mp-1204070,mp-1204070,SiO2,combined_noise_0.050A_0.030,combined_perturbation,noise,1,20,1,0,0,0,medium::mp-1204070::reference,0.5882153119891882
medium,medium,medium::mp-12350::conventional_standard,mp-12350,mp-12350,SiO2,conventional_standard,equivalent_transform,no_noise,1,20,1,0,0,0,medium::mp-12350::reference,1.0263145808130503
medium,medium,medium::mp-12350::niggli_reduced,mp-12350,mp-12350,SiO2,niggli_reduced,equivalent_transform,no_noise,1,20,1,0,0,0,medium::mp-12350::reference,0.5515081845223904
medium,medium,medium::mp-12350::origin_shifted,mp-12350,mp-12350,SiO2,origin_shifted,equivalent_transform,no_noise,1,20,1,0,0,0,medium::mp-12350::reference,0.55636240914464
medium,medium,medium::mp-12350::permuted_sites,mp-12350,mp-12350,SiO2,permuted_sites,equivalent_transform,no_noise,1,20,1,0,0,0,medium::mp-12350::reference,0.8793585356324911
medium,medium,medium::mp-12350::combined_noise_0.002A_0.003,mp-12350,mp-12350,SiO2,combined_noise_0.002A_0.003,combined_perturbation,noise,1,20,1,0,0,0,medium::mp-12350::reference,0.5651400685310364
medium,medium,medium::mp-12350::combined_noise_0.015A_0.003,mp-12350,mp-12350,SiO2,combined_noise_0.015A_0.003,combined_perturbation,noise,1,20,1,0,0,0,medium::mp-12350::reference,0.5672588441520929
medium,medium,medium::mp-12350::combined_noise_0.050A_0.003,mp-12350,mp-12350,SiO2,combined_noise_0.050A_0.003,combined_perturbation,noise,1,20,1,0,0,0,medium::mp-12350::reference,0.5856512263417244
medium,medium,medium::mp-12350::combined_noise_0.002A_0.010,mp-12350,mp-12350,SiO2,combined_noise_0.002A_0.010,combined_perturbation,noise,1,20,1,0,0,0,medium::mp-12350::reference,0.5700740236788988
medium,medium,medium::mp-12350::combined_noise_0.015A_0.010,mp-12350,mp-12350,SiO2,combined_noise_0.015A_0.010,combined_perturbation,noise,1,20,1,0,0,0,medium::mp-12350::reference,0.5655132010579109
medium,medium,medium::mp-12350::combined_noise_0.050A_0.010,mp-12350,mp-12350,SiO2,combined_noise_0.050A_0.010,combined_perturbation,noise,1,20,1,0,0,0,medium::mp-12350::reference,0.5893399175256491
medium,medium,medium::mp-12350::combined_noise_0.002A_0.030,mp-12350,mp-12350,SiO2,combined_noise_0.002A_0.030,combined_perturbation,noise,1,20,1,0,0,0,medium::mp-12350::reference,0.5699889045208693
medium,medium,medium::mp-12350::combined_noise_0.015A_0.030,mp-12350,mp-12350,SiO2,combined_noise_0.015A_0.030,combined_perturbation,noise,1,20,1,0,0,0,medium::mp-12350::reference,0.592203626409173
medium,medium,medium::mp-12350::combined_noise_0.050A_0.030,mp-12350,mp-12350,SiO2,combined_noise_0.050A_0.030,combined_perturbation,noise,1,20,1,0,0,0,medium::mp-12350::reference,0.5851745568215847
medium,medium,medium::mp-1244945::conventional_standard,mp-1244945,mp-1244945,SiO2,conventional_standard,equivalent_transform,no_noise,1,20,1,0,0,0,medium::mp-1244945::reference,1.4467590097337961
medium,medium,medium::mp-1244945::niggli_reduced,mp-1244945,mp-1244945,SiO2,niggli_reduced,equivalent_transform,no_noise,1,20,1,0,0,0,medium::mp-1244945::reference,1.447003312408924
medium,medium,medium::mp-1244945::origin_shifted,mp-1244945,mp-1244945,SiO2,origin_shifted,equivalent_transform,no_noise,1,20,1,0,0,0,medium::mp-1244945::reference,1.0223698988556862
medium,medium,medium::mp-1244945::permuted_sites,mp-1244945,mp-1244945,SiO2,permuted_sites,equivalent_transform,no_noise,1,20,1,0,0,0,medium::mp-1244945::reference,2.137439340353012
medium,medium,medium::mp-1244945::combined_noise_0.002A_0.003,mp-1244945,mp-1244945,SiO2,combined_noise_0.002A_0.003,combined_perturbation,noise,1,20,1,0,0,0,medium::mp-1244945::reference,1.006844189018011
medium,medium,medium::mp-1244945::combined_noise_0.015A_0.003,mp-1244945,mp-1244945,SiO2,combined_noise_0.015A_0.003,combined_perturbation,noise,1,20,1,0,0,0,medium::mp-1244945::reference,1.013677267357707
medium,medium,medium::mp-1244945::combined_noise_0.050A_0.003,mp-1244945,mp-1244945,SiO2,combined_noise_0.050A_0.003,combined_perturbation,noise,1,20,1,0,0,0,medium::mp-1244945::reference,1.0412067715078592
medium,medium,medium::mp-1244945::combined_noise_0.002A_0.010,mp-1244945,mp-1244945,SiO2,combined_noise_0.002A_0.010,combined_perturbation,noise,1,20,1,0,0,0,medium::mp-1244945::reference,1.0486496053636074
medium,medium,medium::mp-1244945::combined_noise_0.015A_0.010,mp-1244945,mp-1244945,SiO2,combined_noise_0.015A_0.010,combined_perturbation,noise,1,20,1,0,0,0,medium::mp-1244945::reference,1.013561898842454
medium,medium,medium::mp-1244945::combined_noise_0.050A_0.010,mp-1244945,mp-1244945,SiO2,combined_noise_0.050A_0.010,combined_perturbation,noise,1,20,1,0,0,0,medium::mp-1244945::reference,1.0480757635086775
medium,medium,medium::mp-1244945::combined_noise_0.002A_0.030,mp-1244945,mp-1244945,SiO2,combined_noise_0.002A_0.030,combined_perturbation,noise,1,20,1,0,0,0,medium::mp-1244945::reference,1.0492572989314795
medium,medium,medium::mp-1244945::combined_noise_0.015A_0.030,mp-1244945,mp-1244945,SiO2,combined_noise_0.015A_0.030,combined_perturbation,noise,1,20,1,0,0,0,medium::mp-1244945::reference,1.0530353076756
medium,medium,medium::mp-1244945::combined_noise_0.050A_0.030,mp-1244945,mp-1244945,SiO2,combined_noise_0.050A_0.030,combined_perturbation,noise,1,20,1,0,0,0,medium::mp-1244945::reference,1.082535918802023
medium,medium,medium::mp-1248957::conventional_standard,mp-1248957,mp-1248957,SiO2,conventional_standard,equivalent_transform,no_noise,1,20,1,0,0,0,medium::mp-1248957::reference,1.0587192699313164
medium,medium,medium::mp-1248957::niggli_reduced,mp-1248957,mp-1248957,SiO2,niggli_reduced,equivalent_transform,no_noise,1,20,1,0,0,0,medium::mp-1248957::reference,0.5405421368777752
medium,medium,medium::mp-1248957::origin_shifted,mp-1248957,mp-1248957,SiO2,origin_shifted,equivalent_transform,no_noise,1,20,1,0,0,0,medium::mp-1248957::reference,0.5512218195945024
medium,medium,medium::mp-1248957::permuted_sites,mp-1248957,mp-1248957,SiO2,permuted_sites,equivalent_transform,no_noise,1,20,1,0,0,0,medium::mp-1248957::reference,0.8790115658193827
medium,medium,medium::mp-1248957::combined_noise_0.002A_0.003,mp-1248957,mp-1248957,SiO2,combined_noise_0.002A_0.003,combined_perturbation,noise,1,20,1,0,0,0,medium::mp-1248957::reference,0.54208143055439
medium,medium,medium::mp-1248957::combined_noise_0.015A_0.003,mp-1248957,mp-1248957,SiO2,combined_noise_0.015A_0.003,combined_perturbation,noise,1,20,1,0,0,0,medium::mp-1248957::reference,0.5467909947037697
medium,medium,medium::mp-1248957::combined_noise_0.050A_0.003,mp-1248957,mp-1248957,SiO2,combined_noise_0.050A_0.003,combined_perturbation,noise,1,20,1,0,0,0,medium::mp-1248957::reference,0.5386845991015434
medium,medium,medium::mp-1248957::combined_noise_0.002A_0.010,mp-1248957,mp-1248957,SiO2,combined_noise_0.002A_0.010,combined_perturbation,noise,1,20,1,0,0,0,medium::mp-1248957::reference,0.5435932781547308
medium,medium,medium::mp-1248957::combined_noise_0.015A_0.010,mp-1248957,mp-1248957,SiO2,combined_noise_0.015A_0.010,combined_perturbation,noise,1,20,1,0,0,0,medium::mp-1248957::reference,0.5419952906668186
medium,medium,medium::mp-1248957::combined_noise_0.050A_0.010,mp-1248957,mp-1248957,SiO2,combined_noise_0.050A_0.010,combined_perturbation,noise,1,20,1,0,0,0,medium::mp-1248957::reference,0.5459176432341337
medium,medium,medium::mp-1248957::combined_noise_0.002A_0.030,mp-1248957,mp-1248957,SiO2,combined_noise_0.002A_0.030,combined_perturbation,noise,1,20,1,0,0,0,medium::mp-1248957::reference,0.5419861078262329
medium,medium,medium::mp-1248957::combined_noise_0.015A_0.030,mp-1248957,mp-1248957,SiO2,combined_noise_0.015A_0.030,combined_perturbation,noise,1,20,1,0,0,0,medium::mp-1248957::reference,0.5698592457920313
medium,medium,medium::mp-1248957::combined_noise_0.050A_0.030,mp-1248957,mp-1248957,SiO2,combined_noise_0.050A_0.030,combined_perturbation,noise,1,20,1,0,0,0,medium::mp-1248957::reference,0.541086720302701
medium,medium,medium::mp-1249637::conventional_standard,mp-1249637,mp-1249637,SiO2,conventional_standard,equivalent_transform,no_noise,1,20,1,0,0,0,medium::mp-1249637::reference,2.3994360603392124
medium,medium,medium::mp-1249637::niggli_reduced,mp-1249637,mp-1249637,SiO2,niggli_reduced,equivalent_transform,no_noise,1,20,1,0,0,0,medium::mp-1249637::reference,0.9114462193101645
medium,medium,medium::mp-1249637::origin_shifted,mp-1249637,mp-1249637,SiO2,origin_shifted,equivalent_transform,no_noise,1,20,1,0,0,0,medium::mp-1249637::reference,1.1253093387931585
medium,medium,medium::mp-1249637::permuted_sites,mp-1249637,mp-1249637,SiO2,permuted_sites,equivalent_transform,no_noise,1,20,1,0,0,0,medium::mp-1249637::reference,1.8898588940501213
medium,medium,medium::mp-1249637::combined_noise_0.002A_0.003,mp-1249637,mp-1249637,SiO2,combined_noise_0.002A_0.003,combined_perturbation,noise,1,20,1,0,0,0,medium::mp-1249637::reference,0.9204765316098928
medium,medium,medium::mp-1249637::combined_noise_0.015A_0.003,mp-1249637,mp-1249637,SiO2,combined_noise_0.015A_0.003,combined_perturbation,noise,1,20,1,0,0,0,medium::mp-1249637::reference,0.9265734013170004
medium,medium,medium::mp-1249637::combined_noise_0.050A_0.003,mp-1249637,mp-1249637,SiO2,combined_noise_0.050A_0.003,combined_perturbation,noise,1,20,1,0,0,0,medium::mp-1249637::reference,0.9193152077496052
medium,medium,medium::mp-1249637::combined_noise_0.002A_0.010,mp-1249637,mp-1249637,SiO2,combined_noise_0.002A_0.010,combined_perturbation,noise,1,20,1,0,0,0,medium::mp-1249637::reference,0.9213430844247341
medium,medium,medium::mp-1249637::combined_noise_0.015A_0.010,mp-1249637,mp-1249637,SiO2,combined_noise_0.015A_0.010,combined_perturbation,noise,1,20,1,0,0,0,medium::mp-1249637::reference,0.9233145508915186
medium,medium,medium::mp-1249637::combined_noise_0.050A_0.010,mp-1249637,mp-1249637,SiO2,combined_noise_0.050A_0.010,combined_perturbation,noise,1,20,1,0,0,0,medium::mp-1249637::reference,0.9896862003952265
medium,medium,medium::mp-1249637::combined_noise_0.002A_0.030,mp-1249637,mp-1249637,SiO2,combined_noise_0.002A_0.030,combined_perturbation,noise,1,20,1,0,0,0,medium::mp-1249637::reference,0.9200093690305948
medium,medium,medium::mp-1249637::combined_noise_0.015A_0.030,mp-1249637,mp-1249637,SiO2,combined_noise_0.015A_0.030,combined_perturbation,noise,1,20,1,0,0,0,medium::mp-1249637::reference,0.9161213878542185
medium,medium,medium::mp-1249637::combined_noise_0.050A_0.030,mp-1249637,mp-1249637,SiO2,combined_noise_0.050A_0.030,combined_perturbation,noise,1,20,1,0,0,0,medium::mp-1249637::reference,0.9187007658183575
medium,medium,medium::mp-1249969::conventional_standard,mp-1249969,mp-1249969,SiO2,conventional_standard,equivalent_transform,no_noise,1,20,1,0,0,0,medium::mp-1249969::reference,0.8838445693254471
medium,medium,medium::mp-1249969::niggli_reduced,mp-1249969,mp-1249969,SiO2,niggli_reduced,equivalent_transform,no_noise,1,20,1,0,0,0,medium::mp-1249969::reference,0.8837882485240698
medium,medium,medium::mp-1249969::origin_shifted,mp-1249969,mp-1249969,SiO2,origin_shifted,equivalent_transform,no_noise,1,20,1,0,0,0,medium::mp-1249969::reference,0.6988095883280039
medium,medium,medium::mp-1249969::permuted_sites,mp-1249969,mp-1249969,SiO2,permuted_sites,equivalent_transform,no_noise,1,20,1,0,0,0,medium::mp-1249969::reference,1.1965259332209826
medium,medium,medium::mp-1249969::combined_noise_0.002A_0.003,mp-1249969,mp-1249969,SiO2,combined_noise_0.002A_0.003,combined_perturbation,noise,1,20,1,0,0,0,medium::mp-1249969::reference,0.6863194592297077
medium,medium,medium::mp-1249969::combined_noise_0.015A_0.003,mp-1249969,mp-1249969,SiO2,combined_noise_0.015A_0.003,combined_perturbation,noise,1,20,1,0,0,0,medium::mp-1249969::reference,0.6822214834392071
medium,medium,medium::mp-1249969::combined_noise_0.050A_0.003,mp-1249969,mp-1249969,SiO2,combined_noise_0.050A_0.003,combined_perturbation,noise,1,20,1,0,0,0,medium::mp-1249969::reference,0.6890545766800642
medium,medium,medium::mp-1249969::combined_noise_0.002A_0.010,mp-1249969,mp-1249969,SiO2,combined_noise_0.002A_0.010,combined_perturbation,noise,1,20,1,0,0,0,medium::mp-1249969::reference,0.6884401328861713
medium,medium,medium::mp-1249969::combined_noise_0.015A_0.010,mp-1249969,mp-1249969,SiO2,combined_noise_0.015A_0.010,combined_perturbation,noise,1,20,1,0,0,0,medium::mp-1249969::reference,0.6865638010203838
medium,medium,medium::mp-1249969::combined_noise_0.050A_0.010,mp-1249969,mp-1249969,SiO2,combined_noise_0.050A_0.010,combined_perturbation,noise,1,20,1,0,0,0,medium::mp-1249969::reference,0.6899714693427086
medium,medium,medium::mp-1249969::combined_noise_0.002A_0.030,mp-1249969,mp-1249969,SiO2,combined_noise_0.002A_0.030,combined_perturbation,noise,1,20,1,0,0,0,medium::mp-1249969::reference,0.690207451581955
medium,medium,medium::mp-1249969::combined_noise_0.015A_0.030,mp-1249969,mp-1249969,SiO2,combined_noise_0.015A_0.030,combined_perturbation,noise,1,20,1,0,0,0,medium::mp-1249969::reference,0.6735532563179731
medium,medium,medium::mp-1249969::combined_noise_0.050A_0.030,mp-1249969,mp-1249969,SiO2,combined_noise_0.050A_0.030,combined_perturbation,noise,1,20,1,0,0,0,medium::mp-1249969::reference,0.6605815421789885
medium,medium,medium::mp-1008677::conventional_standard,mp-1008677,mp-1008677,TiO2,conventional_standard,equivalent_transform,no_noise,1,20,1,0,0,0,medium::mp-1008677::reference,0.42954015731811523
medium,medium,medium::mp-1008677::niggli_reduced,mp-1008677,mp-1008677,TiO2,niggli_reduced,equivalent_transform,no_noise,1,20,1,0,0,0,medium::mp-1008677::reference,0.6715186778455973
medium,medium,medium::mp-1008677::origin_shifted,mp-1008677,mp-1008677,TiO2,origin_shifted,equivalent_transform,no_noise,1,20,1,0,0,0,medium::mp-1008677::reference,0.6809165515005589
medium,medium,medium::mp-1008677::permuted_sites,mp-1008677,mp-1008677,TiO2,permuted_sites,equivalent_transform,no_noise,1,20,1,0,0,0,medium::mp-1008677::reference,0.9591373112052679
medium,medium,medium::mp-1008677::combined_noise_0.002A_0.003,mp-1008677,mp-1008677,TiO2,combined_noise_0.002A_0.003,combined_perturbation,noise,1,20,1,0,0,0,medium::mp-1008677::reference,0.6404241155833006
medium,medium,medium::mp-1008677::combined_noise_0.015A_0.003,mp-1008677,mp-1008677,TiO2,combined_noise_0.015A_0.003,combined_perturbation,noise,1,20,1,0,0,0,medium::mp-1008677::reference,0.4717088397592306
medium,medium,medium::mp-1008677::combined_noise_0.050A_0.003,mp-1008677,mp-1008677,TiO2,combined_noise_0.050A_0.003,combined_perturbation,noise,1,20,1,0,0,0,medium::mp-1008677::reference,0.4775686878710985
medium,medium,medium::mp-1008677::combined_noise_0.002A_0.010,mp-1008677,mp-1008677,TiO2,combined_noise_0.002A_0.010,combined_perturbation,noise,1,20,1,0,0,0,medium::mp-1008677::reference,0.6397592760622501
medium,medium,medium::mp-1008677::combined_noise_0.015A_0.010,mp-1008677,mp-1008677,TiO2,combined_noise_0.015A_0.010,combined_perturbation,noise,1,20,1,0,0,0,medium::mp-1008677::reference,0.475280849263072
medium,medium,medium::mp-1008677::combined_noise_0.050A_0.010,mp-1008677,mp-1008677,TiO2,combined_noise_0.050A_0.010,combined_perturbation,noise,1,20,1,0,0,0,medium::mp-1008677::reference,0.47867072001099586
medium,medium,medium::mp-1008677::combined_noise_0.002A_0.030,mp-1008677,mp-1008677,TiO2,combined_noise_0.002A_0.030,combined_perturbation,noise,1,20,1,0,0,0,medium::mp-1008677::reference,0.6420708000659943
medium,medium,medium::mp-1008677::combined_noise_0.015A_0.030,mp-1008677,mp-1008677,TiO2,combined_noise_0.015A_0.030,combined_perturbation,noise,1,20,1,0,0,0,medium::mp-1008677::reference,0.48953589610755444
medium,medium,medium::mp-1008677::combined_noise_0.050A_0.030,mp-1008677,mp-1008677,TiO2,combined_noise_0.050A_0.030,combined_perturbation,noise,1,20,1,0,0,0,medium::mp-1008677::reference,0.48191799223423004
medium,medium,medium::mp-1041565::conventional_standard,mp-1041565,mp-1041565,TiO2,conventional_standard,equivalent_transform,no_noise,1,20,1,0,0,0,medium::mp-1041565::reference,0.4793298840522766
medium,medium,medium::mp-1041565::niggli_reduced,mp-1041565,mp-1041565,TiO2,niggli_reduced,equivalent_transform,no_noise,1,20,1,0,0,0,medium::mp-1041565::reference,0.6138570085167885
medium,medium,medium::mp-1041565::origin_shifted,mp-1041565,mp-1041565,TiO2,origin_shifted,equivalent_transform,no_noise,1,20,1,0,0,0,medium::mp-1041565::reference,0.6243117917329073
medium,medium,medium::mp-1041565::permuted_sites,mp-1041565,mp-1041565,TiO2,permuted_sites,equivalent_transform,no_noise,1,20,1,0,0,0,medium::mp-1041565::reference,0.9442676622420549
medium,medium,medium::mp-1041565::combined_noise_0.002A_0.003,mp-1041565,mp-1041565,TiO2,combined_noise_0.002A_0.003,combined_perturbation,noise,1,20,1,0,0,0,medium::mp-1041565::reference,0.6159937828779221
medium,medium,medium::mp-1041565::combined_noise_0.015A_0.003,mp-1041565,mp-1041565,TiO2,combined_noise_0.015A_0.003,combined_perturbation,noise,1,20,1,0,0,0,medium::mp-1041565::reference,0.6146686226129532
medium,medium,medium::mp-1041565::combined_noise_0.050A_0.003,mp-1041565,mp-1041565,TiO2,combined_noise_0.050A_0.003,combined_perturbation,noise,1,20,1,0,0,0,medium::mp-1041565::reference,0.5504809878766537
medium,medium,medium::mp-1041565::combined_noise_0.002A_0.010,mp-1041565,mp-1041565,TiO2,combined_noise_0.002A_0.010,combined_perturbation,noise,1,20,1,0,0,0,medium::mp-1041565::reference,0.6152252834290266
medium,medium,medium::mp-1041565::combined_noise_0.015A_0.010,mp-1041565,mp-1041565,TiO2,combined_noise_0.015A_0.010,combined_perturbation,noise,1,20,1,0,0,0,medium::mp-1041565::reference,0.5980362966656685
medium,medium,medium::mp-1041565::combined_noise_0.050A_0.010,mp-1041565,mp-1041565,TiO2,combined_noise_0.050A_0.010,combined_perturbation,noise,1,20,1,0,0,0,medium::mp-1041565::reference,0.5323456171900034
medium,medium,medium::mp-1041565::combined_noise_0.002A_0.030,mp-1041565,mp-1041565,TiO2,combined_noise_0.002A_0.030,combined_perturbation,noise,1,20,1,0,0,0,medium::mp-1041565::reference,0.6284643784165382
medium,medium,medium::mp-1041565::combined_noise_0.015A_0.030,mp-1041565,mp-1041565,TiO2,combined_noise_0.015A_0.030,combined_perturbation,noise,1,20,1,0,0,0,medium::mp-1041565::reference,0.6134215444326401
medium,medium,medium::mp-1041565::combined_noise_0.050A_0.030,mp-1041565,mp-1041565,TiO2,combined_noise_0.050A_0.030,combined_perturbation,noise,0,20,0,0,0,1,,0.5721525475382805
medium,medium,medium::mp-1044853::conventional_standard,mp-1044853,mp-1044853,TiO2,conventional_standard,equivalent_transform,no_noise,1,20,1,0,0,0,medium::mp-1044853::reference,0.5000736620277166
medium,medium,medium::mp-1044853::niggli_reduced,mp-1044853,mp-1044853,TiO2,niggli_reduced,equivalent_transform,no_noise,1,20,1,0,0,0,medium::mp-1044853::reference,0.7827131357043982
medium,medium,medium::mp-1044853::origin_shifted,mp-1044853,mp-1044853,TiO2,origin_shifted,equivalent_transform,no_noise,1,20,1,0,0,0,medium::mp-1044853::reference,0.7993458919227123
medium,medium,medium::mp-1044853::permuted_sites,mp-1044853,mp-1044853,TiO2,permuted_sites,equivalent_transform,no_noise,1,20,1,0,0,0,medium::mp-1044853::reference,1.7046038024127483
medium,medium,medium::mp-1044853::combined_noise_0.002A_0.003,mp-1044853,mp-1044853,TiO2,combined_noise_0.002A_0.003,combined_perturbation,noise,1,20,1,0,0,0,medium::mp-1044853::reference,0.7864582482725382
medium,medium,medium::mp-1044853::combined_noise_0.015A_0.003,mp-1044853,mp-1044853,TiO2,combined_noise_0.015A_0.003,combined_perturbation,noise,1,20,1,0,0,0,medium::mp-1044853::reference,0.7860963884741068
medium,medium,medium::mp-1044853::combined_noise_0.050A_0.003,mp-1044853,mp-1044853,TiO2,combined_noise_0.050A_0.003,combined_perturbation,noise,1,20,1,0,0,0,medium::mp-1044853::reference,0.9929541312158108
medium,medium,medium::mp-1044853::combined_noise_0.002A_0.010,mp-1044853,mp-1044853,TiO2,combined_noise_0.002A_0.010,combined_perturbation,noise,1,20,1,0,0,0,medium::mp-1044853::reference,0.782323807477951
medium,medium,medium::mp-1044853::combined_noise_0.015A_0.010,mp-1044853,mp-1044853,TiO2,combined_noise_0.015A_0.010,combined_perturbation,noise,1,20,1,0,0,0,medium::mp-1044853::reference,0.7828589882701635
medium,medium,medium::mp-1044853::combined_noise_0.050A_0.010,mp-1044853,mp-1044853,TiO2,combined_noise_0.050A_0.010,combined_perturbation,noise,1,20,1,0,0,0,medium::mp-1044853::reference,0.9772282857447863
medium,medium,medium::mp-1044853::combined_noise_0.002A_0.030,mp-1044853,mp-1044853,TiO2,combined_noise_0.002A_0.030,combined_perturbation,noise,1,20,1,0,0,0,medium::mp-1044853::reference,0.8092750776559114
medium,medium,medium::mp-1044853::combined_noise_0.015A_0.030,mp-1044853,mp-1044853,TiO2,combined_noise_0.015A_0.030,combined_perturbation,noise,1,20,1,0,0,0,medium::mp-1044853::reference,0.7895980831235647
medium,medium,medium::mp-1044853::combined_noise_0.050A_0.030,mp-1044853,mp-1044853,TiO2,combined_noise_0.050A_0.030,combined_perturbation,noise,1,20,1,0,0,0,medium::mp-1044853::reference,1.0137342009693384
medium,medium,medium::mp-1079207::conventional_standard,mp-1079207,mp-1079207,TiO2,conventional_standard,equivalent_transform,no_noise,1,20,1,0,0,0,medium::mp-1079207::reference,0.3387162312865257
medium,medium,medium::mp-1079207::niggli_reduced,mp-1079207,mp-1079207,TiO2,niggli_reduced,equivalent_transform,no_noise,1,20,1,0,0,0,medium::mp-1079207::reference,0.49256976693868637
medium,medium,medium::mp-1079207::origin_shifted,mp-1079207,mp-1079207,TiO2,origin_shifted,equivalent_transform,no_noise,1,20,1,0,0,0,medium::mp-1079207::reference,0.5022843386977911
medium,medium,medium::mp-1079207::permuted_sites,mp-1079207,mp-1079207,TiO2,permuted_sites,equivalent_transform,no_noise,1,20,1,0,0,0,medium::mp-1079207::reference,0.7844515219330788
medium,medium,medium::mp-1079207::combined_noise_0.002A_0.003,mp-1079207,mp-1079207,TiO2,combined_noise_0.002A_0.003,combined_perturbation,noise,1,20,1,0,0,0,medium::mp-1079207::reference,0.4936807695776224
medium,medium,medium::mp-1079207::combined_noise_0.015A_0.003,mp-1079207,mp-1079207,TiO2,combined_noise_0.015A_0.003,combined_perturbation,noise,1,20,1,0,0,0,medium::mp-1079207::reference,0.5190538577735424
medium,medium,medium::mp-1079207::combined_noise_0.050A_0.003,mp-1079207,mp-1079207,TiO2,combined_noise_0.050A_0.003,combined_perturbation,noise,1,20,1,0,0,0,medium::mp-1079207::reference,0.5171379037201405
medium,medium,medium::mp-1079207::combined_noise_0.002A_0.010,mp-1079207,mp-1079207,TiO2,combined_noise_0.002A_0.010,combined_perturbation,noise,1,20,1,0,0,0,medium::mp-1079207::reference,0.49654385447502136
medium,medium,medium::mp-1079207::combined_noise_0.015A_0.010,mp-1079207,mp-1079207,TiO2,combined_noise_0.015A_0.010,combined_perturbation,noise,1,20,1,0,0,0,medium::mp-1079207::reference,0.5182126462459564
medium,medium,medium::mp-1079207::combined_noise_0.050A_0.010,mp-1079207,mp-1079207,TiO2,combined_noise_0.050A_0.010,combined_perturbation,noise,1,20,1,0,0,0,medium::mp-1079207::reference,0.5175472740083933
medium,medium,medium::mp-1079207::combined_noise_0.002A_0.030,mp-1079207,mp-1079207,TiO2,combined_noise_0.002A_0.030,combined_perturbation,noise,1,20,1,0,0,0,medium::mp-1079207::reference,0.522670816630125
medium,medium,medium::mp-1079207::combined_noise_0.015A_0.030,mp-1079207,mp-1079207,TiO2,combined_noise_0.015A_0.030,combined_perturbation,noise,1,20,1,0,0,0,medium::mp-1079207::reference,0.5140409953892231
medium,medium,medium::mp-1079207::combined_noise_0.050A_0.030,mp-1079207,mp-1079207,TiO2,combined_noise_0.050A_0.030,combined_perturbation,noise,1,20,1,0,0,0,medium::mp-1079207::reference,0.5202411524951458
medium,medium,medium::mp-1101022::conventional_standard,mp-1101022,mp-1101022,TiO2,conventional_standard,equivalent_transform,no_noise,1,20,1,0,0,0,medium::mp-1101022::reference,0.3663908652961254
medium,medium,medium::mp-1101022::niggli_reduced,mp-1101022,mp-1101022,TiO2,niggli_reduced,equivalent_transform,no_noise,1,20,1,0,0,0,medium::mp-1101022::reference,0.5034758634865284
medium,medium,medium::mp-1101022::origin_shifted,mp-1101022,mp-1101022,TiO2,origin_shifted,equivalent_transform,no_noise,1,20,1,0,0,0,medium::mp-1101022::reference,0.5113901197910309
medium,medium,medium::mp-1101022::permuted_sites,mp-1101022,mp-1101022,TiO2,permuted_sites,equivalent_transform,no_noise,1,20,1,0,0,0,medium::mp-1101022::reference,0.8321379330009222
medium,medium,medium::mp-1101022::combined_noise_0.002A_0.003,mp-1101022,mp-1101022,TiO2,combined_noise_0.002A_0.003,combined_perturbation,noise,1,20,1,0,0,0,medium::mp-1101022::reference,0.502298740670085
medium,medium,medium::mp-1101022::combined_noise_0.015A_0.003,mp-1101022,mp-1101022,TiO2,combined_noise_0.015A_0.003,combined_perturbation,noise,1,20,1,0,0,0,medium::mp-1101022::reference,0.5031079109758139
medium,medium,medium::mp-1101022::combined_noise_0.050A_0.003,mp-1101022,mp-1101022,TiO2,combined_noise_0.050A_0.003,combined_perturbation,noise,1,20,1,0,0,0,medium::mp-1101022::reference,0.5023097693920135
medium,medium,medium::mp-1101022::combined_noise_0.002A_0.010,mp-1101022,mp-1101022,TiO2,combined_noise_0.002A_0.010,combined_perturbation,noise,1,20,1,0,0,0,medium::mp-1101022::reference,0.5024567320942879
medium,medium,medium::mp-1101022::combined_noise_0.015A_0.010,mp-1101022,mp-1101022,TiO2,combined_noise_0.015A_0.010,combined_perturbation,noise,1,20,1,0,0,0,medium::mp-1101022::reference,0.5092007834464312
medium,medium,medium::mp-1101022::combined_noise_0.050A_0.010,mp-1101022,mp-1101022,TiO2,combined_noise_0.050A_0.010,combined_perturbation,noise,1,20,1,0,0,0,medium::mp-1101022::reference,0.5071175489574671
medium,medium,medium::mp-1101022::combined_noise_0.002A_0.030,mp-1101022,mp-1101022,TiO2,combined_noise_0.002A_0.030,combined_perturbation,noise,1,20,1,0,0,0,medium::mp-1101022::reference,0.5331985596567392
medium,medium,medium::mp-1101022::combined_noise_0.015A_0.030,mp-1101022,mp-1101022,TiO2,combined_noise_0.015A_0.030,combined_perturbation,noise,1,20,1,0,0,0,medium::mp-1101022::reference,0.5047836545854807
medium,medium,medium::mp-1101022::combined_noise_0.050A_0.030,mp-1101022,mp-1101022,TiO2,combined_noise_0.050A_0.030,combined_perturbation,noise,1,20,1,0,0,0,medium::mp-1101022::reference,0.5047799739986658
medium,medium,medium::mp-1102255::conventional_standard,mp-1102255,mp-1102255,TiO2,conventional_standard,equivalent_transform,no_noise,1,20,1,0,0,0,medium::mp-1102255::reference,0.3423558324575424
medium,medium,medium::mp-1102255::niggli_reduced,mp-1102255,mp-1102255,TiO2,niggli_reduced,equivalent_transform,no_noise,1,20,1,0,0,0,medium::mp-1102255::reference,0.5183554254472256
medium,medium,medium::mp-1102255::origin_shifted,mp-1102255,mp-1102255,TiO2,origin_shifted,equivalent_transform,no_noise,1,20,1,0,0,0,medium::mp-1102255::reference,0.5290299821645021
medium,medium,medium::mp-1102255::permuted_sites,mp-1102255,mp-1102255,TiO2,permuted_sites,equivalent_transform,no_noise,1,20,1,0,0,0,medium::mp-1102255::reference,0.8475516438484192
medium,medium,medium::mp-1102255::combined_noise_0.002A_0.003,mp-1102255,mp-1102255,TiO2,combined_noise_0.002A_0.003,combined_perturbation,noise,1,20,1,0,0,0,medium::mp-1102255::reference,0.5205101519823074
medium,medium,medium::mp-1102255::combined_noise_0.015A_0.003,mp-1102255,mp-1102255,TiO2,combined_noise_0.015A_0.003,combined_perturbation,noise,1,20,1,0,0,0,medium::mp-1102255::reference,0.5199069213122129
medium,medium,medium::mp-1102255::combined_noise_0.050A_0.003,mp-1102255,mp-1102255,TiO2,combined_noise_0.050A_0.003,combined_perturbation,noise,1,20,1,0,0,0,medium::mp-1102255::reference,0.5261336229741573
medium,medium,medium::mp-1102255::combined_noise_0.002A_0.010,mp-1102255,mp-1102255,TiO2,combined_noise_0.002A_0.010,combined_perturbation,noise,1,20,1,0,0,0,medium::mp-1102255::reference,0.5200618598610163
medium,medium,medium::mp-1102255::combined_noise_0.015A_0.010,mp-1102255,mp-1102255,TiO2,combined_noise_0.015A_0.010,combined_perturbation,noise,1,20,1,0,0,0,medium::mp-1102255::reference,0.5198105406016111
medium,medium,medium::mp-1102255::combined_noise_0.050A_0.010,mp-1102255,mp-1102255,TiO2,combined_noise_0.050A_0.010,combined_perturbation,noise,1,20,1,0,0,0,medium::mp-1102255::reference,0.5212600938975811
medium,medium,medium::mp-1102255::combined_noise_0.002A_0.030,mp-1102255,mp-1102255,TiO2,combined_noise_0.002A_0.030,combined_perturbation,noise,1,20,1,0,0,0,medium::mp-1102255::reference,0.5359389949589968
medium,medium,medium::mp-1102255::combined_noise_0.015A_0.030,mp-1102255,mp-1102255,TiO2,combined_noise_0.015A_0.030,combined_perturbation,noise,1,20,1,0,0,0,medium::mp-1102255::reference,0.5194525197148323
medium,medium,medium::mp-1102255::combined_noise_0.050A_0.030,mp-1102255,mp-1102255,TiO2,combined_noise_0.050A_0.030,combined_perturbation,noise,1,20,1,0,0,0,medium::mp-1102255::reference,0.5227849557995796
medium,medium,medium::mp-1102591::conventional_standard,mp-1102591,mp-1102591,TiO2,conventional_standard,equivalent_transform,no_noise,1,20,1,0,0,0,medium::mp-1102591::reference,0.4027784988284111
medium,medium,medium::mp-1102591::niggli_reduced,mp-1102591,mp-1102591,TiO2,niggli_reduced,equivalent_transform,no_noise,1,20,1,0,0,0,medium::mp-1102591::reference,0.5792599581182003
medium,medium,medium::mp-1102591::origin_shifted,mp-1102591,mp-1102591,TiO2,origin_shifted,equivalent_transform,no_noise,1,20,1,0,0,0,medium::mp-1102591::reference,0.5887825693935156
medium,medium,medium::mp-1102591::permuted_sites,mp-1102591,mp-1102591,TiO2,permuted_sites,equivalent_transform,no_noise,1,20,1,0,0,0,medium::mp-1102591::reference,0.906791552901268
medium,medium,medium::mp-1102591::combined_noise_0.002A_0.003,mp-1102591,mp-1102591,TiO2,combined_noise_0.002A_0.003,combined_perturbation,noise,1,20,1,0,0,0,medium::mp-1102591::reference,0.5793767850846052
medium,medium,medium::mp-1102591::combined_noise_0.015A_0.003,mp-1102591,mp-1102591,TiO2,combined_noise_0.015A_0.003,combined_perturbation,noise,1,20,1,0,0,0,medium::mp-1102591::reference,0.5823324453085661
medium,medium,medium::mp-1102591::combined_noise_0.050A_0.003,mp-1102591,mp-1102591,TiO2,combined_noise_0.050A_0.003,combined_perturbation,noise,1,20,1,0,0,0,medium::mp-1102591::reference,0.5825649369508028
medium,medium,medium::mp-1102591::combined_noise_0.002A_0.010,mp-1102591,mp-1102591,TiO2,combined_noise_0.002A_0.010,combined_perturbation,noise,1,20,1,0,0,0,medium::mp-1102591::reference,0.5818413831293583
medium,medium,medium::mp-1102591::combined_noise_0.015A_0.010,mp-1102591,mp-1102591,TiO2,combined_noise_0.015A_0.010,combined_perturbation,noise,1,20,1,0,0,0,medium::mp-1102591::reference,0.5806068312376738
medium,medium,medium::mp-1102591::combined_noise_0.050A_0.010,mp-1102591,mp-1102591,TiO2,combined_noise_0.050A_0.010,combined_perturbation,noise,1,20,1,0,0,0,medium::mp-1102591::reference,0.5816938132047653
medium,medium,medium::mp-1102591::combined_noise_0.002A_0.030,mp-1102591,mp-1102591,TiO2,combined_noise_0.002A_0.030,combined_perturbation,noise,1,20,1,0,0,0,medium::mp-1102591::reference,0.5965972058475018
medium,medium,medium::mp-1102591::combined_noise_0.015A_0.030,mp-1102591,mp-1102591,TiO2,combined_noise_0.015A_0.030,combined_perturbation,noise,1,20,1,0,0,0,medium::mp-1102591::reference,0.5832571964710951
medium,medium,medium::mp-1102591::combined_noise_0.050A_0.030,mp-1102591,mp-1102591,TiO2,combined_noise_0.050A_0.030,combined_perturbation,noise,1,20,1,0,0,0,medium::mp-1102591::reference,0.5787216033786535
medium,medium,medium::mp-1190753::conventional_standard,mp-1190753,mp-1190753,TiO2,conventional_standard,equivalent_transform,no_noise,1,20,1,0,0,0,medium::mp-1190753::reference,0.46274462901055813
medium,medium,medium::mp-1190753::niggli_reduced,mp-1190753,mp-1190753,TiO2,niggli_reduced,equivalent_transform,no_noise,1,20,1,0,0,0,medium::mp-1190753::reference,0.6148301679641008
medium,medium,medium::mp-1190753::origin_shifted,mp-1190753,mp-1190753,TiO2,origin_shifted,equivalent_transform,no_noise,1,20,1,0,0,0,medium::mp-1190753::reference,0.6168873645365238
medium,medium,medium::mp-1190753::permuted_sites,mp-1190753,mp-1190753,TiO2,permuted_sites,equivalent_transform,no_noise,1,20,1,0,0,0,medium::mp-1190753::reference,0.9397527296096087
medium,medium,medium::mp-1190753::combined_noise_0.002A_0.003,mp-1190753,mp-1190753,TiO2,combined_noise_0.002A_0.003,combined_perturbation,noise,1,20,1,0,0,0,medium::mp-1190753::reference,0.6101594604551792
medium,medium,medium::mp-1190753::combined_noise_0.015A_0.003,mp-1190753,mp-1190753,TiO2,combined_noise_0.015A_0.003,combined_perturbation,noise,1,20,1,0,0,0,medium::mp-1190753::reference,0.6104443687945604
medium,medium,medium::mp-1190753::combined_noise_0.050A_0.003,mp-1190753,mp-1190753,TiO2,combined_noise_0.050A_0.003,combined_perturbation,noise,1,20,1,0,0,0,medium::mp-1190753::reference,0.6089338734745979
medium,medium,medium::mp-1190753::combined_noise_0.002A_0.010,mp-1190753,mp-1190753,TiO2,combined_noise_0.002A_0.010,combined_perturbation,noise,1,20,1,0,0,0,medium::mp-1190753::reference,0.6109545007348061
medium,medium,medium::mp-1190753::combined_noise_0.015A_0.010,mp-1190753,mp-1190753,TiO2,combined_noise_0.015A_0.010,combined_perturbation,noise,1,20,1,0,0,0,medium::mp-1190753::reference,0.6088065858930349
medium,medium,medium::mp-1190753::combined_noise_0.050A_0.010,mp-1190753,mp-1190753,TiO2,combined_noise_0.050A_0.010,combined_perturbation,noise,1,20,1,0,0,0,medium::mp-1190753::reference,0.6135890185832977
medium,medium,medium::mp-1190753::combined_noise_0.002A_0.030,mp-1190753,mp-1190753,TiO2,combined_noise_0.002A_0.030,combined_perturbation,noise,1,20,1,0,0,0,medium::mp-1190753::reference,0.645333107560873
medium,medium,medium::mp-1190753::combined_noise_0.015A_0.030,mp-1190753,mp-1190753,TiO2,combined_noise_0.015A_0.030,combined_perturbation,noise,1,20,1,0,0,0,medium::mp-1190753::reference,0.6082969829440117
medium,medium,medium::mp-1190753::combined_noise_0.050A_0.030,mp-1190753,mp-1190753,TiO2,combined_noise_0.050A_0.030,combined_perturbation,noise,1,20,1,0,0,0,medium::mp-1190753::reference,0.6125015243887901
medium,medium,medium::mp-1201727::conventional_standard,mp-1201727,mp-1201727,TiO2,conventional_standard,equivalent_transform,no_noise,1,20,1,0,0,0,medium::mp-1201727::reference,0.6502292696386576
medium,medium,medium::mp-1201727::niggli_reduced,mp-1201727,mp-1201727,TiO2,niggli_reduced,equivalent_transform,no_noise,1,20,1,0,0,0,medium::mp-1201727::reference,0.6517390254884958
medium,medium,medium::mp-1201727::origin_shifted,mp-1201727,mp-1201727,TiO2,origin_shifted,equivalent_transform,no_noise,1,20,1,0,0,0,medium::mp-1201727::reference,0.5456482190638781
medium,medium,medium::mp-1201727::permuted_sites,mp-1201727,mp-1201727,TiO2,permuted_sites,equivalent_transform,no_noise,1,20,1,0,0,0,medium::mp-1201727::reference,0.8654530066996813
medium,medium,medium::mp-1201727::combined_noise_0.002A_0.003,mp-1201727,mp-1201727,TiO2,combined_noise_0.002A_0.003,combined_perturbation,noise,1,20,1,0,0,0,medium::mp-1201727::reference,0.5357853379100561
medium,medium,medium::mp-1201727::combined_noise_0.015A_0.003,mp-1201727,mp-1201727,TiO2,combined_noise_0.015A_0.003,combined_perturbation,noise,1,20,1,0,0,0,medium::mp-1201727::reference,0.5367095470428467
medium,medium,medium::mp-1201727::combined_noise_0.050A_0.003,mp-1201727,mp-1201727,TiO2,combined_noise_0.050A_0.003,combined_perturbation,noise,1,20,1,0,0,0,medium::mp-1201727::reference,0.5369546804577112
medium,medium,medium::mp-1201727::combined_noise_0.002A_0.010,mp-1201727,mp-1201727,TiO2,combined_noise_0.002A_0.010,combined_perturbation,noise,1,20,1,0,0,0,medium::mp-1201727::reference,0.5385665241628885
medium,medium,medium::mp-1201727::combined_noise_0.015A_0.010,mp-1201727,mp-1201727,TiO2,combined_noise_0.015A_0.010,combined_perturbation,noise,1,20,1,0,0,0,medium::mp-1201727::reference,0.5429025534540415
medium,medium,medium::mp-1201727::combined_noise_0.050A_0.010,mp-1201727,mp-1201727,TiO2,combined_noise_0.050A_0.010,combined_perturbation,noise,1,20,1,0,0,0,medium::mp-1201727::reference,0.5391132440418005
medium,medium,medium::mp-1201727::combined_noise_0.002A_0.030,mp-1201727,mp-1201727,TiO2,combined_noise_0.002A_0.030,combined_perturbation,noise,1,20,1,0,0,0,medium::mp-1201727::reference,0.5376321412622929
medium,medium,medium::mp-1201727::combined_noise_0.015A_0.030,mp-1201727,mp-1201727,TiO2,combined_noise_0.015A_0.030,combined_perturbation,noise,1,20,1,0,0,0,medium::mp-1201727::reference,0.5456494707614183
medium,medium,medium::mp-1201727::combined_noise_0.050A_0.030,mp-1201727,mp-1201727,TiO2,combined_noise_0.050A_0.030,combined_perturbation,noise,1,20,1,0,0,0,medium::mp-1201727::reference,0.5840804278850555
medium,medium,medium::mp-1245098::conventional_standard,mp-1245098,mp-1245098,TiO2,conventional_standard,equivalent_transform,no_noise,1,20,1,0,0,0,medium::mp-1245098::reference,1.507782120257616
medium,medium,medium::mp-1245098::niggli_reduced,mp-1245098,mp-1245098,TiO2,niggli_reduced,equivalent_transform,no_noise,1,20,1,0,0,0,medium::mp-1245098::reference,1.0721971336752176
medium,medium,medium::mp-1245098::origin_shifted,mp-1245098,mp-1245098,TiO2,origin_shifted,equivalent_transform,no_noise,1,20,1,0,0,0,medium::mp-1245098::reference,1.0860463436692953
medium,medium,medium::mp-1245098::permuted_sites,mp-1245098,mp-1245098,TiO2,permuted_sites,equivalent_transform,no_noise,1,20,1,0,0,0,medium::mp-1245098::reference,2.1851975563913584
medium,medium,medium::mp-1245098::combined_noise_0.002A_0.003,mp-1245098,mp-1245098,TiO2,combined_noise_0.002A_0.003,combined_perturbation,noise,1,20,1,0,0,0,medium::mp-1245098::reference,1.0638101734220982
medium,medium,medium::mp-1245098::combined_noise_0.015A_0.003,mp-1245098,mp-1245098,TiO2,combined_noise_0.015A_0.003,combined_perturbation,noise,1,20,1,0,0,0,medium::mp-1245098::reference,1.0545001942664385
medium,medium,medium::mp-1245098::combined_noise_0.050A_0.003,mp-1245098,mp-1245098,TiO2,combined_noise_0.050A_0.003,combined_perturbation,noise,1,20,1,0,0,0,medium::mp-1245098::reference,1.07696389593184
medium,medium,medium::mp-1245098::combined_noise_0.002A_0.010,mp-1245098,mp-1245098,TiO2,combined_noise_0.002A_0.010,combined_perturbation,noise,1,20,1,0,0,0,medium::mp-1245098::reference,1.0515021570026875
medium,medium,medium::mp-1245098::combined_noise_0.015A_0.010,mp-1245098,mp-1245098,TiO2,combined_noise_0.015A_0.010,combined_perturbation,noise,1,20,1,0,0,0,medium::mp-1245098::reference,1.0595469754189253
medium,medium,medium::mp-1245098::combined_noise_0.050A_0.010,mp-1245098,mp-1245098,TiO2,combined_noise_0.050A_0.010,combined_perturbation,noise,1,20,1,0,0,0,medium::mp-1245098::reference,1.0541776921600103
medium,medium,medium::mp-1245098::combined_noise_0.002A_0.030,mp-1245098,mp-1245098,TiO2,combined_noise_0.002A_0.030,combined_perturbation,noise,1,20,1,0,0,0,medium::mp-1245098::reference,1.046549765393138
medium,medium,medium::mp-1245098::combined_noise_0.015A_0.030,mp-1245098,mp-1245098,TiO2,combined_noise_0.015A_0.030,combined_perturbation,noise,1,20,1,0,0,0,medium::mp-1245098::reference,1.0493209529668093
medium,medium,medium::mp-1245098::combined_noise_0.050A_0.030,mp-1245098,mp-1245098,TiO2,combined_noise_0.050A_0.030,combined_perturbation,noise,1,20,1,0,0,0,medium::mp-1245098::reference,1.0804259441792965
medium,medium,medium::mp-1245134::conventional_standard,mp-1245134,mp-1245134,TiO2,conventional_standard,equivalent_transform,no_noise,1,20,1,0,0,0,medium::mp-1245134::reference,1.5624373871833086
medium,medium,medium::mp-1245134::niggli_reduced,mp-1245134,mp-1245134,TiO2,niggli_reduced,equivalent_transform,no_noise,1,20,1,0,0,0,medium::mp-1245134::reference,1.563164507970214
medium,medium,medium::mp-1245134::origin_shifted,mp-1245134,mp-1245134,TiO2,origin_shifted,equivalent_transform,no_noise,1,20,1,0,0,0,medium::mp-1245134::reference,1.179648745805025
medium,medium,medium::mp-1245134::permuted_sites,mp-1245134,mp-1245134,TiO2,permuted_sites,equivalent_transform,no_noise,1,20,1,0,0,0,medium::mp-1245134::reference,2.251476217061281
medium,medium,medium::mp-1245134::combined_noise_0.002A_0.003,mp-1245134,mp-1245134,TiO2,combined_noise_0.002A_0.003,combined_perturbation,noise,1,20,1,0,0,0,medium::mp-1245134::reference,1.3197336960583925
medium,medium,medium::mp-1245134::combined_noise_0.015A_0.003,mp-1245134,mp-1245134,TiO2,combined_noise_0.015A_0.003,combined_perturbation,noise,1,20,1,0,0,0,medium::mp-1245134::reference,1.1246094554662704
medium,medium,medium::mp-1245134::combined_noise_0.050A_0.003,mp-1245134,mp-1245134,TiO2,combined_noise_0.050A_0.003,combined_perturbation,noise,1,20,1,0,0,0,medium::mp-1245134::reference,1.1387088391929865
medium,medium,medium::mp-1245134::combined_noise_0.002A_0.010,mp-1245134,mp-1245134,TiO2,combined_noise_0.002A_0.010,combined_perturbation,noise,1,20,1,0,0,0,medium::mp-1245134::reference,1.126623496413231
medium,medium,medium::mp-1245134::combined_noise_0.015A_0.010,mp-1245134,mp-1245134,TiO2,combined_noise_0.015A_0.010,combined_perturbation,noise,1,20,1,0,0,0,medium::mp-1245134::reference,1.131052890792489
medium,medium,medium::mp-1245134::combined_noise_0.050A_0.010,mp-1245134,mp-1245134,TiO2,combined_noise_0.050A_0.010,combined_perturbation,noise,1,20,1,0,0,0,medium::mp-1245134::reference,1.1421588212251663
medium,medium,medium::mp-1245134::combined_noise_0.002A_0.030,mp-1245134,mp-1245134,TiO2,combined_noise_0.002A_0.030,combined_perturbation,noise,1,20,1,0,0,0,medium::mp-1245134::reference,1.1031275689601898
medium,medium,medium::mp-1245134::combined_noise_0.015A_0.030,mp-1245134,mp-1245134,TiO2,combined_noise_0.015A_0.030,combined_perturbation,noise,1,20,1,0,0,0,medium::mp-1245134::reference,1.1272320598363876
medium,medium,medium::mp-1245134::combined_noise_0.050A_0.030,mp-1245134,mp-1245134,TiO2,combined_noise_0.050A_0.030,combined_perturbation,noise,1,20,1,0,0,0,medium::mp-1245134::reference,1.1403601747006178
medium,medium,medium::mp-1245308::conventional_standard,mp-1245308,mp-1245308,TiO2,conventional_standard,equivalent_transform,no_noise,1,20,1,0,0,0,medium::mp-1245308::reference,1.5822490397840738
medium,medium,medium::mp-1245308::niggli_reduced,mp-1245308,mp-1245308,TiO2,niggli_reduced,equivalent_transform,no_noise,1,20,1,0,0,0,medium::mp-1245308::reference,1.5842326749116182
medium,medium,medium::mp-1245308::origin_shifted,mp-1245308,mp-1245308,TiO2,origin_shifted,equivalent_transform,no_noise,1,20,1,0,0,0,medium::mp-1245308::reference,1.1688195653259754
medium,medium,medium::mp-1245308::permuted_sites,mp-1245308,mp-1245308,TiO2,permuted_sites,equivalent_transform,no_noise,1,20,1,0,0,0,medium::mp-1245308::reference,2.2744723837822676
medium,medium,medium::mp-1245308::combined_noise_0.002A_0.003,mp-1245308,mp-1245308,TiO2,combined_noise_0.002A_0.003,combined_perturbation,noise,1,20,1,0,0,0,medium::mp-1245308::reference,1.1754700802266598
medium,medium,medium::mp-1245308::combined_noise_0.015A_0.003,mp-1245308,mp-1245308,TiO2,combined_noise_0.015A_0.003,combined_perturbation,noise,1,20,1,0,0,0,medium::mp-1245308::reference,1.1595535669475794
medium,medium,medium::mp-1245308::combined_noise_0.050A_0.003,mp-1245308,mp-1245308,TiO2,combined_noise_0.050A_0.003,combined_perturbation,noise,1,20,1,0,0,0,medium::mp-1245308::reference,1.1518785301595926
medium,medium,medium::mp-1245308::combined_noise_0.002A_0.010,mp-1245308,mp-1245308,TiO2,combined_noise_0.002A_0.010,combined_perturbation,noise,1,20,1,0,0,0,medium::mp-1245308::reference,1.156619468703866
medium,medium,medium::mp-1245308::combined_noise_0.015A_0.010,mp-1245308,mp-1245308,TiO2,combined_noise_0.015A_0.010,combined_perturbation,noise,1,20,1,0,0,0,medium::mp-1245308::reference,1.1642911229282618
medium,medium,medium::mp-1245308::combined_noise_0.050A_0.010,mp-1245308,mp-1245308,TiO2,combined_noise_0.050A_0.010,combined_perturbation,noise,1,20,1,0,0,0,medium::mp-1245308::reference,1.1581716239452362
medium,medium,medium::mp-1245308::combined_noise_0.002A_0.030,mp-1245308,mp-1245308,TiO2,combined_noise_0.002A_0.030,combined_perturbation,noise,1,20,1,0,0,0,medium::mp-1245308::reference,1.1563014276325703
medium,medium,medium::mp-1245308::combined_noise_0.015A_0.030,mp-1245308,mp-1245308,TiO2,combined_noise_0.015A_0.030,combined_perturbation,noise,1,20,1,0,0,0,medium::mp-1245308::reference,1.144362524151802
medium,medium,medium::mp-1245308::combined_noise_0.050A_0.030,mp-1245308,mp-1245308,TiO2,combined_noise_0.050A_0.030,combined_perturbation,noise,1,20,1,0,0,0,medium::mp-1245308::reference,1.158010320737958
medium,medium,medium::mp-1245321::conventional_standard,mp-1245321,mp-1245321,TiO2,conventional_standard,equivalent_transform,no_noise,1,20,1,0,0,0,medium::mp-1245321::reference,1.6126463115215302
medium,medium,medium::mp-1245321::niggli_reduced,mp-1245321,mp-1245321,TiO2,niggli_reduced,equivalent_transform,no_noise,1,20,1,0,0,0,medium::mp-1245321::reference,1.383479256182909
medium,medium,medium::mp-1245321::origin_shifted,mp-1245321,mp-1245321,TiO2,origin_shifted,equivalent_transform,no_noise,1,20,1,0,0,0,medium::mp-1245321::reference,1.2052039802074432
medium,medium,medium::mp-1245321::permuted_sites,mp-1245321,mp-1245321,TiO2,permuted_sites,equivalent_transform,no_noise,1,20,1,0,0,0,medium::mp-1245321::reference,1.3892737161368132
medium,medium,medium::mp-1245321::combined_noise_0.002A_0.003,mp-1245321,mp-1245321,TiO2,combined_noise_0.002A_0.003,combined_perturbation,noise,1,20,1,0,0,0,medium::mp-1245321::reference,1.2345974668860435
medium,medium,medium::mp-1245321::combined_noise_0.015A_0.003,mp-1245321,mp-1245321,TiO2,combined_noise_0.015A_0.003,combined_perturbation,noise,1,20,1,0,0,0,medium::mp-1245321::reference,1.2508081123232841
medium,medium,medium::mp-1245321::combined_noise_0.050A_0.003,mp-1245321,mp-1245321,TiO2,combined_noise_0.050A_0.003,combined_perturbation,noise,1,20,1,0,0,0,medium::mp-1245321::reference,1.239857867360115
medium,medium,medium::mp-1245321::combined_noise_0.002A_0.010,mp-1245321,mp-1245321,TiO2,combined_noise_0.002A_0.010,combined_perturbation,noise,1,20,1,0,0,0,medium::mp-1245321::reference,1.2512037511914968
medium,medium,medium::mp-1245321::combined_noise_0.015A_0.010,mp-1245321,mp-1245321,TiO2,combined_noise_0.015A_0.010,combined_perturbation,noise,1,20,1,0,0,0,medium::mp-1245321::reference,1.251743832603097
medium,medium,medium::mp-1245321::combined_noise_0.050A_0.010,mp-1245321,mp-1245321,TiO2,combined_noise_0.050A_0.010,combined_perturbation,noise,1,20,1,0,0,0,medium::mp-1245321::reference,1.235631002113223
medium,medium,medium::mp-1245321::combined_noise_0.002A_0.030,mp-1245321,mp-1245321,TiO2,combined_noise_0.002A_0.030,combined_perturbation,noise,1,20,1,0,0,0,medium::mp-1245321::reference,1.2359126210212708
medium,medium,medium::mp-1245321::combined_noise_0.015A_0.030,mp-1245321,mp-1245321,TiO2,combined_noise_0.015A_0.030,combined_perturbation,noise,1,20,1,0,0,0,medium::mp-1245321::reference,1.2385874725878239
medium,medium,medium::mp-1245321::combined_noise_0.050A_0.030,mp-1245321,mp-1245321,TiO2,combined_noise_0.050A_0.030,combined_perturbation,noise,1,20,1,0,0,0,medium::mp-1245321::reference,1.2330107595771551
medium,medium,medium::mp-1341203::conventional_standard,mp-1341203,mp-1341203,TiO2,conventional_standard,equivalent_transform,no_noise,1,20,1,0,0,0,medium::mp-1341203::reference,0.44661448150873184
medium,medium,medium::mp-1341203::niggli_reduced,mp-1341203,mp-1341203,TiO2,niggli_reduced,equivalent_transform,no_noise,1,20,1,0,0,0,medium::mp-1341203::reference,0.6006934586912394
medium,medium,medium::mp-1341203::origin_shifted,mp-1341203,mp-1341203,TiO2,origin_shifted,equivalent_transform,no_noise,1,20,1,0,0,0,medium::mp-1341203::reference,0.6080932430922985
medium,medium,medium::mp-1341203::permuted_sites,mp-1341203,mp-1341203,TiO2,permuted_sites,equivalent_transform,no_noise,1,20,1,0,0,0,medium::mp-1341203::reference,0.9316664859652519
medium,medium,medium::mp-1341203::combined_noise_0.002A_0.003,mp-1341203,mp-1341203,TiO2,combined_noise_0.002A_0.003,combined_perturbation,noise,1,20,1,0,0,0,medium::mp-1341203::reference,0.6563069559633732
medium,medium,medium::mp-1341203::combined_noise_0.015A_0.003,mp-1341203,mp-1341203,TiO2,combined_noise_0.015A_0.003,combined_perturbation,noise,1,20,1,0,0,0,medium::mp-1341203::reference,0.5984770711511374
medium,medium,medium::mp-1341203::combined_noise_0.050A_0.003,mp-1341203,mp-1341203,TiO2,combined_noise_0.050A_0.003,combined_perturbation,noise,1,20,1,0,0,0,medium::mp-1341203::reference,0.5991771016269922
medium,medium,medium::mp-1341203::combined_noise_0.002A_0.010,mp-1341203,mp-1341203,TiO2,combined_noise_0.002A_0.010,combined_perturbation,noise,1,20,1,0,0,0,medium::mp-1341203::reference,0.6079519633203745
medium,medium,medium::mp-1341203::combined_noise_0.015A_0.010,mp-1341203,mp-1341203,TiO2,combined_noise_0.015A_0.010,combined_perturbation,noise,1,20,1,0,0,0,medium::mp-1341203::reference,0.600816348567605
medium,medium,medium::mp-1341203::combined_noise_0.050A_0.010,mp-1341203,mp-1341203,TiO2,combined_noise_0.050A_0.010,combined_perturbation,noise,1,20,1,0,0,0,medium::mp-1341203::reference,0.5968206953257322
medium,medium,medium::mp-1341203::combined_noise_0.002A_0.030,mp-1341203,mp-1341203,TiO2,combined_noise_0.002A_0.030,combined_perturbation,noise,1,20,1,0,0,0,medium::mp-1341203::reference,0.6025324538350105
medium,medium,medium::mp-1341203::combined_noise_0.015A_0.030,mp-1341203,mp-1341203,TiO2,combined_noise_0.015A_0.030,combined_perturbation,noise,1,20,1,0,0,0,medium::mp-1341203::reference,0.6118168644607067
medium,medium,medium::mp-1341203::combined_noise_0.050A_0.030,mp-1341203,mp-1341203,TiO2,combined_noise_0.050A_0.030,combined_perturbation,noise,1,20,1,0,0,0,medium::mp-1341203::reference,0.609867949038744
medium,medium,medium::mp-1350429::conventional_standard,mp-1350429,mp-1350429,TiO2,conventional_standard,equivalent_transform,no_noise,1,20,1,0,0,0,medium::mp-1350429::reference,1.1617159452289343
medium,medium,medium::mp-1350429::niggli_reduced,mp-1350429,mp-1350429,TiO2,niggli_reduced,equivalent_transform,no_noise,1,20,1,0,0,0,medium::mp-1350429::reference,0.7053986880928278
medium,medium,medium::mp-1350429::origin_shifted,mp-1350429,mp-1350429,TiO2,origin_shifted,equivalent_transform,no_noise,1,20,1,0,0,0,medium::mp-1350429::reference,0.6822946220636368
medium,medium,medium::mp-1350429::permuted_sites,mp-1350429,mp-1350429,TiO2,permuted_sites,equivalent_transform,no_noise,1,20,1,0,0,0,medium::mp-1350429::reference,1.002320971339941
medium,medium,medium::mp-1350429::combined_noise_0.002A_0.003,mp-1350429,mp-1350429,TiO2,combined_noise_0.002A_0.003,combined_perturbation,noise,1,20,1,0,0,0,medium::mp-1350429::reference,0.7058979291468859
medium,medium,medium::mp-1350429::combined_noise_0.015A_0.003,mp-1350429,mp-1350429,TiO2,combined_noise_0.015A_0.003,combined_perturbation,noise,1,20,1,0,0,0,medium::mp-1350429::reference,0.6749649159610271
medium,medium,medium::mp-1350429::combined_noise_0.050A_0.003,mp-1350429,mp-1350429,TiO2,combined_noise_0.050A_0.003,combined_perturbation,noise,1,20,1,0,0,0,medium::mp-1350429::reference,0.6690191924571991
medium,medium,medium::mp-1350429::combined_noise_0.002A_0.010,mp-1350429,mp-1350429,TiO2,combined_noise_0.002A_0.010,combined_perturbation,noise,1,20,1,0,0,0,medium::mp-1350429::reference,0.6761844139546156
medium,medium,medium::mp-1350429::combined_noise_0.015A_0.010,mp-1350429,mp-1350429,TiO2,combined_noise_0.015A_0.010,combined_perturbation,noise,1,20,1,0,0,0,medium::mp-1350429::reference,0.6505965124815702
medium,medium,medium::mp-1350429::combined_noise_0.050A_0.010,mp-1350429,mp-1350429,TiO2,combined_noise_0.050A_0.010,combined_perturbation,noise,1,20,1,0,0,0,medium::mp-1350429::reference,0.6685453113168478
medium,medium,medium::mp-1350429::combined_noise_0.002A_0.030,mp-1350429,mp-1350429,TiO2,combined_noise_0.002A_0.030,combined_perturbation,noise,1,20,1,0,0,0,medium::mp-1350429::reference,0.6339689958840609
medium,medium,medium::mp-1350429::combined_noise_0.015A_0.030,mp-1350429,mp-1350429,TiO2,combined_noise_0.015A_0.030,combined_perturbation,noise,1,20,1,0,0,0,medium::mp-1350429::reference,0.678174551576376
medium,medium,medium::mp-1350429::combined_noise_0.050A_0.030,mp-1350429,mp-1350429,TiO2,combined_noise_0.050A_0.030,combined_perturbation,noise,1,20,1,0,0,0,medium::mp-1350429::reference,0.6822544559836388
medium,medium,medium::mp-1380335::conventional_standard,mp-1380335,mp-1380335,TiO2,conventional_standard,equivalent_transform,no_noise,1,20,1,0,0,0,medium::mp-1380335::reference,0.5531718041747808
medium,medium,medium::mp-1380335::niggli_reduced,mp-1380335,mp-1380335,TiO2,niggli_reduced,equivalent_transform,no_noise,1,20,1,0,0,0,medium::mp-1380335::reference,0.8452463801950216
medium,medium,medium::mp-1380335::origin_shifted,mp-1380335,mp-1380335,TiO2,origin_shifted,equivalent_transform,no_noise,1,20,1,0,0,0,medium::mp-1380335::reference,0.8832032959908247
medium,medium,medium::mp-1380335::permuted_sites,mp-1380335,mp-1380335,TiO2,permuted_sites,equivalent_transform,no_noise,1,20,1,0,0,0,medium::mp-1380335::reference,1.5701296459883451
medium,medium,medium::mp-1380335::combined_noise_0.002A_0.003,mp-1380335,mp-1380335,TiO2,combined_noise_0.002A_0.003,combined_perturbation,noise,1,20,1,0,0,0,medium::mp-1380335::reference,0.8434805646538734
medium,medium,medium::mp-1380335::combined_noise_0.015A_0.003,mp-1380335,mp-1380335,TiO2,combined_noise_0.015A_0.003,combined_perturbation,noise,1,20,1,0,0,0,medium::mp-1380335::reference,0.8439618945121765
medium,medium,medium::mp-1380335::combined_noise_0.050A_0.003,mp-1380335,mp-1380335,TiO2,combined_noise_0.050A_0.003,combined_perturbation,noise,1,20,1,0,0,0,medium::mp-1380335::reference,1.0462027676403522
medium,medium,medium::mp-1380335::combined_noise_0.002A_0.010,mp-1380335,mp-1380335,TiO2,combined_noise_0.002A_0.010,combined_perturbation,noise,1,20,1,0,0,0,medium::mp-1380335::reference,0.8518120497465134
medium,medium,medium::mp-1380335::combined_noise_0.015A_0.010,mp-1380335,mp-1380335,TiO2,combined_noise_0.015A_0.010,combined_perturbation,noise,1,20,1,0,0,0,medium::mp-1380335::reference,0.8464498426765203
medium,medium,medium::mp-1380335::combined_noise_0.050A_0.010,mp-1380335,mp-1380335,TiO2,combined_noise_0.050A_0.010,combined_perturbation,noise,1,20,1,0,0,0,medium::mp-1380335::reference,1.018372468650341
medium,medium,medium::mp-1380335::combined_noise_0.002A_0.030,mp-1380335,mp-1380335,TiO2,combined_noise_0.002A_0.030,combined_perturbation,noise,1,20,1,0,0,0,medium::mp-1380335::reference,0.8518716711550951
medium,medium,medium::mp-1380335::combined_noise_0.015A_0.030,mp-1380335,mp-1380335,TiO2,combined_noise_0.015A_0.030,combined_perturbation,noise,1,20,1,0,0,0,medium::mp-1380335::reference,0.8186708297580481
medium,medium,medium::mp-1380335::combined_noise_0.050A_0.030,mp-1380335,mp-1380335,TiO2,combined_noise_0.050A_0.030,combined_perturbation,noise,1,20,1,0,0,0,medium::mp-1380335::reference,1.0257913395762444
medium,medium,medium::mp-1386640::conventional_standard,mp-1386640,mp-1386640,TiO2,conventional_standard,equivalent_transform,no_noise,1,20,1,0,0,0,medium::mp-1386640::reference,0.42967784218490124
medium,medium,medium::mp-1386640::niggli_reduced,mp-1386640,mp-1386640,TiO2,niggli_reduced,equivalent_transform,no_noise,1,20,1,0,0,0,medium::mp-1386640::reference,0.5835034772753716
medium,medium,medium::mp-1386640::origin_shifted,mp-1386640,mp-1386640,TiO2,origin_shifted,equivalent_transform,no_noise,1,20,1,0,0,0,medium::mp-1386640::reference,0.6085189003497362
medium,medium,medium::mp-1386640::permuted_sites,mp-1386640,mp-1386640,TiO2,permuted_sites,equivalent_transform,no_noise,1,20,1,0,0,0,medium::mp-1386640::reference,0.9138155616819859
medium,medium,medium::mp-1386640::combined_noise_0.002A_0.003,mp-1386640,mp-1386640,TiO2,combined_noise_0.002A_0.003,combined_perturbation,noise,1,20,1,0,0,0,medium::mp-1386640::reference,0.5850263703614473
medium,medium,medium::mp-1386640::combined_noise_0.015A_0.003,mp-1386640,mp-1386640,TiO2,combined_noise_0.015A_0.003,combined_perturbation,noise,1,20,1,0,0,0,medium::mp-1386640::reference,0.5854758322238922
medium,medium,medium::mp-1386640::combined_noise_0.050A_0.003,mp-1386640,mp-1386640,TiO2,combined_noise_0.050A_0.003,combined_perturbation,noise,1,20,1,0,0,0,medium::mp-1386640::reference,0.5869678556919098
medium,medium,medium::mp-1386640::combined_noise_0.002A_0.010,mp-1386640,mp-1386640,TiO2,combined_noise_0.002A_0.010,combined_perturbation,noise,1,20,1,0,0,0,medium::mp-1386640::reference,0.5858670640736818
medium,medium,medium::mp-1386640::combined_noise_0.015A_0.010,mp-1386640,mp-1386640,TiO2,combined_noise_0.015A_0.010,combined_perturbation,noise,1,20,1,0,0,0,medium::mp-1386640::reference,0.5859305933117867
medium,medium,medium::mp-1386640::combined_noise_0.050A_0.010,mp-1386640,mp-1386640,TiO2,combined_noise_0.050A_0.010,combined_perturbation,noise,1,20,1,0,0,0,medium::mp-1386640::reference,0.5861145835369825
medium,medium,medium::mp-1386640::combined_noise_0.002A_0.030,mp-1386640,mp-1386640,TiO2,combined_noise_0.002A_0.030,combined_perturbation,noise,1,20,1,0,0,0,medium::mp-1386640::reference,0.5809262599796057
medium,medium,medium::mp-1386640::combined_noise_0.015A_0.030,mp-1386640,mp-1386640,TiO2,combined_noise_0.015A_0.030,combined_perturbation,noise,1,20,1,0,0,0,medium::mp-1386640::reference,0.5837542489171028
medium,medium,medium::mp-1386640::combined_noise_0.050A_0.030,mp-1386640,mp-1386640,TiO2,combined_noise_0.050A_0.030,combined_perturbation,noise,1,20,1,0,0,0,medium::mp-1386640::reference,0.5887056645005941
medium,medium,medium::mp-1400963::conventional_standard,mp-1400963,mp-1400963,TiO2,conventional_standard,equivalent_transform,no_noise,1,20,1,0,0,0,medium::mp-1400963::reference,0.48184190690517426
medium,medium,medium::mp-1400963::niggli_reduced,mp-1400963,mp-1400963,TiO2,niggli_reduced,equivalent_transform,no_noise,1,20,1,0,0,0,medium::mp-1400963::reference,0.584916302934289
medium,medium,medium::mp-1400963::origin_shifted,mp-1400963,mp-1400963,TiO2,origin_shifted,equivalent_transform,no_noise,1,20,1,0,0,0,medium::mp-1400963::reference,0.5933453999459743
medium,medium,medium::mp-1400963::permuted_sites,mp-1400963,mp-1400963,TiO2,permuted_sites,equivalent_transform,no_noise,1,20,1,0,0,0,medium::mp-1400963::reference,0.9138082191348076
medium,medium,medium::mp-1400963::combined_noise_0.002A_0.003,mp-1400963,mp-1400963,TiO2,combined_noise_0.002A_0.003,combined_perturbation,noise,1,20,1,0,0,0,medium::mp-1400963::reference,0.5851849913597107
medium,medium,medium::mp-1400963::combined_noise_0.015A_0.003,mp-1400963,mp-1400963,TiO2,combined_noise_0.015A_0.003,combined_perturbation,noise,1,20,1,0,0,0,medium::mp-1400963::reference,0.5867501758038998
medium,medium,medium::mp-1400963::combined_noise_0.050A_0.003,mp-1400963,mp-1400963,TiO2,combined_noise_0.050A_0.003,combined_perturbation,noise,1,20,1,0,0,0,medium::mp-1400963::reference,0.5851332992315292
medium,medium,medium::mp-1400963::combined_noise_0.002A_0.010,mp-1400963,mp-1400963,TiO2,combined_noise_0.002A_0.010,combined_perturbation,noise,1,20,1,0,0,0,medium::mp-1400963::reference,0.5873090084642172
medium,medium,medium::mp-1400963::combined_noise_0.015A_0.010,mp-1400963,mp-1400963,TiO2,combined_noise_0.015A_0.010,combined_perturbation,noise,1,20,1,0,0,0,medium::mp-1400963::reference,0.5848503410816193
medium,medium,medium::mp-1400963::combined_noise_0.050A_0.010,mp-1400963,mp-1400963,TiO2,combined_noise_0.050A_0.010,combined_perturbation,noise,1,20,1,0,0,0,medium::mp-1400963::reference,0.5844692196696997
medium,medium,medium::mp-1400963::combined_noise_0.002A_0.030,mp-1400963,mp-1400963,TiO2,combined_noise_0.002A_0.030,combined_perturbation,noise,1,20,1,0,0,0,medium::mp-1400963::reference,0.5862271469086409
medium,medium,medium::mp-1400963::combined_noise_0.015A_0.030,mp-1400963,mp-1400963,TiO2,combined_noise_0.015A_0.030,combined_perturbation,noise,1,20,1,0,0,0,medium::mp-1400963::reference,0.5880120415240526
medium,medium,medium::mp-1400963::combined_noise_0.050A_0.030,mp-1400963,mp-1400963,TiO2,combined_noise_0.050A_0.030,combined_perturbation,noise,1,20,1,0,0,0,medium::mp-1400963::reference,0.5872547477483749
medium,medium,medium::mp-1408285::conventional_standard,mp-1408285,mp-1408285,TiO2,conventional_standard,equivalent_transform,no_noise,1,20,1,0,0,0,medium::mp-1408285::reference,0.5491740517318249
medium,medium,medium::mp-1408285::niggli_reduced,mp-1408285,mp-1408285,TiO2,niggli_reduced,equivalent_transform,no_noise,1,20,1,0,0,0,medium::mp-1408285::reference,0.645052831619978
medium,medium,medium::mp-1408285::origin_shifted,mp-1408285,mp-1408285,TiO2,origin_shifted,equivalent_transform,no_noise,1,20,1,0,0,0,medium::mp-1408285::reference,0.653316417708993
medium,medium,medium::mp-1408285::permuted_sites,mp-1408285,mp-1408285,TiO2,permuted_sites,equivalent_transform,no_noise,1,20,1,0,0,0,medium::mp-1408285::reference,0.9697506725788116
medium,medium,medium::mp-1408285::combined_noise_0.002A_0.003,mp-1408285,mp-1408285,TiO2,combined_noise_0.002A_0.003,combined_perturbation,noise,1,20,1,0,0,0,medium::mp-1408285::reference,0.6383891198784113
medium,medium,medium::mp-1408285::combined_noise_0.015A_0.003,mp-1408285,mp-1408285,TiO2,combined_noise_0.015A_0.003,combined_perturbation,noise,1,20,1,0,0,0,medium::mp-1408285::reference,0.6397836171090603
medium,medium,medium::mp-1408285::combined_noise_0.050A_0.003,mp-1408285,mp-1408285,TiO2,combined_noise_0.050A_0.003,combined_perturbation,noise,1,20,1,0,0,0,medium::mp-1408285::reference,0.6391310524195433
medium,medium,medium::mp-1408285::combined_noise_0.002A_0.010,mp-1408285,mp-1408285,TiO2,combined_noise_0.002A_0.010,combined_perturbation,noise,1,20,1,0,0,0,medium::mp-1408285::reference,0.6469638869166374
medium,medium,medium::mp-1408285::combined_noise_0.015A_0.010,mp-1408285,mp-1408285,TiO2,combined_noise_0.015A_0.010,combined_perturbation,noise,1,20,1,0,0,0,medium::mp-1408285::reference,0.6406423281878233
medium,medium,medium::mp-1408285::combined_noise_0.050A_0.010,mp-1408285,mp-1408285,TiO2,combined_noise_0.050A_0.010,combined_perturbation,noise,1,20,1,0,0,0,medium::mp-1408285::reference,0.6073354743421078
medium,medium,medium::mp-1408285::combined_noise_0.002A_0.030,mp-1408285,mp-1408285,TiO2,combined_noise_0.002A_0.030,combined_perturbation,noise,1,20,1,0,0,0,medium::mp-1408285::reference,0.6414525210857391
medium,medium,medium::mp-1408285::combined_noise_0.015A_0.030,mp-1408285,mp-1408285,TiO2,combined_noise_0.015A_0.030,combined_perturbation,noise,1,20,1,0,0,0,medium::mp-1408285::reference,0.6438328083604574
medium,medium,medium::mp-1408285::combined_noise_0.050A_0.030,mp-1408285,mp-1408285,TiO2,combined_noise_0.050A_0.030,combined_perturbation,noise,1,20,1,0,0,0,medium::mp-1408285::reference,0.6081653479486704
medium,medium,medium::mp-1426806::conventional_standard,mp-1426806,mp-1426806,TiO2,conventional_standard,equivalent_transform,no_noise,1,20,1,0,0,0,medium::mp-1426806::reference,0.7162721287459135
medium,medium,medium::mp-1426806::niggli_reduced,mp-1426806,mp-1426806,TiO2,niggli_reduced,equivalent_transform,no_noise,1,20,1,0,0,0,medium::mp-1426806::reference,0.8283667825162411
medium,medium,medium::mp-1426806::origin_shifted,mp-1426806,mp-1426806,TiO2,origin_shifted,equivalent_transform,no_noise,1,20,1,0,0,0,medium::mp-1426806::reference,0.8373118527233601
medium,medium,medium::mp-1426806::permuted_sites,mp-1426806,mp-1426806,TiO2,permuted_sites,equivalent_transform,no_noise,1,20,1,0,0,0,medium::mp-1426806::reference,1.1222423538565636
medium,medium,medium::mp-1426806::combined_noise_0.002A_0.003,mp-1426806,mp-1426806,TiO2,combined_noise_0.002A_0.003,combined_perturbation,noise,1,20,1,0,0,0,medium::mp-1426806::reference,0.8252102639526129
medium,medium,medium::mp-1426806::combined_noise_0.015A_0.003,mp-1426806,mp-1426806,TiO2,combined_noise_0.015A_0.003,combined_perturbation,noise,1,20,1,0,0,0,medium::mp-1426806::reference,0.5369007084518671
medium,medium,medium::mp-1426806::combined_noise_0.050A_0.003,mp-1426806,mp-1426806,TiO2,combined_noise_0.050A_0.003,combined_perturbation,noise,1,20,1,0,0,0,medium::mp-1426806::reference,0.5375865139067173
medium,medium,medium::mp-1426806::combined_noise_0.002A_0.010,mp-1426806,mp-1426806,TiO2,combined_noise_0.002A_0.010,combined_perturbation,noise,1,20,1,0,0,0,medium::mp-1426806::reference,0.8668628912419081
medium,medium,medium::mp-1426806::combined_noise_0.015A_0.010,mp-1426806,mp-1426806,TiO2,combined_noise_0.015A_0.010,combined_perturbation,noise,1,20,1,0,0,0,medium::mp-1426806::reference,0.5390217881649733
medium,medium,medium::mp-1426806::combined_noise_0.050A_0.010,mp-1426806,mp-1426806,TiO2,combined_noise_0.050A_0.010,combined_perturbation,noise,1,20,1,0,0,0,medium::mp-1426806::reference,0.5379869937896729
medium,medium,medium::mp-1426806::combined_noise_0.002A_0.030,mp-1426806,mp-1426806,TiO2,combined_noise_0.002A_0.030,combined_perturbation,noise,1,20,1,0,0,0,medium::mp-1426806::reference,0.8632382396608591
medium,medium,medium::mp-1426806::combined_noise_0.015A_0.030,mp-1426806,mp-1426806,TiO2,combined_noise_0.015A_0.030,combined_perturbation,noise,1,20,1,0,0,0,medium::mp-1426806::reference,0.7051162924617529
medium,medium,medium::mp-1426806::combined_noise_0.050A_0.030,mp-1426806,mp-1426806,TiO2,combined_noise_0.050A_0.030,combined_perturbation,noise,1,20,1,0,0,0,medium::mp-1426806::reference,0.5418066065758467
loose,medium,medium::mp-1008374::conventional_standard,mp-1008374,mp-1008374,C,conventional_standard,equivalent_transform,no_noise,1,20,3,0,2,0,medium::mp-1008374::reference|medium::mp-1078845::reference|medium::mp-1182029::reference,4.214859828352928
loose,medium,medium::mp-1008374::niggli_reduced,mp-1008374,mp-1008374,C,niggli_reduced,equivalent_transform,no_noise,1,20,3,0,2,0,medium::mp-1008374::reference|medium::mp-1078845::reference|medium::mp-1182029::reference,3.2661708053201437
loose,medium,medium::mp-1008374::origin_shifted,mp-1008374,mp-1008374,C,origin_shifted,equivalent_transform,no_noise,1,20,3,0,2,0,medium::mp-1008374::reference|medium::mp-1078845::reference|medium::mp-1182029::reference,3.272516654804349
loose,medium,medium::mp-1008374::permuted_sites,mp-1008374,mp-1008374,C,permuted_sites,equivalent_transform,no_noise,1,20,3,0,2,0,medium::mp-1008374::reference|medium::mp-1078845::reference|medium::mp-1182029::reference,3.6416980288922787
loose,medium,medium::mp-1008374::combined_noise_0.002A_0.003,mp-1008374,mp-1008374,C,combined_noise_0.002A_0.003,combined_perturbation,noise,1,20,3,0,2,0,medium::mp-1008374::reference|medium::mp-1078845::reference|medium::mp-1182029::reference,3.145312812179327
loose,medium,medium::mp-1008374::combined_noise_0.015A_0.003,mp-1008374,mp-1008374,C,combined_noise_0.015A_0.003,combined_perturbation,noise,1,20,3,0,2,0,medium::mp-1008374::reference|medium::mp-1078845::reference|medium::mp-1182029::reference,3.3423157408833504
loose,medium,medium::mp-1008374::combined_noise_0.050A_0.003,mp-1008374,mp-1008374,C,combined_noise_0.050A_0.003,combined_perturbation,noise,1,20,2,0,1,0,medium::mp-1008374::reference|medium::mp-1182029::reference,2.1988215036690235
loose,medium,medium::mp-1008374::combined_noise_0.002A_0.010,mp-1008374,mp-1008374,C,combined_noise_0.002A_0.010,combined_perturbation,noise,1,20,3,0,2,0,medium::mp-1008374::reference|medium::mp-1078845::reference|medium::mp-1182029::reference,3.230512883514166
loose,medium,medium::mp-1008374::combined_noise_0.015A_0.010,mp-1008374,mp-1008374,C,combined_noise_0.015A_0.010,combined_perturbation,noise,1,20,3,0,2,0,medium::mp-1008374::reference|medium::mp-1078845::reference|medium::mp-1182029::reference,3.2282678466290236
loose,medium,medium::mp-1008374::combined_noise_0.050A_0.010,mp-1008374,mp-1008374,C,combined_noise_0.050A_0.010,combined_perturbation,noise,1,20,2,0,1,0,medium::mp-1008374::reference|medium::mp-1182029::reference,2.168836645781994
loose,medium,medium::mp-1008374::combined_noise_0.002A_0.030,mp-1008374,mp-1008374,C,combined_noise_0.002A_0.030,combined_perturbation,noise,1,20,4,0,3,0,medium::mp-1008374::reference|medium::mp-1078845::reference|medium::mp-1080826::reference|medium::mp-1182029::reference,3.1167476568371058
loose,medium,medium::mp-1008374::combined_noise_0.015A_0.030,mp-1008374,mp-1008374,C,combined_noise_0.015A_0.030,combined_perturbation,noise,1,20,3,0,2,0,medium::mp-1008374::reference|medium::mp-1078845::reference|medium::mp-1182029::reference,3.7832259703427553
loose,medium,medium::mp-1008374::combined_noise_0.050A_0.030,mp-1008374,mp-1008374,C,combined_noise_0.050A_0.030,combined_perturbation,noise,1,20,2,0,1,0,medium::mp-1008374::reference|medium::mp-1182029::reference,2.184797989204526
loose,medium,medium::mp-1008395::conventional_standard,mp-1008395,mp-1008395,C,conventional_standard,equivalent_transform,no_noise,1,20,1,0,0,0,medium::mp-1008395::reference,3.349732633680105
loose,medium,medium::mp-1008395::niggli_reduced,mp-1008395,mp-1008395,C,niggli_reduced,equivalent_transform,no_noise,1,20,1,0,0,0,medium::mp-1008395::reference,3.568057781085372
loose,medium,medium::mp-1008395::origin_shifted,mp-1008395,mp-1008395,C,origin_shifted,equivalent_transform,no_noise,1,20,1,0,0,0,medium::mp-1008395::reference,3.5827668998390436
loose,medium,medium::mp-1008395::permuted_sites,mp-1008395,mp-1008395,C,permuted_sites,equivalent_transform,no_noise,1,20,1,0,0,0,medium::mp-1008395::reference,3.959049414843321
loose,medium,medium::mp-1008395::combined_noise_0.002A_0.003,mp-1008395,mp-1008395,C,combined_noise_0.002A_0.003,combined_perturbation,noise,1,20,1,0,0,0,medium::mp-1008395::reference,3.5891571044921875
loose,medium,medium::mp-1008395::combined_noise_0.015A_0.003,mp-1008395,mp-1008395,C,combined_noise_0.015A_0.003,combined_perturbation,noise,1,20,1,0,0,0,medium::mp-1008395::reference,6.1954847648739815
loose,medium,medium::mp-1008395::combined_noise_0.050A_0.003,mp-1008395,mp-1008395,C,combined_noise_0.050A_0.003,combined_perturbation,noise,1,20,1,0,0,0,medium::mp-1008395::reference,5.976922197267413
loose,medium,medium::mp-1008395::combined_noise_0.002A_0.010,mp-1008395,mp-1008395,C,combined_noise_0.002A_0.010,combined_perturbation,noise,1,20,1,0,0,0,medium::mp-1008395::reference,3.336753461509943
loose,medium,medium::mp-1008395::combined_noise_0.015A_0.010,mp-1008395,mp-1008395,C,combined_noise_0.015A_0.010,combined_perturbation,noise,1,20,1,0,0,0,medium::mp-1008395::reference,6.116019977256656
loose,medium,medium::mp-1008395::combined_noise_0.050A_0.010,mp-1008395,mp-1008395,C,combined_noise_0.050A_0.010,combined_perturbation,noise,1,20,1,0,0,0,medium::mp-1008395::reference,6.371036980301142
loose,medium,medium::mp-1008395::combined_noise_0.002A_0.030,mp-1008395,mp-1008395,C,combined_noise_0.002A_0.030,combined_perturbation,noise,1,20,1,0,0,0,medium::mp-1008395::reference,3.5165980737656355
loose,medium,medium::mp-1008395::combined_noise_0.015A_0.030,mp-1008395,mp-1008395,C,combined_noise_0.015A_0.030,combined_perturbation,noise,1,20,1,0,0,0,medium::mp-1008395::reference,5.350576678290963
loose,medium,medium::mp-1008395::combined_noise_0.050A_0.030,mp-1008395,mp-1008395,C,combined_noise_0.050A_0.030,combined_perturbation,noise,1,20,1,0,0,0,medium::mp-1008395::reference,5.655738042667508
loose,medium,medium::mp-1018088::conventional_standard,mp-1018088,mp-1018088,C,conventional_standard,equivalent_transform,no_noise,1,20,2,0,1,0,medium::mp-1018088::reference|medium::mp-1182029::reference,2.407306894659996
loose,medium,medium::mp-1018088::niggli_reduced,mp-1018088,mp-1018088,C,niggli_reduced,equivalent_transform,no_noise,1,20,2,0,1,0,medium::mp-1018088::reference|medium::mp-1182029::reference,2.608665555715561
loose,medium,medium::mp-1018088::origin_shifted,mp-1018088,mp-1018088,C,origin_shifted,equivalent_transform,no_noise,1,20,2,0,1,0,medium::mp-1018088::reference|medium::mp-1182029::reference,2.626859877258539
loose,medium,medium::mp-1018088::permuted_sites,mp-1018088,mp-1018088,C,permuted_sites,equivalent_transform,no_noise,1,20,2,0,1,0,medium::mp-1018088::reference|medium::mp-1182029::reference,3.0416774190962315
loose,medium,medium::mp-1018088::combined_noise_0.002A_0.003,mp-1018088,mp-1018088,C,combined_noise_0.002A_0.003,combined_perturbation,noise,1,20,2,0,1,0,medium::mp-1018088::reference|medium::mp-1182029::reference,2.5495942793786526
loose,medium,medium::mp-1018088::combined_noise_0.015A_0.003,mp-1018088,mp-1018088,C,combined_noise_0.015A_0.003,combined_perturbation,noise,1,20,2,0,1,0,medium::mp-1018088::reference|medium::mp-1182029::reference,4.977323662489653
loose,medium,medium::mp-1018088::combined_noise_0.050A_0.003,mp-1018088,mp-1018088,C,combined_noise_0.050A_0.003,combined_perturbation,noise,1,20,2,0,1,0,medium::mp-1018088::reference|medium::mp-1182029::reference,44.45401862449944
loose,medium,medium::mp-1018088::combined_noise_0.002A_0.010,mp-1018088,mp-1018088,C,combined_noise_0.002A_0.010,combined_perturbation,noise,1,20,2,0,1,0,medium::mp-1018088::reference|medium::mp-1182029::reference,2.5189298763871193
loose,medium,medium::mp-1018088::combined_noise_0.015A_0.010,mp-1018088,mp-1018088,C,combined_noise_0.015A_0.010,combined_perturbation,noise,1,20,2,0,1,0,medium::mp-1018088::reference|medium::mp-1182029::reference,4.8681288585066795
loose,medium,medium::mp-1018088::combined_noise_0.050A_0.010,mp-1018088,mp-1018088,C,combined_noise_0.050A_0.010,combined_perturbation,noise,1,20,2,1,1,0,medium::mp-1018088::reference|medium::mp-1182029::reference,51.99132823944092
loose,medium,medium::mp-1018088::combined_noise_0.002A_0.030,mp-1018088,mp-1018088,C,combined_noise_0.002A_0.030,combined_perturbation,noise,1,20,2,0,1,0,medium::mp-1018088::reference|medium::mp-1182029::reference,2.7925159595906734
loose,medium,medium::mp-1018088::combined_noise_0.015A_0.030,mp-1018088,mp-1018088,C,combined_noise_0.015A_0.030,combined_perturbation,noise,1,20,2,0,1,0,medium::mp-1018088::reference|medium::mp-1182029::reference,4.988810952752829
loose,medium,medium::mp-1018088::combined_noise_0.050A_0.030,mp-1018088,mp-1018088,C,combined_noise_0.050A_0.030,combined_perturbation,noise,1,20,2,1,1,0,medium::mp-1018088::reference|medium::mp-1182029::reference,54.149237267673016
loose,medium,medium::mp-1040425::conventional_standard,mp-1040425,mp-1040425,C,conventional_standard,equivalent_transform,no_noise,1,20,1,0,0,0,medium::mp-1040425::reference,3.5075469203293324
loose,medium,medium::mp-1040425::niggli_reduced,mp-1040425,mp-1040425,C,niggli_reduced,equivalent_transform,no_noise,1,20,1,0,0,0,medium::mp-1040425::reference,3.720860553905368
loose,medium,medium::mp-1040425::origin_shifted,mp-1040425,mp-1040425,C,origin_shifted,equivalent_transform,no_noise,1,20,1,0,0,0,medium::mp-1040425::reference,3.710028326138854
loose,medium,medium::mp-1040425::permuted_sites,mp-1040425,mp-1040425,C,permuted_sites,equivalent_transform,no_noise,1,20,1,0,0,0,medium::mp-1040425::reference,4.083511561155319
loose,medium,medium::mp-1040425::combined_noise_0.002A_0.003,mp-1040425,mp-1040425,C,combined_noise_0.002A_0.003,combined_perturbation,noise,1,20,1,0,0,0,medium::mp-1040425::reference,3.6687093563377857
loose,medium,medium::mp-1040425::combined_noise_0.015A_0.003,mp-1040425,mp-1040425,C,combined_noise_0.015A_0.003,combined_perturbation,noise,1,20,1,0,0,0,medium::mp-1040425::reference,0.8052557110786438
loose,medium,medium::mp-1040425::combined_noise_0.050A_0.003,mp-1040425,mp-1040425,C,combined_noise_0.050A_0.003,combined_perturbation,noise,1,20,1,0,0,0,medium::mp-1040425::reference,0.8052749801427126
loose,medium,medium::mp-1040425::combined_noise_0.002A_0.010,mp-1040425,mp-1040425,C,combined_noise_0.002A_0.010,combined_perturbation,noise,1,20,1,0,0,0,medium::mp-1040425::reference,3.710252445191145
loose,medium,medium::mp-1040425::combined_noise_0.015A_0.010,mp-1040425,mp-1040425,C,combined_noise_0.015A_0.010,combined_perturbation,noise,1,20,1,0,0,0,medium::mp-1040425::reference,0.8009929656982422
loose,medium,medium::mp-1040425::combined_noise_0.050A_0.010,mp-1040425,mp-1040425,C,combined_noise_0.050A_0.010,combined_perturbation,noise,1,20,1,0,0,0,medium::mp-1040425::reference,0.8139314502477646
loose,medium,medium::mp-1040425::combined_noise_0.002A_0.030,mp-1040425,mp-1040425,C,combined_noise_0.002A_0.030,combined_perturbation,noise,1,20,1,0,0,0,medium::mp-1040425::reference,3.8078601360321045
loose,medium,medium::mp-1040425::combined_noise_0.015A_0.030,mp-1040425,mp-1040425,C,combined_noise_0.015A_0.030,combined_perturbation,noise,1,20,1,0,0,0,medium::mp-1040425::reference,0.8570871632546186
loose,medium,medium::mp-1040425::combined_noise_0.050A_0.030,mp-1040425,mp-1040425,C,combined_noise_0.050A_0.030,combined_perturbation,noise,1,20,1,0,0,0,medium::mp-1040425::reference,0.755194291472435
loose,medium,medium::mp-1056957::conventional_standard,mp-1056957,mp-1056957,C,conventional_standard,equivalent_transform,no_noise,1,20,3,0,2,0,medium::mp-1056957::reference|medium::mp-1078845::reference|medium::mp-1181996::reference,10.685016518458724
loose,medium,medium::mp-1056957::niggli_reduced,mp-1056957,mp-1056957,C,niggli_reduced,equivalent_transform,no_noise,1,20,3,0,2,0,medium::mp-1056957::reference|medium::mp-1078845::reference|medium::mp-1181996::reference,10.91422781907022
loose,medium,medium::mp-1056957::origin_shifted,mp-1056957,mp-1056957,C,origin_shifted,equivalent_transform,no_noise,1,20,3,0,2,0,medium::mp-1056957::reference|medium::mp-1078845::reference|medium::mp-1181996::reference,10.919787302613258
loose,medium,medium::mp-1056957::permuted_sites,mp-1056957,mp-1056957,C,permuted_sites,equivalent_transform,no_noise,1,20,3,0,2,0,medium::mp-1056957::reference|medium::mp-1078845::reference|medium::mp-1181996::reference,11.302116194739938
loose,medium,medium::mp-1056957::combined_noise_0.002A_0.003,mp-1056957,mp-1056957,C,combined_noise_0.002A_0.003,combined_perturbation,noise,1,20,3,0,2,0,medium::mp-1056957::reference|medium::mp-1078845::reference|medium::mp-1181996::reference,10.819050025194883
loose,medium,medium::mp-1056957::combined_noise_0.015A_0.003,mp-1056957,mp-1056957,C,combined_noise_0.015A_0.003,combined_perturbation,noise,1,20,3,0,2,0,medium::mp-1056957::reference|medium::mp-1078845::reference|medium::mp-1181996::reference,10.899117840453982
loose,medium,medium::mp-1056957::combined_noise_0.050A_0.003,mp-1056957,mp-1056957,C,combined_noise_0.050A_0.003,combined_perturbation,noise,1,20,3,0,2,0,medium::mp-1056957::reference|medium::mp-1078845::reference|medium::mp-1181996::reference,10.88392410799861
loose,medium,medium::mp-1056957::combined_noise_0.002A_0.010,mp-1056957,mp-1056957,C,combined_noise_0.002A_0.010,combined_perturbation,noise,1,20,3,0,2,0,medium::mp-1056957::reference|medium::mp-1078845::reference|medium::mp-1181996::reference,10.622139556333423
loose,medium,medium::mp-1056957::combined_noise_0.015A_0.010,mp-1056957,mp-1056957,C,combined_noise_0.015A_0.010,combined_perturbation,noise,1,20,3,0,2,0,medium::mp-1056957::reference|medium::mp-1078845::reference|medium::mp-1181996::reference,10.801340147852898
loose,medium,medium::mp-1056957::combined_noise_0.050A_0.010,mp-1056957,mp-1056957,C,combined_noise_0.050A_0.010,combined_perturbation,noise,1,20,3,0,2,0,medium::mp-1056957::reference|medium::mp-1078845::reference|medium::mp-1181996::reference,10.896029110997915
loose,medium,medium::mp-1056957::combined_noise_0.002A_0.030,mp-1056957,mp-1056957,C,combined_noise_0.002A_0.030,combined_perturbation,noise,1,20,3,0,2,0,medium::mp-1056957::reference|medium::mp-1078845::reference|medium::mp-1181996::reference,10.800487283617258
loose,medium,medium::mp-1056957::combined_noise_0.015A_0.030,mp-1056957,mp-1056957,C,combined_noise_0.015A_0.030,combined_perturbation,noise,1,20,3,0,2,0,medium::mp-1056957::reference|medium::mp-1078845::reference|medium::mp-1181996::reference,10.202860167250037
loose,medium,medium::mp-1056957::combined_noise_0.050A_0.030,mp-1056957,mp-1056957,C,combined_noise_0.050A_0.030,combined_perturbation,noise,1,20,3,0,2,0,medium::mp-1056957::reference|medium::mp-1078845::reference|medium::mp-1181996::reference,10.957727128639817
loose,medium,medium::mp-1078845::conventional_standard,mp-1078845,mp-1078845,C,conventional_standard,equivalent_transform,no_noise,1,20,5,0,4,0,medium::mp-1008374::reference|medium::mp-1056957::reference|medium::mp-1078845::reference|medium::mp-1181996::reference|medium::mp-1182029::reference,1.1510147526860237
loose,medium,medium::mp-1078845::niggli_reduced,mp-1078845,mp-1078845,C,niggli_reduced,equivalent_transform,no_noise,1,20,5,0,4,0,medium::mp-1008374::reference|medium::mp-1056957::reference|medium::mp-1078845::reference|medium::mp-1181996::reference|medium::mp-1182029::reference,1.3234136532992125
loose,medium,medium::mp-1078845::origin_shifted,mp-1078845,mp-1078845,C,origin_shifted,equivalent_transform,no_noise,1,20,5,0,4,0,medium::mp-1008374::reference|medium::mp-1056957::reference|medium::mp-1078845::reference|medium::mp-1181996::reference|medium::mp-1182029::reference,1.358202239498496
loose,medium,medium::mp-1078845::permuted_sites,mp-1078845,mp-1078845,C,permuted_sites,equivalent_transform,no_noise,1,20,5,0,4,0,medium::mp-1008374::reference|medium::mp-1056957::reference|medium::mp-1078845::reference|medium::mp-1181996::reference|medium::mp-1182029::reference,2.0763797387480736
loose,medium,medium::mp-1078845::combined_noise_0.002A_0.003,mp-1078845,mp-1078845,C,combined_noise_0.002A_0.003,combined_perturbation,noise,1,20,5,0,4,0,medium::mp-1008374::reference|medium::mp-1056957::reference|medium::mp-1078845::reference|medium::mp-1181996::reference|medium::mp-1182029::reference,1.2992124203592539
loose,medium,medium::mp-1078845::combined_noise_0.015A_0.003,mp-1078845,mp-1078845,C,combined_noise_0.015A_0.003,combined_perturbation,noise,1,20,3,0,2,0,medium::mp-1008374::reference|medium::mp-1078845::reference|medium::mp-1182029::reference,42.2058335673064
loose,medium,medium::mp-1078845::combined_noise_0.050A_0.003,mp-1078845,mp-1078845,C,combined_noise_0.050A_0.003,combined_perturbation,noise,1,20,3,0,2,0,medium::mp-1008374::reference|medium::mp-1078845::reference|medium::mp-1182029::reference,41.498189222067595
loose,medium,medium::mp-1078845::combined_noise_0.002A_0.010,mp-1078845,mp-1078845,C,combined_noise_0.002A_0.010,combined_perturbation,noise,1,20,5,0,4,0,medium::mp-1008374::reference|medium::mp-1056957::reference|medium::mp-1078845::reference|medium::mp-1181996::reference|medium::mp-1182029::reference,1.1574505809694529
loose,medium,medium::mp-1078845::combined_noise_0.015A_0.010,mp-1078845,mp-1078845,C,combined_noise_0.015A_0.010,combined_perturbation,noise,1,20,3,0,2,0,medium::mp-1008374::reference|medium::mp-1078845::reference|medium::mp-1182029::reference,42.26871514506638
loose,medium,medium::mp-1078845::combined_noise_0.050A_0.010,mp-1078845,mp-1078845,C,combined_noise_0.050A_0.010,combined_perturbation,noise,1,20,3,0,2,0,medium::mp-1008374::reference|medium::mp-1078845::reference|medium::mp-1182029::reference,41.48865884356201
loose,medium,medium::mp-1078845::combined_noise_0.002A_0.030,mp-1078845,mp-1078845,C,combined_noise_0.002A_0.030,combined_perturbation,noise,1,20,5,0,4,0,medium::mp-1008374::reference|medium::mp-1056957::reference|medium::mp-1078845::reference|medium::mp-1181996::reference|medium::mp-1182029::reference,1.2781749535351992
loose,medium,medium::mp-1078845::combined_noise_0.015A_0.030,mp-1078845,mp-1078845,C,combined_noise_0.015A_0.030,combined_perturbation,noise,1,20,3,0,2,0,medium::mp-1008374::reference|medium::mp-1078845::reference|medium::mp-1182029::reference,33.192653907462955
loose,medium,medium::mp-1078845::combined_noise_0.050A_0.030,mp-1078845,mp-1078845,C,combined_noise_0.050A_0.030,combined_perturbation,noise,1,20,2,0,1,0,medium::mp-1078845::reference|medium::mp-1182029::reference,38.11278816498816
loose,medium,medium::mp-1080826::conventional_standard,mp-1080826,mp-1080826,C,conventional_standard,equivalent_transform,no_noise,1,20,3,0,2,0,medium::mp-1080826::reference|medium::mp-1181996::reference|medium::mp-1190171::reference,1.4306074399501085
loose,medium,medium::mp-1080826::niggli_reduced,mp-1080826,mp-1080826,C,niggli_reduced,equivalent_transform,no_noise,1,20,3,0,2,0,medium::mp-1080826::reference|medium::mp-1181996::reference|medium::mp-1190171::reference,1.6096881125122309
loose,medium,medium::mp-1080826::origin_shifted,mp-1080826,mp-1080826,C,origin_shifted,equivalent_transform,no_noise,1,20,3,0,2,0,medium::mp-1080826::reference|medium::mp-1181996::reference|medium::mp-1190171::reference,1.6251088827848434
loose,medium,medium::mp-1080826::permuted_sites,mp-1080826,mp-1080826,C,permuted_sites,equivalent_transform,no_noise,1,20,3,0,2,0,medium::mp-1080826::reference|medium::mp-1181996::reference|medium::mp-1190171::reference,1.9952129106968641
loose,medium,medium::mp-1080826::combined_noise_0.002A_0.003,mp-1080826,mp-1080826,C,combined_noise_0.002A_0.003,combined_perturbation,noise,1,20,3,0,2,0,medium::mp-1080826::reference|medium::mp-1181996::reference|medium::mp-1190171::reference,1.6571317724883556
loose,medium,medium::mp-1080826::combined_noise_0.015A_0.003,mp-1080826,mp-1080826,C,combined_noise_0.015A_0.003,combined_perturbation,noise,1,20,3,0,2,0,medium::mp-1080826::reference|medium::mp-1181996::reference|medium::mp-1190171::reference,1.6945119965821505
loose,medium,medium::mp-1080826::combined_noise_0.050A_0.003,mp-1080826,mp-1080826,C,combined_noise_0.050A_0.003,combined_perturbation,noise,1,20,1,0,0,0,medium::mp-1080826::reference,61.700849233195186
loose,medium,medium::mp-1080826::combined_noise_0.002A_0.010,mp-1080826,mp-1080826,C,combined_noise_0.002A_0.010,combined_perturbation,noise,1,20,3,0,2,0,medium::mp-1080826::reference|medium::mp-1181996::reference|medium::mp-1190171::reference,1.6129520069807768
loose,medium,medium::mp-1080826::combined_noise_0.015A_0.010,mp-1080826,mp-1080826,C,combined_noise_0.015A_0.010,combined_perturbation,noise,1,20,3,0,2,0,medium::mp-1080826::reference|medium::mp-1181996::reference|medium::mp-1190171::reference,1.7245574984699488
loose,medium,medium::mp-1080826::combined_noise_0.050A_0.010,mp-1080826,mp-1080826,C,combined_noise_0.050A_0.010,combined_perturbation,noise,1,20,1,0,0,0,medium::mp-1080826::reference,59.594124933704734
loose,medium,medium::mp-1080826::combined_noise_0.002A_0.030,mp-1080826,mp-1080826,C,combined_noise_0.002A_0.030,combined_perturbation,noise,1,20,3,0,2,0,medium::mp-1080826::reference|medium::mp-1181996::reference|medium::mp-1190171::reference,1.717952348291874
loose,medium,medium::mp-1080826::combined_noise_0.015A_0.030,mp-1080826,mp-1080826,C,combined_noise_0.015A_0.030,combined_perturbation,noise,1,20,3,0,2,0,medium::mp-1080826::reference|medium::mp-1181996::reference|medium::mp-1190171::reference,1.7139990031719208
loose,medium,medium::mp-1080826::combined_noise_0.050A_0.030,mp-1080826,mp-1080826,C,combined_noise_0.050A_0.030,combined_perturbation,noise,1,20,1,0,0,0,medium::mp-1080826::reference,58.46917077153921
loose,medium,medium::mp-1095534::conventional_standard,mp-1095534,mp-1095534,C,conventional_standard,equivalent_transform,no_noise,1,20,1,0,0,0,medium::mp-1095534::reference,1.1455543395131826
loose,medium,medium::mp-1095534::niggli_reduced,mp-1095534,mp-1095534,C,niggli_reduced,equivalent_transform,no_noise,1,20,1,0,0,0,medium::mp-1095534::reference,1.3475314266979694
loose,medium,medium::mp-1095534::origin_shifted,mp-1095534,mp-1095534,C,origin_shifted,equivalent_transform,no_noise,1,20,1,0,0,0,medium::mp-1095534::reference,1.3666887022554874
loose,medium,medium::mp-1095534::permuted_sites,mp-1095534,mp-1095534,C,permuted_sites,equivalent_transform,no_noise,1,20,1,0,0,0,medium::mp-1095534::reference,1.8973462413996458
loose,medium,medium::mp-1095534::combined_noise_0.002A_0.003,mp-1095534,mp-1095534,C,combined_noise_0.002A_0.003,combined_perturbation,noise,1,20,1,0,0,0,medium::mp-1095534::reference,1.2792931217700243
loose,medium,medium::mp-1095534::combined_noise_0.015A_0.003,mp-1095534,mp-1095534,C,combined_noise_0.015A_0.003,combined_perturbation,noise,1,20,1,0,0,0,medium::mp-1095534::reference,1.331432681530714
loose,medium,medium::mp-1095534::combined_noise_0.050A_0.003,mp-1095534,mp-1095534,C,combined_noise_0.050A_0.003,combined_perturbation,noise,1,20,1,0,0,0,medium::mp-1095534::reference,1.2843090873211622
loose,medium,medium::mp-1095534::combined_noise_0.002A_0.010,mp-1095534,mp-1095534,C,combined_noise_0.002A_0.010,combined_perturbation,noise,1,20,1,0,0,0,medium::mp-1095534::reference,1.3537150882184505
loose,medium,medium::mp-1095534::combined_noise_0.015A_0.010,mp-1095534,mp-1095534,C,combined_noise_0.015A_0.010,combined_perturbation,noise,1,20,1,0,0,0,medium::mp-1095534::reference,1.359276607632637
loose,medium,medium::mp-1095534::combined_noise_0.050A_0.010,mp-1095534,mp-1095534,C,combined_noise_0.050A_0.010,combined_perturbation,noise,1,20,1,0,0,0,medium::mp-1095534::reference,1.287265868857503
loose,medium,medium::mp-1095534::combined_noise_0.002A_0.030,mp-1095534,mp-1095534,C,combined_noise_0.002A_0.030,combined_perturbation,noise,1,20,1,0,0,0,medium::mp-1095534::reference,1.2720480673015118
loose,medium,medium::mp-1095534::combined_noise_0.015A_0.030,mp-1095534,mp-1095534,C,combined_noise_0.015A_0.030,combined_perturbation,noise,1,20,1,0,0,0,medium::mp-1095534::reference,1.4498668871819973
loose,medium,medium::mp-1095534::combined_noise_0.050A_0.030,mp-1095534,mp-1095534,C,combined_noise_0.050A_0.030,combined_perturbation,noise,1,20,1,0,0,0,medium::mp-1095534::reference,1.4548003356903791
loose,medium,medium::mp-1095633::conventional_standard,mp-1095633,mp-1095633,C,conventional_standard,equivalent_transform,no_noise,1,20,1,0,0,0,medium::mp-1095633::reference,2.281174626201391
loose,medium,medium::mp-1095633::niggli_reduced,mp-1095633,mp-1095633,C,niggli_reduced,equivalent_transform,no_noise,1,20,1,0,0,0,medium::mp-1095633::reference,2.515798991546035
loose,medium,medium::mp-1095633::origin_shifted,mp-1095633,mp-1095633,C,origin_shifted,equivalent_transform,no_noise,1,20,1,0,0,0,medium::mp-1095633::reference,2.5305017083883286
loose,medium,medium::mp-1095633::permuted_sites,mp-1095633,mp-1095633,C,permuted_sites,equivalent_transform,no_noise,1,20,1,0,0,0,medium::mp-1095633::reference,3.0616849455982447
loose,medium,medium::mp-1095633::combined_noise_0.002A_0.003,mp-1095633,mp-1095633,C,combined_noise_0.002A_0.003,combined_perturbation,noise,1,20,1,0,0,0,medium::mp-1095633::reference,2.5169757585972548
loose,medium,medium::mp-1095633::combined_noise_0.015A_0.003,mp-1095633,mp-1095633,C,combined_noise_0.015A_0.003,combined_perturbation,noise,1,20,1,0,0,0,medium::mp-1095633::reference,2.5291975792497396
loose,medium,medium::mp-1095633::combined_noise_0.050A_0.003,mp-1095633,mp-1095633,C,combined_noise_0.050A_0.003,combined_perturbation,noise,1,20,1,3,0,0,medium::mp-1095633::reference,149.18680098094046
loose,medium,medium::mp-1095633::combined_noise_0.002A_0.010,mp-1095633,mp-1095633,C,combined_noise_0.002A_0.010,combined_perturbation,noise,1,20,1,0,0,0,medium::mp-1095633::reference,2.5454528871923685
loose,medium,medium::mp-1095633::combined_noise_0.015A_0.010,mp-1095633,mp-1095633,C,combined_noise_0.015A_0.010,combined_perturbation,noise,1,20,1,0,0,0,medium::mp-1095633::reference,2.4953412264585495
loose,medium,medium::mp-1095633::combined_noise_0.050A_0.010,mp-1095633,mp-1095633,C,combined_noise_0.050A_0.010,combined_perturbation,noise,1,20,1,3,0,0,medium::mp-1095633::reference,144.33521190285683
loose,medium,medium::mp-1095633::combined_noise_0.002A_0.030,mp-1095633,mp-1095633,C,combined_noise_0.002A_0.030,combined_perturbation,noise,1,20,2,0,1,0,medium::mp-1095633::reference|medium::mp-1182029::reference,1.2704705595970154
loose,medium,medium::mp-1095633::combined_noise_0.015A_0.030,mp-1095633,mp-1095633,C,combined_noise_0.015A_0.030,combined_perturbation,noise,1,20,1,0,0,0,medium::mp-1095633::reference,2.504573119804263
loose,medium,medium::mp-1095633::combined_noise_0.050A_0.030,mp-1095633,mp-1095633,C,combined_noise_0.050A_0.030,combined_perturbation,noise,1,20,1,3,0,0,medium::mp-1095633::reference,127.96367881447077
loose,medium,medium::mp-1096869::conventional_standard,mp-1096869,mp-1096869,C,conventional_standard,equivalent_transform,no_noise,1,20,1,0,0,0,medium::mp-1096869::reference,26.617342786863446
loose,medium,medium::mp-1096869::niggli_reduced,mp-1096869,mp-1096869,C,niggli_reduced,equivalent_transform,no_noise,1,20,1,0,0,0,medium::mp-1096869::reference,25.046655863523483
loose,medium,medium::mp-1096869::origin_shifted,mp-1096869,mp-1096869,C,origin_shifted,equivalent_transform,no_noise,1,20,1,0,0,0,medium::mp-1096869::reference,24.905290450900793
loose,medium,medium::mp-1096869::permuted_sites,mp-1096869,mp-1096869,C,permuted_sites,equivalent_transform,no_noise,1,20,1,0,0,0,medium::mp-1096869::reference,25.809183675795794
loose,medium,medium::mp-1096869::combined_noise_0.002A_0.003,mp-1096869,mp-1096869,C,combined_noise_0.002A_0.003,combined_perturbation,noise,1,20,1,0,0,0,medium::mp-1096869::reference,24.719174522906542
loose,medium,medium::mp-1096869::combined_noise_0.015A_0.003,mp-1096869,mp-1096869,C,combined_noise_0.015A_0.003,combined_perturbation,noise,1,20,1,0,0,0,medium::mp-1096869::reference,25.15975588001311
loose,medium,medium::mp-1096869::combined_noise_0.050A_0.003,mp-1096869,mp-1096869,C,combined_noise_0.050A_0.003,combined_perturbation,noise,1,20,1,0,0,0,medium::mp-1096869::reference,24.84577077254653
loose,medium,medium::mp-1096869::combined_noise_0.002A_0.010,mp-1096869,mp-1096869,C,combined_noise_0.002A_0.010,combined_perturbation,noise,1,20,1,0,0,0,medium::mp-1096869::reference,24.937196411192417
loose,medium,medium::mp-1096869::combined_noise_0.015A_0.010,mp-1096869,mp-1096869,C,combined_noise_0.015A_0.010,combined_perturbation,noise,1,20,1,0,0,0,medium::mp-1096869::reference,24.05396174825728
loose,medium,medium::mp-1096869::combined_noise_0.050A_0.010,mp-1096869,mp-1096869,C,combined_noise_0.050A_0.010,combined_perturbation,noise,1,20,1,0,0,0,medium::mp-1096869::reference,24.270259719341993
loose,medium,medium::mp-1096869::combined_noise_0.002A_0.030,mp-1096869,mp-1096869,C,combined_noise_0.002A_0.030,combined_perturbation,noise,1,20,1,0,0,0,medium::mp-1096869::reference,23.519561618566513
loose,medium,medium::mp-1096869::combined_noise_0.015A_0.030,mp-1096869,mp-1096869,C,combined_noise_0.015A_0.030,combined_perturbation,noise,1,20,1,0,0,0,medium::mp-1096869::reference,24.457021532580256
loose,medium,medium::mp-1096869::combined_noise_0.050A_0.030,mp-1096869,mp-1096869,C,combined_noise_0.050A_0.030,combined_perturbation,noise,1,20,1,0,0,0,medium::mp-1096869::reference,24.517753263935447
loose,medium,medium::mp-1097832::conventional_standard,mp-1097832,mp-1097832,C,conventional_standard,equivalent_transform,no_noise,1,20,1,0,0,0,medium::mp-1097832::reference,6.00634092092514
loose,medium,medium::mp-1097832::niggli_reduced,mp-1097832,mp-1097832,C,niggli_reduced,equivalent_transform,no_noise,1,20,1,0,0,0,medium::mp-1097832::reference,6.190342275425792
loose,medium,medium::mp-1097832::origin_shifted,mp-1097832,mp-1097832,C,origin_shifted,equivalent_transform,no_noise,1,20,1,0,0,0,medium::mp-1097832::reference,6.230092002078891
loose,medium,medium::mp-1097832::permuted_sites,mp-1097832,mp-1097832,C,permuted_sites,equivalent_transform,no_noise,1,20,1,0,0,0,medium::mp-1097832::reference,6.609737100079656
loose,medium,medium::mp-1097832::combined_noise_0.002A_0.003,mp-1097832,mp-1097832,C,combined_noise_0.002A_0.003,combined_perturbation,noise,1,20,1,0,0,0,medium::mp-1097832::reference,6.321684040129185
loose,medium,medium::mp-1097832::combined_noise_0.015A_0.003,mp-1097832,mp-1097832,C,combined_noise_0.015A_0.003,combined_perturbation,noise,1,20,1,0,0,0,medium::mp-1097832::reference,6.218433665111661
loose,medium,medium::mp-1097832::combined_noise_0.050A_0.003,mp-1097832,mp-1097832,C,combined_noise_0.050A_0.003,combined_perturbation,noise,1,20,1,0,0,0,medium::mp-1097832::reference,6.266420537605882
loose,medium,medium::mp-1097832::combined_noise_0.002A_0.010,mp-1097832,mp-1097832,C,combined_noise_0.002A_0.010,combined_perturbation,noise,1,20,1,0,0,0,medium::mp-1097832::reference,6.272382928058505
loose,medium,medium::mp-1097832::combined_noise_0.015A_0.010,mp-1097832,mp-1097832,C,combined_noise_0.015A_0.010,combined_perturbation,noise,1,20,1,0,0,0,medium::mp-1097832::reference,6.2116935178637505
loose,medium,medium::mp-1097832::combined_noise_0.050A_0.010,mp-1097832,mp-1097832,C,combined_noise_0.050A_0.010,combined_perturbation,noise,1,20,1,0,0,0,medium::mp-1097832::reference,6.282961282879114
loose,medium,medium::mp-1097832::combined_noise_0.002A_0.030,mp-1097832,mp-1097832,C,combined_noise_0.002A_0.030,combined_perturbation,noise,1,20,3,0,2,0,medium::mp-1056957::reference|medium::mp-1097832::reference|medium::mp-1181996::reference,6.6741978116333485
loose,medium,medium::mp-1097832::combined_noise_0.015A_0.030,mp-1097832,mp-1097832,C,combined_noise_0.015A_0.030,combined_perturbation,noise,1,20,1,0,0,0,medium::mp-1097832::reference,6.268778534606099
loose,medium,medium::mp-1097832::combined_noise_0.050A_0.030,mp-1097832,mp-1097832,C,combined_noise_0.050A_0.030,combined_perturbation,noise,1,20,1,0,0,0,medium::mp-1097832::reference,6.4823993649333715
loose,medium,medium::mp-1181996::conventional_standard,mp-1181996,mp-1181996,C,conventional_standard,equivalent_transform,no_noise,1,20,3,0,2,0,medium::mp-1056957::reference|medium::mp-1078845::reference|medium::mp-1181996::reference,56.130865432322025
loose,medium,medium::mp-1181996::niggli_reduced,mp-1181996,mp-1181996,C,niggli_reduced,equivalent_transform,no_noise,1,20,3,0,2,0,medium::mp-1056957::reference|medium::mp-1078845::reference|medium::mp-1181996::reference,56.653202863410115
loose,medium,medium::mp-1181996::origin_shifted,mp-1181996,mp-1181996,C,origin_shifted,equivalent_transform,no_noise,1,20,3,0,2,0,medium::mp-1056957::reference|medium::mp-1078845::reference|medium::mp-1181996::reference,56.37103784456849
loose,medium,medium::mp-1181996::permuted_sites,mp-1181996,mp-1181996,C,permuted_sites,equivalent_transform,no_noise,1,20,3,0,2,0,medium::mp-1056957::reference|medium::mp-1078845::reference|medium::mp-1181996::reference,56.985217748209834
loose,medium,medium::mp-1181996::combined_noise_0.002A_0.003,mp-1181996,mp-1181996,C,combined_noise_0.002A_0.003,combined_perturbation,noise,1,20,3,0,2,0,medium::mp-1056957::reference|medium::mp-1078845::reference|medium::mp-1181996::reference,56.19821837730706
loose,medium,medium::mp-1181996::combined_noise_0.015A_0.003,mp-1181996,mp-1181996,C,combined_noise_0.015A_0.003,combined_perturbation,noise,1,20,3,0,2,0,medium::mp-1056957::reference|medium::mp-1078845::reference|medium::mp-1181996::reference,55.37479116395116
loose,medium,medium::mp-1181996::combined_noise_0.050A_0.003,mp-1181996,mp-1181996,C,combined_noise_0.050A_0.003,combined_perturbation,noise,1,20,3,0,2,0,medium::mp-1056957::reference|medium::mp-1078845::reference|medium::mp-1181996::reference,55.94672653451562
loose,medium,medium::mp-1181996::combined_noise_0.002A_0.010,mp-1181996,mp-1181996,C,combined_noise_0.002A_0.010,combined_perturbation,noise,1,20,3,0,2,0,medium::mp-1056957::reference|medium::mp-1078845::reference|medium::mp-1181996::reference,55.29245165735483
loose,medium,medium::mp-1181996::combined_noise_0.015A_0.010,mp-1181996,mp-1181996,C,combined_noise_0.015A_0.010,combined_perturbation,noise,1,20,3,0,2,0,medium::mp-1056957::reference|medium::mp-1078845::reference|medium::mp-1181996::reference,53.91736646555364
loose,medium,medium::mp-1181996::combined_noise_0.050A_0.010,mp-1181996,mp-1181996,C,combined_noise_0.050A_0.010,combined_perturbation,noise,1,20,3,0,2,0,medium::mp-1056957::reference|medium::mp-1078845::reference|medium::mp-1181996::reference,56.51759740896523
loose,medium,medium::mp-1181996::combined_noise_0.002A_0.030,mp-1181996,mp-1181996,C,combined_noise_0.002A_0.030,combined_perturbation,noise,1,20,4,0,3,0,medium::mp-1056957::reference|medium::mp-1078845::reference|medium::mp-1097832::reference|medium::mp-1181996::reference,54.98709708824754
loose,medium,medium::mp-1181996::combined_noise_0.015A_0.030,mp-1181996,mp-1181996,C,combined_noise_0.015A_0.030,combined_perturbation,noise,1,20,4,0,3,0,medium::mp-1056957::reference|medium::mp-1078845::reference|medium::mp-1097832::reference|medium::mp-1181996::reference,55.02111927419901
loose,medium,medium::mp-1181996::combined_noise_0.050A_0.030,mp-1181996,mp-1181996,C,combined_noise_0.050A_0.030,combined_perturbation,noise,1,20,3,0,2,0,medium::mp-1056957::reference|medium::mp-1078845::reference|medium::mp-1181996::reference,57.12339060008526
loose,medium,medium::mp-1182029::conventional_standard,mp-1182029,mp-1182029,C,conventional_standard,equivalent_transform,no_noise,1,20,4,0,3,0,medium::mp-1008374::reference|medium::mp-1018088::reference|medium::mp-1078845::reference|medium::mp-1182029::reference,55.532138200476766
loose,medium,medium::mp-1182029::niggli_reduced,mp-1182029,mp-1182029,C,niggli_reduced,equivalent_transform,no_noise,1,20,4,0,3,0,medium::mp-1008374::reference|medium::mp-1018088::reference|medium::mp-1078845::reference|medium::mp-1182029::reference,55.82454025559127
loose,medium,medium::mp-1182029::origin_shifted,mp-1182029,mp-1182029,C,origin_shifted,equivalent_transform,no_noise,1,20,4,0,3,0,medium::mp-1008374::reference|medium::mp-1018088::reference|medium::mp-1078845::reference|medium::mp-1182029::reference,56.08131920173764
loose,medium,medium::mp-1182029::permuted_sites,mp-1182029,mp-1182029,C,permuted_sites,equivalent_transform,no_noise,1,20,4,0,3,0,medium::mp-1008374::reference|medium::mp-1018088::reference|medium::mp-1078845::reference|medium::mp-1182029::reference,56.47062076441944
loose,medium,medium::mp-1182029::combined_noise_0.002A_0.003,mp-1182029,mp-1182029,C,combined_noise_0.002A_0.003,combined_perturbation,noise,1,20,4,0,3,0,medium::mp-1008374::reference|medium::mp-1018088::reference|medium::mp-1078845::reference|medium::mp-1182029::reference,55.81921408884227
loose,medium,medium::mp-1182029::combined_noise_0.015A_0.003,mp-1182029,mp-1182029,C,combined_noise_0.015A_0.003,combined_perturbation,noise,1,20,4,0,3,0,medium::mp-1008374::reference|medium::mp-1018088::reference|medium::mp-1078845::reference|medium::mp-1182029::reference,55.909158390015364
loose,medium,medium::mp-1182029::combined_noise_0.050A_0.003,mp-1182029,mp-1182029,C,combined_noise_0.050A_0.003,combined_perturbation,noise,1,20,4,0,3,0,medium::mp-1008374::reference|medium::mp-1018088::reference|medium::mp-1078845::reference|medium::mp-1182029::reference,56.5035595074296
loose,medium,medium::mp-1182029::combined_noise_0.002A_0.010,mp-1182029,mp-1182029,C,combined_noise_0.002A_0.010,combined_perturbation,noise,1,20,4,0,3,0,medium::mp-1008374::reference|medium::mp-1018088::reference|medium::mp-1078845::reference|medium::mp-1182029::reference,55.715557334944606
loose,medium,medium::mp-1182029::combined_noise_0.015A_0.010,mp-1182029,mp-1182029,C,combined_noise_0.015A_0.010,combined_perturbation,noise,1,20,4,0,3,0,medium::mp-1008374::reference|medium::mp-1018088::reference|medium::mp-1078845::reference|medium::mp-1182029::reference,56.072368348017335
loose,medium,medium::mp-1182029::combined_noise_0.050A_0.010,mp-1182029,mp-1182029,C,combined_noise_0.050A_0.010,combined_perturbation,noise,1,20,4,0,3,0,medium::mp-1008374::reference|medium::mp-1018088::reference|medium::mp-1078845::reference|medium::mp-1182029::reference,54.641951536759734
loose,medium,medium::mp-1182029::combined_noise_0.002A_0.030,mp-1182029,mp-1182029,C,combined_noise_0.002A_0.030,combined_perturbation,noise,1,20,4,0,3,0,medium::mp-1008374::reference|medium::mp-1018088::reference|medium::mp-1078845::reference|medium::mp-1182029::reference,55.29348920844495
loose,medium,medium::mp-1182029::combined_noise_0.015A_0.030,mp-1182029,mp-1182029,C,combined_noise_0.015A_0.030,combined_perturbation,noise,1,20,4,0,3,0,medium::mp-1008374::reference|medium::mp-1018088::reference|medium::mp-1078845::reference|medium::mp-1182029::reference,54.374945329502225
loose,medium,medium::mp-1182029::combined_noise_0.050A_0.030,mp-1182029,mp-1182029,C,combined_noise_0.050A_0.030,combined_perturbation,noise,1,20,4,0,3,0,medium::mp-1008374::reference|medium::mp-1018088::reference|medium::mp-1078845::reference|medium::mp-1182029::reference,53.98518447764218
loose,medium,medium::mp-1182684::conventional_standard,mp-1182684,mp-1182684,C,conventional_standard,equivalent_transform,no_noise,1,20,1,5,0,0,medium::mp-1182684::reference,195.91134834848344
loose,medium,medium::mp-1182684::niggli_reduced,mp-1182684,mp-1182684,C,niggli_reduced,equivalent_transform,no_noise,1,20,1,5,0,0,medium::mp-1182684::reference,195.82264059595764
loose,medium,medium::mp-1182684::origin_shifted,mp-1182684,mp-1182684,C,origin_shifted,equivalent_transform,no_noise,1,20,1,5,0,0,medium::mp-1182684::reference,195.6350570116192
loose,medium,medium::mp-1182684::permuted_sites,mp-1182684,mp-1182684,C,permuted_sites,equivalent_transform,no_noise,1,20,1,5,0,0,medium::mp-1182684::reference,202.21586957201362
loose,medium,medium::mp-1182684::combined_noise_0.002A_0.003,mp-1182684,mp-1182684,C,combined_noise_0.002A_0.003,combined_perturbation,noise,1,20,1,5,0,0,medium::mp-1182684::reference,196.12535651028156
loose,medium,medium::mp-1182684::combined_noise_0.015A_0.003,mp-1182684,mp-1182684,C,combined_noise_0.015A_0.003,combined_perturbation,noise,1,20,1,5,0,0,medium::mp-1182684::reference,195.76554000005126
loose,medium,medium::mp-1182684::combined_noise_0.050A_0.003,mp-1182684,mp-1182684,C,combined_noise_0.050A_0.003,combined_perturbation,noise,1,20,1,5,0,0,medium::mp-1182684::reference,193.96536788903177
loose,medium,medium::mp-1182684::combined_noise_0.002A_0.010,mp-1182684,mp-1182684,C,combined_noise_0.002A_0.010,combined_perturbation,noise,1,20,1,5,0,0,medium::mp-1182684::reference,195.36098700203001
loose,medium,medium::mp-1182684::combined_noise_0.015A_0.010,mp-1182684,mp-1182684,C,combined_noise_0.015A_0.010,combined_perturbation,noise,1,20,1,5,0,0,medium::mp-1182684::reference,193.76286380179226
loose,medium,medium::mp-1182684::combined_noise_0.050A_0.010,mp-1182684,mp-1182684,C,combined_noise_0.050A_0.010,combined_perturbation,noise,1,20,1,5,0,0,medium::mp-1182684::reference,194.93764509819448
loose,medium,medium::mp-1182684::combined_noise_0.002A_0.030,mp-1182684,mp-1182684,C,combined_noise_0.002A_0.030,combined_perturbation,noise,1,20,1,5,0,0,medium::mp-1182684::reference,194.69077645242214
loose,medium,medium::mp-1182684::combined_noise_0.015A_0.030,mp-1182684,mp-1182684,C,combined_noise_0.015A_0.030,combined_perturbation,noise,1,20,1,5,0,0,medium::mp-1182684::reference,194.7438636366278
loose,medium,medium::mp-1182684::combined_noise_0.050A_0.030,mp-1182684,mp-1182684,C,combined_noise_0.050A_0.030,combined_perturbation,noise,1,20,1,5,0,0,medium::mp-1182684::reference,192.76185355521739
loose,medium,medium::mp-1188817::conventional_standard,mp-1188817,mp-1188817,C,conventional_standard,equivalent_transform,no_noise,1,20,1,0,0,0,medium::mp-1188817::reference,5.287721490487456
loose,medium,medium::mp-1188817::niggli_reduced,mp-1188817,mp-1188817,C,niggli_reduced,equivalent_transform,no_noise,1,20,1,0,0,0,medium::mp-1188817::reference,5.488889703527093
loose,medium,medium::mp-1188817::origin_shifted,mp-1188817,mp-1188817,C,origin_shifted,equivalent_transform,no_noise,1,20,1,0,0,0,medium::mp-1188817::reference,5.5124639216810465
loose,medium,medium::mp-1188817::permuted_sites,mp-1188817,mp-1188817,C,permuted_sites,equivalent_transform,no_noise,1,20,1,0,0,0,medium::mp-1188817::reference,5.9362093936651945
loose,medium,medium::mp-1188817::combined_noise_0.002A_0.003,mp-1188817,mp-1188817,C,combined_noise_0.002A_0.003,combined_perturbation,noise,1,20,1,0,0,0,medium::mp-1188817::reference,5.789270002394915
loose,medium,medium::mp-1188817::combined_noise_0.015A_0.003,mp-1188817,mp-1188817,C,combined_noise_0.015A_0.003,combined_perturbation,noise,1,20,1,0,0,0,medium::mp-1188817::reference,5.938292482867837
loose,medium,medium::mp-1188817::combined_noise_0.050A_0.003,mp-1188817,mp-1188817,C,combined_noise_0.050A_0.003,combined_perturbation,noise,1,20,1,0,0,0,medium::mp-1188817::reference,5.864855682477355
loose,medium,medium::mp-1188817::combined_noise_0.002A_0.010,mp-1188817,mp-1188817,C,combined_noise_0.002A_0.010,combined_perturbation,noise,1,20,1,0,0,0,medium::mp-1188817::reference,5.8744194358587265
loose,medium,medium::mp-1188817::combined_noise_0.015A_0.010,mp-1188817,mp-1188817,C,combined_noise_0.015A_0.010,combined_perturbation,noise,1,20,1,0,0,0,medium::mp-1188817::reference,5.9516442362219095
loose,medium,medium::mp-1188817::combined_noise_0.050A_0.010,mp-1188817,mp-1188817,C,combined_noise_0.050A_0.010,combined_perturbation,noise,1,20,1,0,0,0,medium::mp-1188817::reference,5.613729830831289
loose,medium,medium::mp-1188817::combined_noise_0.002A_0.030,mp-1188817,mp-1188817,C,combined_noise_0.002A_0.030,combined_perturbation,noise,1,20,1,0,0,0,medium::mp-1188817::reference,5.4066294971853495
loose,medium,medium::mp-1188817::combined_noise_0.015A_0.030,mp-1188817,mp-1188817,C,combined_noise_0.015A_0.030,combined_perturbation,noise,1,20,1,0,0,0,medium::mp-1188817::reference,5.914964132010937
loose,medium,medium::mp-1188817::combined_noise_0.050A_0.030,mp-1188817,mp-1188817,C,combined_noise_0.050A_0.030,combined_perturbation,noise,1,20,1,0,0,0,medium::mp-1188817::reference,5.666146107017994
loose,medium,medium::mp-1190171::conventional_standard,mp-1190171,mp-1190171,C,conventional_standard,equivalent_transform,no_noise,1,20,4,0,3,0,medium::mp-1056957::reference|medium::mp-1080826::reference|medium::mp-1182029::reference|medium::mp-1190171::reference,2.8744935765862465
loose,medium,medium::mp-1190171::niggli_reduced,mp-1190171,mp-1190171,C,niggli_reduced,equivalent_transform,no_noise,1,20,4,0,3,0,medium::mp-1056957::reference|medium::mp-1080826::reference|medium::mp-1182029::reference|medium::mp-1190171::reference,3.123892515897751
loose,medium,medium::mp-1190171::origin_shifted,mp-1190171,mp-1190171,C,origin_shifted,equivalent_transform,no_noise,1,20,4,0,3,0,medium::mp-1056957::reference|medium::mp-1080826::reference|medium::mp-1182029::reference|medium::mp-1190171::reference,3.159957705065608
loose,medium,medium::mp-1190171::permuted_sites,mp-1190171,mp-1190171,C,permuted_sites,equivalent_transform,no_noise,1,20,4,0,3,0,medium::mp-1056957::reference|medium::mp-1080826::reference|medium::mp-1182029::reference|medium::mp-1190171::reference,3.6879383232444525
loose,medium,medium::mp-1190171::combined_noise_0.002A_0.003,mp-1190171,mp-1190171,C,combined_noise_0.002A_0.003,combined_perturbation,noise,1,20,3,0,2,0,medium::mp-1080826::reference|medium::mp-1182029::reference|medium::mp-1190171::reference,3.0380078963935375
loose,medium,medium::mp-1190171::combined_noise_0.015A_0.003,mp-1190171,mp-1190171,C,combined_noise_0.015A_0.003,combined_perturbation,noise,1,20,3,0,2,0,medium::mp-1080826::reference|medium::mp-1182029::reference|medium::mp-1190171::reference,3.1796043515205383
loose,medium,medium::mp-1190171::combined_noise_0.050A_0.003,mp-1190171,mp-1190171,C,combined_noise_0.050A_0.003,combined_perturbation,noise,1,20,4,0,3,0,medium::mp-1056957::reference|medium::mp-1080826::reference|medium::mp-1182029::reference|medium::mp-1190171::reference,3.1462878324091434
loose,medium,medium::mp-1190171::combined_noise_0.002A_0.010,mp-1190171,mp-1190171,C,combined_noise_0.002A_0.010,combined_perturbation,noise,1,20,4,0,3,0,medium::mp-1056957::reference|medium::mp-1080826::reference|medium::mp-1182029::reference|medium::mp-1190171::reference,3.105008540675044
loose,medium,medium::mp-1190171::combined_noise_0.015A_0.010,mp-1190171,mp-1190171,C,combined_noise_0.015A_0.010,combined_perturbation,noise,1,20,4,0,3,0,medium::mp-1056957::reference|medium::mp-1080826::reference|medium::mp-1182029::reference|medium::mp-1190171::reference,3.1210526563227177
loose,medium,medium::mp-1190171::combined_noise_0.050A_0.010,mp-1190171,mp-1190171,C,combined_noise_0.050A_0.010,combined_perturbation,noise,1,20,3,0,2,0,medium::mp-1080826::reference|medium::mp-1182029::reference|medium::mp-1190171::reference,3.1473080813884735
loose,medium,medium::mp-1190171::combined_noise_0.002A_0.030,mp-1190171,mp-1190171,C,combined_noise_0.002A_0.030,combined_perturbation,noise,1,20,5,0,4,0,medium::mp-1056957::reference|medium::mp-1080826::reference|medium::mp-1181996::reference|medium::mp-1182029::reference|medium::mp-1190171::reference,1.8402535878121853
loose,medium,medium::mp-1190171::combined_noise_0.015A_0.030,mp-1190171,mp-1190171,C,combined_noise_0.015A_0.030,combined_perturbation,noise,1,20,3,0,2,0,medium::mp-1080826::reference|medium::mp-1182029::reference|medium::mp-1190171::reference,2.679721647873521
loose,medium,medium::mp-1190171::combined_noise_0.050A_0.030,mp-1190171,mp-1190171,C,combined_noise_0.050A_0.030,combined_perturbation,noise,1,20,2,2,1,0,medium::mp-1080826::reference|medium::mp-1190171::reference,115.39289109408855
loose,medium,medium::mp-1192619::conventional_standard,mp-1192619,mp-1192619,C,conventional_standard,equivalent_transform,no_noise,1,20,1,0,0,0,medium::mp-1192619::reference,11.867698261514306
loose,medium,medium::mp-1192619::niggli_reduced,mp-1192619,mp-1192619,C,niggli_reduced,equivalent_transform,no_noise,1,20,1,0,0,0,medium::mp-1192619::reference,12.082146992906928
loose,medium,medium::mp-1192619::origin_shifted,mp-1192619,mp-1192619,C,origin_shifted,equivalent_transform,no_noise,1,20,1,0,0,0,medium::mp-1192619::reference,11.862543754279613
loose,medium,medium::mp-1192619::permuted_sites,mp-1192619,mp-1192619,C,permuted_sites,equivalent_transform,no_noise,1,20,1,0,0,0,medium::mp-1192619::reference,12.765239875763655
loose,medium,medium::mp-1192619::combined_noise_0.002A_0.003,mp-1192619,mp-1192619,C,combined_noise_0.002A_0.003,combined_perturbation,noise,1,20,1,0,0,0,medium::mp-1192619::reference,11.511655282229185
loose,medium,medium::mp-1192619::combined_noise_0.015A_0.003,mp-1192619,mp-1192619,C,combined_noise_0.015A_0.003,combined_perturbation,noise,1,20,1,0,0,0,medium::mp-1192619::reference,11.848447239026427
loose,medium,medium::mp-1192619::combined_noise_0.050A_0.003,mp-1192619,mp-1192619,C,combined_noise_0.050A_0.003,combined_perturbation,noise,1,20,1,2,0,0,medium::mp-1192619::reference,95.73995338380337
loose,medium,medium::mp-1192619::combined_noise_0.002A_0.010,mp-1192619,mp-1192619,C,combined_noise_0.002A_0.010,combined_perturbation,noise,1,20,1,0,0,0,medium::mp-1192619::reference,11.500642167404294
loose,medium,medium::mp-1192619::combined_noise_0.015A_0.010,mp-1192619,mp-1192619,C,combined_noise_0.015A_0.010,combined_perturbation,noise,1,20,1,0,0,0,medium::mp-1192619::reference,11.566341400146484
loose,medium,medium::mp-1192619::combined_noise_0.050A_0.010,mp-1192619,mp-1192619,C,combined_noise_0.050A_0.010,combined_perturbation,noise,1,20,1,2,0,0,medium::mp-1192619::reference,95.5709656458348
loose,medium,medium::mp-1192619::combined_noise_0.002A_0.030,mp-1192619,mp-1192619,C,combined_noise_0.002A_0.030,combined_perturbation,noise,1,20,1,0,0,0,medium::mp-1192619::reference,11.298863800242543
loose,medium,medium::mp-1192619::combined_noise_0.015A_0.030,mp-1192619,mp-1192619,C,combined_noise_0.015A_0.030,combined_perturbation,noise,1,20,1,0,0,0,medium::mp-1192619::reference,10.939988007768989
loose,medium,medium::mp-1192619::combined_noise_0.050A_0.030,mp-1192619,mp-1192619,C,combined_noise_0.050A_0.030,combined_perturbation,noise,1,20,1,2,0,0,medium::mp-1192619::reference,93.77469678036869
loose,medium,medium::mp-1196857::conventional_standard,mp-1196857,mp-1196857,C,conventional_standard,equivalent_transform,no_noise,1,20,1,2,0,0,medium::mp-1196857::reference,87.90220318734646
loose,medium,medium::mp-1196857::niggli_reduced,mp-1196857,mp-1196857,C,niggli_reduced,equivalent_transform,no_noise,1,20,1,2,0,0,medium::mp-1196857::reference,87.89801480434835
loose,medium,medium::mp-1196857::origin_shifted,mp-1196857,mp-1196857,C,origin_shifted,equivalent_transform,no_noise,1,20,1,2,0,0,medium::mp-1196857::reference,88.50724026933312
loose,medium,medium::mp-1196857::permuted_sites,mp-1196857,mp-1196857,C,permuted_sites,equivalent_transform,no_noise,1,20,1,2,0,0,medium::mp-1196857::reference,89.8673355076462
loose,medium,medium::mp-1196857::combined_noise_0.002A_0.003,mp-1196857,mp-1196857,C,combined_noise_0.002A_0.003,combined_perturbation,noise,1,20,1,2,0,0,medium::mp-1196857::reference,86.34444849938154
loose,medium,medium::mp-1196857::combined_noise_0.015A_0.003,mp-1196857,mp-1196857,C,combined_noise_0.015A_0.003,combined_perturbation,noise,1,20,1,2,0,0,medium::mp-1196857::reference,86.40742644481361
loose,medium,medium::mp-1196857::combined_noise_0.050A_0.003,mp-1196857,mp-1196857,C,combined_noise_0.050A_0.003,combined_perturbation,noise,1,20,1,2,0,0,medium::mp-1196857::reference,89.14579000324011
loose,medium,medium::mp-1196857::combined_noise_0.002A_0.010,mp-1196857,mp-1196857,C,combined_noise_0.002A_0.010,combined_perturbation,noise,1,20,1,2,0,0,medium::mp-1196857::reference,90.1187382210046
loose,medium,medium::mp-1196857::combined_noise_0.015A_0.010,mp-1196857,mp-1196857,C,combined_noise_0.015A_0.010,combined_perturbation,noise,1,20,1,2,0,0,medium::mp-1196857::reference,89.48557849042118
loose,medium,medium::mp-1196857::combined_noise_0.050A_0.010,mp-1196857,mp-1196857,C,combined_noise_0.050A_0.010,combined_perturbation,noise,1,20,1,2,0,0,medium::mp-1196857::reference,88.86180260777473
loose,medium,medium::mp-1196857::combined_noise_0.002A_0.030,mp-1196857,mp-1196857,C,combined_noise_0.002A_0.030,combined_perturbation,noise,1,20,1,2,0,0,medium::mp-1196857::reference,91.16321660391986
loose,medium,medium::mp-1196857::combined_noise_0.015A_0.030,mp-1196857,mp-1196857,C,combined_noise_0.015A_0.030,combined_perturbation,noise,1,20,1,2,0,0,medium::mp-1196857::reference,90.28119030967355
loose,medium,medium::mp-1196857::combined_noise_0.050A_0.030,mp-1196857,mp-1196857,C,combined_noise_0.050A_0.030,combined_perturbation,noise,1,20,1,2,0,0,medium::mp-1196857::reference,86.53326462768018
loose,medium,medium::mp-1197903::conventional_standard,mp-1197903,mp-1197903,C,conventional_standard,equivalent_transform,no_noise,1,20,1,5,0,0,medium::mp-1197903::reference,228.9555026423186
loose,medium,medium::mp-1197903::niggli_reduced,mp-1197903,mp-1197903,C,niggli_reduced,equivalent_transform,no_noise,1,20,1,5,0,0,medium::mp-1197903::reference,228.94857200235128
loose,medium,medium::mp-1197903::origin_shifted,mp-1197903,mp-1197903,C,origin_shifted,equivalent_transform,no_noise,1,20,1,5,0,0,medium::mp-1197903::reference,231.6099571287632
loose,medium,medium::mp-1197903::permuted_sites,mp-1197903,mp-1197903,C,permuted_sites,equivalent_transform,no_noise,1,20,1,5,0,0,medium::mp-1197903::reference,238.02748880162835
loose,medium,medium::mp-1197903::combined_noise_0.002A_0.003,mp-1197903,mp-1197903,C,combined_noise_0.002A_0.003,combined_perturbation,noise,1,20,1,6,0,0,medium::mp-1197903::reference,233.80353712290525
loose,medium,medium::mp-1197903::combined_noise_0.015A_0.003,mp-1197903,mp-1197903,C,combined_noise_0.015A_0.003,combined_perturbation,noise,1,20,1,5,0,0,medium::mp-1197903::reference,220.16453667543828
loose,medium,medium::mp-1197903::combined_noise_0.050A_0.003,mp-1197903,mp-1197903,C,combined_noise_0.050A_0.003,combined_perturbation,noise,1,20,1,5,0,0,medium::mp-1197903::reference,228.1861562691629
loose,medium,medium::mp-1197903::combined_noise_0.002A_0.010,mp-1197903,mp-1197903,C,combined_noise_0.002A_0.010,combined_perturbation,noise,1,20,1,5,0,0,medium::mp-1197903::reference,225.7038014587015
loose,medium,medium::mp-1197903::combined_noise_0.015A_0.010,mp-1197903,mp-1197903,C,combined_noise_0.015A_0.010,combined_perturbation,noise,1,20,1,5,0,0,medium::mp-1197903::reference,229.21875920705497
loose,medium,medium::mp-1197903::combined_noise_0.050A_0.010,mp-1197903,mp-1197903,C,combined_noise_0.050A_0.010,combined_perturbation,noise,1,20,1,5,0,0,medium::mp-1197903::reference,230.15388710796833
loose,medium,medium::mp-1197903::combined_noise_0.002A_0.030,mp-1197903,mp-1197903,C,combined_noise_0.002A_0.030,combined_perturbation,noise,1,20,1,6,0,0,medium::mp-1197903::reference,239.77422800287604
loose,medium,medium::mp-1197903::combined_noise_0.015A_0.030,mp-1197903,mp-1197903,C,combined_noise_0.015A_0.030,combined_perturbation,noise,1,20,1,5,0,0,medium::mp-1197903::reference,219.2166295275092
loose,medium,medium::mp-1197903::combined_noise_0.050A_0.030,mp-1197903,mp-1197903,C,combined_noise_0.050A_0.030,combined_perturbation,noise,1,20,1,5,0,0,medium::mp-1197903::reference,220.69962608627975
loose,medium,medium::mp-1205417::conventional_standard,mp-1205417,mp-1205417,C,conventional_standard,equivalent_transform,no_noise,1,20,1,0,0,0,medium::mp-1205417::reference,6.958369079977274
loose,medium,medium::mp-1205417::niggli_reduced,mp-1205417,mp-1205417,C,niggli_reduced,equivalent_transform,no_noise,1,20,1,0,0,0,medium::mp-1205417::reference,6.947573151439428
loose,medium,medium::mp-1205417::origin_shifted,mp-1205417,mp-1205417,C,origin_shifted,equivalent_transform,no_noise,1,20,1,0,0,0,medium::mp-1205417::reference,6.893123533576727
loose,medium,medium::mp-1205417::permuted_sites,mp-1205417,mp-1205417,C,permuted_sites,equivalent_transform,no_noise,1,20,1,0,0,0,medium::mp-1205417::reference,7.338574048131704
loose,medium,medium::mp-1205417::combined_noise_0.002A_0.003,mp-1205417,mp-1205417,C,combined_noise_0.002A_0.003,combined_perturbation,noise,1,20,1,0,0,0,medium::mp-1205417::reference,7.090277215465903
loose,medium,medium::mp-1205417::combined_noise_0.015A_0.003,mp-1205417,mp-1205417,C,combined_noise_0.015A_0.003,combined_perturbation,noise,1,20,1,0,0,0,medium::mp-1205417::reference,7.013867203146219
loose,medium,medium::mp-1205417::combined_noise_0.050A_0.003,mp-1205417,mp-1205417,C,combined_noise_0.050A_0.003,combined_perturbation,noise,1,20,1,2,0,0,medium::mp-1205417::reference,90.8250762745738
loose,medium,medium::mp-1205417::combined_noise_0.002A_0.010,mp-1205417,mp-1205417,C,combined_noise_0.002A_0.010,combined_perturbation,noise,1,20,1,0,0,0,medium::mp-1205417::reference,6.834265006706119
loose,medium,medium::mp-1205417::combined_noise_0.015A_0.010,mp-1205417,mp-1205417,C,combined_noise_0.015A_0.010,combined_perturbation,noise,1,20,1,0,0,0,medium::mp-1205417::reference,6.71516796387732
loose,medium,medium::mp-1205417::combined_noise_0.050A_0.010,mp-1205417,mp-1205417,C,combined_noise_0.050A_0.010,combined_perturbation,noise,1,20,1,2,0,0,medium::mp-1205417::reference,89.3931381944567
loose,medium,medium::mp-1205417::combined_noise_0.002A_0.030,mp-1205417,mp-1205417,C,combined_noise_0.002A_0.030,combined_perturbation,noise,1,20,1,0,0,0,medium::mp-1205417::reference,8.165870118886232
loose,medium,medium::mp-1205417::combined_noise_0.015A_0.030,mp-1205417,mp-1205417,C,combined_noise_0.015A_0.030,combined_perturbation,noise,1,20,1,0,0,0,medium::mp-1205417::reference,6.229271683841944
loose,medium,medium::mp-1205417::combined_noise_0.050A_0.030,mp-1205417,mp-1205417,C,combined_noise_0.050A_0.030,combined_perturbation,noise,1,20,1,2,0,0,medium::mp-1205417::reference,84.26547636277974
loose,medium,medium::mp-10064::conventional_standard,mp-10064,mp-10064,SiO2,conventional_standard,equivalent_transform,no_noise,1,20,3,0,2,0,medium::mp-10064::reference|medium::mp-1021503::reference|medium::mp-10948::reference,10.440197583287954
loose,medium,medium::mp-10064::niggli_reduced,mp-10064,mp-10064,SiO2,niggli_reduced,equivalent_transform,no_noise,1,20,3,0,2,0,medium::mp-10064::reference|medium::mp-1021503::reference|medium::mp-10948::reference,10.668980859220028
loose,medium,medium::mp-10064::origin_shifted,mp-10064,mp-10064,SiO2,origin_shifted,equivalent_transform,no_noise,1,20,3,0,2,0,medium::mp-10064::reference|medium::mp-1021503::reference|medium::mp-10948::reference,10.653873259201646
loose,medium,medium::mp-10064::permuted_sites,mp-10064,mp-10064,SiO2,permuted_sites,equivalent_transform,no_noise,1,20,3,0,2,0,medium::mp-10064::reference|medium::mp-1021503::reference|medium::mp-10948::reference,10.92817210778594
loose,medium,medium::mp-10064::combined_noise_0.002A_0.003,mp-10064,mp-10064,SiO2,combined_noise_0.002A_0.003,combined_perturbation,noise,1,20,3,0,2,0,medium::mp-10064::reference|medium::mp-1021503::reference|medium::mp-10948::reference,10.861229594796896
loose,medium,medium::mp-10064::combined_noise_0.015A_0.003,mp-10064,mp-10064,SiO2,combined_noise_0.015A_0.003,combined_perturbation,noise,1,20,1,0,0,0,medium::mp-10064::reference,0.48364105075597763
loose,medium,medium::mp-10064::combined_noise_0.050A_0.003,mp-10064,mp-10064,SiO2,combined_noise_0.050A_0.003,combined_perturbation,noise,1,20,1,0,0,0,medium::mp-10064::reference,0.48885356821119785
loose,medium,medium::mp-10064::combined_noise_0.002A_0.010,mp-10064,mp-10064,SiO2,combined_noise_0.002A_0.010,combined_perturbation,noise,1,20,3,0,2,0,medium::mp-10064::reference|medium::mp-1021503::reference|medium::mp-10948::reference,10.82586238719523
loose,medium,medium::mp-10064::combined_noise_0.015A_0.010,mp-10064,mp-10064,SiO2,combined_noise_0.015A_0.010,combined_perturbation,noise,1,20,1,0,0,0,medium::mp-10064::reference,0.48274553939700127
loose,medium,medium::mp-10064::combined_noise_0.050A_0.010,mp-10064,mp-10064,SiO2,combined_noise_0.050A_0.010,combined_perturbation,noise,1,20,1,0,0,0,medium::mp-10064::reference,0.5077710822224617
loose,medium,medium::mp-10064::combined_noise_0.002A_0.030,mp-10064,mp-10064,SiO2,combined_noise_0.002A_0.030,combined_perturbation,noise,1,20,3,0,2,0,medium::mp-10064::reference|medium::mp-1021503::reference|medium::mp-10948::reference,12.132163405418396
loose,medium,medium::mp-10064::combined_noise_0.015A_0.030,mp-10064,mp-10064,SiO2,combined_noise_0.015A_0.030,combined_perturbation,noise,1,20,1,0,0,0,medium::mp-10064::reference,0.48268483951687813
loose,medium,medium::mp-10064::combined_noise_0.050A_0.030,mp-10064,mp-10064,SiO2,combined_noise_0.050A_0.030,combined_perturbation,noise,1,20,1,0,0,0,medium::mp-10064::reference,0.4935835860669613
loose,medium,medium::mp-1021503::conventional_standard,mp-1021503,mp-1021503,SiO2,conventional_standard,equivalent_transform,no_noise,1,20,3,0,2,0,medium::mp-10064::reference|medium::mp-1021503::reference|medium::mp-10948::reference,3.386390095576644
loose,medium,medium::mp-1021503::niggli_reduced,mp-1021503,mp-1021503,SiO2,niggli_reduced,equivalent_transform,no_noise,1,20,3,0,2,0,medium::mp-10064::reference|medium::mp-1021503::reference|medium::mp-10948::reference,3.699345787987113
loose,medium,medium::mp-1021503::origin_shifted,mp-1021503,mp-1021503,SiO2,origin_shifted,equivalent_transform,no_noise,1,20,3,0,2,0,medium::mp-10064::reference|medium::mp-1021503::reference|medium::mp-10948::reference,3.589878248050809
loose,medium,medium::mp-1021503::permuted_sites,mp-1021503,mp-1021503,SiO2,permuted_sites,equivalent_transform,no_noise,1,20,3,0,2,0,medium::mp-10064::reference|medium::mp-1021503::reference|medium::mp-10948::reference,3.8950902707874775
loose,medium,medium::mp-1021503::combined_noise_0.002A_0.003,mp-1021503,mp-1021503,SiO2,combined_noise_0.002A_0.003,combined_perturbation,noise,1,20,3,0,2,0,medium::mp-10064::reference|medium::mp-1021503::reference|medium::mp-10948::reference,3.6779309157282114
loose,medium,medium::mp-1021503::combined_noise_0.015A_0.003,mp-1021503,mp-1021503,SiO2,combined_noise_0.015A_0.003,combined_perturbation,noise,1,20,3,0,2,0,medium::mp-10064::reference|medium::mp-1021503::reference|medium::mp-10948::reference,3.6350145898759365
loose,medium,medium::mp-1021503::combined_noise_0.050A_0.003,mp-1021503,mp-1021503,SiO2,combined_noise_0.050A_0.003,combined_perturbation,noise,1,20,3,0,2,0,medium::mp-10064::reference|medium::mp-1021503::reference|medium::mp-10948::reference,3.6955307442694902
loose,medium,medium::mp-1021503::combined_noise_0.002A_0.010,mp-1021503,mp-1021503,SiO2,combined_noise_0.002A_0.010,combined_perturbation,noise,1,20,3,0,2,0,medium::mp-10064::reference|medium::mp-1021503::reference|medium::mp-10948::reference,3.4495149478316307
loose,medium,medium::mp-1021503::combined_noise_0.015A_0.010,mp-1021503,mp-1021503,SiO2,combined_noise_0.015A_0.010,combined_perturbation,noise,1,20,3,0,2,0,medium::mp-10064::reference|medium::mp-1021503::reference|medium::mp-10948::reference,3.4525471683591604
loose,medium,medium::mp-1021503::combined_noise_0.050A_0.010,mp-1021503,mp-1021503,SiO2,combined_noise_0.050A_0.010,combined_perturbation,noise,1,20,3,0,2,0,medium::mp-10064::reference|medium::mp-1021503::reference|medium::mp-10948::reference,3.715325130149722
loose,medium,medium::mp-1021503::combined_noise_0.002A_0.030,mp-1021503,mp-1021503,SiO2,combined_noise_0.002A_0.030,combined_perturbation,noise,1,20,3,0,2,0,medium::mp-10064::reference|medium::mp-1021503::reference|medium::mp-10948::reference,3.505695005878806
loose,medium,medium::mp-1021503::combined_noise_0.015A_0.030,mp-1021503,mp-1021503,SiO2,combined_noise_0.015A_0.030,combined_perturbation,noise,1,20,3,0,2,0,medium::mp-10064::reference|medium::mp-1021503::reference|medium::mp-10948::reference,3.4148037526756525
loose,medium,medium::mp-1021503::combined_noise_0.050A_0.030,mp-1021503,mp-1021503,SiO2,combined_noise_0.050A_0.030,combined_perturbation,noise,1,20,3,0,2,0,medium::mp-10064::reference|medium::mp-1021503::reference|medium::mp-10948::reference,3.4834824316203594
loose,medium,medium::mp-1071820::conventional_standard,mp-1071820,mp-1071820,SiO2,conventional_standard,equivalent_transform,no_noise,1,20,2,0,1,0,medium::mp-1071820::reference|medium::mp-10948::reference,3.0048130992799997
loose,medium,medium::mp-1071820::niggli_reduced,mp-1071820,mp-1071820,SiO2,niggli_reduced,equivalent_transform,no_noise,1,20,2,0,1,0,medium::mp-1071820::reference|medium::mp-10948::reference,3.18165909871459
loose,medium,medium::mp-1071820::origin_shifted,mp-1071820,mp-1071820,SiO2,origin_shifted,equivalent_transform,no_noise,1,20,2,0,1,0,medium::mp-1071820::reference|medium::mp-10948::reference,3.1911921110004187
loose,medium,medium::mp-1071820::permuted_sites,mp-1071820,mp-1071820,SiO2,permuted_sites,equivalent_transform,no_noise,1,20,2,0,1,0,medium::mp-1071820::reference|medium::mp-10948::reference,3.5128820221871138
loose,medium,medium::mp-1071820::combined_noise_0.002A_0.003,mp-1071820,mp-1071820,SiO2,combined_noise_0.002A_0.003,combined_perturbation,noise,1,20,2,0,1,0,medium::mp-1071820::reference|medium::mp-10948::reference,3.1301749646663666
loose,medium,medium::mp-1071820::combined_noise_0.015A_0.003,mp-1071820,mp-1071820,SiO2,combined_noise_0.015A_0.003,combined_perturbation,noise,1,20,2,0,1,0,medium::mp-1071820::reference|medium::mp-10948::reference,3.193975793197751
loose,medium,medium::mp-1071820::combined_noise_0.050A_0.003,mp-1071820,mp-1071820,SiO2,combined_noise_0.050A_0.003,combined_perturbation,noise,1,20,2,0,1,0,medium::mp-1071820::reference|medium::mp-10948::reference,3.1600224394351244
loose,medium,medium::mp-1071820::combined_noise_0.002A_0.010,mp-1071820,mp-1071820,SiO2,combined_noise_0.002A_0.010,combined_perturbation,noise,1,20,2,0,1,0,medium::mp-1071820::reference|medium::mp-10948::reference,3.316658301278949
loose,medium,medium::mp-1071820::combined_noise_0.015A_0.010,mp-1071820,mp-1071820,SiO2,combined_noise_0.015A_0.010,combined_perturbation,noise,1,20,2,0,1,0,medium::mp-1071820::reference|medium::mp-10948::reference,3.2457228638231754
loose,medium,medium::mp-1071820::combined_noise_0.050A_0.010,mp-1071820,mp-1071820,SiO2,combined_noise_0.050A_0.010,combined_perturbation,noise,1,20,2,0,1,0,medium::mp-1071820::reference|medium::mp-10948::reference,3.3562580347061157
loose,medium,medium::mp-1071820::combined_noise_0.002A_0.030,mp-1071820,mp-1071820,SiO2,combined_noise_0.002A_0.030,combined_perturbation,noise,1,20,2,0,1,0,medium::mp-1071820::reference|medium::mp-10948::reference,2.935595367103815
loose,medium,medium::mp-1071820::combined_noise_0.015A_0.030,mp-1071820,mp-1071820,SiO2,combined_noise_0.015A_0.030,combined_perturbation,noise,1,20,2,0,1,0,medium::mp-1071820::reference|medium::mp-10948::reference,3.0807280633598566
loose,medium,medium::mp-1071820::combined_noise_0.050A_0.030,mp-1071820,mp-1071820,SiO2,combined_noise_0.050A_0.030,combined_perturbation,noise,1,20,1,0,0,0,medium::mp-1071820::reference,3.080848354846239
loose,medium,medium::mp-10851::conventional_standard,mp-10851,mp-10851,SiO2,conventional_standard,equivalent_transform,no_noise,1,20,1,0,0,0,medium::mp-10851::reference,0.9711865186691284
loose,medium,medium::mp-10851::niggli_reduced,mp-10851,mp-10851,SiO2,niggli_reduced,equivalent_transform,no_noise,1,20,1,0,0,0,medium::mp-10851::reference,1.1313919182866812
loose,medium,medium::mp-10851::origin_shifted,mp-10851,mp-10851,SiO2,origin_shifted,equivalent_transform,no_noise,1,20,1,0,0,0,medium::mp-10851::reference,1.1427323687821627
loose,medium,medium::mp-10851::permuted_sites,mp-10851,mp-10851,SiO2,permuted_sites,equivalent_transform,no_noise,1,20,1,0,0,0,medium::mp-10851::reference,1.6992315612733364
loose,medium,medium::mp-10851::combined_noise_0.002A_0.003,mp-10851,mp-10851,SiO2,combined_noise_0.002A_0.003,combined_perturbation,noise,1,20,1,0,0,0,medium::mp-10851::reference,1.1273374985903502
loose,medium,medium::mp-10851::combined_noise_0.015A_0.003,mp-10851,mp-10851,SiO2,combined_noise_0.015A_0.003,combined_perturbation,noise,1,20,1,0,0,0,medium::mp-10851::reference,0.4992833584547043
loose,medium,medium::mp-10851::combined_noise_0.050A_0.003,mp-10851,mp-10851,SiO2,combined_noise_0.050A_0.003,combined_perturbation,noise,1,20,1,0,0,0,medium::mp-10851::reference,0.5045791398733854
loose,medium,medium::mp-10851::combined_noise_0.002A_0.010,mp-10851,mp-10851,SiO2,combined_noise_0.002A_0.010,combined_perturbation,noise,1,20,1,0,0,0,medium::mp-10851::reference,1.1301967836916447
loose,medium,medium::mp-10851::combined_noise_0.015A_0.010,mp-10851,mp-10851,SiO2,combined_noise_0.015A_0.010,combined_perturbation,noise,1,20,1,0,0,0,medium::mp-10851::reference,0.5290307607501745
loose,medium,medium::mp-10851::combined_noise_0.050A_0.010,mp-10851,mp-10851,SiO2,combined_noise_0.050A_0.010,combined_perturbation,noise,1,20,1,0,0,0,medium::mp-10851::reference,0.5008829403668642
loose,medium,medium::mp-10851::combined_noise_0.002A_0.030,mp-10851,mp-10851,SiO2,combined_noise_0.002A_0.030,combined_perturbation,noise,1,20,1,0,0,0,medium::mp-10851::reference,1.2325308918952942
loose,medium,medium::mp-10851::combined_noise_0.015A_0.030,mp-10851,mp-10851,SiO2,combined_noise_0.015A_0.030,combined_perturbation,noise,1,20,1,0,0,0,medium::mp-10851::reference,0.5318570081144571
loose,medium,medium::mp-10851::combined_noise_0.050A_0.030,mp-10851,mp-10851,SiO2,combined_noise_0.050A_0.030,combined_perturbation,noise,1,20,1,0,0,0,medium::mp-10851::reference,0.527150072157383
loose,medium,medium::mp-10948::conventional_standard,mp-10948,mp-10948,SiO2,conventional_standard,equivalent_transform,no_noise,1,20,4,0,3,0,medium::mp-10064::reference|medium::mp-1021503::reference|medium::mp-1071820::reference|medium::mp-10948::reference,1.2732904460281134
loose,medium,medium::mp-10948::niggli_reduced,mp-10948,mp-10948,SiO2,niggli_reduced,equivalent_transform,no_noise,1,20,4,0,3,0,medium::mp-10064::reference|medium::mp-1021503::reference|medium::mp-1071820::reference|medium::mp-10948::reference,1.453387288376689
loose,medium,medium::mp-10948::origin_shifted,mp-10948,mp-10948,SiO2,origin_shifted,equivalent_transform,no_noise,1,20,4,0,3,0,medium::mp-10064::reference|medium::mp-1021503::reference|medium::mp-1071820::reference|medium::mp-10948::reference,1.4700292944908142
loose,medium,medium::mp-10948::permuted_sites,mp-10948,mp-10948,SiO2,permuted_sites,equivalent_transform,no_noise,1,20,4,0,3,0,medium::mp-10064::reference|medium::mp-1021503::reference|medium::mp-1071820::reference|medium::mp-10948::reference,2.099795797839761
loose,medium,medium::mp-10948::combined_noise_0.002A_0.003,mp-10948,mp-10948,SiO2,combined_noise_0.002A_0.003,combined_perturbation,noise,1,20,4,0,3,0,medium::mp-10064::reference|medium::mp-1021503::reference|medium::mp-1071820::reference|medium::mp-10948::reference,1.4648029711097479
loose,medium,medium::mp-10948::combined_noise_0.015A_0.003,mp-10948,mp-10948,SiO2,combined_noise_0.015A_0.003,combined_perturbation,noise,1,20,4,0,3,0,medium::mp-10064::reference|medium::mp-1021503::reference|medium::mp-1071820::reference|medium::mp-10948::reference,1.4514175429940224
loose,medium,medium::mp-10948::combined_noise_0.050A_0.003,mp-10948,mp-10948,SiO2,combined_noise_0.050A_0.003,combined_perturbation,noise,1,20,4,0,3,0,medium::mp-10064::reference|medium::mp-1021503::reference|medium::mp-1071820::reference|medium::mp-10948::reference,1.4387902282178402
loose,medium,medium::mp-10948::combined_noise_0.002A_0.010,mp-10948,mp-10948,SiO2,combined_noise_0.002A_0.010,combined_perturbation,noise,1,20,4,0,3,0,medium::mp-10064::reference|medium::mp-1021503::reference|medium::mp-1071820::reference|medium::mp-10948::reference,1.462258592247963
loose,medium,medium::mp-10948::combined_noise_0.015A_0.010,mp-10948,mp-10948,SiO2,combined_noise_0.015A_0.010,combined_perturbation,noise,1,20,4,0,3,0,medium::mp-10064::reference|medium::mp-1021503::reference|medium::mp-1071820::reference|medium::mp-10948::reference,1.422370534390211
loose,medium,medium::mp-10948::combined_noise_0.050A_0.010,mp-10948,mp-10948,SiO2,combined_noise_0.050A_0.010,combined_perturbation,noise,1,20,4,0,3,0,medium::mp-10064::reference|medium::mp-1021503::reference|medium::mp-1071820::reference|medium::mp-10948::reference,1.4795005396008492
loose,medium,medium::mp-10948::combined_noise_0.002A_0.030,mp-10948,mp-10948,SiO2,combined_noise_0.002A_0.030,combined_perturbation,noise,1,20,4,0,3,0,medium::mp-10064::reference|medium::mp-1021503::reference|medium::mp-1071820::reference|medium::mp-10948::reference,1.6492127757519484
loose,medium,medium::mp-10948::combined_noise_0.015A_0.030,mp-10948,mp-10948,SiO2,combined_noise_0.015A_0.030,combined_perturbation,noise,1,20,3,0,2,0,medium::mp-10064::reference|medium::mp-1021503::reference|medium::mp-10948::reference,1.4623719844967127
loose,medium,medium::mp-10948::combined_noise_0.050A_0.030,mp-10948,mp-10948,SiO2,combined_noise_0.050A_0.030,combined_perturbation,noise,1,20,4,0,3,0,medium::mp-10064::reference|medium::mp-1021503::reference|medium::mp-1071820::reference|medium::mp-10948::reference,1.7028806917369366
loose,medium,medium::mp-11684::conventional_standard,mp-11684,mp-11684,SiO2,conventional_standard,equivalent_transform,no_noise,1,20,2,0,1,0,medium::mp-11684::reference|medium::mp-1201738::reference,1.4537634868174791
loose,medium,medium::mp-11684::niggli_reduced,mp-11684,mp-11684,SiO2,niggli_reduced,equivalent_transform,no_noise,1,20,2,0,1,0,medium::mp-11684::reference|medium::mp-1201738::reference,1.3330284487456083
loose,medium,medium::mp-11684::origin_shifted,mp-11684,mp-11684,SiO2,origin_shifted,equivalent_transform,no_noise,1,20,2,0,1,0,medium::mp-11684::reference|medium::mp-1201738::reference,1.4945121333003044
loose,medium,medium::mp-11684::permuted_sites,mp-11684,mp-11684,SiO2,permuted_sites,equivalent_transform,no_noise,1,20,2,0,1,0,medium::mp-11684::reference|medium::mp-1201738::reference,1.8224509786814451
loose,medium,medium::mp-11684::combined_noise_0.002A_0.003,mp-11684,mp-11684,SiO2,combined_noise_0.002A_0.003,combined_perturbation,noise,1,20,2,0,1,0,medium::mp-11684::reference|medium::mp-1201738::reference,1.5881947875022888
loose,medium,medium::mp-11684::combined_noise_0.015A_0.003,mp-11684,mp-11684,SiO2,combined_noise_0.015A_0.003,combined_perturbation,noise,1,20,2,0,1,0,medium::mp-11684::reference|medium::mp-1201738::reference,1.5141660459339619
loose,medium,medium::mp-11684::combined_noise_0.050A_0.003,mp-11684,mp-11684,SiO2,combined_noise_0.050A_0.003,combined_perturbation,noise,1,20,1,0,0,0,medium::mp-11684::reference,3.533708533272147
loose,medium,medium::mp-11684::combined_noise_0.002A_0.010,mp-11684,mp-11684,SiO2,combined_noise_0.002A_0.010,combined_perturbation,noise,1,20,2,0,1,0,medium::mp-11684::reference|medium::mp-1201738::reference,1.4891890231519938
loose,medium,medium::mp-11684::combined_noise_0.015A_0.010,mp-11684,mp-11684,SiO2,combined_noise_0.015A_0.010,combined_perturbation,noise,1,20,2,0,1,0,medium::mp-11684::reference|medium::mp-1201738::reference,1.4640497546643019
loose,medium,medium::mp-11684::combined_noise_0.050A_0.010,mp-11684,mp-11684,SiO2,combined_noise_0.050A_0.010,combined_perturbation,noise,1,20,1,0,0,0,medium::mp-11684::reference,3.5976333897560835
loose,medium,medium::mp-11684::combined_noise_0.002A_0.030,mp-11684,mp-11684,SiO2,combined_noise_0.002A_0.030,combined_perturbation,noise,1,20,2,0,1,0,medium::mp-11684::reference|medium::mp-1201738::reference,1.7332824133336544
loose,medium,medium::mp-11684::combined_noise_0.015A_0.030,mp-11684,mp-11684,SiO2,combined_noise_0.015A_0.030,combined_perturbation,noise,1,20,2,0,1,0,medium::mp-11684::reference|medium::mp-1201738::reference,1.5958519484847784
loose,medium,medium::mp-11684::combined_noise_0.050A_0.030,mp-11684,mp-11684,SiO2,combined_noise_0.050A_0.030,combined_perturbation,noise,1,20,2,0,1,0,medium::mp-11684::reference|medium::mp-1201738::reference,1.634166544303298
loose,medium,medium::mp-1179447::conventional_standard,mp-1179447,mp-1179447,SiO2,conventional_standard,equivalent_transform,no_noise,1,20,1,0,0,0,medium::mp-1179447::reference,1.0686801075935364
loose,medium,medium::mp-1179447::niggli_reduced,mp-1179447,mp-1179447,SiO2,niggli_reduced,equivalent_transform,no_noise,1,20,1,0,0,0,medium::mp-1179447::reference,1.0676491651684046
loose,medium,medium::mp-1179447::origin_shifted,mp-1179447,mp-1179447,SiO2,origin_shifted,equivalent_transform,no_noise,1,20,1,0,0,0,medium::mp-1179447::reference,1.0799272563308477
loose,medium,medium::mp-1179447::permuted_sites,mp-1179447,mp-1179447,SiO2,permuted_sites,equivalent_transform,no_noise,1,20,1,0,0,0,medium::mp-1179447::reference,1.3971820157021284
loose,medium,medium::mp-1179447::combined_noise_0.002A_0.003,mp-1179447,mp-1179447,SiO2,combined_noise_0.002A_0.003,combined_perturbation,noise,1,20,1,0,0,0,medium::mp-1179447::reference,1.0679846107959747
loose,medium,medium::mp-1179447::combined_noise_0.015A_0.003,mp-1179447,mp-1179447,SiO2,combined_noise_0.015A_0.003,combined_perturbation,noise,1,20,1,0,0,0,medium::mp-1179447::reference,1.0702845621854067
loose,medium,medium::mp-1179447::combined_noise_0.050A_0.003,mp-1179447,mp-1179447,SiO2,combined_noise_0.050A_0.003,combined_perturbation,noise,1,20,1,0,0,0,medium::mp-1179447::reference,1.0745964236557484
loose,medium,medium::mp-1179447::combined_noise_0.002A_0.010,mp-1179447,mp-1179447,SiO2,combined_noise_0.002A_0.010,combined_perturbation,noise,1,20,1,0,0,0,medium::mp-1179447::reference,1.0688935555517673
loose,medium,medium::mp-1179447::combined_noise_0.015A_0.010,mp-1179447,mp-1179447,SiO2,combined_noise_0.015A_0.010,combined_perturbation,noise,1,20,1,0,0,0,medium::mp-1179447::reference,1.06976611725986
loose,medium,medium::mp-1179447::combined_noise_0.050A_0.010,mp-1179447,mp-1179447,SiO2,combined_noise_0.050A_0.010,combined_perturbation,noise,1,20,1,0,0,0,medium::mp-1179447::reference,1.1011920236051083
loose,medium,medium::mp-1179447::combined_noise_0.002A_0.030,mp-1179447,mp-1179447,SiO2,combined_noise_0.002A_0.030,combined_perturbation,noise,1,20,1,0,0,0,medium::mp-1179447::reference,1.057499434798956
loose,medium,medium::mp-1179447::combined_noise_0.015A_0.030,mp-1179447,mp-1179447,SiO2,combined_noise_0.015A_0.030,combined_perturbation,noise,1,20,1,0,0,0,medium::mp-1179447::reference,0.8837352208793163
loose,medium,medium::mp-1179447::combined_noise_0.050A_0.030,mp-1179447,mp-1179447,SiO2,combined_noise_0.050A_0.030,combined_perturbation,noise,1,20,1,0,0,0,medium::mp-1179447::reference,0.7654992640018463
loose,medium,medium::mp-1179454::conventional_standard,mp-1179454,mp-1179454,SiO2,conventional_standard,equivalent_transform,no_noise,1,20,1,0,0,0,medium::mp-1179454::reference,1.026477450504899
loose,medium,medium::mp-1179454::niggli_reduced,mp-1179454,mp-1179454,SiO2,niggli_reduced,equivalent_transform,no_noise,1,20,1,0,0,0,medium::mp-1179454::reference,1.1736362650990486
loose,medium,medium::mp-1179454::origin_shifted,mp-1179454,mp-1179454,SiO2,origin_shifted,equivalent_transform,no_noise,1,20,1,0,0,0,medium::mp-1179454::reference,1.182623479515314
loose,medium,medium::mp-1179454::permuted_sites,mp-1179454,mp-1179454,SiO2,permuted_sites,equivalent_transform,no_noise,1,20,1,0,0,0,medium::mp-1179454::reference,1.505037670955062
loose,medium,medium::mp-1179454::combined_noise_0.002A_0.003,mp-1179454,mp-1179454,SiO2,combined_noise_0.002A_0.003,combined_perturbation,noise,1,20,1,0,0,0,medium::mp-1179454::reference,1.1724465508013964
loose,medium,medium::mp-1179454::combined_noise_0.015A_0.003,mp-1179454,mp-1179454,SiO2,combined_noise_0.015A_0.003,combined_perturbation,noise,1,20,1,0,0,0,medium::mp-1179454::reference,1.1727604195475578
loose,medium,medium::mp-1179454::combined_noise_0.050A_0.003,mp-1179454,mp-1179454,SiO2,combined_noise_0.050A_0.003,combined_perturbation,noise,1,20,1,0,0,0,medium::mp-1179454::reference,1.2189336773008108
loose,medium,medium::mp-1179454::combined_noise_0.002A_0.010,mp-1179454,mp-1179454,SiO2,combined_noise_0.002A_0.010,combined_perturbation,noise,1,20,1,0,0,0,medium::mp-1179454::reference,1.2810073979198933
loose,medium,medium::mp-1179454::combined_noise_0.015A_0.010,mp-1179454,mp-1179454,SiO2,combined_noise_0.015A_0.010,combined_perturbation,noise,1,20,1,0,0,0,medium::mp-1179454::reference,1.318001726642251
loose,medium,medium::mp-1179454::combined_noise_0.050A_0.010,mp-1179454,mp-1179454,SiO2,combined_noise_0.050A_0.010,combined_perturbation,noise,1,20,1,0,0,0,medium::mp-1179454::reference,1.391701590269804
loose,medium,medium::mp-1179454::combined_noise_0.002A_0.030,mp-1179454,mp-1179454,SiO2,combined_noise_0.002A_0.030,combined_perturbation,noise,1,20,1,0,0,0,medium::mp-1179454::reference,1.297763293609023
loose,medium,medium::mp-1179454::combined_noise_0.015A_0.030,mp-1179454,mp-1179454,SiO2,combined_noise_0.015A_0.030,combined_perturbation,noise,1,20,1,0,0,0,medium::mp-1179454::reference,1.3623839728534222
loose,medium,medium::mp-1179454::combined_noise_0.050A_0.030,mp-1179454,mp-1179454,SiO2,combined_noise_0.050A_0.030,combined_perturbation,noise,1,20,1,0,0,0,medium::mp-1179454::reference,1.1369010228663683
loose,medium,medium::mp-1179488::conventional_standard,mp-1179488,mp-1179488,SiO2,conventional_standard,equivalent_transform,no_noise,1,20,1,0,0,0,medium::mp-1179488::reference,19.769321070984006
loose,medium,medium::mp-1179488::niggli_reduced,mp-1179488,mp-1179488,SiO2,niggli_reduced,equivalent_transform,no_noise,1,20,1,0,0,0,medium::mp-1179488::reference,18.053061237558722
loose,medium,medium::mp-1179488::origin_shifted,mp-1179488,mp-1179488,SiO2,origin_shifted,equivalent_transform,no_noise,1,20,1,0,0,0,medium::mp-1179488::reference,18.00153757072985
loose,medium,medium::mp-1179488::permuted_sites,mp-1179488,mp-1179488,SiO2,permuted_sites,equivalent_transform,no_noise,1,20,1,0,0,0,medium::mp-1179488::reference,18.876152005046606
loose,medium,medium::mp-1179488::combined_noise_0.002A_0.003,mp-1179488,mp-1179488,SiO2,combined_noise_0.002A_0.003,combined_perturbation,noise,1,20,1,0,0,0,medium::mp-1179488::reference,18.03870639577508
loose,medium,medium::mp-1179488::combined_noise_0.015A_0.003,mp-1179488,mp-1179488,SiO2,combined_noise_0.015A_0.003,combined_perturbation,noise,1,20,1,0,0,0,medium::mp-1179488::reference,17.641920307651162
loose,medium,medium::mp-1179488::combined_noise_0.050A_0.003,mp-1179488,mp-1179488,SiO2,combined_noise_0.050A_0.003,combined_perturbation,noise,1,20,1,0,0,0,medium::mp-1179488::reference,19.172834990546107
loose,medium,medium::mp-1179488::combined_noise_0.002A_0.010,mp-1179488,mp-1179488,SiO2,combined_noise_0.002A_0.010,combined_perturbation,noise,1,20,1,0,0,0,medium::mp-1179488::reference,20.01688789203763
loose,medium,medium::mp-1179488::combined_noise_0.015A_0.010,mp-1179488,mp-1179488,SiO2,combined_noise_0.015A_0.010,combined_perturbation,noise,1,20,1,0,0,0,medium::mp-1179488::reference,18.525697508826852
loose,medium,medium::mp-1179488::combined_noise_0.050A_0.010,mp-1179488,mp-1179488,SiO2,combined_noise_0.050A_0.010,combined_perturbation,noise,1,20,1,0,0,0,medium::mp-1179488::reference,19.76917101815343
loose,medium,medium::mp-1179488::combined_noise_0.002A_0.030,mp-1179488,mp-1179488,SiO2,combined_noise_0.002A_0.030,combined_perturbation,noise,1,20,1,0,0,0,medium::mp-1179488::reference,17.448874631896615
loose,medium,medium::mp-1179488::combined_noise_0.015A_0.030,mp-1179488,mp-1179488,SiO2,combined_noise_0.015A_0.030,combined_perturbation,noise,1,20,1,0,0,0,medium::mp-1179488::reference,19.472251703962684
loose,medium,medium::mp-1179488::combined_noise_0.050A_0.030,mp-1179488,mp-1179488,SiO2,combined_noise_0.050A_0.030,combined_perturbation,noise,1,20,1,0,0,0,medium::mp-1179488::reference,13.135935602709651
loose,medium,medium::mp-1179529::conventional_standard,mp-1179529,mp-1179529,SiO2,conventional_standard,equivalent_transform,no_noise,1,20,1,0,0,0,medium::mp-1179529::reference,1.3841722402721643
loose,medium,medium::mp-1179529::niggli_reduced,mp-1179529,mp-1179529,SiO2,niggli_reduced,equivalent_transform,no_noise,1,20,1,0,0,0,medium::mp-1179529::reference,1.6707884706556797
loose,medium,medium::mp-1179529::origin_shifted,mp-1179529,mp-1179529,SiO2,origin_shifted,equivalent_transform,no_noise,1,20,1,0,0,0,medium::mp-1179529::reference,1.6817680783569813
loose,medium,medium::mp-1179529::permuted_sites,mp-1179529,mp-1179529,SiO2,permuted_sites,equivalent_transform,no_noise,1,20,1,0,0,0,medium::mp-1179529::reference,2.3950458336621523
loose,medium,medium::mp-1179529::combined_noise_0.002A_0.003,mp-1179529,mp-1179529,SiO2,combined_noise_0.002A_0.003,combined_perturbation,noise,1,20,1,0,0,0,medium::mp-1179529::reference,1.6852097678929567
loose,medium,medium::mp-1179529::combined_noise_0.015A_0.003,mp-1179529,mp-1179529,SiO2,combined_noise_0.015A_0.003,combined_perturbation,noise,1,20,1,0,0,0,medium::mp-1179529::reference,1.6688521839678288
loose,medium,medium::mp-1179529::combined_noise_0.050A_0.003,mp-1179529,mp-1179529,SiO2,combined_noise_0.050A_0.003,combined_perturbation,noise,1,20,1,0,0,0,medium::mp-1179529::reference,1.6886306498199701
loose,medium,medium::mp-1179529::combined_noise_0.002A_0.010,mp-1179529,mp-1179529,SiO2,combined_noise_0.002A_0.010,combined_perturbation,noise,1,20,1,0,0,0,medium::mp-1179529::reference,1.6878168284893036
loose,medium,medium::mp-1179529::combined_noise_0.015A_0.010,mp-1179529,mp-1179529,SiO2,combined_noise_0.015A_0.010,combined_perturbation,noise,1,20,1,0,0,0,medium::mp-1179529::reference,1.6568948347121477
loose,medium,medium::mp-1179529::combined_noise_0.050A_0.010,mp-1179529,mp-1179529,SiO2,combined_noise_0.050A_0.010,combined_perturbation,noise,1,20,1,0,0,0,medium::mp-1179529::reference,1.6749945748597383
loose,medium,medium::mp-1179529::combined_noise_0.002A_0.030,mp-1179529,mp-1179529,SiO2,combined_noise_0.002A_0.030,combined_perturbation,noise,1,20,1,0,0,0,medium::mp-1179529::reference,1.6195035092532635
loose,medium,medium::mp-1179529::combined_noise_0.015A_0.030,mp-1179529,mp-1179529,SiO2,combined_noise_0.015A_0.030,combined_perturbation,noise,1,20,1,0,0,0,medium::mp-1179529::reference,1.7196931727230549
loose,medium,medium::mp-1179529::combined_noise_0.050A_0.030,mp-1179529,mp-1179529,SiO2,combined_noise_0.050A_0.030,combined_perturbation,noise,1,20,1,0,0,0,medium::mp-1179529::reference,1.7119618095457554
loose,medium,medium::mp-1188220::conventional_standard,mp-1188220,mp-1188220,SiO2,conventional_standard,equivalent_transform,no_noise,1,20,1,0,0,0,medium::mp-1188220::reference,0.7504640612751245
loose,medium,medium::mp-1188220::niggli_reduced,mp-1188220,mp-1188220,SiO2,niggli_reduced,equivalent_transform,no_noise,1,20,1,0,0,0,medium::mp-1188220::reference,0.8735851626843214
loose,medium,medium::mp-1188220::origin_shifted,mp-1188220,mp-1188220,SiO2,origin_shifted,equivalent_transform,no_noise,1,20,1,0,0,0,medium::mp-1188220::reference,0.8774834368377924
loose,medium,medium::mp-1188220::permuted_sites,mp-1188220,mp-1188220,SiO2,permuted_sites,equivalent_transform,no_noise,1,20,1,0,0,0,medium::mp-1188220::reference,1.2866504658013582
loose,medium,medium::mp-1188220::combined_noise_0.002A_0.003,mp-1188220,mp-1188220,SiO2,combined_noise_0.002A_0.003,combined_perturbation,noise,1,20,1,0,0,0,medium::mp-1188220::reference,0.8676392138004303
loose,medium,medium::mp-1188220::combined_noise_0.015A_0.003,mp-1188220,mp-1188220,SiO2,combined_noise_0.015A_0.003,combined_perturbation,noise,1,20,1,0,0,0,medium::mp-1188220::reference,0.9166083764284849
loose,medium,medium::mp-1188220::combined_noise_0.050A_0.003,mp-1188220,mp-1188220,SiO2,combined_noise_0.050A_0.003,combined_perturbation,noise,1,20,1,0,0,0,medium::mp-1188220::reference,2.8081121556460857
loose,medium,medium::mp-1188220::combined_noise_0.002A_0.010,mp-1188220,mp-1188220,SiO2,combined_noise_0.002A_0.010,combined_perturbation,noise,1,20,1,0,0,0,medium::mp-1188220::reference,0.9162012953311205
loose,medium,medium::mp-1188220::combined_noise_0.015A_0.010,mp-1188220,mp-1188220,SiO2,combined_noise_0.015A_0.010,combined_perturbation,noise,1,20,1,0,0,0,medium::mp-1188220::reference,0.8701769318431616
loose,medium,medium::mp-1188220::combined_noise_0.050A_0.010,mp-1188220,mp-1188220,SiO2,combined_noise_0.050A_0.010,combined_perturbation,noise,1,20,1,0,0,0,medium::mp-1188220::reference,2.2460508830845356
loose,medium,medium::mp-1188220::combined_noise_0.002A_0.030,mp-1188220,mp-1188220,SiO2,combined_noise_0.002A_0.030,combined_perturbation,noise,1,20,1,0,0,0,medium::mp-1188220::reference,0.9452091623097658
loose,medium,medium::mp-1188220::combined_noise_0.015A_0.030,mp-1188220,mp-1188220,SiO2,combined_noise_0.015A_0.030,combined_perturbation,noise,1,20,1,0,0,0,medium::mp-1188220::reference,0.9189195837825537
loose,medium,medium::mp-1188220::combined_noise_0.050A_0.030,mp-1188220,mp-1188220,SiO2,combined_noise_0.050A_0.030,combined_perturbation,noise,1,20,1,0,0,0,medium::mp-1188220::reference,3.668102443218231
loose,medium,medium::mp-1200685::conventional_standard,mp-1200685,mp-1200685,SiO2,conventional_standard,equivalent_transform,no_noise,1,20,1,0,0,0,medium::mp-1200685::reference,2.651498842984438
loose,medium,medium::mp-1200685::niggli_reduced,mp-1200685,mp-1200685,SiO2,niggli_reduced,equivalent_transform,no_noise,1,20,1,0,0,0,medium::mp-1200685::reference,2.4774239398539066
loose,medium,medium::mp-1200685::origin_shifted,mp-1200685,mp-1200685,SiO2,origin_shifted,equivalent_transform,no_noise,1,20,1,0,0,0,medium::mp-1200685::reference,2.1862517669796944
loose,medium,medium::mp-1200685::permuted_sites,mp-1200685,mp-1200685,SiO2,permuted_sites,equivalent_transform,no_noise,1,20,1,0,0,0,medium::mp-1200685::reference,2.804584724828601
loose,medium,medium::mp-1200685::combined_noise_0.002A_0.003,mp-1200685,mp-1200685,SiO2,combined_noise_0.002A_0.003,combined_perturbation,noise,1,20,1,0,0,0,medium::mp-1200685::reference,2.138824086636305
loose,medium,medium::mp-1200685::combined_noise_0.015A_0.003,mp-1200685,mp-1200685,SiO2,combined_noise_0.015A_0.003,combined_perturbation,noise,1,20,1,0,0,0,medium::mp-1200685::reference,2.143470199778676
loose,medium,medium::mp-1200685::combined_noise_0.050A_0.003,mp-1200685,mp-1200685,SiO2,combined_noise_0.050A_0.003,combined_perturbation,noise,1,20,1,0,0,0,medium::mp-1200685::reference,2.129693042486906
loose,medium,medium::mp-1200685::combined_noise_0.002A_0.010,mp-1200685,mp-1200685,SiO2,combined_noise_0.002A_0.010,combined_perturbation,noise,1,20,1,0,0,0,medium::mp-1200685::reference,2.1575876977294683
loose,medium,medium::mp-1200685::combined_noise_0.015A_0.010,mp-1200685,mp-1200685,SiO2,combined_noise_0.015A_0.010,combined_perturbation,noise,1,20,1,0,0,0,medium::mp-1200685::reference,2.149557363241911
loose,medium,medium::mp-1200685::combined_noise_0.050A_0.010,mp-1200685,mp-1200685,SiO2,combined_noise_0.050A_0.010,combined_perturbation,noise,1,20,1,0,0,0,medium::mp-1200685::reference,2.109947230666876
loose,medium,medium::mp-1200685::combined_noise_0.002A_0.030,mp-1200685,mp-1200685,SiO2,combined_noise_0.002A_0.030,combined_perturbation,noise,1,20,1,0,0,0,medium::mp-1200685::reference,2.288568077608943
loose,medium,medium::mp-1200685::combined_noise_0.015A_0.030,mp-1200685,mp-1200685,SiO2,combined_noise_0.015A_0.030,combined_perturbation,noise,1,20,1,0,0,0,medium::mp-1200685::reference,2.787082953378558
loose,medium,medium::mp-1200685::combined_noise_0.050A_0.030,mp-1200685,mp-1200685,SiO2,combined_noise_0.050A_0.030,combined_perturbation,noise,1,20,1,0,0,0,medium::mp-1200685::reference,2.2008328046649694
loose,medium,medium::mp-1201738::conventional_standard,mp-1201738,mp-1201738,SiO2,conventional_standard,equivalent_transform,no_noise,1,20,2,1,1,0,medium::mp-11684::reference|medium::mp-1201738::reference,50.42698295600712
loose,medium,medium::mp-1201738::niggli_reduced,mp-1201738,mp-1201738,SiO2,niggli_reduced,equivalent_transform,no_noise,1,20,2,1,1,0,medium::mp-11684::reference|medium::mp-1201738::reference,50.0622875187546
loose,medium,medium::mp-1201738::origin_shifted,mp-1201738,mp-1201738,SiO2,origin_shifted,equivalent_transform,no_noise,1,20,2,1,1,0,medium::mp-11684::reference|medium::mp-1201738::reference,50.00034282915294
loose,medium,medium::mp-1201738::permuted_sites,mp-1201738,mp-1201738,SiO2,permuted_sites,equivalent_transform,no_noise,1,20,2,1,1,0,medium::mp-11684::reference|medium::mp-1201738::reference,51.491913640871644
loose,medium,medium::mp-1201738::combined_noise_0.002A_0.003,mp-1201738,mp-1201738,SiO2,combined_noise_0.002A_0.003,combined_perturbation,noise,1,20,2,1,1,0,medium::mp-11684::reference|medium::mp-1201738::reference,50.046363204717636
loose,medium,medium::mp-1201738::combined_noise_0.015A_0.003,mp-1201738,mp-1201738,SiO2,combined_noise_0.015A_0.003,combined_perturbation,noise,1,20,2,1,1,0,medium::mp-11684::reference|medium::mp-1201738::reference,50.671706426888704
loose,medium,medium::mp-1201738::combined_noise_0.050A_0.003,mp-1201738,mp-1201738,SiO2,combined_noise_0.050A_0.003,combined_perturbation,noise,1,20,2,1,1,0,medium::mp-11684::reference|medium::mp-1201738::reference,50.685638051480055
loose,medium,medium::mp-1201738::combined_noise_0.002A_0.010,mp-1201738,mp-1201738,SiO2,combined_noise_0.002A_0.010,combined_perturbation,noise,1,20,2,1,1,0,medium::mp-11684::reference|medium::mp-1201738::reference,49.99455107189715
loose,medium,medium::mp-1201738::combined_noise_0.015A_0.010,mp-1201738,mp-1201738,SiO2,combined_noise_0.015A_0.010,combined_perturbation,noise,1,20,2,1,1,0,medium::mp-11684::reference|medium::mp-1201738::reference,50.562976621091366
loose,medium,medium::mp-1201738::combined_noise_0.050A_0.010,mp-1201738,mp-1201738,SiO2,combined_noise_0.050A_0.010,combined_perturbation,noise,1,20,2,1,1,0,medium::mp-11684::reference|medium::mp-1201738::reference,51.406651094555855
loose,medium,medium::mp-1201738::combined_noise_0.002A_0.030,mp-1201738,mp-1201738,SiO2,combined_noise_0.002A_0.030,combined_perturbation,noise,1,20,2,1,1,0,medium::mp-11684::reference|medium::mp-1201738::reference,49.879870034754276
loose,medium,medium::mp-1201738::combined_noise_0.015A_0.030,mp-1201738,mp-1201738,SiO2,combined_noise_0.015A_0.030,combined_perturbation,noise,1,20,2,1,1,0,medium::mp-11684::reference|medium::mp-1201738::reference,50.02292486652732
loose,medium,medium::mp-1201738::combined_noise_0.050A_0.030,mp-1201738,mp-1201738,SiO2,combined_noise_0.050A_0.030,combined_perturbation,noise,1,20,2,1,1,0,medium::mp-11684::reference|medium::mp-1201738::reference,46.75887524522841
loose,medium,medium::mp-1201887::conventional_standard,mp-1201887,mp-1201887,SiO2,conventional_standard,equivalent_transform,no_noise,1,20,1,0,0,0,medium::mp-1201887::reference,4.154137007892132
loose,medium,medium::mp-1201887::niggli_reduced,mp-1201887,mp-1201887,SiO2,niggli_reduced,equivalent_transform,no_noise,1,20,1,0,0,0,medium::mp-1201887::reference,3.4395542796701193
loose,medium,medium::mp-1201887::origin_shifted,mp-1201887,mp-1201887,SiO2,origin_shifted,equivalent_transform,no_noise,1,20,1,0,0,0,medium::mp-1201887::reference,3.48031709715724
loose,medium,medium::mp-1201887::permuted_sites,mp-1201887,mp-1201887,SiO2,permuted_sites,equivalent_transform,no_noise,1,20,1,0,0,0,medium::mp-1201887::reference,5.06027521751821
loose,medium,medium::mp-1201887::combined_noise_0.002A_0.003,mp-1201887,mp-1201887,SiO2,combined_noise_0.002A_0.003,combined_perturbation,noise,1,20,1,0,0,0,medium::mp-1201887::reference,3.3282271940261126
loose,medium,medium::mp-1201887::combined_noise_0.015A_0.003,mp-1201887,mp-1201887,SiO2,combined_noise_0.015A_0.003,combined_perturbation,noise,1,20,1,0,0,0,medium::mp-1201887::reference,3.5329334530979395
loose,medium,medium::mp-1201887::combined_noise_0.050A_0.003,mp-1201887,mp-1201887,SiO2,combined_noise_0.050A_0.003,combined_perturbation,noise,1,20,1,0,0,0,medium::mp-1201887::reference,3.2559528183192015
loose,medium,medium::mp-1201887::combined_noise_0.002A_0.010,mp-1201887,mp-1201887,SiO2,combined_noise_0.002A_0.010,combined_perturbation,noise,1,20,1,0,0,0,medium::mp-1201887::reference,3.098131351172924
loose,medium,medium::mp-1201887::combined_noise_0.015A_0.010,mp-1201887,mp-1201887,SiO2,combined_noise_0.015A_0.010,combined_perturbation,noise,1,20,1,0,0,0,medium::mp-1201887::reference,3.32990956120193
loose,medium,medium::mp-1201887::combined_noise_0.050A_0.010,mp-1201887,mp-1201887,SiO2,combined_noise_0.050A_0.010,combined_perturbation,noise,1,20,1,0,0,0,medium::mp-1201887::reference,3.247483540326357
loose,medium,medium::mp-1201887::combined_noise_0.002A_0.030,mp-1201887,mp-1201887,SiO2,combined_noise_0.002A_0.030,combined_perturbation,noise,1,20,1,0,0,0,medium::mp-1201887::reference,3.06128585152328
loose,medium,medium::mp-1201887::combined_noise_0.015A_0.030,mp-1201887,mp-1201887,SiO2,combined_noise_0.015A_0.030,combined_perturbation,noise,1,20,1,0,0,0,medium::mp-1201887::reference,3.5337747167795897
loose,medium,medium::mp-1201887::combined_noise_0.050A_0.030,mp-1201887,mp-1201887,SiO2,combined_noise_0.050A_0.030,combined_perturbation,noise,1,20,1,0,0,0,medium::mp-1201887::reference,3.3735376615077257
loose,medium,medium::mp-1204070::conventional_standard,mp-1204070,mp-1204070,SiO2,conventional_standard,equivalent_transform,no_noise,1,20,1,0,0,0,medium::mp-1204070::reference,1.9830978345125914
loose,medium,medium::mp-1204070::niggli_reduced,mp-1204070,mp-1204070,SiO2,niggli_reduced,equivalent_transform,no_noise,1,20,1,0,0,0,medium::mp-1204070::reference,1.9832801204174757
loose,medium,medium::mp-1204070::origin_shifted,mp-1204070,mp-1204070,SiO2,origin_shifted,equivalent_transform,no_noise,1,20,1,0,0,0,medium::mp-1204070::reference,1.8334560841321945
loose,medium,medium::mp-1204070::permuted_sites,mp-1204070,mp-1204070,SiO2,permuted_sites,equivalent_transform,no_noise,1,20,1,0,0,0,medium::mp-1204070::reference,2.243474442511797
loose,medium,medium::mp-1204070::combined_noise_0.002A_0.003,mp-1204070,mp-1204070,SiO2,combined_noise_0.002A_0.003,combined_perturbation,noise,1,20,1,0,0,0,medium::mp-1204070::reference,1.830612663179636
loose,medium,medium::mp-1204070::combined_noise_0.015A_0.003,mp-1204070,mp-1204070,SiO2,combined_noise_0.015A_0.003,combined_perturbation,noise,1,20,1,0,0,0,medium::mp-1204070::reference,1.8363115135580301
loose,medium,medium::mp-1204070::combined_noise_0.050A_0.003,mp-1204070,mp-1204070,SiO2,combined_noise_0.050A_0.003,combined_perturbation,noise,1,20,1,0,0,0,medium::mp-1204070::reference,1.865530589595437
loose,medium,medium::mp-1204070::combined_noise_0.002A_0.010,mp-1204070,mp-1204070,SiO2,combined_noise_0.002A_0.010,combined_perturbation,noise,1,20,1,0,0,0,medium::mp-1204070::reference,2.077155899256468
loose,medium,medium::mp-1204070::combined_noise_0.015A_0.010,mp-1204070,mp-1204070,SiO2,combined_noise_0.015A_0.010,combined_perturbation,noise,1,20,1,0,0,0,medium::mp-1204070::reference,1.1009450238198042
loose,medium,medium::mp-1204070::combined_noise_0.050A_0.010,mp-1204070,mp-1204070,SiO2,combined_noise_0.050A_0.010,combined_perturbation,noise,1,20,1,0,0,0,medium::mp-1204070::reference,2.680211327970028
loose,medium,medium::mp-1204070::combined_noise_0.002A_0.030,mp-1204070,mp-1204070,SiO2,combined_noise_0.002A_0.030,combined_perturbation,noise,1,20,1,0,0,0,medium::mp-1204070::reference,2.087302602827549
loose,medium,medium::mp-1204070::combined_noise_0.015A_0.030,mp-1204070,mp-1204070,SiO2,combined_noise_0.015A_0.030,combined_perturbation,noise,1,20,1,0,0,0,medium::mp-1204070::reference,3.499710513278842
loose,medium,medium::mp-1204070::combined_noise_0.050A_0.030,mp-1204070,mp-1204070,SiO2,combined_noise_0.050A_0.030,combined_perturbation,noise,1,20,1,0,0,0,medium::mp-1204070::reference,2.666809344664216
loose,medium,medium::mp-12350::conventional_standard,mp-12350,mp-12350,SiO2,conventional_standard,equivalent_transform,no_noise,1,20,1,0,0,0,medium::mp-12350::reference,1.2674933448433876
loose,medium,medium::mp-12350::niggli_reduced,mp-12350,mp-12350,SiO2,niggli_reduced,equivalent_transform,no_noise,1,20,1,0,0,0,medium::mp-12350::reference,0.7854996956884861
loose,medium,medium::mp-12350::origin_shifted,mp-12350,mp-12350,SiO2,origin_shifted,equivalent_transform,no_noise,1,20,1,0,0,0,medium::mp-12350::reference,0.7947289627045393
loose,medium,medium::mp-12350::permuted_sites,mp-12350,mp-12350,SiO2,permuted_sites,equivalent_transform,no_noise,1,20,1,0,0,0,medium::mp-12350::reference,1.1169234551489353
loose,medium,medium::mp-12350::combined_noise_0.002A_0.003,mp-12350,mp-12350,SiO2,combined_noise_0.002A_0.003,combined_perturbation,noise,1,20,1,0,0,0,medium::mp-12350::reference,1.1395120210945606
loose,medium,medium::mp-12350::combined_noise_0.015A_0.003,mp-12350,mp-12350,SiO2,combined_noise_0.015A_0.003,combined_perturbation,noise,1,20,1,0,0,0,medium::mp-12350::reference,1.156155003234744
loose,medium,medium::mp-12350::combined_noise_0.050A_0.003,mp-12350,mp-12350,SiO2,combined_noise_0.050A_0.003,combined_perturbation,noise,1,20,1,0,0,0,medium::mp-12350::reference,2.4655842669308186
loose,medium,medium::mp-12350::combined_noise_0.002A_0.010,mp-12350,mp-12350,SiO2,combined_noise_0.002A_0.010,combined_perturbation,noise,1,20,1,0,0,0,medium::mp-12350::reference,1.3017936181277037
loose,medium,medium::mp-12350::combined_noise_0.015A_0.010,mp-12350,mp-12350,SiO2,combined_noise_0.015A_0.010,combined_perturbation,noise,1,20,1,0,0,0,medium::mp-12350::reference,1.140836214646697
loose,medium,medium::mp-12350::combined_noise_0.050A_0.010,mp-12350,mp-12350,SiO2,combined_noise_0.050A_0.010,combined_perturbation,noise,1,20,1,0,0,0,medium::mp-12350::reference,2.237948725000024
loose,medium,medium::mp-12350::combined_noise_0.002A_0.030,mp-12350,mp-12350,SiO2,combined_noise_0.002A_0.030,combined_perturbation,noise,1,20,1,0,0,0,medium::mp-12350::reference,1.0640343930572271
loose,medium,medium::mp-12350::combined_noise_0.015A_0.030,mp-12350,mp-12350,SiO2,combined_noise_0.015A_0.030,combined_perturbation,noise,1,20,1,0,0,0,medium::mp-12350::reference,0.9926678091287613
loose,medium,medium::mp-12350::combined_noise_0.050A_0.030,mp-12350,mp-12350,SiO2,combined_noise_0.050A_0.030,combined_perturbation,noise,1,20,1,0,0,0,medium::mp-12350::reference,2.043964449316263
loose,medium,medium::mp-1244945::conventional_standard,mp-1244945,mp-1244945,SiO2,conventional_standard,equivalent_transform,no_noise,1,20,1,0,0,0,medium::mp-1244945::reference,7.902934435755014
loose,medium,medium::mp-1244945::niggli_reduced,mp-1244945,mp-1244945,SiO2,niggli_reduced,equivalent_transform,no_noise,1,20,1,0,0,0,medium::mp-1244945::reference,7.9149658549577
loose,medium,medium::mp-1244945::origin_shifted,mp-1244945,mp-1244945,SiO2,origin_shifted,equivalent_transform,no_noise,1,20,1,0,0,0,medium::mp-1244945::reference,7.497958002611995
loose,medium,medium::mp-1244945::permuted_sites,mp-1244945,mp-1244945,SiO2,permuted_sites,equivalent_transform,no_noise,1,20,1,0,0,0,medium::mp-1244945::reference,8.53468919545412
loose,medium,medium::mp-1244945::combined_noise_0.002A_0.003,mp-1244945,mp-1244945,SiO2,combined_noise_0.002A_0.003,combined_perturbation,noise,1,20,1,0,0,0,medium::mp-1244945::reference,7.461464412510395
loose,medium,medium::mp-1244945::combined_noise_0.015A_0.003,mp-1244945,mp-1244945,SiO2,combined_noise_0.015A_0.003,combined_perturbation,noise,1,20,1,0,0,0,medium::mp-1244945::reference,7.462175035849214
loose,medium,medium::mp-1244945::combined_noise_0.050A_0.003,mp-1244945,mp-1244945,SiO2,combined_noise_0.050A_0.003,combined_perturbation,noise,1,20,1,0,0,0,medium::mp-1244945::reference,7.775575770065188
loose,medium,medium::mp-1244945::combined_noise_0.002A_0.010,mp-1244945,mp-1244945,SiO2,combined_noise_0.002A_0.010,combined_perturbation,noise,1,20,1,0,0,0,medium::mp-1244945::reference,7.931253578513861
loose,medium,medium::mp-1244945::combined_noise_0.015A_0.010,mp-1244945,mp-1244945,SiO2,combined_noise_0.015A_0.010,combined_perturbation,noise,1,20,1,0,0,0,medium::mp-1244945::reference,7.523738317191601
loose,medium,medium::mp-1244945::combined_noise_0.050A_0.010,mp-1244945,mp-1244945,SiO2,combined_noise_0.050A_0.010,combined_perturbation,noise,1,20,1,0,0,0,medium::mp-1244945::reference,7.589046647772193
loose,medium,medium::mp-1244945::combined_noise_0.002A_0.030,mp-1244945,mp-1244945,SiO2,combined_noise_0.002A_0.030,combined_perturbation,noise,1,20,1,0,0,0,medium::mp-1244945::reference,7.715713642537594
loose,medium,medium::mp-1244945::combined_noise_0.015A_0.030,mp-1244945,mp-1244945,SiO2,combined_noise_0.015A_0.030,combined_perturbation,noise,1,20,1,0,0,0,medium::mp-1244945::reference,7.570118809118867
loose,medium,medium::mp-1244945::combined_noise_0.050A_0.030,mp-1244945,mp-1244945,SiO2,combined_noise_0.050A_0.030,combined_perturbation,noise,1,20,1,0,0,0,medium::mp-1244945::reference,8.024201091378927
loose,medium,medium::mp-1248957::conventional_standard,mp-1248957,mp-1248957,SiO2,conventional_standard,equivalent_transform,no_noise,1,20,1,0,0,0,medium::mp-1248957::reference,1.3851745203137398
loose,medium,medium::mp-1248957::niggli_reduced,mp-1248957,mp-1248957,SiO2,niggli_reduced,equivalent_transform,no_noise,1,20,1,0,0,0,medium::mp-1248957::reference,0.8783300071954727
loose,medium,medium::mp-1248957::origin_shifted,mp-1248957,mp-1248957,SiO2,origin_shifted,equivalent_transform,no_noise,1,20,1,0,0,0,medium::mp-1248957::reference,0.8846559375524521
loose,medium,medium::mp-1248957::permuted_sites,mp-1248957,mp-1248957,SiO2,permuted_sites,equivalent_transform,no_noise,1,20,1,0,0,0,medium::mp-1248957::reference,1.2087441869080067
loose,medium,medium::mp-1248957::combined_noise_0.002A_0.003,mp-1248957,mp-1248957,SiO2,combined_noise_0.002A_0.003,combined_perturbation,noise,1,20,1,0,0,0,medium::mp-1248957::reference,0.869222229346633
loose,medium,medium::mp-1248957::combined_noise_0.015A_0.003,mp-1248957,mp-1248957,SiO2,combined_noise_0.015A_0.003,combined_perturbation,noise,1,20,1,0,0,0,medium::mp-1248957::reference,0.8627122566103935
loose,medium,medium::mp-1248957::combined_noise_0.050A_0.003,mp-1248957,mp-1248957,SiO2,combined_noise_0.050A_0.003,combined_perturbation,noise,1,20,1,0,0,0,medium::mp-1248957::reference,0.8680987842381
loose,medium,medium::mp-1248957::combined_noise_0.002A_0.010,mp-1248957,mp-1248957,SiO2,combined_noise_0.002A_0.010,combined_perturbation,noise,1,20,1,0,0,0,medium::mp-1248957::reference,0.8916295599192381
loose,medium,medium::mp-1248957::combined_noise_0.015A_0.010,mp-1248957,mp-1248957,SiO2,combined_noise_0.015A_0.010,combined_perturbation,noise,1,20,1,0,0,0,medium::mp-1248957::reference,0.8690699879080057
loose,medium,medium::mp-1248957::combined_noise_0.050A_0.010,mp-1248957,mp-1248957,SiO2,combined_noise_0.050A_0.010,combined_perturbation,noise,1,20,1,0,0,0,medium::mp-1248957::reference,0.8775066342204809
loose,medium,medium::mp-1248957::combined_noise_0.002A_0.030,mp-1248957,mp-1248957,SiO2,combined_noise_0.002A_0.030,combined_perturbation,noise,1,20,1,0,0,0,medium::mp-1248957::reference,0.8820849303156137
loose,medium,medium::mp-1248957::combined_noise_0.015A_0.030,mp-1248957,mp-1248957,SiO2,combined_noise_0.015A_0.030,combined_perturbation,noise,1,20,1,0,0,0,medium::mp-1248957::reference,0.9178445767611265
loose,medium,medium::mp-1248957::combined_noise_0.050A_0.030,mp-1248957,mp-1248957,SiO2,combined_noise_0.050A_0.030,combined_perturbation,noise,1,20,1,0,0,0,medium::mp-1248957::reference,0.9155150763690472
loose,medium,medium::mp-1249637::conventional_standard,mp-1249637,mp-1249637,SiO2,conventional_standard,equivalent_transform,no_noise,1,20,1,0,0,0,medium::mp-1249637::reference,4.421790845692158
loose,medium,medium::mp-1249637::niggli_reduced,mp-1249637,mp-1249637,SiO2,niggli_reduced,equivalent_transform,no_noise,1,20,1,0,0,0,medium::mp-1249637::reference,2.954245962202549
loose,medium,medium::mp-1249637::origin_shifted,mp-1249637,mp-1249637,SiO2,origin_shifted,equivalent_transform,no_noise,1,20,1,0,0,0,medium::mp-1249637::reference,2.977060468867421
loose,medium,medium::mp-1249637::permuted_sites,mp-1249637,mp-1249637,SiO2,permuted_sites,equivalent_transform,no_noise,1,20,1,0,0,0,medium::mp-1249637::reference,3.9462024606764317
loose,medium,medium::mp-1249637::combined_noise_0.002A_0.003,mp-1249637,mp-1249637,SiO2,combined_noise_0.002A_0.003,combined_perturbation,noise,1,20,1,0,0,0,medium::mp-1249637::reference,2.860786208882928
loose,medium,medium::mp-1249637::combined_noise_0.015A_0.003,mp-1249637,mp-1249637,SiO2,combined_noise_0.015A_0.003,combined_perturbation,noise,1,20,1,0,0,0,medium::mp-1249637::reference,2.964670054614544
loose,medium,medium::mp-1249637::combined_noise_0.050A_0.003,mp-1249637,mp-1249637,SiO2,combined_noise_0.050A_0.003,combined_perturbation,noise,1,20,1,0,0,0,medium::mp-1249637::reference,2.8432921189814806
loose,medium,medium::mp-1249637::combined_noise_0.002A_0.010,mp-1249637,mp-1249637,SiO2,combined_noise_0.002A_0.010,combined_perturbation,noise,1,20,1,0,0,0,medium::mp-1249637::reference,2.851999908685684
loose,medium,medium::mp-1249637::combined_noise_0.015A_0.010,mp-1249637,mp-1249637,SiO2,combined_noise_0.015A_0.010,combined_perturbation,noise,1,20,1,0,0,0,medium::mp-1249637::reference,3.0701524894684553
loose,medium,medium::mp-1249637::combined_noise_0.050A_0.010,mp-1249637,mp-1249637,SiO2,combined_noise_0.050A_0.010,combined_perturbation,noise,1,20,1,0,0,0,medium::mp-1249637::reference,3.0402216129004955
loose,medium,medium::mp-1249637::combined_noise_0.002A_0.030,mp-1249637,mp-1249637,SiO2,combined_noise_0.002A_0.030,combined_perturbation,noise,1,20,1,0,0,0,medium::mp-1249637::reference,2.860452326014638
loose,medium,medium::mp-1249637::combined_noise_0.015A_0.030,mp-1249637,mp-1249637,SiO2,combined_noise_0.015A_0.030,combined_perturbation,noise,1,20,1,0,0,0,medium::mp-1249637::reference,2.5886220391839743
loose,medium,medium::mp-1249637::combined_noise_0.050A_0.030,mp-1249637,mp-1249637,SiO2,combined_noise_0.050A_0.030,combined_perturbation,noise,1,20,1,0,0,0,medium::mp-1249637::reference,2.827305806800723
loose,medium,medium::mp-1249969::conventional_standard,mp-1249969,mp-1249969,SiO2,conventional_standard,equivalent_transform,no_noise,1,20,1,0,0,0,medium::mp-1249969::reference,1.515507236123085
loose,medium,medium::mp-1249969::niggli_reduced,mp-1249969,mp-1249969,SiO2,niggli_reduced,equivalent_transform,no_noise,1,20,1,0,0,0,medium::mp-1249969::reference,1.5154551360756159
loose,medium,medium::mp-1249969::origin_shifted,mp-1249969,mp-1249969,SiO2,origin_shifted,equivalent_transform,no_noise,1,20,1,0,0,0,medium::mp-1249969::reference,1.3349551670253277
loose,medium,medium::mp-1249969::permuted_sites,mp-1249969,mp-1249969,SiO2,permuted_sites,equivalent_transform,no_noise,1,20,1,0,0,0,medium::mp-1249969::reference,1.8354677818715572
loose,medium,medium::mp-1249969::combined_noise_0.002A_0.003,mp-1249969,mp-1249969,SiO2,combined_noise_0.002A_0.003,combined_perturbation,noise,1,20,1,0,0,0,medium::mp-1249969::reference,1.3263542484492064
loose,medium,medium::mp-1249969::combined_noise_0.015A_0.003,mp-1249969,mp-1249969,SiO2,combined_noise_0.015A_0.003,combined_perturbation,noise,1,20,1,0,0,0,medium::mp-1249969::reference,1.315523512661457
loose,medium,medium::mp-1249969::combined_noise_0.050A_0.003,mp-1249969,mp-1249969,SiO2,combined_noise_0.050A_0.003,combined_perturbation,noise,1,20,1,0,0,0,medium::mp-1249969::reference,1.3102686572819948
loose,medium,medium::mp-1249969::combined_noise_0.002A_0.010,mp-1249969,mp-1249969,SiO2,combined_noise_0.002A_0.010,combined_perturbation,noise,1,20,1,0,0,0,medium::mp-1249969::reference,1.3337157648056746
loose,medium,medium::mp-1249969::combined_noise_0.015A_0.010,mp-1249969,mp-1249969,SiO2,combined_noise_0.015A_0.010,combined_perturbation,noise,1,20,1,0,0,0,medium::mp-1249969::reference,1.3288043458014727
loose,medium,medium::mp-1249969::combined_noise_0.050A_0.010,mp-1249969,mp-1249969,SiO2,combined_noise_0.050A_0.010,combined_perturbation,noise,1,20,1,0,0,0,medium::mp-1249969::reference,1.3404758162796497
loose,medium,medium::mp-1249969::combined_noise_0.002A_0.030,mp-1249969,mp-1249969,SiO2,combined_noise_0.002A_0.030,combined_perturbation,noise,1,20,1,0,0,0,medium::mp-1249969::reference,1.3123012017458677
loose,medium,medium::mp-1249969::combined_noise_0.015A_0.030,mp-1249969,mp-1249969,SiO2,combined_noise_0.015A_0.030,combined_perturbation,noise,1,20,1,0,0,0,medium::mp-1249969::reference,1.334042875096202
loose,medium,medium::mp-1249969::combined_noise_0.050A_0.030,mp-1249969,mp-1249969,SiO2,combined_noise_0.050A_0.030,combined_perturbation,noise,1,20,1,0,0,0,medium::mp-1249969::reference,1.342310281470418
loose,medium,medium::mp-1008677::conventional_standard,mp-1008677,mp-1008677,TiO2,conventional_standard,equivalent_transform,no_noise,1,20,3,0,2,0,medium::mp-1008677::reference|medium::mp-1102591::reference|medium::mp-1190753::reference,5.481142479926348
loose,medium,medium::mp-1008677::niggli_reduced,mp-1008677,mp-1008677,TiO2,niggli_reduced,equivalent_transform,no_noise,1,20,3,0,2,0,medium::mp-1008677::reference|medium::mp-1102591::reference|medium::mp-1190753::reference,5.721240494400263
loose,medium,medium::mp-1008677::origin_shifted,mp-1008677,mp-1008677,TiO2,origin_shifted,equivalent_transform,no_noise,1,20,3,0,2,0,medium::mp-1008677::reference|medium::mp-1102591::reference|medium::mp-1190753::reference,5.7273776140064
loose,medium,medium::mp-1008677::permuted_sites,mp-1008677,mp-1008677,TiO2,permuted_sites,equivalent_transform,no_noise,1,20,3,0,2,0,medium::mp-1008677::reference|medium::mp-1102591::reference|medium::mp-1190753::reference,5.991279974579811
loose,medium,medium::mp-1008677::combined_noise_0.002A_0.003,mp-1008677,mp-1008677,TiO2,combined_noise_0.002A_0.003,combined_perturbation,noise,1,20,4,0,3,0,medium::mp-1008677::reference|medium::mp-1041565::reference|medium::mp-1102591::reference|medium::mp-1190753::reference,6.0020711198449135
loose,medium,medium::mp-1008677::combined_noise_0.015A_0.003,mp-1008677,mp-1008677,TiO2,combined_noise_0.015A_0.003,combined_perturbation,noise,1,20,1,0,0,0,medium::mp-1008677::reference,0.4805552698671818
loose,medium,medium::mp-1008677::combined_noise_0.050A_0.003,mp-1008677,mp-1008677,TiO2,combined_noise_0.050A_0.003,combined_perturbation,noise,1,20,1,0,0,0,medium::mp-1008677::reference,0.8615554329007864
loose,medium,medium::mp-1008677::combined_noise_0.002A_0.010,mp-1008677,mp-1008677,TiO2,combined_noise_0.002A_0.010,combined_perturbation,noise,1,20,3,0,2,0,medium::mp-1008677::reference|medium::mp-1102591::reference|medium::mp-1190753::reference,5.966571353375912
loose,medium,medium::mp-1008677::combined_noise_0.015A_0.010,mp-1008677,mp-1008677,TiO2,combined_noise_0.015A_0.010,combined_perturbation,noise,1,20,1,0,0,0,medium::mp-1008677::reference,0.48310753516852856
loose,medium,medium::mp-1008677::combined_noise_0.050A_0.010,mp-1008677,mp-1008677,TiO2,combined_noise_0.050A_0.010,combined_perturbation,noise,1,20,1,0,0,0,medium::mp-1008677::reference,0.8075465969741344
loose,medium,medium::mp-1008677::combined_noise_0.002A_0.030,mp-1008677,mp-1008677,TiO2,combined_noise_0.002A_0.030,combined_perturbation,noise,1,20,4,0,3,0,medium::mp-1008677::reference|medium::mp-1041565::reference|medium::mp-1102591::reference|medium::mp-1190753::reference,6.011721432209015
loose,medium,medium::mp-1008677::combined_noise_0.015A_0.030,mp-1008677,mp-1008677,TiO2,combined_noise_0.015A_0.030,combined_perturbation,noise,1,20,1,0,0,0,medium::mp-1008677::reference,0.49435565434396267
loose,medium,medium::mp-1008677::combined_noise_0.050A_0.030,mp-1008677,mp-1008677,TiO2,combined_noise_0.050A_0.030,combined_perturbation,noise,1,20,1,0,0,0,medium::mp-1008677::reference,0.8624405153095722
loose,medium,medium::mp-1041565::conventional_standard,mp-1041565,mp-1041565,TiO2,conventional_standard,equivalent_transform,no_noise,1,20,1,0,0,0,medium::mp-1041565::reference,1.6765152215957642
loose,medium,medium::mp-1041565::niggli_reduced,mp-1041565,mp-1041565,TiO2,niggli_reduced,equivalent_transform,no_noise,1,20,1,0,0,0,medium::mp-1041565::reference,1.810305317863822
loose,medium,medium::mp-1041565::origin_shifted,mp-1041565,mp-1041565,TiO2,origin_shifted,equivalent_transform,no_noise,1,20,1,0,0,0,medium::mp-1041565::reference,1.8169760219752789
loose,medium,medium::mp-1041565::permuted_sites,mp-1041565,mp-1041565,TiO2,permuted_sites,equivalent_transform,no_noise,1,20,1,0,0,0,medium::mp-1041565::reference,2.1415847092866898
loose,medium,medium::mp-1041565::combined_noise_0.002A_0.003,mp-1041565,mp-1041565,TiO2,combined_noise_0.002A_0.003,combined_perturbation,noise,1,20,1,0,0,0,medium::mp-1041565::reference,1.8124630637466908
loose,medium,medium::mp-1041565::combined_noise_0.015A_0.003,mp-1041565,mp-1041565,TiO2,combined_noise_0.015A_0.003,combined_perturbation,noise,1,20,1,0,0,0,medium::mp-1041565::reference,1.8173678126186132
loose,medium,medium::mp-1041565::combined_noise_0.050A_0.003,mp-1041565,mp-1041565,TiO2,combined_noise_0.050A_0.003,combined_perturbation,noise,1,20,2,0,1,0,medium::mp-1008677::reference|medium::mp-1041565::reference,3.490963025018573
loose,medium,medium::mp-1041565::combined_noise_0.002A_0.010,mp-1041565,mp-1041565,TiO2,combined_noise_0.002A_0.010,combined_perturbation,noise,1,20,2,0,1,0,medium::mp-1008677::reference|medium::mp-1041565::reference,1.856640100479126
loose,medium,medium::mp-1041565::combined_noise_0.015A_0.010,mp-1041565,mp-1041565,TiO2,combined_noise_0.015A_0.010,combined_perturbation,noise,1,20,2,0,1,0,medium::mp-1008677::reference|medium::mp-1041565::reference,1.9057990331202745
loose,medium,medium::mp-1041565::combined_noise_0.050A_0.010,mp-1041565,mp-1041565,TiO2,combined_noise_0.050A_0.010,combined_perturbation,noise,1,20,2,0,1,0,medium::mp-1008677::reference|medium::mp-1041565::reference,3.4009532425552607
loose,medium,medium::mp-1041565::combined_noise_0.002A_0.030,mp-1041565,mp-1041565,TiO2,combined_noise_0.002A_0.030,combined_perturbation,noise,1,20,2,0,1,0,medium::mp-1008677::reference|medium::mp-1041565::reference,1.8797434139996767
loose,medium,medium::mp-1041565::combined_noise_0.015A_0.030,mp-1041565,mp-1041565,TiO2,combined_noise_0.015A_0.030,combined_perturbation,noise,1,20,2,0,1,0,medium::mp-1008677::reference|medium::mp-1041565::reference,1.8413809407502413
loose,medium,medium::mp-1041565::combined_noise_0.050A_0.030,mp-1041565,mp-1041565,TiO2,combined_noise_0.050A_0.030,combined_perturbation,noise,1,20,2,0,1,0,medium::mp-1008677::reference|medium::mp-1041565::reference,4.671968219801784
loose,medium,medium::mp-1044853::conventional_standard,mp-1044853,mp-1044853,TiO2,conventional_standard,equivalent_transform,no_noise,1,20,1,0,0,0,medium::mp-1044853::reference,1.6417973600327969
loose,medium,medium::mp-1044853::niggli_reduced,mp-1044853,mp-1044853,TiO2,niggli_reduced,equivalent_transform,no_noise,1,20,1,0,0,0,medium::mp-1044853::reference,1.9320817366242409
loose,medium,medium::mp-1044853::origin_shifted,mp-1044853,mp-1044853,TiO2,origin_shifted,equivalent_transform,no_noise,1,20,1,0,0,0,medium::mp-1044853::reference,1.9516825508326292
loose,medium,medium::mp-1044853::permuted_sites,mp-1044853,mp-1044853,TiO2,permuted_sites,equivalent_transform,no_noise,1,20,1,0,0,0,medium::mp-1044853::reference,2.653095532208681
loose,medium,medium::mp-1044853::combined_noise_0.002A_0.003,mp-1044853,mp-1044853,TiO2,combined_noise_0.002A_0.003,combined_perturbation,noise,1,20,1,0,0,0,medium::mp-1044853::reference,1.931032145395875
loose,medium,medium::mp-1044853::combined_noise_0.015A_0.003,mp-1044853,mp-1044853,TiO2,combined_noise_0.015A_0.003,combined_perturbation,noise,1,20,1,0,0,0,medium::mp-1044853::reference,1.9267705585807562
loose,medium,medium::mp-1044853::combined_noise_0.050A_0.003,mp-1044853,mp-1044853,TiO2,combined_noise_0.050A_0.003,combined_perturbation,noise,1,20,1,0,0,0,medium::mp-1044853::reference,9.569746473804116
loose,medium,medium::mp-1044853::combined_noise_0.002A_0.010,mp-1044853,mp-1044853,TiO2,combined_noise_0.002A_0.010,combined_perturbation,noise,1,20,1,0,0,0,medium::mp-1044853::reference,1.9308356028050184
loose,medium,medium::mp-1044853::combined_noise_0.015A_0.010,mp-1044853,mp-1044853,TiO2,combined_noise_0.015A_0.010,combined_perturbation,noise,1,20,1,0,0,0,medium::mp-1044853::reference,2.011820124462247
loose,medium,medium::mp-1044853::combined_noise_0.050A_0.010,mp-1044853,mp-1044853,TiO2,combined_noise_0.050A_0.010,combined_perturbation,noise,1,20,1,0,0,0,medium::mp-1044853::reference,11.293530862778425
loose,medium,medium::mp-1044853::combined_noise_0.002A_0.030,mp-1044853,mp-1044853,TiO2,combined_noise_0.002A_0.030,combined_perturbation,noise,1,20,1,0,0,0,medium::mp-1044853::reference,2.1989911161363125
loose,medium,medium::mp-1044853::combined_noise_0.015A_0.030,mp-1044853,mp-1044853,TiO2,combined_noise_0.015A_0.030,combined_perturbation,noise,1,20,1,0,0,0,medium::mp-1044853::reference,1.984483728185296
loose,medium,medium::mp-1044853::combined_noise_0.050A_0.030,mp-1044853,mp-1044853,TiO2,combined_noise_0.050A_0.030,combined_perturbation,noise,1,20,1,0,0,0,medium::mp-1044853::reference,12.324458396062255
loose,medium,medium::mp-1079207::conventional_standard,mp-1079207,mp-1079207,TiO2,conventional_standard,equivalent_transform,no_noise,1,20,1,0,0,0,medium::mp-1079207::reference,0.44749899208545685
loose,medium,medium::mp-1079207::niggli_reduced,mp-1079207,mp-1079207,TiO2,niggli_reduced,equivalent_transform,no_noise,1,20,1,0,0,0,medium::mp-1079207::reference,0.6053009480237961
loose,medium,medium::mp-1079207::origin_shifted,mp-1079207,mp-1079207,TiO2,origin_shifted,equivalent_transform,no_noise,1,20,1,0,0,0,medium::mp-1079207::reference,0.6122165285050869
loose,medium,medium::mp-1079207::permuted_sites,mp-1079207,mp-1079207,TiO2,permuted_sites,equivalent_transform,no_noise,1,20,1,0,0,0,medium::mp-1079207::reference,0.8942014556378126
loose,medium,medium::mp-1079207::combined_noise_0.002A_0.003,mp-1079207,mp-1079207,TiO2,combined_noise_0.002A_0.003,combined_perturbation,noise,1,20,1,0,0,0,medium::mp-1079207::reference,0.6029438674449921
loose,medium,medium::mp-1079207::combined_noise_0.015A_0.003,mp-1079207,mp-1079207,TiO2,combined_noise_0.015A_0.003,combined_perturbation,noise,1,20,1,0,0,0,medium::mp-1079207::reference,1.0219599548727274
loose,medium,medium::mp-1079207::combined_noise_0.050A_0.003,mp-1079207,mp-1079207,TiO2,combined_noise_0.050A_0.003,combined_perturbation,noise,1,20,1,0,0,0,medium::mp-1079207::reference,1.0077002197504044
loose,medium,medium::mp-1079207::combined_noise_0.002A_0.010,mp-1079207,mp-1079207,TiO2,combined_noise_0.002A_0.010,combined_perturbation,noise,1,20,1,0,0,0,medium::mp-1079207::reference,0.6028475295752287
loose,medium,medium::mp-1079207::combined_noise_0.015A_0.010,mp-1079207,mp-1079207,TiO2,combined_noise_0.015A_0.010,combined_perturbation,noise,1,20,1,0,0,0,medium::mp-1079207::reference,1.0115077085793018
loose,medium,medium::mp-1079207::combined_noise_0.050A_0.010,mp-1079207,mp-1079207,TiO2,combined_noise_0.050A_0.010,combined_perturbation,noise,1,20,1,0,0,0,medium::mp-1079207::reference,0.9625943209975958
loose,medium,medium::mp-1079207::combined_noise_0.002A_0.030,mp-1079207,mp-1079207,TiO2,combined_noise_0.002A_0.030,combined_perturbation,noise,1,20,1,0,0,0,medium::mp-1079207::reference,0.6258679833263159
loose,medium,medium::mp-1079207::combined_noise_0.015A_0.030,mp-1079207,mp-1079207,TiO2,combined_noise_0.015A_0.030,combined_perturbation,noise,1,20,1,0,0,0,medium::mp-1079207::reference,0.7644839659333229
loose,medium,medium::mp-1079207::combined_noise_0.050A_0.030,mp-1079207,mp-1079207,TiO2,combined_noise_0.050A_0.030,combined_perturbation,noise,1,20,1,0,0,0,medium::mp-1079207::reference,0.7695307526737452
loose,medium,medium::mp-1101022::conventional_standard,mp-1101022,mp-1101022,TiO2,conventional_standard,equivalent_transform,no_noise,1,20,1,0,0,0,medium::mp-1101022::reference,0.3914213087409735
loose,medium,medium::mp-1101022::niggli_reduced,mp-1101022,mp-1101022,TiO2,niggli_reduced,equivalent_transform,no_noise,1,20,1,0,0,0,medium::mp-1101022::reference,0.5273779723793268
loose,medium,medium::mp-1101022::origin_shifted,mp-1101022,mp-1101022,TiO2,origin_shifted,equivalent_transform,no_noise,1,20,1,0,0,0,medium::mp-1101022::reference,0.5365439131855965
loose,medium,medium::mp-1101022::permuted_sites,mp-1101022,mp-1101022,TiO2,permuted_sites,equivalent_transform,no_noise,1,20,1,0,0,0,medium::mp-1101022::reference,0.8584430012851954
loose,medium,medium::mp-1101022::combined_noise_0.002A_0.003,mp-1101022,mp-1101022,TiO2,combined_noise_0.002A_0.003,combined_perturbation,noise,1,20,1,0,0,0,medium::mp-1101022::reference,0.5294225160032511
loose,medium,medium::mp-1101022::combined_noise_0.015A_0.003,mp-1101022,mp-1101022,TiO2,combined_noise_0.015A_0.003,combined_perturbation,noise,1,20,1,0,0,0,medium::mp-1101022::reference,0.5296891294419765
loose,medium,medium::mp-1101022::combined_noise_0.050A_0.003,mp-1101022,mp-1101022,TiO2,combined_noise_0.050A_0.003,combined_perturbation,noise,1,20,1,0,0,0,medium::mp-1101022::reference,0.5304787810891867
loose,medium,medium::mp-1101022::combined_noise_0.002A_0.010,mp-1101022,mp-1101022,TiO2,combined_noise_0.002A_0.010,combined_perturbation,noise,1,20,1,0,0,0,medium::mp-1101022::reference,0.5284912846982479
loose,medium,medium::mp-1101022::combined_noise_0.015A_0.010,mp-1101022,mp-1101022,TiO2,combined_noise_0.015A_0.010,combined_perturbation,noise,1,20,1,0,0,0,medium::mp-1101022::reference,0.5311836618930101
loose,medium,medium::mp-1101022::combined_noise_0.050A_0.010,mp-1101022,mp-1101022,TiO2,combined_noise_0.050A_0.010,combined_perturbation,noise,1,20,1,0,0,0,medium::mp-1101022::reference,0.5309862717986107
loose,medium,medium::mp-1101022::combined_noise_0.002A_0.030,mp-1101022,mp-1101022,TiO2,combined_noise_0.002A_0.030,combined_perturbation,noise,1,20,1,0,0,0,medium::mp-1101022::reference,0.5509453397244215
loose,medium,medium::mp-1101022::combined_noise_0.015A_0.030,mp-1101022,mp-1101022,TiO2,combined_noise_0.015A_0.030,combined_perturbation,noise,1,20,1,0,0,0,medium::mp-1101022::reference,0.5399378817528486
loose,medium,medium::mp-1101022::combined_noise_0.050A_0.030,mp-1101022,mp-1101022,TiO2,combined_noise_0.050A_0.030,combined_perturbation,noise,1,20,1,0,0,0,medium::mp-1101022::reference,0.537524214014411
loose,medium,medium::mp-1102255::conventional_standard,mp-1102255,mp-1102255,TiO2,conventional_standard,equivalent_transform,no_noise,1,20,1,0,0,0,medium::mp-1102255::reference,0.3769281208515167
loose,medium,medium::mp-1102255::niggli_reduced,mp-1102255,mp-1102255,TiO2,niggli_reduced,equivalent_transform,no_noise,1,20,1,0,0,0,medium::mp-1102255::reference,0.5556794926524162
loose,medium,medium::mp-1102255::origin_shifted,mp-1102255,mp-1102255,TiO2,origin_shifted,equivalent_transform,no_noise,1,20,1,0,0,0,medium::mp-1102255::reference,0.5672948025166988
loose,medium,medium::mp-1102255::permuted_sites,mp-1102255,mp-1102255,TiO2,permuted_sites,equivalent_transform,no_noise,1,20,1,0,0,0,medium::mp-1102255::reference,0.8851862382143736
loose,medium,medium::mp-1102255::combined_noise_0.002A_0.003,mp-1102255,mp-1102255,TiO2,combined_noise_0.002A_0.003,combined_perturbation,noise,1,20,1,0,0,0,medium::mp-1102255::reference,0.5533735789358616
loose,medium,medium::mp-1102255::combined_noise_0.015A_0.003,mp-1102255,mp-1102255,TiO2,combined_noise_0.015A_0.003,combined_perturbation,noise,1,20,1,0,0,0,medium::mp-1102255::reference,0.5562613662332296
loose,medium,medium::mp-1102255::combined_noise_0.050A_0.003,mp-1102255,mp-1102255,TiO2,combined_noise_0.050A_0.003,combined_perturbation,noise,1,20,1,0,0,0,medium::mp-1102255::reference,0.5533880479633808
loose,medium,medium::mp-1102255::combined_noise_0.002A_0.010,mp-1102255,mp-1102255,TiO2,combined_noise_0.002A_0.010,combined_perturbation,noise,1,20,1,0,0,0,medium::mp-1102255::reference,0.5552102513611317
loose,medium,medium::mp-1102255::combined_noise_0.015A_0.010,mp-1102255,mp-1102255,TiO2,combined_noise_0.015A_0.010,combined_perturbation,noise,1,20,1,0,0,0,medium::mp-1102255::reference,0.5676843021064997
loose,medium,medium::mp-1102255::combined_noise_0.050A_0.010,mp-1102255,mp-1102255,TiO2,combined_noise_0.050A_0.010,combined_perturbation,noise,1,20,1,0,0,0,medium::mp-1102255::reference,0.5582793243229389
loose,medium,medium::mp-1102255::combined_noise_0.002A_0.030,mp-1102255,mp-1102255,TiO2,combined_noise_0.002A_0.030,combined_perturbation,noise,1,20,1,0,0,0,medium::mp-1102255::reference,0.5714867636561394
loose,medium,medium::mp-1102255::combined_noise_0.015A_0.030,mp-1102255,mp-1102255,TiO2,combined_noise_0.015A_0.030,combined_perturbation,noise,1,20,1,0,0,0,medium::mp-1102255::reference,0.5950250625610352
loose,medium,medium::mp-1102255::combined_noise_0.050A_0.030,mp-1102255,mp-1102255,TiO2,combined_noise_0.050A_0.030,combined_perturbation,noise,1,20,1,0,0,0,medium::mp-1102255::reference,0.5571808088570833
loose,medium,medium::mp-1102591::conventional_standard,mp-1102591,mp-1102591,TiO2,conventional_standard,equivalent_transform,no_noise,1,20,3,0,2,0,medium::mp-1008677::reference|medium::mp-1102591::reference|medium::mp-1190753::reference,0.36385144852101803
loose,medium,medium::mp-1102591::niggli_reduced,mp-1102591,mp-1102591,TiO2,niggli_reduced,equivalent_transform,no_noise,1,20,3,0,2,0,medium::mp-1008677::reference|medium::mp-1102591::reference|medium::mp-1190753::reference,0.5397559721022844
loose,medium,medium::mp-1102591::origin_shifted,mp-1102591,mp-1102591,TiO2,origin_shifted,equivalent_transform,no_noise,1,20,3,0,2,0,medium::mp-1008677::reference|medium::mp-1102591::reference|medium::mp-1190753::reference,0.5506774168461561
loose,medium,medium::mp-1102591::permuted_sites,mp-1102591,mp-1102591,TiO2,permuted_sites,equivalent_transform,no_noise,1,20,3,0,2,0,medium::mp-1008677::reference|medium::mp-1102591::reference|medium::mp-1190753::reference,0.871467974036932
loose,medium,medium::mp-1102591::combined_noise_0.002A_0.003,mp-1102591,mp-1102591,TiO2,combined_noise_0.002A_0.003,combined_perturbation,noise,1,20,3,0,2,0,medium::mp-1008677::reference|medium::mp-1102591::reference|medium::mp-1190753::reference,0.5463594514876604
loose,medium,medium::mp-1102591::combined_noise_0.015A_0.003,mp-1102591,mp-1102591,TiO2,combined_noise_0.015A_0.003,combined_perturbation,noise,1,20,3,0,2,0,medium::mp-1008677::reference|medium::mp-1102591::reference|medium::mp-1190753::reference,0.5414854399859905
loose,medium,medium::mp-1102591::combined_noise_0.050A_0.003,mp-1102591,mp-1102591,TiO2,combined_noise_0.050A_0.003,combined_perturbation,noise,1,20,3,0,2,0,medium::mp-1008677::reference|medium::mp-1102591::reference|medium::mp-1190753::reference,0.5410642959177494
loose,medium,medium::mp-1102591::combined_noise_0.002A_0.010,mp-1102591,mp-1102591,TiO2,combined_noise_0.002A_0.010,combined_perturbation,noise,1,20,3,0,2,0,medium::mp-1008677::reference|medium::mp-1102591::reference|medium::mp-1190753::reference,0.5418446082621813
loose,medium,medium::mp-1102591::combined_noise_0.015A_0.010,mp-1102591,mp-1102591,TiO2,combined_noise_0.015A_0.010,combined_perturbation,noise,1,20,3,0,2,0,medium::mp-1008677::reference|medium::mp-1102591::reference|medium::mp-1190753::reference,0.5427114125341177
loose,medium,medium::mp-1102591::combined_noise_0.050A_0.010,mp-1102591,mp-1102591,TiO2,combined_noise_0.050A_0.010,combined_perturbation,noise,1,20,3,0,2,0,medium::mp-1008677::reference|medium::mp-1102591::reference|medium::mp-1190753::reference,0.5425281431525946
loose,medium,medium::mp-1102591::combined_noise_0.002A_0.030,mp-1102591,mp-1102591,TiO2,combined_noise_0.002A_0.030,combined_perturbation,noise,1,20,3,0,2,0,medium::mp-1008677::reference|medium::mp-1102591::reference|medium::mp-1190753::reference,0.5577708408236504
loose,medium,medium::mp-1102591::combined_noise_0.015A_0.030,mp-1102591,mp-1102591,TiO2,combined_noise_0.015A_0.030,combined_perturbation,noise,1,20,3,0,2,0,medium::mp-1008677::reference|medium::mp-1102591::reference|medium::mp-1190753::reference,0.5421541184186935
loose,medium,medium::mp-1102591::combined_noise_0.050A_0.030,mp-1102591,mp-1102591,TiO2,combined_noise_0.050A_0.030,combined_perturbation,noise,1,20,3,0,2,0,medium::mp-1008677::reference|medium::mp-1102591::reference|medium::mp-1190753::reference,0.5441848672926426
loose,medium,medium::mp-1190753::conventional_standard,mp-1190753,mp-1190753,TiO2,conventional_standard,equivalent_transform,no_noise,1,20,3,0,2,0,medium::mp-1008677::reference|medium::mp-1102591::reference|medium::mp-1190753::reference,0.5417490489780903
loose,medium,medium::mp-1190753::niggli_reduced,mp-1190753,mp-1190753,TiO2,niggli_reduced,equivalent_transform,no_noise,1,20,3,0,2,0,medium::mp-1008677::reference|medium::mp-1102591::reference|medium::mp-1190753::reference,0.6934547033160925
loose,medium,medium::mp-1190753::origin_shifted,mp-1190753,mp-1190753,TiO2,origin_shifted,equivalent_transform,no_noise,1,20,3,0,2,0,medium::mp-1008677::reference|medium::mp-1102591::reference|medium::mp-1190753::reference,0.7006811965256929
loose,medium,medium::mp-1190753::permuted_sites,mp-1190753,mp-1190753,TiO2,permuted_sites,equivalent_transform,no_noise,1,20,3,0,2,0,medium::mp-1008677::reference|medium::mp-1102591::reference|medium::mp-1190753::reference,1.0215154644101858
loose,medium,medium::mp-1190753::combined_noise_0.002A_0.003,mp-1190753,mp-1190753,TiO2,combined_noise_0.002A_0.003,combined_perturbation,noise,1,20,3,0,2,0,medium::mp-1008677::reference|medium::mp-1102591::reference|medium::mp-1190753::reference,0.8903846852481365
loose,medium,medium::mp-1190753::combined_noise_0.015A_0.003,mp-1190753,mp-1190753,TiO2,combined_noise_0.015A_0.003,combined_perturbation,noise,1,20,3,0,2,0,medium::mp-1008677::reference|medium::mp-1102591::reference|medium::mp-1190753::reference,0.690244784578681
loose,medium,medium::mp-1190753::combined_noise_0.050A_0.003,mp-1190753,mp-1190753,TiO2,combined_noise_0.050A_0.003,combined_perturbation,noise,1,20,3,0,2,0,medium::mp-1008677::reference|medium::mp-1102591::reference|medium::mp-1190753::reference,0.6981832385063171
loose,medium,medium::mp-1190753::combined_noise_0.002A_0.010,mp-1190753,mp-1190753,TiO2,combined_noise_0.002A_0.010,combined_perturbation,noise,1,20,3,0,2,0,medium::mp-1008677::reference|medium::mp-1102591::reference|medium::mp-1190753::reference,0.690899234265089
loose,medium,medium::mp-1190753::combined_noise_0.015A_0.010,mp-1190753,mp-1190753,TiO2,combined_noise_0.015A_0.010,combined_perturbation,noise,1,20,3,0,2,0,medium::mp-1008677::reference|medium::mp-1102591::reference|medium::mp-1190753::reference,0.6655900925397873
loose,medium,medium::mp-1190753::combined_noise_0.050A_0.010,mp-1190753,mp-1190753,TiO2,combined_noise_0.050A_0.010,combined_perturbation,noise,1,20,3,0,2,0,medium::mp-1008677::reference|medium::mp-1102591::reference|medium::mp-1190753::reference,0.687223294749856
loose,medium,medium::mp-1190753::combined_noise_0.002A_0.030,mp-1190753,mp-1190753,TiO2,combined_noise_0.002A_0.030,combined_perturbation,noise,1,20,3,0,2,0,medium::mp-1008677::reference|medium::mp-1102591::reference|medium::mp-1190753::reference,0.726594353094697
loose,medium,medium::mp-1190753::combined_noise_0.015A_0.030,mp-1190753,mp-1190753,TiO2,combined_noise_0.015A_0.030,combined_perturbation,noise,1,20,3,0,2,0,medium::mp-1008677::reference|medium::mp-1102591::reference|medium::mp-1190753::reference,0.6913400385528803
loose,medium,medium::mp-1190753::combined_noise_0.050A_0.030,mp-1190753,mp-1190753,TiO2,combined_noise_0.050A_0.030,combined_perturbation,noise,1,20,3,0,2,0,medium::mp-1008677::reference|medium::mp-1102591::reference|medium::mp-1190753::reference,0.6957947034388781
loose,medium,medium::mp-1201727::conventional_standard,mp-1201727,mp-1201727,TiO2,conventional_standard,equivalent_transform,no_noise,1,20,1,0,0,0,medium::mp-1201727::reference,2.3768133874982595
loose,medium,medium::mp-1201727::niggli_reduced,mp-1201727,mp-1201727,TiO2,niggli_reduced,equivalent_transform,no_noise,1,20,1,0,0,0,medium::mp-1201727::reference,2.37778396718204
loose,medium,medium::mp-1201727::origin_shifted,mp-1201727,mp-1201727,TiO2,origin_shifted,equivalent_transform,no_noise,1,20,1,0,0,0,medium::mp-1201727::reference,2.2741259820759296
loose,medium,medium::mp-1201727::permuted_sites,mp-1201727,mp-1201727,TiO2,permuted_sites,equivalent_transform,no_noise,1,20,1,0,0,0,medium::mp-1201727::reference,2.6176184229552746
loose,medium,medium::mp-1201727::combined_noise_0.002A_0.003,mp-1201727,mp-1201727,TiO2,combined_noise_0.002A_0.003,combined_perturbation,noise,1,20,1,0,0,0,medium::mp-1201727::reference,2.272867277264595
loose,medium,medium::mp-1201727::combined_noise_0.015A_0.003,mp-1201727,mp-1201727,TiO2,combined_noise_0.015A_0.003,combined_perturbation,noise,1,20,1,0,0,0,medium::mp-1201727::reference,2.279098918661475
loose,medium,medium::mp-1201727::combined_noise_0.050A_0.003,mp-1201727,mp-1201727,TiO2,combined_noise_0.050A_0.003,combined_perturbation,noise,1,20,1,0,0,0,medium::mp-1201727::reference,2.249938525259495
loose,medium,medium::mp-1201727::combined_noise_0.002A_0.010,mp-1201727,mp-1201727,TiO2,combined_noise_0.002A_0.010,combined_perturbation,noise,1,20,1,0,0,0,medium::mp-1201727::reference,2.22693900950253
loose,medium,medium::mp-1201727::combined_noise_0.015A_0.010,mp-1201727,mp-1201727,TiO2,combined_noise_0.015A_0.010,combined_perturbation,noise,1,20,1,0,0,0,medium::mp-1201727::reference,2.207458844408393
loose,medium,medium::mp-1201727::combined_noise_0.050A_0.010,mp-1201727,mp-1201727,TiO2,combined_noise_0.050A_0.010,combined_perturbation,noise,1,20,1,0,0,0,medium::mp-1201727::reference,2.250331213697791
loose,medium,medium::mp-1201727::combined_noise_0.002A_0.030,mp-1201727,mp-1201727,TiO2,combined_noise_0.002A_0.030,combined_perturbation,noise,1,20,1,0,0,0,medium::mp-1201727::reference,2.3092481661587954
loose,medium,medium::mp-1201727::combined_noise_0.015A_0.030,mp-1201727,mp-1201727,TiO2,combined_noise_0.015A_0.030,combined_perturbation,noise,1,20,1,0,0,0,medium::mp-1201727::reference,2.17800460010767
loose,medium,medium::mp-1201727::combined_noise_0.050A_0.030,mp-1201727,mp-1201727,TiO2,combined_noise_0.050A_0.030,combined_perturbation,noise,1,20,1,0,0,0,medium::mp-1201727::reference,2.380953673273325
loose,medium,medium::mp-1245098::conventional_standard,mp-1245098,mp-1245098,TiO2,conventional_standard,equivalent_transform,no_noise,1,20,1,1,0,0,medium::mp-1245098::reference,43.3597053643316
loose,medium,medium::mp-1245098::niggli_reduced,mp-1245098,mp-1245098,TiO2,niggli_reduced,equivalent_transform,no_noise,1,20,1,1,0,0,medium::mp-1245098::reference,43.0750719550997
loose,medium,medium::mp-1245098::origin_shifted,mp-1245098,mp-1245098,TiO2,origin_shifted,equivalent_transform,no_noise,1,20,1,1,0,0,medium::mp-1245098::reference,43.0077262185514
loose,medium,medium::mp-1245098::permuted_sites,mp-1245098,mp-1245098,TiO2,permuted_sites,equivalent_transform,no_noise,1,20,1,1,0,0,medium::mp-1245098::reference,44.03546398319304
loose,medium,medium::mp-1245098::combined_noise_0.002A_0.003,mp-1245098,mp-1245098,TiO2,combined_noise_0.002A_0.003,combined_perturbation,noise,1,20,1,1,0,0,medium::mp-1245098::reference,46.606063118204474
loose,medium,medium::mp-1245098::combined_noise_0.015A_0.003,mp-1245098,mp-1245098,TiO2,combined_noise_0.015A_0.003,combined_perturbation,noise,1,20,1,1,0,0,medium::mp-1245098::reference,41.91820533014834
loose,medium,medium::mp-1245098::combined_noise_0.050A_0.003,mp-1245098,mp-1245098,TiO2,combined_noise_0.050A_0.003,combined_perturbation,noise,1,20,1,1,0,0,medium::mp-1245098::reference,43.1507164016366
loose,medium,medium::mp-1245098::combined_noise_0.002A_0.010,mp-1245098,mp-1245098,TiO2,combined_noise_0.002A_0.010,combined_perturbation,noise,1,20,1,1,0,0,medium::mp-1245098::reference,46.96288061141968
loose,medium,medium::mp-1245098::combined_noise_0.015A_0.010,mp-1245098,mp-1245098,TiO2,combined_noise_0.015A_0.010,combined_perturbation,noise,1,20,1,1,0,0,medium::mp-1245098::reference,46.67003258317709
loose,medium,medium::mp-1245098::combined_noise_0.050A_0.010,mp-1245098,mp-1245098,TiO2,combined_noise_0.050A_0.010,combined_perturbation,noise,1,20,1,1,0,0,medium::mp-1245098::reference,46.15770507603884
loose,medium,medium::mp-1245098::combined_noise_0.002A_0.030,mp-1245098,mp-1245098,TiO2,combined_noise_0.002A_0.030,combined_perturbation,noise,1,20,1,1,0,0,medium::mp-1245098::reference,42.87693652510643
loose,medium,medium::mp-1245098::combined_noise_0.015A_0.030,mp-1245098,mp-1245098,TiO2,combined_noise_0.015A_0.030,combined_perturbation,noise,1,20,1,1,0,0,medium::mp-1245098::reference,46.26349637657404
loose,medium,medium::mp-1245098::combined_noise_0.050A_0.030,mp-1245098,mp-1245098,TiO2,combined_noise_0.050A_0.030,combined_perturbation,noise,1,20,1,1,0,0,medium::mp-1245098::reference,44.169160859659314
loose,medium,medium::mp-1245134::conventional_standard,mp-1245134,mp-1245134,TiO2,conventional_standard,equivalent_transform,no_noise,1,20,1,0,0,0,medium::mp-1245134::reference,39.41452909447253
loose,medium,medium::mp-1245134::niggli_reduced,mp-1245134,mp-1245134,TiO2,niggli_reduced,equivalent_transform,no_noise,1,20,1,0,0,0,medium::mp-1245134::reference,39.456055756658316
loose,medium,medium::mp-1245134::origin_shifted,mp-1245134,mp-1245134,TiO2,origin_shifted,equivalent_transform,no_noise,1,20,1,0,0,0,medium::mp-1245134::reference,38.94278391264379
loose,medium,medium::mp-1245134::permuted_sites,mp-1245134,mp-1245134,TiO2,permuted_sites,equivalent_transform,no_noise,1,20,1,0,0,0,medium::mp-1245134::reference,40.1304940097034
loose,medium,medium::mp-1245134::combined_noise_0.002A_0.003,mp-1245134,mp-1245134,TiO2,combined_noise_0.002A_0.003,combined_perturbation,noise,1,20,1,1,0,0,medium::mp-1245134::reference,39.17958491668105
loose,medium,medium::mp-1245134::combined_noise_0.015A_0.003,mp-1245134,mp-1245134,TiO2,combined_noise_0.015A_0.003,combined_perturbation,noise,1,20,1,1,0,0,medium::mp-1245134::reference,39.71369194611907
loose,medium,medium::mp-1245134::combined_noise_0.050A_0.003,mp-1245134,mp-1245134,TiO2,combined_noise_0.050A_0.003,combined_perturbation,noise,1,20,1,0,0,0,medium::mp-1245134::reference,39.02820881269872
loose,medium,medium::mp-1245134::combined_noise_0.002A_0.010,mp-1245134,mp-1245134,TiO2,combined_noise_0.002A_0.010,combined_perturbation,noise,1,20,1,0,0,0,medium::mp-1245134::reference,43.235210033133626
loose,medium,medium::mp-1245134::combined_noise_0.015A_0.010,mp-1245134,mp-1245134,TiO2,combined_noise_0.015A_0.010,combined_perturbation,noise,1,20,1,0,0,0,medium::mp-1245134::reference,44.28285164758563
loose,medium,medium::mp-1245134::combined_noise_0.050A_0.010,mp-1245134,mp-1245134,TiO2,combined_noise_0.050A_0.010,combined_perturbation,noise,1,20,1,0,0,0,medium::mp-1245134::reference,34.90713079087436
loose,medium,medium::mp-1245134::combined_noise_0.002A_0.030,mp-1245134,mp-1245134,TiO2,combined_noise_0.002A_0.030,combined_perturbation,noise,1,20,1,1,0,0,medium::mp-1245134::reference,40.274416115134954
loose,medium,medium::mp-1245134::combined_noise_0.015A_0.030,mp-1245134,mp-1245134,TiO2,combined_noise_0.015A_0.030,combined_perturbation,noise,1,20,1,0,0,0,medium::mp-1245134::reference,44.0710025280714
loose,medium,medium::mp-1245134::combined_noise_0.050A_0.030,mp-1245134,mp-1245134,TiO2,combined_noise_0.050A_0.030,combined_perturbation,noise,1,20,1,0,0,0,medium::mp-1245134::reference,43.6890472471714
loose,medium,medium::mp-1245308::conventional_standard,mp-1245308,mp-1245308,TiO2,conventional_standard,equivalent_transform,no_noise,1,20,1,1,0,0,medium::mp-1245308::reference,45.868966821581125
loose,medium,medium::mp-1245308::niggli_reduced,mp-1245308,mp-1245308,TiO2,niggli_reduced,equivalent_transform,no_noise,1,20,1,1,0,0,medium::mp-1245308::reference,45.92982667312026
loose,medium,medium::mp-1245308::origin_shifted,mp-1245308,mp-1245308,TiO2,origin_shifted,equivalent_transform,no_noise,1,20,1,1,0,0,medium::mp-1245308::reference,45.511683624237776
loose,medium,medium::mp-1245308::permuted_sites,mp-1245308,mp-1245308,TiO2,permuted_sites,equivalent_transform,no_noise,1,20,1,1,0,0,medium::mp-1245308::reference,46.61219096556306
loose,medium,medium::mp-1245308::combined_noise_0.002A_0.003,mp-1245308,mp-1245308,TiO2,combined_noise_0.002A_0.003,combined_perturbation,noise,1,20,1,1,0,0,medium::mp-1245308::reference,45.40828587859869
loose,medium,medium::mp-1245308::combined_noise_0.015A_0.003,mp-1245308,mp-1245308,TiO2,combined_noise_0.015A_0.003,combined_perturbation,noise,1,20,1,1,0,0,medium::mp-1245308::reference,46.24902491085231
loose,medium,medium::mp-1245308::combined_noise_0.050A_0.003,mp-1245308,mp-1245308,TiO2,combined_noise_0.050A_0.003,combined_perturbation,noise,1,20,1,1,0,0,medium::mp-1245308::reference,45.25342816673219
loose,medium,medium::mp-1245308::combined_noise_0.002A_0.010,mp-1245308,mp-1245308,TiO2,combined_noise_0.002A_0.010,combined_perturbation,noise,1,20,1,1,0,0,medium::mp-1245308::reference,45.32152842544019
loose,medium,medium::mp-1245308::combined_noise_0.015A_0.010,mp-1245308,mp-1245308,TiO2,combined_noise_0.015A_0.010,combined_perturbation,noise,1,20,1,1,0,0,medium::mp-1245308::reference,46.154541719704866
loose,medium,medium::mp-1245308::combined_noise_0.050A_0.010,mp-1245308,mp-1245308,TiO2,combined_noise_0.050A_0.010,combined_perturbation,noise,1,20,1,1,0,0,medium::mp-1245308::reference,46.62234631180763
loose,medium,medium::mp-1245308::combined_noise_0.002A_0.030,mp-1245308,mp-1245308,TiO2,combined_noise_0.002A_0.030,combined_perturbation,noise,1,20,1,1,0,0,medium::mp-1245308::reference,46.90332508832216
loose,medium,medium::mp-1245308::combined_noise_0.015A_0.030,mp-1245308,mp-1245308,TiO2,combined_noise_0.015A_0.030,combined_perturbation,noise,1,20,1,1,0,0,medium::mp-1245308::reference,51.664505291730165
loose,medium,medium::mp-1245308::combined_noise_0.050A_0.030,mp-1245308,mp-1245308,TiO2,combined_noise_0.050A_0.030,combined_perturbation,noise,1,20,1,1,0,0,medium::mp-1245308::reference,45.45326006039977
loose,medium,medium::mp-1245321::conventional_standard,mp-1245321,mp-1245321,TiO2,conventional_standard,equivalent_transform,no_noise,1,20,1,0,0,0,medium::mp-1245321::reference,44.04724754579365
loose,medium,medium::mp-1245321::niggli_reduced,mp-1245321,mp-1245321,TiO2,niggli_reduced,equivalent_transform,no_noise,1,20,1,0,0,0,medium::mp-1245321::reference,43.561155166476965
loose,medium,medium::mp-1245321::origin_shifted,mp-1245321,mp-1245321,TiO2,origin_shifted,equivalent_transform,no_noise,1,20,1,0,0,0,medium::mp-1245321::reference,43.78767383284867
loose,medium,medium::mp-1245321::permuted_sites,mp-1245321,mp-1245321,TiO2,permuted_sites,equivalent_transform,no_noise,1,20,1,0,0,0,medium::mp-1245321::reference,45.0724966917187
loose,medium,medium::mp-1245321::combined_noise_0.002A_0.003,mp-1245321,mp-1245321,TiO2,combined_noise_0.002A_0.003,combined_perturbation,noise,1,20,1,0,0,0,medium::mp-1245321::reference,42.24811554513872
loose,medium,medium::mp-1245321::combined_noise_0.015A_0.003,mp-1245321,mp-1245321,TiO2,combined_noise_0.015A_0.003,combined_perturbation,noise,1,20,1,1,0,0,medium::mp-1245321::reference,44.468011977151036
loose,medium,medium::mp-1245321::combined_noise_0.050A_0.003,mp-1245321,mp-1245321,TiO2,combined_noise_0.050A_0.003,combined_perturbation,noise,1,20,1,1,0,0,medium::mp-1245321::reference,44.18064961209893
loose,medium,medium::mp-1245321::combined_noise_0.002A_0.010,mp-1245321,mp-1245321,TiO2,combined_noise_0.002A_0.010,combined_perturbation,noise,1,20,1,0,0,0,medium::mp-1245321::reference,38.424926828593016
loose,medium,medium::mp-1245321::combined_noise_0.015A_0.010,mp-1245321,mp-1245321,TiO2,combined_noise_0.015A_0.010,combined_perturbation,noise,1,20,1,0,0,0,medium::mp-1245321::reference,38.66109682247043
loose,medium,medium::mp-1245321::combined_noise_0.050A_0.010,mp-1245321,mp-1245321,TiO2,combined_noise_0.050A_0.010,combined_perturbation,noise,1,20,1,1,0,0,medium::mp-1245321::reference,44.11572948098183
loose,medium,medium::mp-1245321::combined_noise_0.002A_0.030,mp-1245321,mp-1245321,TiO2,combined_noise_0.002A_0.030,combined_perturbation,noise,1,20,1,1,0,0,medium::mp-1245321::reference,44.99631179124117
loose,medium,medium::mp-1245321::combined_noise_0.015A_0.030,mp-1245321,mp-1245321,TiO2,combined_noise_0.015A_0.030,combined_perturbation,noise,1,20,1,0,0,0,medium::mp-1245321::reference,43.13487834855914
loose,medium,medium::mp-1245321::combined_noise_0.050A_0.030,mp-1245321,mp-1245321,TiO2,combined_noise_0.050A_0.030,combined_perturbation,noise,1,20,1,0,0,0,medium::mp-1245321::reference,39.74694904498756
loose,medium,medium::mp-1341203::conventional_standard,mp-1341203,mp-1341203,TiO2,conventional_standard,equivalent_transform,no_noise,1,20,1,0,0,0,medium::mp-1341203::reference,0.6107496302574873
loose,medium,medium::mp-1341203::niggli_reduced,mp-1341203,mp-1341203,TiO2,niggli_reduced,equivalent_transform,no_noise,1,20,1,0,0,0,medium::mp-1341203::reference,0.7675101570785046
loose,medium,medium::mp-1341203::origin_shifted,mp-1341203,mp-1341203,TiO2,origin_shifted,equivalent_transform,no_noise,1,20,1,0,0,0,medium::mp-1341203::reference,0.7705923467874527
loose,medium,medium::mp-1341203::permuted_sites,mp-1341203,mp-1341203,TiO2,permuted_sites,equivalent_transform,no_noise,1,20,1,0,0,0,medium::mp-1341203::reference,1.099288372322917
loose,medium,medium::mp-1341203::combined_noise_0.002A_0.003,mp-1341203,mp-1341203,TiO2,combined_noise_0.002A_0.003,combined_perturbation,noise,1,20,2,0,1,0,medium::mp-1341203::reference|medium::mp-1426806::reference,0.6923405025154352
loose,medium,medium::mp-1341203::combined_noise_0.015A_0.003,mp-1341203,mp-1341203,TiO2,combined_noise_0.015A_0.003,combined_perturbation,noise,1,20,1,0,0,0,medium::mp-1341203::reference,0.7638748846948147
loose,medium,medium::mp-1341203::combined_noise_0.050A_0.003,mp-1341203,mp-1341203,TiO2,combined_noise_0.050A_0.003,combined_perturbation,noise,1,20,2,0,1,0,medium::mp-1341203::reference|medium::mp-1426806::reference,0.6438728291541338
loose,medium,medium::mp-1341203::combined_noise_0.002A_0.010,mp-1341203,mp-1341203,TiO2,combined_noise_0.002A_0.010,combined_perturbation,noise,1,20,1,0,0,0,medium::mp-1341203::reference,0.763117466121912
loose,medium,medium::mp-1341203::combined_noise_0.015A_0.010,mp-1341203,mp-1341203,TiO2,combined_noise_0.015A_0.010,combined_perturbation,noise,1,20,1,0,0,0,medium::mp-1341203::reference,0.7530492953956127
loose,medium,medium::mp-1341203::combined_noise_0.050A_0.010,mp-1341203,mp-1341203,TiO2,combined_noise_0.050A_0.010,combined_perturbation,noise,1,20,2,0,1,0,medium::mp-1341203::reference|medium::mp-1426806::reference,0.6367835775017738
loose,medium,medium::mp-1341203::combined_noise_0.002A_0.030,mp-1341203,mp-1341203,TiO2,combined_noise_0.002A_0.030,combined_perturbation,noise,1,20,2,0,1,0,medium::mp-1341203::reference|medium::mp-1426806::reference,0.6298006251454353
loose,medium,medium::mp-1341203::combined_noise_0.015A_0.030,mp-1341203,mp-1341203,TiO2,combined_noise_0.015A_0.030,combined_perturbation,noise,1,20,1,0,0,0,medium::mp-1341203::reference,0.8650142401456833
loose,medium,medium::mp-1341203::combined_noise_0.050A_0.030,mp-1341203,mp-1341203,TiO2,combined_noise_0.050A_0.030,combined_perturbation,noise,1,20,2,0,1,0,medium::mp-1341203::reference|medium::mp-1426806::reference,0.6420834921300411
loose,medium,medium::mp-1350429::conventional_standard,mp-1350429,mp-1350429,TiO2,conventional_standard,equivalent_transform,no_noise,1,20,1,0,0,0,medium::mp-1350429::reference,5.95842818915844
loose,medium,medium::mp-1350429::niggli_reduced,mp-1350429,mp-1350429,TiO2,niggli_reduced,equivalent_transform,no_noise,1,20,1,0,0,0,medium::mp-1350429::reference,5.520690420642495
loose,medium,medium::mp-1350429::origin_shifted,mp-1350429,mp-1350429,TiO2,origin_shifted,equivalent_transform,no_noise,1,20,1,0,0,0,medium::mp-1350429::reference,5.559604724869132
loose,medium,medium::mp-1350429::permuted_sites,mp-1350429,mp-1350429,TiO2,permuted_sites,equivalent_transform,no_noise,1,20,1,0,0,0,medium::mp-1350429::reference,5.7454325389117
loose,medium,medium::mp-1350429::combined_noise_0.002A_0.003,mp-1350429,mp-1350429,TiO2,combined_noise_0.002A_0.003,combined_perturbation,noise,1,20,1,0,0,0,medium::mp-1350429::reference,5.460935631766915
loose,medium,medium::mp-1350429::combined_noise_0.015A_0.003,mp-1350429,mp-1350429,TiO2,combined_noise_0.015A_0.003,combined_perturbation,noise,1,20,1,0,0,0,medium::mp-1350429::reference,5.480730351060629
loose,medium,medium::mp-1350429::combined_noise_0.050A_0.003,mp-1350429,mp-1350429,TiO2,combined_noise_0.050A_0.003,combined_perturbation,noise,1,20,1,0,0,0,medium::mp-1350429::reference,5.402020804584026
loose,medium,medium::mp-1350429::combined_noise_0.002A_0.010,mp-1350429,mp-1350429,TiO2,combined_noise_0.002A_0.010,combined_perturbation,noise,1,20,1,0,0,0,medium::mp-1350429::reference,5.524605872109532
loose,medium,medium::mp-1350429::combined_noise_0.015A_0.010,mp-1350429,mp-1350429,TiO2,combined_noise_0.015A_0.010,combined_perturbation,noise,1,20,1,0,0,0,medium::mp-1350429::reference,5.605949755758047
loose,medium,medium::mp-1350429::combined_noise_0.050A_0.010,mp-1350429,mp-1350429,TiO2,combined_noise_0.050A_0.010,combined_perturbation,noise,1,20,1,0,0,0,medium::mp-1350429::reference,5.584924392402172
loose,medium,medium::mp-1350429::combined_noise_0.002A_0.030,mp-1350429,mp-1350429,TiO2,combined_noise_0.002A_0.030,combined_perturbation,noise,1,20,1,0,0,0,medium::mp-1350429::reference,4.835514904931188
loose,medium,medium::mp-1350429::combined_noise_0.015A_0.030,mp-1350429,mp-1350429,TiO2,combined_noise_0.015A_0.030,combined_perturbation,noise,1,20,1,0,0,0,medium::mp-1350429::reference,5.591611845418811
loose,medium,medium::mp-1350429::combined_noise_0.050A_0.030,mp-1350429,mp-1350429,TiO2,combined_noise_0.050A_0.030,combined_perturbation,noise,1,20,1,0,0,0,medium::mp-1350429::reference,5.918588297441602
loose,medium,medium::mp-1380335::conventional_standard,mp-1380335,mp-1380335,TiO2,conventional_standard,equivalent_transform,no_noise,1,20,1,0,0,0,medium::mp-1380335::reference,1.7392726372927427
loose,medium,medium::mp-1380335::niggli_reduced,mp-1380335,mp-1380335,TiO2,niggli_reduced,equivalent_transform,no_noise,1,20,1,0,0,0,medium::mp-1380335::reference,2.036217613145709
loose,medium,medium::mp-1380335::origin_shifted,mp-1380335,mp-1380335,TiO2,origin_shifted,equivalent_transform,no_noise,1,20,1,0,0,0,medium::mp-1380335::reference,2.0717490445822477
loose,medium,medium::mp-1380335::permuted_sites,mp-1380335,mp-1380335,TiO2,permuted_sites,equivalent_transform,no_noise,1,20,1,0,0,0,medium::mp-1380335::reference,2.740025768056512
loose,medium,medium::mp-1380335::combined_noise_0.002A_0.003,mp-1380335,mp-1380335,TiO2,combined_noise_0.002A_0.003,combined_perturbation,noise,1,20,1,0,0,0,medium::mp-1380335::reference,1.940574437379837
loose,medium,medium::mp-1380335::combined_noise_0.015A_0.003,mp-1380335,mp-1380335,TiO2,combined_noise_0.015A_0.003,combined_perturbation,noise,1,20,1,0,0,0,medium::mp-1380335::reference,1.883145086467266
loose,medium,medium::mp-1380335::combined_noise_0.050A_0.003,mp-1380335,mp-1380335,TiO2,combined_noise_0.050A_0.003,combined_perturbation,noise,1,20,1,0,0,0,medium::mp-1380335::reference,9.107095761224627
loose,medium,medium::mp-1380335::combined_noise_0.002A_0.010,mp-1380335,mp-1380335,TiO2,combined_noise_0.002A_0.010,combined_perturbation,noise,1,20,1,0,0,0,medium::mp-1380335::reference,2.118341814726591
loose,medium,medium::mp-1380335::combined_noise_0.015A_0.010,mp-1380335,mp-1380335,TiO2,combined_noise_0.015A_0.010,combined_perturbation,noise,1,20,1,0,0,0,medium::mp-1380335::reference,1.8932804446667433
loose,medium,medium::mp-1380335::combined_noise_0.050A_0.010,mp-1380335,mp-1380335,TiO2,combined_noise_0.050A_0.010,combined_perturbation,noise,1,20,1,0,0,0,medium::mp-1380335::reference,9.040353305637836
loose,medium,medium::mp-1380335::combined_noise_0.002A_0.030,mp-1380335,mp-1380335,TiO2,combined_noise_0.002A_0.030,combined_perturbation,noise,1,20,1,0,0,0,medium::mp-1380335::reference,1.9554346036165953
loose,medium,medium::mp-1380335::combined_noise_0.015A_0.030,mp-1380335,mp-1380335,TiO2,combined_noise_0.015A_0.030,combined_perturbation,noise,1,20,1,0,0,0,medium::mp-1380335::reference,1.9116647765040398
loose,medium,medium::mp-1380335::combined_noise_0.050A_0.030,mp-1380335,mp-1380335,TiO2,combined_noise_0.050A_0.030,combined_perturbation,noise,1,20,1,0,0,0,medium::mp-1380335::reference,11.70687702856958
loose,medium,medium::mp-1386640::conventional_standard,mp-1386640,mp-1386640,TiO2,conventional_standard,equivalent_transform,no_noise,1,20,1,0,0,0,medium::mp-1386640::reference,0.5094074327498674
loose,medium,medium::mp-1386640::niggli_reduced,mp-1386640,mp-1386640,TiO2,niggli_reduced,equivalent_transform,no_noise,1,20,1,0,0,0,medium::mp-1386640::reference,0.6638409812003374
loose,medium,medium::mp-1386640::origin_shifted,mp-1386640,mp-1386640,TiO2,origin_shifted,equivalent_transform,no_noise,1,20,1,0,0,0,medium::mp-1386640::reference,0.6870430950075388
loose,medium,medium::mp-1386640::permuted_sites,mp-1386640,mp-1386640,TiO2,permuted_sites,equivalent_transform,no_noise,1,20,1,0,0,0,medium::mp-1386640::reference,0.9915973711758852
loose,medium,medium::mp-1386640::combined_noise_0.002A_0.003,mp-1386640,mp-1386640,TiO2,combined_noise_0.002A_0.003,combined_perturbation,noise,1,20,1,0,0,0,medium::mp-1386640::reference,0.6644689124077559
loose,medium,medium::mp-1386640::combined_noise_0.015A_0.003,mp-1386640,mp-1386640,TiO2,combined_noise_0.015A_0.003,combined_perturbation,noise,1,20,1,0,0,0,medium::mp-1386640::reference,0.662081316113472
loose,medium,medium::mp-1386640::combined_noise_0.050A_0.003,mp-1386640,mp-1386640,TiO2,combined_noise_0.050A_0.003,combined_perturbation,noise,1,20,1,0,0,0,medium::mp-1386640::reference,0.6600530315190554
loose,medium,medium::mp-1386640::combined_noise_0.002A_0.010,mp-1386640,mp-1386640,TiO2,combined_noise_0.002A_0.010,combined_perturbation,noise,1,20,1,0,0,0,medium::mp-1386640::reference,0.6628100592643023
loose,medium,medium::mp-1386640::combined_noise_0.015A_0.010,mp-1386640,mp-1386640,TiO2,combined_noise_0.015A_0.010,combined_perturbation,noise,1,20,1,0,0,0,medium::mp-1386640::reference,0.6609604321420193
loose,medium,medium::mp-1386640::combined_noise_0.050A_0.010,mp-1386640,mp-1386640,TiO2,combined_noise_0.050A_0.010,combined_perturbation,noise,1,20,1,0,0,0,medium::mp-1386640::reference,0.6551470886915922
loose,medium,medium::mp-1386640::combined_noise_0.002A_0.030,mp-1386640,mp-1386640,TiO2,combined_noise_0.002A_0.030,combined_perturbation,noise,1,20,1,0,0,0,medium::mp-1386640::reference,0.6432491634041071
loose,medium,medium::mp-1386640::combined_noise_0.015A_0.030,mp-1386640,mp-1386640,TiO2,combined_noise_0.015A_0.030,combined_perturbation,noise,1,20,1,0,0,0,medium::mp-1386640::reference,0.6769978869706392
loose,medium,medium::mp-1386640::combined_noise_0.050A_0.030,mp-1386640,mp-1386640,TiO2,combined_noise_0.050A_0.030,combined_perturbation,noise,1,20,1,0,0,0,medium::mp-1386640::reference,0.6677927039563656
loose,medium,medium::mp-1400963::conventional_standard,mp-1400963,mp-1400963,TiO2,conventional_standard,equivalent_transform,no_noise,1,20,1,0,0,0,medium::mp-1400963::reference,0.44910471700131893
loose,medium,medium::mp-1400963::niggli_reduced,mp-1400963,mp-1400963,TiO2,niggli_reduced,equivalent_transform,no_noise,1,20,1,0,0,0,medium::mp-1400963::reference,0.5550034679472446
loose,medium,medium::mp-1400963::origin_shifted,mp-1400963,mp-1400963,TiO2,origin_shifted,equivalent_transform,no_noise,1,20,1,0,0,0,medium::mp-1400963::reference,0.564575681462884
loose,medium,medium::mp-1400963::permuted_sites,mp-1400963,mp-1400963,TiO2,permuted_sites,equivalent_transform,no_noise,1,20,1,0,0,0,medium::mp-1400963::reference,0.8821969926357269
loose,medium,medium::mp-1400963::combined_noise_0.002A_0.003,mp-1400963,mp-1400963,TiO2,combined_noise_0.002A_0.003,combined_perturbation,noise,1,20,1,0,0,0,medium::mp-1400963::reference,0.5551051031798124
loose,medium,medium::mp-1400963::combined_noise_0.015A_0.003,mp-1400963,mp-1400963,TiO2,combined_noise_0.015A_0.003,combined_perturbation,noise,1,20,1,0,0,0,medium::mp-1400963::reference,0.5562997162342072
loose,medium,medium::mp-1400963::combined_noise_0.050A_0.003,mp-1400963,mp-1400963,TiO2,combined_noise_0.050A_0.003,combined_perturbation,noise,1,20,1,0,0,0,medium::mp-1400963::reference,0.5562810506671667
loose,medium,medium::mp-1400963::combined_noise_0.002A_0.010,mp-1400963,mp-1400963,TiO2,combined_noise_0.002A_0.010,combined_perturbation,noise,1,20,1,0,0,0,medium::mp-1400963::reference,0.5556211080402136
loose,medium,medium::mp-1400963::combined_noise_0.015A_0.010,mp-1400963,mp-1400963,TiO2,combined_noise_0.015A_0.010,combined_perturbation,noise,1,20,1,0,0,0,medium::mp-1400963::reference,0.5568568333983421
loose,medium,medium::mp-1400963::combined_noise_0.050A_0.010,mp-1400963,mp-1400963,TiO2,combined_noise_0.050A_0.010,combined_perturbation,noise,1,20,1,0,0,0,medium::mp-1400963::reference,0.5729161035269499
loose,medium,medium::mp-1400963::combined_noise_0.002A_0.030,mp-1400963,mp-1400963,TiO2,combined_noise_0.002A_0.030,combined_perturbation,noise,1,20,1,0,0,0,medium::mp-1400963::reference,0.5716135632246733
loose,medium,medium::mp-1400963::combined_noise_0.015A_0.030,mp-1400963,mp-1400963,TiO2,combined_noise_0.015A_0.030,combined_perturbation,noise,1,20,1,0,0,0,medium::mp-1400963::reference,0.5728841349482536
loose,medium,medium::mp-1400963::combined_noise_0.050A_0.030,mp-1400963,mp-1400963,TiO2,combined_noise_0.050A_0.030,combined_perturbation,noise,1,20,1,0,0,0,medium::mp-1400963::reference,0.5738711170852184
loose,medium,medium::mp-1408285::conventional_standard,mp-1408285,mp-1408285,TiO2,conventional_standard,equivalent_transform,no_noise,1,20,1,0,0,0,medium::mp-1408285::reference,0.8968343026936054
loose,medium,medium::mp-1408285::niggli_reduced,mp-1408285,mp-1408285,TiO2,niggli_reduced,equivalent_transform,no_noise,1,20,1,0,0,0,medium::mp-1408285::reference,0.9999697934836149
loose,medium,medium::mp-1408285::origin_shifted,mp-1408285,mp-1408285,TiO2,origin_shifted,equivalent_transform,no_noise,1,20,1,0,0,0,medium::mp-1408285::reference,0.9982476271688938
loose,medium,medium::mp-1408285::permuted_sites,mp-1408285,mp-1408285,TiO2,permuted_sites,equivalent_transform,no_noise,1,20,1,0,0,0,medium::mp-1408285::reference,1.3199816513806581
loose,medium,medium::mp-1408285::combined_noise_0.002A_0.003,mp-1408285,mp-1408285,TiO2,combined_noise_0.002A_0.003,combined_perturbation,noise,1,20,1,0,0,0,medium::mp-1408285::reference,0.9798096679151058
loose,medium,medium::mp-1408285::combined_noise_0.015A_0.003,mp-1408285,mp-1408285,TiO2,combined_noise_0.015A_0.003,combined_perturbation,noise,1,20,1,0,0,0,medium::mp-1408285::reference,0.987195547670126
loose,medium,medium::mp-1408285::combined_noise_0.050A_0.003,mp-1408285,mp-1408285,TiO2,combined_noise_0.050A_0.003,combined_perturbation,noise,1,20,1,0,0,0,medium::mp-1408285::reference,0.9913512002676725
loose,medium,medium::mp-1408285::combined_noise_0.002A_0.010,mp-1408285,mp-1408285,TiO2,combined_noise_0.002A_0.010,combined_perturbation,noise,1,20,1,0,0,0,medium::mp-1408285::reference,0.9759229384362698
loose,medium,medium::mp-1408285::combined_noise_0.015A_0.010,mp-1408285,mp-1408285,TiO2,combined_noise_0.015A_0.010,combined_perturbation,noise,1,20,1,0,0,0,medium::mp-1408285::reference,0.9846533797681332
loose,medium,medium::mp-1408285::combined_noise_0.050A_0.010,mp-1408285,mp-1408285,TiO2,combined_noise_0.050A_0.010,combined_perturbation,noise,1,20,1,0,0,0,medium::mp-1408285::reference,3.152836363762617
loose,medium,medium::mp-1408285::combined_noise_0.002A_0.030,mp-1408285,mp-1408285,TiO2,combined_noise_0.002A_0.030,combined_perturbation,noise,1,20,1,0,0,0,medium::mp-1408285::reference,0.9831064883619547
loose,medium,medium::mp-1408285::combined_noise_0.015A_0.030,mp-1408285,mp-1408285,TiO2,combined_noise_0.015A_0.030,combined_perturbation,noise,1,20,1,0,0,0,medium::mp-1408285::reference,0.9671290628612041
loose,medium,medium::mp-1408285::combined_noise_0.050A_0.030,mp-1408285,mp-1408285,TiO2,combined_noise_0.050A_0.030,combined_perturbation,noise,1,20,1,0,0,0,medium::mp-1408285::reference,0.9594245329499245
loose,medium,medium::mp-1426806::conventional_standard,mp-1426806,mp-1426806,TiO2,conventional_standard,equivalent_transform,no_noise,1,20,1,0,0,0,medium::mp-1426806::reference,5.755962947383523
loose,medium,medium::mp-1426806::niggli_reduced,mp-1426806,mp-1426806,TiO2,niggli_reduced,equivalent_transform,no_noise,1,20,1,0,0,0,medium::mp-1426806::reference,5.8503997921943665
loose,medium,medium::mp-1426806::origin_shifted,mp-1426806,mp-1426806,TiO2,origin_shifted,equivalent_transform,no_noise,1,20,1,0,0,0,medium::mp-1426806::reference,5.9037199560552835
loose,medium,medium::mp-1426806::permuted_sites,mp-1426806,mp-1426806,TiO2,permuted_sites,equivalent_transform,no_noise,1,20,1,0,0,0,medium::mp-1426806::reference,6.172479722648859
loose,medium,medium::mp-1426806::combined_noise_0.002A_0.003,mp-1426806,mp-1426806,TiO2,combined_noise_0.002A_0.003,combined_perturbation,noise,1,20,1,0,0,0,medium::mp-1426806::reference,5.772567639127374
loose,medium,medium::mp-1426806::combined_noise_0.015A_0.003,mp-1426806,mp-1426806,TiO2,combined_noise_0.015A_0.003,combined_perturbation,noise,1,20,1,0,0,0,medium::mp-1426806::reference,0.5389011409133673
loose,medium,medium::mp-1426806::combined_noise_0.050A_0.003,mp-1426806,mp-1426806,TiO2,combined_noise_0.050A_0.003,combined_perturbation,noise,1,20,1,0,0,0,medium::mp-1426806::reference,0.540350865572691
loose,medium,medium::mp-1426806::combined_noise_0.002A_0.010,mp-1426806,mp-1426806,TiO2,combined_noise_0.002A_0.010,combined_perturbation,noise,1,20,1,0,0,0,medium::mp-1426806::reference,6.278135430067778
loose,medium,medium::mp-1426806::combined_noise_0.015A_0.010,mp-1426806,mp-1426806,TiO2,combined_noise_0.015A_0.010,combined_perturbation,noise,1,20,1,0,0,0,medium::mp-1426806::reference,0.5322478134185076
loose,medium,medium::mp-1426806::combined_noise_0.050A_0.010,mp-1426806,mp-1426806,TiO2,combined_noise_0.050A_0.010,combined_perturbation,noise,1,20,1,0,0,0,medium::mp-1426806::reference,0.5401623044162989
loose,medium,medium::mp-1426806::combined_noise_0.002A_0.030,mp-1426806,mp-1426806,TiO2,combined_noise_0.002A_0.030,combined_perturbation,noise,1,20,2,0,1,0,medium::mp-1341203::reference|medium::mp-1426806::reference,6.009142050519586
loose,medium,medium::mp-1426806::combined_noise_0.015A_0.030,mp-1426806,mp-1426806,TiO2,combined_noise_0.015A_0.030,combined_perturbation,noise,1,20,2,0,1,0,medium::mp-1341203::reference|medium::mp-1426806::reference,4.658517528325319
loose,medium,medium::mp-1426806::combined_noise_0.050A_0.030,mp-1426806,mp-1426806,TiO2,combined_noise_0.050A_0.030,combined_perturbation,noise,1,20,1,0,0,0,medium::mp-1426806::reference,0.5296359248459339
