split,bucket,entry_id,parent_id,material_id,formula,display_name,family_name,variant,variant_family,nsites,spacegroup_symbol,spacegroup_number,source,path
reference,small,small::mp-1008374::reference,mp-1008374,mp-1008374,C,mp-1008374,C,reference,reference,4,Cmmm,65,materials_project,structures/references/small__mp-1008374__reference__mp-1008374.cif
reference,small,small::mp-1008395::reference,mp-1008395,mp-1008395,C,mp-1008395,C,reference,reference,4,I4/mmm,139,materials_project,structures/references/small__mp-1008395__reference__mp-1008395.cif
reference,small,small::mp-1018088::reference,mp-1018088,mp-1018088,C,mp-1018088,C,reference,reference,4,I4_132,214,materials_project,structures/references/small__mp-1018088__reference__mp-1018088.cif
reference,small,small::mp-1040425::reference,mp-1040425,mp-1040425,C,mp-1040425,C,reference,reference,2,P6/mmm,191,materials_project,structures/references/small__mp-1040425__reference__mp-1040425.cif
reference,small,small::mp-1056957::reference,mp-1056957,mp-1056957,C,mp-1056957,C,reference,reference,2,Cmcm,63,materials_project,structures/references/small__mp-1056957__reference__mp-1056957.cif
reference,small,small::mp-1078845::reference,mp-1078845,mp-1078845,C,mp-1078845,C,reference,reference,8,Cmmm,65,materials_project,structures/references/small__mp-1078845__reference__mp-1078845.cif
reference,small,small::mp-1080826::reference,mp-1080826,mp-1080826,C,mp-1080826,C,reference,reference,8,C2/m,12,materials_project,structures/references/small__mp-1080826__reference__mp-1080826.cif
reference,small,small::mp-1095534::reference,mp-1095534,mp-1095534,C,mp-1095534,C,reference,reference,12,I4/mmm,139,materials_project,structures/references/small__mp-1095534__reference__mp-1095534.cif
reference,small,small::mp-1095633::reference,mp-1095633,mp-1095633,C,mp-1095633,C,reference,reference,12,I4/mmm,139,materials_project,structures/references/small__mp-1095633__reference__mp-1095633.cif
reference,small,small::mp-1097832::reference,mp-1097832,mp-1097832,C,mp-1097832,C,reference,reference,2,Cmcm,63,materials_project,structures/references/small__mp-1097832__reference__mp-1097832.cif
reference,small,small::mp-1181996::reference,mp-1181996,mp-1181996,C,mp-1181996,C,reference,reference,1,I4/mmm,139,materials_project,structures/references/small__mp-1181996__reference__mp-1181996.cif
reference,small,small::mp-1182029::reference,mp-1182029,mp-1182029,C,mp-1182029,C,reference,reference,1,P2/m,10,materials_project,structures/references/small__mp-1182029__reference__mp-1182029.cif
reference,small,small::mp-1188817::reference,mp-1188817,mp-1188817,C,mp-1188817,C,reference,reference,20,Pm-3m,221,materials_project,structures/references/small__mp-1188817__reference__mp-1188817.cif
reference,small,small::mp-1190171::reference,mp-1190171,mp-1190171,C,mp-1190171,C,reference,reference,16,Pnma,62,materials_project,structures/references/small__mp-1190171__reference__mp-1190171.cif
reference,small,small::mp-1192619::reference,mp-1192619,mp-1192619,C,mp-1192619,C,reference,reference,29,I-43m,217,materials_project,structures/references/small__mp-1192619__reference__mp-1192619.cif
reference,small,small::mp-1205417::reference,mp-1205417,mp-1205417,C,mp-1205417,C,reference,reference,20,I4/mmm,139,materials_project,structures/references/small__mp-1205417__reference__mp-1205417.cif
reference,small,small::mp-169::reference,mp-169,mp-169,C,mp-169,C,reference,reference,2,C2/m,12,materials_project,structures/references/small__mp-169__reference__mp-169.cif
reference,small,small::mp-2049878::reference,mp-2049878,mp-2049878,C,mp-2049878,C,reference,reference,2,P6/mmm,191,materials_project,structures/references/small__mp-2049878__reference__mp-2049878.cif
reference,small,small::mp-24::reference,mp-24,mp-24,C,mp-24,C,reference,reference,8,Ia-3,206,materials_project,structures/references/small__mp-24__reference__mp-24.cif
reference,small,small::mp-2516584::reference,mp-2516584,mp-2516584,C,mp-2516584,C,reference,reference,4,R-3m,166,materials_project,structures/references/small__mp-2516584__reference__mp-2516584.cif
reference,small,small::mp-10064::reference,mp-10064,mp-10064,SiO2,mp-10064,SiO2,reference,reference,3,Fm-3m,225,materials_project,structures/references/small__mp-10064__reference__mp-10064.cif
reference,small,small::mp-1021503::reference,mp-1021503,mp-1021503,SiO2,mp-1021503,SiO2,reference,reference,6,Pn-3m,224,materials_project,structures/references/small__mp-1021503__reference__mp-1021503.cif
reference,small,small::mp-1071820::reference,mp-1071820,mp-1071820,SiO2,mp-1071820,SiO2,reference,reference,6,Ibam,72,materials_project,structures/references/small__mp-1071820__reference__mp-1071820.cif
reference,small,small::mp-10851::reference,mp-10851,mp-10851,SiO2,mp-10851,SiO2,reference,reference,9,P6_422,181,materials_project,structures/references/small__mp-10851__reference__mp-10851.cif
reference,small,small::mp-10948::reference,mp-10948,mp-10948,SiO2,mp-10948,SiO2,reference,reference,12,Pbcn,60,materials_project,structures/references/small__mp-10948__reference__mp-10948.cif
reference,small,small::mp-11684::reference,mp-11684,mp-11684,SiO2,mp-11684,SiO2,reference,reference,24,C2/c,15,materials_project,structures/references/small__mp-11684__reference__mp-11684.cif
reference,small,small::mp-1179447::reference,mp-1179447,mp-1179447,SiO2,mp-1179447,SiO2,reference,reference,24,I4_1/amd,141,materials_project,structures/references/small__mp-1179447__reference__mp-1179447.cif
reference,small,small::mp-1179454::reference,mp-1179454,mp-1179454,SiO2,mp-1179454,SiO2,reference,reference,12,I4/mmm,139,materials_project,structures/references/small__mp-1179454__reference__mp-1179454.cif
reference,small,small::mp-1179529::reference,mp-1179529,mp-1179529,SiO2,mp-1179529,SiO2,reference,reference,36,P4_12_12,92,materials_project,structures/references/small__mp-1179529__reference__mp-1179529.cif
reference,small,small::mp-1188220::reference,mp-1188220,mp-1188220,SiO2,mp-1188220,SiO2,reference,reference,18,I-43m,217,materials_project,structures/references/small__mp-1188220__reference__mp-1188220.cif
reference,small,small::mp-12350::reference,mp-12350,mp-12350,SiO2,mp-12350,SiO2,reference,reference,24,Fd-3m,227,materials_project,structures/references/small__mp-12350__reference__mp-12350.cif
reference,small,small::mp-1265115::reference,mp-1265115,mp-1265115,SiO2,mp-1265115,SiO2,reference,reference,24,P1,1,materials_project,structures/references/small__mp-1265115__reference__mp-1265115.cif
reference,small,small::mp-12787::reference,mp-12787,mp-12787,SiO2,mp-12787,SiO2,reference,reference,18,C2/c,15,materials_project,structures/references/small__mp-12787__reference__mp-12787.cif
reference,small,small::mp-1353259::reference,mp-1353259,mp-1353259,SiO2,mp-1353259,SiO2,reference,reference,36,P4_12_12,92,materials_project,structures/references/small__mp-1353259__reference__mp-1353259.cif
reference,small,small::mp-1398433::reference,mp-1398433,mp-1398433,SiO2,mp-1398433,SiO2,reference,reference,12,P1,1,materials_project,structures/references/small__mp-1398433__reference__mp-1398433.cif
reference,small,small::mp-16964::reference,mp-16964,mp-16964,SiO2,mp-16964,SiO2,reference,reference,36,Cmc2_1,36,materials_project,structures/references/small__mp-16964__reference__mp-16964.cif
reference,small,small::mp-17909::reference,mp-17909,mp-17909,SiO2,mp-17909,SiO2,reference,reference,36,R-3m,166,materials_project,structures/references/small__mp-17909__reference__mp-17909.cif
reference,small,small::mp-18280::reference,mp-18280,mp-18280,SiO2,mp-18280,SiO2,reference,reference,36,C2/m,12,materials_project,structures/references/small__mp-18280__reference__mp-18280.cif
reference,small,small::mp-32667::reference,mp-32667,mp-32667,SiO2,mp-32667,SiO2,reference,reference,18,P2_1/c,14,materials_project,structures/references/small__mp-32667__reference__mp-32667.cif
reference,small,small::mp-545488::reference,mp-545488,mp-545488,SiO2,mp-545488,SiO2,reference,reference,12,P2/c,13,materials_project,structures/references/small__mp-545488__reference__mp-545488.cif
reference,small,small::mp-1008677::reference,mp-1008677,mp-1008677,TiO2,mp-1008677,TiO2,reference,reference,3,Fm-3m,225,materials_project,structures/references/small__mp-1008677__reference__mp-1008677.cif
reference,small,small::mp-1041565::reference,mp-1041565,mp-1041565,TiO2,mp-1041565,TiO2,reference,reference,12,Imma,74,materials_project,structures/references/small__mp-1041565__reference__mp-1041565.cif
reference,small,small::mp-1044853::reference,mp-1044853,mp-1044853,TiO2,mp-1044853,TiO2,reference,reference,36,P3m1,156,materials_project,structures/references/small__mp-1044853__reference__mp-1044853.cif
reference,small,small::mp-1079207::reference,mp-1079207,mp-1079207,TiO2,mp-1079207,TiO2,reference,reference,9,P-62m,189,materials_project,structures/references/small__mp-1079207__reference__mp-1079207.cif
reference,small,small::mp-1101022::reference,mp-1101022,mp-1101022,TiO2,mp-1101022,TiO2,reference,reference,12,I4/m,87,materials_project,structures/references/small__mp-1101022__reference__mp-1101022.cif
reference,small,small::mp-1102255::reference,mp-1102255,mp-1102255,TiO2,mp-1102255,TiO2,reference,reference,12,Pnma,62,materials_project,structures/references/small__mp-1102255__reference__mp-1102255.cif
reference,small,small::mp-1102591::reference,mp-1102591,mp-1102591,TiO2,mp-1102591,TiO2,reference,reference,12,Pa-3,205,materials_project,structures/references/small__mp-1102591__reference__mp-1102591.cif
reference,small,small::mp-1190753::reference,mp-1190753,mp-1190753,TiO2,mp-1190753,TiO2,reference,reference,24,Pbca,61,materials_project,structures/references/small__mp-1190753__reference__mp-1190753.cif
reference,small,small::mp-1341203::reference,mp-1341203,mp-1341203,TiO2,mp-1341203,TiO2,reference,reference,24,Pmmn,59,materials_project,structures/references/small__mp-1341203__reference__mp-1341203.cif
reference,small,small::mp-1380335::reference,mp-1380335,mp-1380335,TiO2,mp-1380335,TiO2,reference,reference,36,P3m1,156,materials_project,structures/references/small__mp-1380335__reference__mp-1380335.cif
reference,small,small::mp-1386640::reference,mp-1386640,mp-1386640,TiO2,mp-1386640,TiO2,reference,reference,12,Cmcm,63,materials_project,structures/references/small__mp-1386640__reference__mp-1386640.cif
reference,small,small::mp-1400963::reference,mp-1400963,mp-1400963,TiO2,mp-1400963,TiO2,reference,reference,12,I4/m,87,materials_project,structures/references/small__mp-1400963__reference__mp-1400963.cif
reference,small,small::mp-1408285::reference,mp-1408285,mp-1408285,TiO2,mp-1408285,TiO2,reference,reference,12,R3m,160,materials_project,structures/references/small__mp-1408285__reference__mp-1408285.cif
reference,small,small::mp-1426806::reference,mp-1426806,mp-1426806,TiO2,mp-1426806,TiO2,reference,reference,3,R-3m,166,materials_project,structures/references/small__mp-1426806__reference__mp-1426806.cif
reference,small,small::mp-1439::reference,mp-1439,mp-1439,TiO2,mp-1439,TiO2,reference,reference,12,Pbcn,60,materials_project,structures/references/small__mp-1439__reference__mp-1439.cif
reference,small,small::mp-1445035::reference,mp-1445035,mp-1445035,TiO2,mp-1445035,TiO2,reference,reference,6,P6_3/mmc,194,materials_project,structures/references/small__mp-1445035__reference__mp-1445035.cif
reference,small,small::mp-1840::reference,mp-1840,mp-1840,TiO2,mp-1840,TiO2,reference,reference,24,Pbca,61,materials_project,structures/references/small__mp-1840__reference__mp-1840.cif
reference,small,small::mp-2420244::reference,mp-2420244,mp-2420244,TiO2,mp-2420244,TiO2,reference,reference,12,Pnma,62,materials_project,structures/references/small__mp-2420244__reference__mp-2420244.cif
reference,small,small::mp-25262::reference,mp-25262,mp-25262,TiO2,mp-25262,TiO2,reference,reference,12,Fd-3m,227,materials_project,structures/references/small__mp-25262__reference__mp-25262.cif
reference,small,small::mp-25433::reference,mp-25433,mp-25433,TiO2,mp-25433,TiO2,reference,reference,3,R-3m,166,materials_project,structures/references/small__mp-25433__reference__mp-25433.cif
query,small,small::mp-1008374::conventional_standard,mp-1008374,mp-1008374,C,mp-1008374,C,conventional_standard,equivalent_transform,8,Cmmm,65,materials_project,structures/queries/small__mp-1008374__conventional_standard__mp-1008374.cif
query,small,small::mp-1008374::niggli_reduced,mp-1008374,mp-1008374,C,mp-1008374,C,niggli_reduced,equivalent_transform,4,Cmmm,65,materials_project,structures/queries/small__mp-1008374__niggli_reduced__mp-1008374.cif
query,small,small::mp-1008374::origin_shifted,mp-1008374,mp-1008374,C,mp-1008374,C,origin_shifted,equivalent_transform,4,Cmmm,65,materials_project,structures/queries/small__mp-1008374__origin_shifted__mp-1008374.cif
query,small,small::mp-1008374::permuted_sites,mp-1008374,mp-1008374,C,mp-1008374,C,permuted_sites,equivalent_transform,4,Cmmm,65,materials_project,structures/queries/small__mp-1008374__permuted_sites__mp-1008374.cif
query,small,small::mp-1008374::combined_noise_0.002A_0.003,mp-1008374,mp-1008374,C,mp-1008374,C,combined_noise_0.002A_0.003,combined_perturbation,4,C2/m,12,materials_project,structures/queries/small__mp-1008374__combined_noise_0.002A_0.003__mp-1008374.cif
query,small,small::mp-1008374::combined_noise_0.015A_0.003,mp-1008374,mp-1008374,C,mp-1008374,C,combined_noise_0.015A_0.003,combined_perturbation,4,P1,1,materials_project,structures/queries/small__mp-1008374__combined_noise_0.015A_0.003__mp-1008374.cif
query,small,small::mp-1008374::combined_noise_0.050A_0.003,mp-1008374,mp-1008374,C,mp-1008374,C,combined_noise_0.050A_0.003,combined_perturbation,4,P1,1,materials_project,structures/queries/small__mp-1008374__combined_noise_0.050A_0.003__mp-1008374.cif
query,small,small::mp-1008374::combined_noise_0.002A_0.010,mp-1008374,mp-1008374,C,mp-1008374,C,combined_noise_0.002A_0.010,combined_perturbation,4,Cmmm,65,materials_project,structures/queries/small__mp-1008374__combined_noise_0.002A_0.010__mp-1008374.cif
query,small,small::mp-1008374::combined_noise_0.015A_0.010,mp-1008374,mp-1008374,C,mp-1008374,C,combined_noise_0.015A_0.010,combined_perturbation,4,P1,1,materials_project,structures/queries/small__mp-1008374__combined_noise_0.015A_0.010__mp-1008374.cif
query,small,small::mp-1008374::combined_noise_0.050A_0.010,mp-1008374,mp-1008374,C,mp-1008374,C,combined_noise_0.050A_0.010,combined_perturbation,4,P1,1,materials_project,structures/queries/small__mp-1008374__combined_noise_0.050A_0.010__mp-1008374.cif
query,small,small::mp-1008374::combined_noise_0.002A_0.030,mp-1008374,mp-1008374,C,mp-1008374,C,combined_noise_0.002A_0.030,combined_perturbation,4,P2/m,10,materials_project,structures/queries/small__mp-1008374__combined_noise_0.002A_0.030__mp-1008374.cif
query,small,small::mp-1008374::combined_noise_0.015A_0.030,mp-1008374,mp-1008374,C,mp-1008374,C,combined_noise_0.015A_0.030,combined_perturbation,4,P1,1,materials_project,structures/queries/small__mp-1008374__combined_noise_0.015A_0.030__mp-1008374.cif
query,small,small::mp-1008374::combined_noise_0.050A_0.030,mp-1008374,mp-1008374,C,mp-1008374,C,combined_noise_0.050A_0.030,combined_perturbation,4,P1,1,materials_project,structures/queries/small__mp-1008374__combined_noise_0.050A_0.030__mp-1008374.cif
query,small,small::mp-1008395::conventional_standard,mp-1008395,mp-1008395,C,mp-1008395,C,conventional_standard,equivalent_transform,8,I4/mmm,139,materials_project,structures/queries/small__mp-1008395__conventional_standard__mp-1008395.cif
query,small,small::mp-1008395::niggli_reduced,mp-1008395,mp-1008395,C,mp-1008395,C,niggli_reduced,equivalent_transform,4,I4/mmm,139,materials_project,structures/queries/small__mp-1008395__niggli_reduced__mp-1008395.cif
query,small,small::mp-1008395::origin_shifted,mp-1008395,mp-1008395,C,mp-1008395,C,origin_shifted,equivalent_transform,4,I4/mmm,139,materials_project,structures/queries/small__mp-1008395__origin_shifted__mp-1008395.cif
query,small,small::mp-1008395::permuted_sites,mp-1008395,mp-1008395,C,mp-1008395,C,permuted_sites,equivalent_transform,4,I4/mmm,139,materials_project,structures/queries/small__mp-1008395__permuted_sites__mp-1008395.cif
query,small,small::mp-1008395::combined_noise_0.002A_0.003,mp-1008395,mp-1008395,C,mp-1008395,C,combined_noise_0.002A_0.003,combined_perturbation,4,I4/mmm,139,materials_project,structures/queries/small__mp-1008395__combined_noise_0.002A_0.003__mp-1008395.cif
query,small,small::mp-1008395::combined_noise_0.015A_0.003,mp-1008395,mp-1008395,C,mp-1008395,C,combined_noise_0.015A_0.003,combined_perturbation,4,P1,1,materials_project,structures/queries/small__mp-1008395__combined_noise_0.015A_0.003__mp-1008395.cif
query,small,small::mp-1008395::combined_noise_0.050A_0.003,mp-1008395,mp-1008395,C,mp-1008395,C,combined_noise_0.050A_0.003,combined_perturbation,4,P1,1,materials_project,structures/queries/small__mp-1008395__combined_noise_0.050A_0.003__mp-1008395.cif
query,small,small::mp-1008395::combined_noise_0.002A_0.010,mp-1008395,mp-1008395,C,mp-1008395,C,combined_noise_0.002A_0.010,combined_perturbation,4,I4/mmm,139,materials_project,structures/queries/small__mp-1008395__combined_noise_0.002A_0.010__mp-1008395.cif
query,small,small::mp-1008395::combined_noise_0.015A_0.010,mp-1008395,mp-1008395,C,mp-1008395,C,combined_noise_0.015A_0.010,combined_perturbation,4,P1,1,materials_project,structures/queries/small__mp-1008395__combined_noise_0.015A_0.010__mp-1008395.cif
query,small,small::mp-1008395::combined_noise_0.050A_0.010,mp-1008395,mp-1008395,C,mp-1008395,C,combined_noise_0.050A_0.010,combined_perturbation,4,P1,1,materials_project,structures/queries/small__mp-1008395__combined_noise_0.050A_0.010__mp-1008395.cif
query,small,small::mp-1008395::combined_noise_0.002A_0.030,mp-1008395,mp-1008395,C,mp-1008395,C,combined_noise_0.002A_0.030,combined_perturbation,4,C2,5,materials_project,structures/queries/small__mp-1008395__combined_noise_0.002A_0.030__mp-1008395.cif
query,small,small::mp-1008395::combined_noise_0.015A_0.030,mp-1008395,mp-1008395,C,mp-1008395,C,combined_noise_0.015A_0.030,combined_perturbation,4,P1,1,materials_project,structures/queries/small__mp-1008395__combined_noise_0.015A_0.030__mp-1008395.cif
query,small,small::mp-1008395::combined_noise_0.050A_0.030,mp-1008395,mp-1008395,C,mp-1008395,C,combined_noise_0.050A_0.030,combined_perturbation,4,P1,1,materials_project,structures/queries/small__mp-1008395__combined_noise_0.050A_0.030__mp-1008395.cif
query,small,small::mp-1018088::conventional_standard,mp-1018088,mp-1018088,C,mp-1018088,C,conventional_standard,equivalent_transform,8,I4_132,214,materials_project,structures/queries/small__mp-1018088__conventional_standard__mp-1018088.cif
query,small,small::mp-1018088::niggli_reduced,mp-1018088,mp-1018088,C,mp-1018088,C,niggli_reduced,equivalent_transform,4,I4_132,214,materials_project,structures/queries/small__mp-1018088__niggli_reduced__mp-1018088.cif
query,small,small::mp-1018088::origin_shifted,mp-1018088,mp-1018088,C,mp-1018088,C,origin_shifted,equivalent_transform,4,I4_132,214,materials_project,structures/queries/small__mp-1018088__origin_shifted__mp-1018088.cif
query,small,small::mp-1018088::permuted_sites,mp-1018088,mp-1018088,C,mp-1018088,C,permuted_sites,equivalent_transform,4,I4_132,214,materials_project,structures/queries/small__mp-1018088__permuted_sites__mp-1018088.cif
query,small,small::mp-1018088::combined_noise_0.002A_0.003,mp-1018088,mp-1018088,C,mp-1018088,C,combined_noise_0.002A_0.003,combined_perturbation,4,I4_132,214,materials_project,structures/queries/small__mp-1018088__combined_noise_0.002A_0.003__mp-1018088.cif
query,small,small::mp-1018088::combined_noise_0.015A_0.003,mp-1018088,mp-1018088,C,mp-1018088,C,combined_noise_0.015A_0.003,combined_perturbation,4,P1,1,materials_project,structures/queries/small__mp-1018088__combined_noise_0.015A_0.003__mp-1018088.cif
query,small,small::mp-1018088::combined_noise_0.050A_0.003,mp-1018088,mp-1018088,C,mp-1018088,C,combined_noise_0.050A_0.003,combined_perturbation,4,P1,1,materials_project,structures/queries/small__mp-1018088__combined_noise_0.050A_0.003__mp-1018088.cif
query,small,small::mp-1018088::combined_noise_0.002A_0.010,mp-1018088,mp-1018088,C,mp-1018088,C,combined_noise_0.002A_0.010,combined_perturbation,4,I4_132,214,materials_project,structures/queries/small__mp-1018088__combined_noise_0.002A_0.010__mp-1018088.cif
query,small,small::mp-1018088::combined_noise_0.015A_0.010,mp-1018088,mp-1018088,C,mp-1018088,C,combined_noise_0.015A_0.010,combined_perturbation,4,P1,1,materials_project,structures/queries/small__mp-1018088__combined_noise_0.015A_0.010__mp-1018088.cif
query,small,small::mp-1018088::combined_noise_0.050A_0.010,mp-1018088,mp-1018088,C,mp-1018088,C,combined_noise_0.050A_0.010,combined_perturbation,4,P1,1,materials_project,structures/queries/small__mp-1018088__combined_noise_0.050A_0.010__mp-1018088.cif
query,small,small::mp-1018088::combined_noise_0.002A_0.030,mp-1018088,mp-1018088,C,mp-1018088,C,combined_noise_0.002A_0.030,combined_perturbation,4,C2,5,materials_project,structures/queries/small__mp-1018088__combined_noise_0.002A_0.030__mp-1018088.cif
query,small,small::mp-1018088::combined_noise_0.015A_0.030,mp-1018088,mp-1018088,C,mp-1018088,C,combined_noise_0.015A_0.030,combined_perturbation,4,P1,1,materials_project,structures/queries/small__mp-1018088__combined_noise_0.015A_0.030__mp-1018088.cif
query,small,small::mp-1018088::combined_noise_0.050A_0.030,mp-1018088,mp-1018088,C,mp-1018088,C,combined_noise_0.050A_0.030,combined_perturbation,4,P1,1,materials_project,structures/queries/small__mp-1018088__combined_noise_0.050A_0.030__mp-1018088.cif
query,small,small::mp-1040425::conventional_standard,mp-1040425,mp-1040425,C,mp-1040425,C,conventional_standard,equivalent_transform,2,P6/mmm,191,materials_project,structures/queries/small__mp-1040425__conventional_standard__mp-1040425.cif
query,small,small::mp-1040425::niggli_reduced,mp-1040425,mp-1040425,C,mp-1040425,C,niggli_reduced,equivalent_transform,2,P6/mmm,191,materials_project,structures/queries/small__mp-1040425__niggli_reduced__mp-1040425.cif
query,small,small::mp-1040425::origin_shifted,mp-1040425,mp-1040425,C,mp-1040425,C,origin_shifted,equivalent_transform,2,P6/mmm,191,materials_project,structures/queries/small__mp-1040425__origin_shifted__mp-1040425.cif
query,small,small::mp-1040425::permuted_sites,mp-1040425,mp-1040425,C,mp-1040425,C,permuted_sites,equivalent_transform,2,P6/mmm,191,materials_project,structures/queries/small__mp-1040425__permuted_sites__mp-1040425.cif
query,small,small::mp-1040425::combined_noise_0.002A_0.003,mp-1040425,mp-1040425,C,mp-1040425,C,combined_noise_0.002A_0.003,combined_perturbation,2,C2/m,12,materials_project,structures/queries/small__mp-1040425__combined_noise_0.002A_0.003__mp-1040425.cif
query,small,small::mp-1040425::combined_noise_0.015A_0.003,mp-1040425,mp-1040425,C,mp-1040425,C,combined_noise_0.015A_0.003,combined_perturbation,2,Cmmm,65,materials_project,structures/queries/small__mp-1040425__combined_noise_0.015A_0.003__mp-1040425.cif
query,small,small::mp-1040425::combined_noise_0.050A_0.003,mp-1040425,mp-1040425,C,mp-1040425,C,combined_noise_0.050A_0.003,combined_perturbation,2,P-1,2,materials_project,structures/queries/small__mp-1040425__combined_noise_0.050A_0.003__mp-1040425.cif
query,small,small::mp-1040425::combined_noise_0.002A_0.010,mp-1040425,mp-1040425,C,mp-1040425,C,combined_noise_0.002A_0.010,combined_perturbation,2,Cmmm,65,materials_project,structures/queries/small__mp-1040425__combined_noise_0.002A_0.010__mp-1040425.cif
query,small,small::mp-1040425::combined_noise_0.015A_0.010,mp-1040425,mp-1040425,C,mp-1040425,C,combined_noise_0.015A_0.010,combined_perturbation,2,P-1,2,materials_project,structures/queries/small__mp-1040425__combined_noise_0.015A_0.010__mp-1040425.cif
query,small,small::mp-1040425::combined_noise_0.050A_0.010,mp-1040425,mp-1040425,C,mp-1040425,C,combined_noise_0.050A_0.010,combined_perturbation,2,P-1,2,materials_project,structures/queries/small__mp-1040425__combined_noise_0.050A_0.010__mp-1040425.cif
query,small,small::mp-1040425::combined_noise_0.002A_0.030,mp-1040425,mp-1040425,C,mp-1040425,C,combined_noise_0.002A_0.030,combined_perturbation,2,Cmmm,65,materials_project,structures/queries/small__mp-1040425__combined_noise_0.002A_0.030__mp-1040425.cif
query,small,small::mp-1040425::combined_noise_0.015A_0.030,mp-1040425,mp-1040425,C,mp-1040425,C,combined_noise_0.015A_0.030,combined_perturbation,2,P-1,2,materials_project,structures/queries/small__mp-1040425__combined_noise_0.015A_0.030__mp-1040425.cif
query,small,small::mp-1040425::combined_noise_0.050A_0.030,mp-1040425,mp-1040425,C,mp-1040425,C,combined_noise_0.050A_0.030,combined_perturbation,2,P-1,2,materials_project,structures/queries/small__mp-1040425__combined_noise_0.050A_0.030__mp-1040425.cif
query,small,small::mp-1056957::conventional_standard,mp-1056957,mp-1056957,C,mp-1056957,C,conventional_standard,equivalent_transform,4,Cmcm,63,materials_project,structures/queries/small__mp-1056957__conventional_standard__mp-1056957.cif
query,small,small::mp-1056957::niggli_reduced,mp-1056957,mp-1056957,C,mp-1056957,C,niggli_reduced,equivalent_transform,2,Cmcm,63,materials_project,structures/queries/small__mp-1056957__niggli_reduced__mp-1056957.cif
query,small,small::mp-1056957::origin_shifted,mp-1056957,mp-1056957,C,mp-1056957,C,origin_shifted,equivalent_transform,2,Cmcm,63,materials_project,structures/queries/small__mp-1056957__origin_shifted__mp-1056957.cif
query,small,small::mp-1056957::permuted_sites,mp-1056957,mp-1056957,C,mp-1056957,C,permuted_sites,equivalent_transform,2,Cmcm,63,materials_project,structures/queries/small__mp-1056957__permuted_sites__mp-1056957.cif
query,small,small::mp-1056957::combined_noise_0.002A_0.003,mp-1056957,mp-1056957,C,mp-1056957,C,combined_noise_0.002A_0.003,combined_perturbation,2,P2_1/m,11,materials_project,structures/queries/small__mp-1056957__combined_noise_0.002A_0.003__mp-1056957.cif
query,small,small::mp-1056957::combined_noise_0.015A_0.003,mp-1056957,mp-1056957,C,mp-1056957,C,combined_noise_0.015A_0.003,combined_perturbation,2,P-1,2,materials_project,structures/queries/small__mp-1056957__combined_noise_0.015A_0.003__mp-1056957.cif
query,small,small::mp-1056957::combined_noise_0.050A_0.003,mp-1056957,mp-1056957,C,mp-1056957,C,combined_noise_0.050A_0.003,combined_perturbation,2,P-1,2,materials_project,structures/queries/small__mp-1056957__combined_noise_0.050A_0.003__mp-1056957.cif
query,small,small::mp-1056957::combined_noise_0.002A_0.010,mp-1056957,mp-1056957,C,mp-1056957,C,combined_noise_0.002A_0.010,combined_perturbation,2,Cmcm,63,materials_project,structures/queries/small__mp-1056957__combined_noise_0.002A_0.010__mp-1056957.cif
query,small,small::mp-1056957::combined_noise_0.015A_0.010,mp-1056957,mp-1056957,C,mp-1056957,C,combined_noise_0.015A_0.010,combined_perturbation,2,P-1,2,materials_project,structures/queries/small__mp-1056957__combined_noise_0.015A_0.010__mp-1056957.cif
query,small,small::mp-1056957::combined_noise_0.050A_0.010,mp-1056957,mp-1056957,C,mp-1056957,C,combined_noise_0.050A_0.010,combined_perturbation,2,P-1,2,materials_project,structures/queries/small__mp-1056957__combined_noise_0.050A_0.010__mp-1056957.cif
query,small,small::mp-1056957::combined_noise_0.002A_0.030,mp-1056957,mp-1056957,C,mp-1056957,C,combined_noise_0.002A_0.030,combined_perturbation,2,Cmcm,63,materials_project,structures/queries/small__mp-1056957__combined_noise_0.002A_0.030__mp-1056957.cif
query,small,small::mp-1056957::combined_noise_0.015A_0.030,mp-1056957,mp-1056957,C,mp-1056957,C,combined_noise_0.015A_0.030,combined_perturbation,2,P-1,2,materials_project,structures/queries/small__mp-1056957__combined_noise_0.015A_0.030__mp-1056957.cif
query,small,small::mp-1056957::combined_noise_0.050A_0.030,mp-1056957,mp-1056957,C,mp-1056957,C,combined_noise_0.050A_0.030,combined_perturbation,2,P-1,2,materials_project,structures/queries/small__mp-1056957__combined_noise_0.050A_0.030__mp-1056957.cif
query,small,small::mp-1078845::conventional_standard,mp-1078845,mp-1078845,C,mp-1078845,C,conventional_standard,equivalent_transform,16,Cmmm,65,materials_project,structures/queries/small__mp-1078845__conventional_standard__mp-1078845.cif
query,small,small::mp-1078845::niggli_reduced,mp-1078845,mp-1078845,C,mp-1078845,C,niggli_reduced,equivalent_transform,8,Cmmm,65,materials_project,structures/queries/small__mp-1078845__niggli_reduced__mp-1078845.cif
query,small,small::mp-1078845::origin_shifted,mp-1078845,mp-1078845,C,mp-1078845,C,origin_shifted,equivalent_transform,8,Cmmm,65,materials_project,structures/queries/small__mp-1078845__origin_shifted__mp-1078845.cif
query,small,small::mp-1078845::permuted_sites,mp-1078845,mp-1078845,C,mp-1078845,C,permuted_sites,equivalent_transform,8,Cmmm,65,materials_project,structures/queries/small__mp-1078845__permuted_sites__mp-1078845.cif
query,small,small::mp-1078845::combined_noise_0.002A_0.003,mp-1078845,mp-1078845,C,mp-1078845,C,combined_noise_0.002A_0.003,combined_perturbation,8,Cmmm,65,materials_project,structures/queries/small__mp-1078845__combined_noise_0.002A_0.003__mp-1078845.cif
query,small,small::mp-1078845::combined_noise_0.015A_0.003,mp-1078845,mp-1078845,C,mp-1078845,C,combined_noise_0.015A_0.003,combined_perturbation,8,P1,1,materials_project,structures/queries/small__mp-1078845__combined_noise_0.015A_0.003__mp-1078845.cif
query,small,small::mp-1078845::combined_noise_0.050A_0.003,mp-1078845,mp-1078845,C,mp-1078845,C,combined_noise_0.050A_0.003,combined_perturbation,8,P1,1,materials_project,structures/queries/small__mp-1078845__combined_noise_0.050A_0.003__mp-1078845.cif
query,small,small::mp-1078845::combined_noise_0.002A_0.010,mp-1078845,mp-1078845,C,mp-1078845,C,combined_noise_0.002A_0.010,combined_perturbation,8,C2,5,materials_project,structures/queries/small__mp-1078845__combined_noise_0.002A_0.010__mp-1078845.cif
query,small,small::mp-1078845::combined_noise_0.015A_0.010,mp-1078845,mp-1078845,C,mp-1078845,C,combined_noise_0.015A_0.010,combined_perturbation,8,P1,1,materials_project,structures/queries/small__mp-1078845__combined_noise_0.015A_0.010__mp-1078845.cif
query,small,small::mp-1078845::combined_noise_0.050A_0.010,mp-1078845,mp-1078845,C,mp-1078845,C,combined_noise_0.050A_0.010,combined_perturbation,8,P1,1,materials_project,structures/queries/small__mp-1078845__combined_noise_0.050A_0.010__mp-1078845.cif
query,small,small::mp-1078845::combined_noise_0.002A_0.030,mp-1078845,mp-1078845,C,mp-1078845,C,combined_noise_0.002A_0.030,combined_perturbation,8,C2,5,materials_project,structures/queries/small__mp-1078845__combined_noise_0.002A_0.030__mp-1078845.cif
query,small,small::mp-1078845::combined_noise_0.015A_0.030,mp-1078845,mp-1078845,C,mp-1078845,C,combined_noise_0.015A_0.030,combined_perturbation,8,P1,1,materials_project,structures/queries/small__mp-1078845__combined_noise_0.015A_0.030__mp-1078845.cif
query,small,small::mp-1078845::combined_noise_0.050A_0.030,mp-1078845,mp-1078845,C,mp-1078845,C,combined_noise_0.050A_0.030,combined_perturbation,8,P1,1,materials_project,structures/queries/small__mp-1078845__combined_noise_0.050A_0.030__mp-1078845.cif
query,small,small::mp-1080826::conventional_standard,mp-1080826,mp-1080826,C,mp-1080826,C,conventional_standard,equivalent_transform,16,C2/m,12,materials_project,structures/queries/small__mp-1080826__conventional_standard__mp-1080826.cif
query,small,small::mp-1080826::niggli_reduced,mp-1080826,mp-1080826,C,mp-1080826,C,niggli_reduced,equivalent_transform,8,C2/m,12,materials_project,structures/queries/small__mp-1080826__niggli_reduced__mp-1080826.cif
query,small,small::mp-1080826::origin_shifted,mp-1080826,mp-1080826,C,mp-1080826,C,origin_shifted,equivalent_transform,8,C2/m,12,materials_project,structures/queries/small__mp-1080826__origin_shifted__mp-1080826.cif
query,small,small::mp-1080826::permuted_sites,mp-1080826,mp-1080826,C,mp-1080826,C,permuted_sites,equivalent_transform,8,C2/m,12,materials_project,structures/queries/small__mp-1080826__permuted_sites__mp-1080826.cif
query,small,small::mp-1080826::combined_noise_0.002A_0.003,mp-1080826,mp-1080826,C,mp-1080826,C,combined_noise_0.002A_0.003,combined_perturbation,8,P-1,2,materials_project,structures/queries/small__mp-1080826__combined_noise_0.002A_0.003__mp-1080826.cif
query,small,small::mp-1080826::combined_noise_0.015A_0.003,mp-1080826,mp-1080826,C,mp-1080826,C,combined_noise_0.015A_0.003,combined_perturbation,8,P1,1,materials_project,structures/queries/small__mp-1080826__combined_noise_0.015A_0.003__mp-1080826.cif
query,small,small::mp-1080826::combined_noise_0.050A_0.003,mp-1080826,mp-1080826,C,mp-1080826,C,combined_noise_0.050A_0.003,combined_perturbation,8,P1,1,materials_project,structures/queries/small__mp-1080826__combined_noise_0.050A_0.003__mp-1080826.cif
query,small,small::mp-1080826::combined_noise_0.002A_0.010,mp-1080826,mp-1080826,C,mp-1080826,C,combined_noise_0.002A_0.010,combined_perturbation,8,P-1,2,materials_project,structures/queries/small__mp-1080826__combined_noise_0.002A_0.010__mp-1080826.cif
query,small,small::mp-1080826::combined_noise_0.015A_0.010,mp-1080826,mp-1080826,C,mp-1080826,C,combined_noise_0.015A_0.010,combined_perturbation,8,P1,1,materials_project,structures/queries/small__mp-1080826__combined_noise_0.015A_0.010__mp-1080826.cif
query,small,small::mp-1080826::combined_noise_0.050A_0.010,mp-1080826,mp-1080826,C,mp-1080826,C,combined_noise_0.050A_0.010,combined_perturbation,8,P1,1,materials_project,structures/queries/small__mp-1080826__combined_noise_0.050A_0.010__mp-1080826.cif
query,small,small::mp-1080826::combined_noise_0.002A_0.030,mp-1080826,mp-1080826,C,mp-1080826,C,combined_noise_0.002A_0.030,combined_perturbation,8,C2/m,12,materials_project,structures/queries/small__mp-1080826__combined_noise_0.002A_0.030__mp-1080826.cif
query,small,small::mp-1080826::combined_noise_0.015A_0.030,mp-1080826,mp-1080826,C,mp-1080826,C,combined_noise_0.015A_0.030,combined_perturbation,8,P1,1,materials_project,structures/queries/small__mp-1080826__combined_noise_0.015A_0.030__mp-1080826.cif
query,small,small::mp-1080826::combined_noise_0.050A_0.030,mp-1080826,mp-1080826,C,mp-1080826,C,combined_noise_0.050A_0.030,combined_perturbation,8,P1,1,materials_project,structures/queries/small__mp-1080826__combined_noise_0.050A_0.030__mp-1080826.cif
query,small,small::mp-1095534::conventional_standard,mp-1095534,mp-1095534,C,mp-1095534,C,conventional_standard,equivalent_transform,24,I4/mmm,139,materials_project,structures/queries/small__mp-1095534__conventional_standard__mp-1095534.cif
query,small,small::mp-1095534::niggli_reduced,mp-1095534,mp-1095534,C,mp-1095534,C,niggli_reduced,equivalent_transform,12,I4/mmm,139,materials_project,structures/queries/small__mp-1095534__niggli_reduced__mp-1095534.cif
query,small,small::mp-1095534::origin_shifted,mp-1095534,mp-1095534,C,mp-1095534,C,origin_shifted,equivalent_transform,12,I4/mmm,139,materials_project,structures/queries/small__mp-1095534__origin_shifted__mp-1095534.cif
query,small,small::mp-1095534::permuted_sites,mp-1095534,mp-1095534,C,mp-1095534,C,permuted_sites,equivalent_transform,12,I4/mmm,139,materials_project,structures/queries/small__mp-1095534__permuted_sites__mp-1095534.cif
query,small,small::mp-1095534::combined_noise_0.002A_0.003,mp-1095534,mp-1095534,C,mp-1095534,C,combined_noise_0.002A_0.003,combined_perturbation,12,C2,5,materials_project,structures/queries/small__mp-1095534__combined_noise_0.002A_0.003__mp-1095534.cif
query,small,small::mp-1095534::combined_noise_0.015A_0.003,mp-1095534,mp-1095534,C,mp-1095534,C,combined_noise_0.015A_0.003,combined_perturbation,12,P1,1,materials_project,structures/queries/small__mp-1095534__combined_noise_0.015A_0.003__mp-1095534.cif
query,small,small::mp-1095534::combined_noise_0.050A_0.003,mp-1095534,mp-1095534,C,mp-1095534,C,combined_noise_0.050A_0.003,combined_perturbation,12,P1,1,materials_project,structures/queries/small__mp-1095534__combined_noise_0.050A_0.003__mp-1095534.cif
query,small,small::mp-1095534::combined_noise_0.002A_0.010,mp-1095534,mp-1095534,C,mp-1095534,C,combined_noise_0.002A_0.010,combined_perturbation,12,Cm,8,materials_project,structures/queries/small__mp-1095534__combined_noise_0.002A_0.010__mp-1095534.cif
query,small,small::mp-1095534::combined_noise_0.015A_0.010,mp-1095534,mp-1095534,C,mp-1095534,C,combined_noise_0.015A_0.010,combined_perturbation,12,P1,1,materials_project,structures/queries/small__mp-1095534__combined_noise_0.015A_0.010__mp-1095534.cif
query,small,small::mp-1095534::combined_noise_0.050A_0.010,mp-1095534,mp-1095534,C,mp-1095534,C,combined_noise_0.050A_0.010,combined_perturbation,12,P1,1,materials_project,structures/queries/small__mp-1095534__combined_noise_0.050A_0.010__mp-1095534.cif
query,small,small::mp-1095534::combined_noise_0.002A_0.030,mp-1095534,mp-1095534,C,mp-1095534,C,combined_noise_0.002A_0.030,combined_perturbation,12,P1,1,materials_project,structures/queries/small__mp-1095534__combined_noise_0.002A_0.030__mp-1095534.cif
query,small,small::mp-1095534::combined_noise_0.015A_0.030,mp-1095534,mp-1095534,C,mp-1095534,C,combined_noise_0.015A_0.030,combined_perturbation,12,P1,1,materials_project,structures/queries/small__mp-1095534__combined_noise_0.015A_0.030__mp-1095534.cif
query,small,small::mp-1095534::combined_noise_0.050A_0.030,mp-1095534,mp-1095534,C,mp-1095534,C,combined_noise_0.050A_0.030,combined_perturbation,12,P1,1,materials_project,structures/queries/small__mp-1095534__combined_noise_0.050A_0.030__mp-1095534.cif
query,small,small::mp-1095633::conventional_standard,mp-1095633,mp-1095633,C,mp-1095633,C,conventional_standard,equivalent_transform,24,I4/mmm,139,materials_project,structures/queries/small__mp-1095633__conventional_standard__mp-1095633.cif
query,small,small::mp-1095633::niggli_reduced,mp-1095633,mp-1095633,C,mp-1095633,C,niggli_reduced,equivalent_transform,12,I4/mmm,139,materials_project,structures/queries/small__mp-1095633__niggli_reduced__mp-1095633.cif
query,small,small::mp-1095633::origin_shifted,mp-1095633,mp-1095633,C,mp-1095633,C,origin_shifted,equivalent_transform,12,I4/mmm,139,materials_project,structures/queries/small__mp-1095633__origin_shifted__mp-1095633.cif
query,small,small::mp-1095633::permuted_sites,mp-1095633,mp-1095633,C,mp-1095633,C,permuted_sites,equivalent_transform,12,I4/mmm,139,materials_project,structures/queries/small__mp-1095633__permuted_sites__mp-1095633.cif
query,small,small::mp-1095633::combined_noise_0.002A_0.003,mp-1095633,mp-1095633,C,mp-1095633,C,combined_noise_0.002A_0.003,combined_perturbation,12,C2,5,materials_project,structures/queries/small__mp-1095633__combined_noise_0.002A_0.003__mp-1095633.cif
query,small,small::mp-1095633::combined_noise_0.015A_0.003,mp-1095633,mp-1095633,C,mp-1095633,C,combined_noise_0.015A_0.003,combined_perturbation,12,P1,1,materials_project,structures/queries/small__mp-1095633__combined_noise_0.015A_0.003__mp-1095633.cif
query,small,small::mp-1095633::combined_noise_0.050A_0.003,mp-1095633,mp-1095633,C,mp-1095633,C,combined_noise_0.050A_0.003,combined_perturbation,12,P1,1,materials_project,structures/queries/small__mp-1095633__combined_noise_0.050A_0.003__mp-1095633.cif
query,small,small::mp-1095633::combined_noise_0.002A_0.010,mp-1095633,mp-1095633,C,mp-1095633,C,combined_noise_0.002A_0.010,combined_perturbation,12,Cm,8,materials_project,structures/queries/small__mp-1095633__combined_noise_0.002A_0.010__mp-1095633.cif
query,small,small::mp-1095633::combined_noise_0.015A_0.010,mp-1095633,mp-1095633,C,mp-1095633,C,combined_noise_0.015A_0.010,combined_perturbation,12,P1,1,materials_project,structures/queries/small__mp-1095633__combined_noise_0.015A_0.010__mp-1095633.cif
query,small,small::mp-1095633::combined_noise_0.050A_0.010,mp-1095633,mp-1095633,C,mp-1095633,C,combined_noise_0.050A_0.010,combined_perturbation,12,P1,1,materials_project,structures/queries/small__mp-1095633__combined_noise_0.050A_0.010__mp-1095633.cif
query,small,small::mp-1095633::combined_noise_0.002A_0.030,mp-1095633,mp-1095633,C,mp-1095633,C,combined_noise_0.002A_0.030,combined_perturbation,12,I4/mmm,139,materials_project,structures/queries/small__mp-1095633__combined_noise_0.002A_0.030__mp-1095633.cif
query,small,small::mp-1095633::combined_noise_0.015A_0.030,mp-1095633,mp-1095633,C,mp-1095633,C,combined_noise_0.015A_0.030,combined_perturbation,12,P1,1,materials_project,structures/queries/small__mp-1095633__combined_noise_0.015A_0.030__mp-1095633.cif
query,small,small::mp-1095633::combined_noise_0.050A_0.030,mp-1095633,mp-1095633,C,mp-1095633,C,combined_noise_0.050A_0.030,combined_perturbation,12,P1,1,materials_project,structures/queries/small__mp-1095633__combined_noise_0.050A_0.030__mp-1095633.cif
query,small,small::mp-1097832::conventional_standard,mp-1097832,mp-1097832,C,mp-1097832,C,conventional_standard,equivalent_transform,4,Cmcm,63,materials_project,structures/queries/small__mp-1097832__conventional_standard__mp-1097832.cif
query,small,small::mp-1097832::niggli_reduced,mp-1097832,mp-1097832,C,mp-1097832,C,niggli_reduced,equivalent_transform,2,Cmcm,63,materials_project,structures/queries/small__mp-1097832__niggli_reduced__mp-1097832.cif
query,small,small::mp-1097832::origin_shifted,mp-1097832,mp-1097832,C,mp-1097832,C,origin_shifted,equivalent_transform,2,Cmcm,63,materials_project,structures/queries/small__mp-1097832__origin_shifted__mp-1097832.cif
query,small,small::mp-1097832::permuted_sites,mp-1097832,mp-1097832,C,mp-1097832,C,permuted_sites,equivalent_transform,2,Cmcm,63,materials_project,structures/queries/small__mp-1097832__permuted_sites__mp-1097832.cif
query,small,small::mp-1097832::combined_noise_0.002A_0.003,mp-1097832,mp-1097832,C,mp-1097832,C,combined_noise_0.002A_0.003,combined_perturbation,2,Cmcm,63,materials_project,structures/queries/small__mp-1097832__combined_noise_0.002A_0.003__mp-1097832.cif
query,small,small::mp-1097832::combined_noise_0.015A_0.003,mp-1097832,mp-1097832,C,mp-1097832,C,combined_noise_0.015A_0.003,combined_perturbation,2,P-1,2,materials_project,structures/queries/small__mp-1097832__combined_noise_0.015A_0.003__mp-1097832.cif
query,small,small::mp-1097832::combined_noise_0.050A_0.003,mp-1097832,mp-1097832,C,mp-1097832,C,combined_noise_0.050A_0.003,combined_perturbation,2,P-1,2,materials_project,structures/queries/small__mp-1097832__combined_noise_0.050A_0.003__mp-1097832.cif
query,small,small::mp-1097832::combined_noise_0.002A_0.010,mp-1097832,mp-1097832,C,mp-1097832,C,combined_noise_0.002A_0.010,combined_perturbation,2,Cmcm,63,materials_project,structures/queries/small__mp-1097832__combined_noise_0.002A_0.010__mp-1097832.cif
query,small,small::mp-1097832::combined_noise_0.015A_0.010,mp-1097832,mp-1097832,C,mp-1097832,C,combined_noise_0.015A_0.010,combined_perturbation,2,P-1,2,materials_project,structures/queries/small__mp-1097832__combined_noise_0.015A_0.010__mp-1097832.cif
query,small,small::mp-1097832::combined_noise_0.050A_0.010,mp-1097832,mp-1097832,C,mp-1097832,C,combined_noise_0.050A_0.010,combined_perturbation,2,P-1,2,materials_project,structures/queries/small__mp-1097832__combined_noise_0.050A_0.010__mp-1097832.cif
query,small,small::mp-1097832::combined_noise_0.002A_0.030,mp-1097832,mp-1097832,C,mp-1097832,C,combined_noise_0.002A_0.030,combined_perturbation,2,Cmcm,63,materials_project,structures/queries/small__mp-1097832__combined_noise_0.002A_0.030__mp-1097832.cif
query,small,small::mp-1097832::combined_noise_0.015A_0.030,mp-1097832,mp-1097832,C,mp-1097832,C,combined_noise_0.015A_0.030,combined_perturbation,2,P-1,2,materials_project,structures/queries/small__mp-1097832__combined_noise_0.015A_0.030__mp-1097832.cif
query,small,small::mp-1097832::combined_noise_0.050A_0.030,mp-1097832,mp-1097832,C,mp-1097832,C,combined_noise_0.050A_0.030,combined_perturbation,2,P-1,2,materials_project,structures/queries/small__mp-1097832__combined_noise_0.050A_0.030__mp-1097832.cif
query,small,small::mp-1181996::conventional_standard,mp-1181996,mp-1181996,C,mp-1181996,C,conventional_standard,equivalent_transform,2,I4/mmm,139,materials_project,structures/queries/small__mp-1181996__conventional_standard__mp-1181996.cif
query,small,small::mp-1181996::niggli_reduced,mp-1181996,mp-1181996,C,mp-1181996,C,niggli_reduced,equivalent_transform,1,I4/mmm,139,materials_project,structures/queries/small__mp-1181996__niggli_reduced__mp-1181996.cif
query,small,small::mp-1181996::origin_shifted,mp-1181996,mp-1181996,C,mp-1181996,C,origin_shifted,equivalent_transform,1,I4/mmm,139,materials_project,structures/queries/small__mp-1181996__origin_shifted__mp-1181996.cif
query,small,small::mp-1181996::permuted_sites,mp-1181996,mp-1181996,C,mp-1181996,C,permuted_sites,equivalent_transform,1,I4/mmm,139,materials_project,structures/queries/small__mp-1181996__permuted_sites__mp-1181996.cif
query,small,small::mp-1181996::combined_noise_0.002A_0.003,mp-1181996,mp-1181996,C,mp-1181996,C,combined_noise_0.002A_0.003,combined_perturbation,1,Immm,71,materials_project,structures/queries/small__mp-1181996__combined_noise_0.002A_0.003__mp-1181996.cif
query,small,small::mp-1181996::combined_noise_0.015A_0.003,mp-1181996,mp-1181996,C,mp-1181996,C,combined_noise_0.015A_0.003,combined_perturbation,1,I4/mmm,139,materials_project,structures/queries/small__mp-1181996__combined_noise_0.015A_0.003__mp-1181996.cif
query,small,small::mp-1181996::combined_noise_0.050A_0.003,mp-1181996,mp-1181996,C,mp-1181996,C,combined_noise_0.050A_0.003,combined_perturbation,1,Immm,71,materials_project,structures/queries/small__mp-1181996__combined_noise_0.050A_0.003__mp-1181996.cif
query,small,small::mp-1181996::combined_noise_0.002A_0.010,mp-1181996,mp-1181996,C,mp-1181996,C,combined_noise_0.002A_0.010,combined_perturbation,1,Immm,71,materials_project,structures/queries/small__mp-1181996__combined_noise_0.002A_0.010__mp-1181996.cif
query,small,small::mp-1181996::combined_noise_0.015A_0.010,mp-1181996,mp-1181996,C,mp-1181996,C,combined_noise_0.015A_0.010,combined_perturbation,1,Immm,71,materials_project,structures/queries/small__mp-1181996__combined_noise_0.015A_0.010__mp-1181996.cif
query,small,small::mp-1181996::combined_noise_0.050A_0.010,mp-1181996,mp-1181996,C,mp-1181996,C,combined_noise_0.050A_0.010,combined_perturbation,1,I4/mmm,139,materials_project,structures/queries/small__mp-1181996__combined_noise_0.050A_0.010__mp-1181996.cif
query,small,small::mp-1181996::combined_noise_0.002A_0.030,mp-1181996,mp-1181996,C,mp-1181996,C,combined_noise_0.002A_0.030,combined_perturbation,1,I4/mmm,139,materials_project,structures/queries/small__mp-1181996__combined_noise_0.002A_0.030__mp-1181996.cif
query,small,small::mp-1181996::combined_noise_0.015A_0.030,mp-1181996,mp-1181996,C,mp-1181996,C,combined_noise_0.015A_0.030,combined_perturbation,1,Immm,71,materials_project,structures/queries/small__mp-1181996__combined_noise_0.015A_0.030__mp-1181996.cif
query,small,small::mp-1181996::combined_noise_0.050A_0.030,mp-1181996,mp-1181996,C,mp-1181996,C,combined_noise_0.050A_0.030,combined_perturbation,1,Immm,71,materials_project,structures/queries/small__mp-1181996__combined_noise_0.050A_0.030__mp-1181996.cif
query,small,small::mp-1182029::conventional_standard,mp-1182029,mp-1182029,C,mp-1182029,C,conventional_standard,equivalent_transform,1,P2/m,10,materials_project,structures/queries/small__mp-1182029__conventional_standard__mp-1182029.cif
query,small,small::mp-1182029::niggli_reduced,mp-1182029,mp-1182029,C,mp-1182029,C,niggli_reduced,equivalent_transform,1,P2/m,10,materials_project,structures/queries/small__mp-1182029__niggli_reduced__mp-1182029.cif
query,small,small::mp-1182029::origin_shifted,mp-1182029,mp-1182029,C,mp-1182029,C,origin_shifted,equivalent_transform,1,P2/m,10,materials_project,structures/queries/small__mp-1182029__origin_shifted__mp-1182029.cif
query,small,small::mp-1182029::permuted_sites,mp-1182029,mp-1182029,C,mp-1182029,C,permuted_sites,equivalent_transform,1,P2/m,10,materials_project,structures/queries/small__mp-1182029__permuted_sites__mp-1182029.cif
query,small,small::mp-1182029::combined_noise_0.002A_0.003,mp-1182029,mp-1182029,C,mp-1182029,C,combined_noise_0.002A_0.003,combined_perturbation,1,P2/m,10,materials_project,structures/queries/small__mp-1182029__combined_noise_0.002A_0.003__mp-1182029.cif
query,small,small::mp-1182029::combined_noise_0.015A_0.003,mp-1182029,mp-1182029,C,mp-1182029,C,combined_noise_0.015A_0.003,combined_perturbation,1,P2/m,10,materials_project,structures/queries/small__mp-1182029__combined_noise_0.015A_0.003__mp-1182029.cif
query,small,small::mp-1182029::combined_noise_0.050A_0.003,mp-1182029,mp-1182029,C,mp-1182029,C,combined_noise_0.050A_0.003,combined_perturbation,1,P2/m,10,materials_project,structures/queries/small__mp-1182029__combined_noise_0.050A_0.003__mp-1182029.cif
query,small,small::mp-1182029::combined_noise_0.002A_0.010,mp-1182029,mp-1182029,C,mp-1182029,C,combined_noise_0.002A_0.010,combined_perturbation,1,P2/m,10,materials_project,structures/queries/small__mp-1182029__combined_noise_0.002A_0.010__mp-1182029.cif
query,small,small::mp-1182029::combined_noise_0.015A_0.010,mp-1182029,mp-1182029,C,mp-1182029,C,combined_noise_0.015A_0.010,combined_perturbation,1,P2/m,10,materials_project,structures/queries/small__mp-1182029__combined_noise_0.015A_0.010__mp-1182029.cif
query,small,small::mp-1182029::combined_noise_0.050A_0.010,mp-1182029,mp-1182029,C,mp-1182029,C,combined_noise_0.050A_0.010,combined_perturbation,1,P2/m,10,materials_project,structures/queries/small__mp-1182029__combined_noise_0.050A_0.010__mp-1182029.cif
query,small,small::mp-1182029::combined_noise_0.002A_0.030,mp-1182029,mp-1182029,C,mp-1182029,C,combined_noise_0.002A_0.030,combined_perturbation,1,P2/m,10,materials_project,structures/queries/small__mp-1182029__combined_noise_0.002A_0.030__mp-1182029.cif
query,small,small::mp-1182029::combined_noise_0.015A_0.030,mp-1182029,mp-1182029,C,mp-1182029,C,combined_noise_0.015A_0.030,combined_perturbation,1,P2/m,10,materials_project,structures/queries/small__mp-1182029__combined_noise_0.015A_0.030__mp-1182029.cif
query,small,small::mp-1182029::combined_noise_0.050A_0.030,mp-1182029,mp-1182029,C,mp-1182029,C,combined_noise_0.050A_0.030,combined_perturbation,1,P2/m,10,materials_project,structures/queries/small__mp-1182029__combined_noise_0.050A_0.030__mp-1182029.cif
query,small,small::mp-1188817::conventional_standard,mp-1188817,mp-1188817,C,mp-1188817,C,conventional_standard,equivalent_transform,20,Pm-3m,221,materials_project,structures/queries/small__mp-1188817__conventional_standard__mp-1188817.cif
query,small,small::mp-1188817::niggli_reduced,mp-1188817,mp-1188817,C,mp-1188817,C,niggli_reduced,equivalent_transform,20,Pm-3m,221,materials_project,structures/queries/small__mp-1188817__niggli_reduced__mp-1188817.cif
query,small,small::mp-1188817::origin_shifted,mp-1188817,mp-1188817,C,mp-1188817,C,origin_shifted,equivalent_transform,20,Pm-3m,221,materials_project,structures/queries/small__mp-1188817__origin_shifted__mp-1188817.cif
query,small,small::mp-1188817::permuted_sites,mp-1188817,mp-1188817,C,mp-1188817,C,permuted_sites,equivalent_transform,20,Pm-3m,221,materials_project,structures/queries/small__mp-1188817__permuted_sites__mp-1188817.cif
query,small,small::mp-1188817::combined_noise_0.002A_0.003,mp-1188817,mp-1188817,C,mp-1188817,C,combined_noise_0.002A_0.003,combined_perturbation,20,Pm,6,materials_project,structures/queries/small__mp-1188817__combined_noise_0.002A_0.003__mp-1188817.cif
query,small,small::mp-1188817::combined_noise_0.015A_0.003,mp-1188817,mp-1188817,C,mp-1188817,C,combined_noise_0.015A_0.003,combined_perturbation,20,P1,1,materials_project,structures/queries/small__mp-1188817__combined_noise_0.015A_0.003__mp-1188817.cif
query,small,small::mp-1188817::combined_noise_0.050A_0.003,mp-1188817,mp-1188817,C,mp-1188817,C,combined_noise_0.050A_0.003,combined_perturbation,20,P1,1,materials_project,structures/queries/small__mp-1188817__combined_noise_0.050A_0.003__mp-1188817.cif
query,small,small::mp-1188817::combined_noise_0.002A_0.010,mp-1188817,mp-1188817,C,mp-1188817,C,combined_noise_0.002A_0.010,combined_perturbation,20,P2,3,materials_project,structures/queries/small__mp-1188817__combined_noise_0.002A_0.010__mp-1188817.cif
query,small,small::mp-1188817::combined_noise_0.015A_0.010,mp-1188817,mp-1188817,C,mp-1188817,C,combined_noise_0.015A_0.010,combined_perturbation,20,P1,1,materials_project,structures/queries/small__mp-1188817__combined_noise_0.015A_0.010__mp-1188817.cif
query,small,small::mp-1188817::combined_noise_0.050A_0.010,mp-1188817,mp-1188817,C,mp-1188817,C,combined_noise_0.050A_0.010,combined_perturbation,20,P1,1,materials_project,structures/queries/small__mp-1188817__combined_noise_0.050A_0.010__mp-1188817.cif
query,small,small::mp-1188817::combined_noise_0.002A_0.030,mp-1188817,mp-1188817,C,mp-1188817,C,combined_noise_0.002A_0.030,combined_perturbation,20,P2/m,10,materials_project,structures/queries/small__mp-1188817__combined_noise_0.002A_0.030__mp-1188817.cif
query,small,small::mp-1188817::combined_noise_0.015A_0.030,mp-1188817,mp-1188817,C,mp-1188817,C,combined_noise_0.015A_0.030,combined_perturbation,20,P1,1,materials_project,structures/queries/small__mp-1188817__combined_noise_0.015A_0.030__mp-1188817.cif
query,small,small::mp-1188817::combined_noise_0.050A_0.030,mp-1188817,mp-1188817,C,mp-1188817,C,combined_noise_0.050A_0.030,combined_perturbation,20,P1,1,materials_project,structures/queries/small__mp-1188817__combined_noise_0.050A_0.030__mp-1188817.cif
query,small,small::mp-1190171::conventional_standard,mp-1190171,mp-1190171,C,mp-1190171,C,conventional_standard,equivalent_transform,16,Pnma,62,materials_project,structures/queries/small__mp-1190171__conventional_standard__mp-1190171.cif
query,small,small::mp-1190171::niggli_reduced,mp-1190171,mp-1190171,C,mp-1190171,C,niggli_reduced,equivalent_transform,16,Pnma,62,materials_project,structures/queries/small__mp-1190171__niggli_reduced__mp-1190171.cif
query,small,small::mp-1190171::origin_shifted,mp-1190171,mp-1190171,C,mp-1190171,C,origin_shifted,equivalent_transform,16,Pnma,62,materials_project,structures/queries/small__mp-1190171__origin_shifted__mp-1190171.cif
query,small,small::mp-1190171::permuted_sites,mp-1190171,mp-1190171,C,mp-1190171,C,permuted_sites,equivalent_transform,16,Pnma,62,materials_project,structures/queries/small__mp-1190171__permuted_sites__mp-1190171.cif
query,small,small::mp-1190171::combined_noise_0.002A_0.003,mp-1190171,mp-1190171,C,mp-1190171,C,combined_noise_0.002A_0.003,combined_perturbation,16,Pm,6,materials_project,structures/queries/small__mp-1190171__combined_noise_0.002A_0.003__mp-1190171.cif
query,small,small::mp-1190171::combined_noise_0.015A_0.003,mp-1190171,mp-1190171,C,mp-1190171,C,combined_noise_0.015A_0.003,combined_perturbation,16,P1,1,materials_project,structures/queries/small__mp-1190171__combined_noise_0.015A_0.003__mp-1190171.cif
query,small,small::mp-1190171::combined_noise_0.050A_0.003,mp-1190171,mp-1190171,C,mp-1190171,C,combined_noise_0.050A_0.003,combined_perturbation,16,P1,1,materials_project,structures/queries/small__mp-1190171__combined_noise_0.050A_0.003__mp-1190171.cif
query,small,small::mp-1190171::combined_noise_0.002A_0.010,mp-1190171,mp-1190171,C,mp-1190171,C,combined_noise_0.002A_0.010,combined_perturbation,16,Pnma,62,materials_project,structures/queries/small__mp-1190171__combined_noise_0.002A_0.010__mp-1190171.cif
query,small,small::mp-1190171::combined_noise_0.015A_0.010,mp-1190171,mp-1190171,C,mp-1190171,C,combined_noise_0.015A_0.010,combined_perturbation,16,P1,1,materials_project,structures/queries/small__mp-1190171__combined_noise_0.015A_0.010__mp-1190171.cif
query,small,small::mp-1190171::combined_noise_0.050A_0.010,mp-1190171,mp-1190171,C,mp-1190171,C,combined_noise_0.050A_0.010,combined_perturbation,16,P1,1,materials_project,structures/queries/small__mp-1190171__combined_noise_0.050A_0.010__mp-1190171.cif
query,small,small::mp-1190171::combined_noise_0.002A_0.030,mp-1190171,mp-1190171,C,mp-1190171,C,combined_noise_0.002A_0.030,combined_perturbation,16,P2_1,4,materials_project,structures/queries/small__mp-1190171__combined_noise_0.002A_0.030__mp-1190171.cif
query,small,small::mp-1190171::combined_noise_0.015A_0.030,mp-1190171,mp-1190171,C,mp-1190171,C,combined_noise_0.015A_0.030,combined_perturbation,16,P1,1,materials_project,structures/queries/small__mp-1190171__combined_noise_0.015A_0.030__mp-1190171.cif
query,small,small::mp-1190171::combined_noise_0.050A_0.030,mp-1190171,mp-1190171,C,mp-1190171,C,combined_noise_0.050A_0.030,combined_perturbation,16,P1,1,materials_project,structures/queries/small__mp-1190171__combined_noise_0.050A_0.030__mp-1190171.cif
query,small,small::mp-1192619::conventional_standard,mp-1192619,mp-1192619,C,mp-1192619,C,conventional_standard,equivalent_transform,58,I-43m,217,materials_project,structures/queries/small__mp-1192619__conventional_standard__mp-1192619.cif
query,small,small::mp-1192619::niggli_reduced,mp-1192619,mp-1192619,C,mp-1192619,C,niggli_reduced,equivalent_transform,29,I-43m,217,materials_project,structures/queries/small__mp-1192619__niggli_reduced__mp-1192619.cif
query,small,small::mp-1192619::origin_shifted,mp-1192619,mp-1192619,C,mp-1192619,C,origin_shifted,equivalent_transform,29,I-43m,217,materials_project,structures/queries/small__mp-1192619__origin_shifted__mp-1192619.cif
query,small,small::mp-1192619::permuted_sites,mp-1192619,mp-1192619,C,mp-1192619,C,permuted_sites,equivalent_transform,29,I-43m,217,materials_project,structures/queries/small__mp-1192619__permuted_sites__mp-1192619.cif
query,small,small::mp-1192619::combined_noise_0.002A_0.003,mp-1192619,mp-1192619,C,mp-1192619,C,combined_noise_0.002A_0.003,combined_perturbation,29,Cm,8,materials_project,structures/queries/small__mp-1192619__combined_noise_0.002A_0.003__mp-1192619.cif
query,small,small::mp-1192619::combined_noise_0.015A_0.003,mp-1192619,mp-1192619,C,mp-1192619,C,combined_noise_0.015A_0.003,combined_perturbation,29,P1,1,materials_project,structures/queries/small__mp-1192619__combined_noise_0.015A_0.003__mp-1192619.cif
query,small,small::mp-1192619::combined_noise_0.050A_0.003,mp-1192619,mp-1192619,C,mp-1192619,C,combined_noise_0.050A_0.003,combined_perturbation,29,P1,1,materials_project,structures/queries/small__mp-1192619__combined_noise_0.050A_0.003__mp-1192619.cif
query,small,small::mp-1192619::combined_noise_0.002A_0.010,mp-1192619,mp-1192619,C,mp-1192619,C,combined_noise_0.002A_0.010,combined_perturbation,29,I-43m,217,materials_project,structures/queries/small__mp-1192619__combined_noise_0.002A_0.010__mp-1192619.cif
query,small,small::mp-1192619::combined_noise_0.015A_0.010,mp-1192619,mp-1192619,C,mp-1192619,C,combined_noise_0.015A_0.010,combined_perturbation,29,P1,1,materials_project,structures/queries/small__mp-1192619__combined_noise_0.015A_0.010__mp-1192619.cif
query,small,small::mp-1192619::combined_noise_0.050A_0.010,mp-1192619,mp-1192619,C,mp-1192619,C,combined_noise_0.050A_0.010,combined_perturbation,29,P1,1,materials_project,structures/queries/small__mp-1192619__combined_noise_0.050A_0.010__mp-1192619.cif
query,small,small::mp-1192619::combined_noise_0.002A_0.030,mp-1192619,mp-1192619,C,mp-1192619,C,combined_noise_0.002A_0.030,combined_perturbation,29,C2,5,materials_project,structures/queries/small__mp-1192619__combined_noise_0.002A_0.030__mp-1192619.cif
query,small,small::mp-1192619::combined_noise_0.015A_0.030,mp-1192619,mp-1192619,C,mp-1192619,C,combined_noise_0.015A_0.030,combined_perturbation,29,P1,1,materials_project,structures/queries/small__mp-1192619__combined_noise_0.015A_0.030__mp-1192619.cif
query,small,small::mp-1192619::combined_noise_0.050A_0.030,mp-1192619,mp-1192619,C,mp-1192619,C,combined_noise_0.050A_0.030,combined_perturbation,29,P1,1,materials_project,structures/queries/small__mp-1192619__combined_noise_0.050A_0.030__mp-1192619.cif
query,small,small::mp-1205417::conventional_standard,mp-1205417,mp-1205417,C,mp-1205417,C,conventional_standard,equivalent_transform,40,I4/mmm,139,materials_project,structures/queries/small__mp-1205417__conventional_standard__mp-1205417.cif
query,small,small::mp-1205417::niggli_reduced,mp-1205417,mp-1205417,C,mp-1205417,C,niggli_reduced,equivalent_transform,20,I4/mmm,139,materials_project,structures/queries/small__mp-1205417__niggli_reduced__mp-1205417.cif
query,small,small::mp-1205417::origin_shifted,mp-1205417,mp-1205417,C,mp-1205417,C,origin_shifted,equivalent_transform,20,I4/mmm,139,materials_project,structures/queries/small__mp-1205417__origin_shifted__mp-1205417.cif
query,small,small::mp-1205417::permuted_sites,mp-1205417,mp-1205417,C,mp-1205417,C,permuted_sites,equivalent_transform,20,I4/mmm,139,materials_project,structures/queries/small__mp-1205417__permuted_sites__mp-1205417.cif
query,small,small::mp-1205417::combined_noise_0.002A_0.003,mp-1205417,mp-1205417,C,mp-1205417,C,combined_noise_0.002A_0.003,combined_perturbation,20,C2,5,materials_project,structures/queries/small__mp-1205417__combined_noise_0.002A_0.003__mp-1205417.cif
query,small,small::mp-1205417::combined_noise_0.015A_0.003,mp-1205417,mp-1205417,C,mp-1205417,C,combined_noise_0.015A_0.003,combined_perturbation,20,P1,1,materials_project,structures/queries/small__mp-1205417__combined_noise_0.015A_0.003__mp-1205417.cif
query,small,small::mp-1205417::combined_noise_0.050A_0.003,mp-1205417,mp-1205417,C,mp-1205417,C,combined_noise_0.050A_0.003,combined_perturbation,20,P1,1,materials_project,structures/queries/small__mp-1205417__combined_noise_0.050A_0.003__mp-1205417.cif
query,small,small::mp-1205417::combined_noise_0.002A_0.010,mp-1205417,mp-1205417,C,mp-1205417,C,combined_noise_0.002A_0.010,combined_perturbation,20,Cm,8,materials_project,structures/queries/small__mp-1205417__combined_noise_0.002A_0.010__mp-1205417.cif
query,small,small::mp-1205417::combined_noise_0.015A_0.010,mp-1205417,mp-1205417,C,mp-1205417,C,combined_noise_0.015A_0.010,combined_perturbation,20,P1,1,materials_project,structures/queries/small__mp-1205417__combined_noise_0.015A_0.010__mp-1205417.cif
query,small,small::mp-1205417::combined_noise_0.050A_0.010,mp-1205417,mp-1205417,C,mp-1205417,C,combined_noise_0.050A_0.010,combined_perturbation,20,P1,1,materials_project,structures/queries/small__mp-1205417__combined_noise_0.050A_0.010__mp-1205417.cif
query,small,small::mp-1205417::combined_noise_0.002A_0.030,mp-1205417,mp-1205417,C,mp-1205417,C,combined_noise_0.002A_0.030,combined_perturbation,20,P1,1,materials_project,structures/queries/small__mp-1205417__combined_noise_0.002A_0.030__mp-1205417.cif
query,small,small::mp-1205417::combined_noise_0.015A_0.030,mp-1205417,mp-1205417,C,mp-1205417,C,combined_noise_0.015A_0.030,combined_perturbation,20,P1,1,materials_project,structures/queries/small__mp-1205417__combined_noise_0.015A_0.030__mp-1205417.cif
query,small,small::mp-1205417::combined_noise_0.050A_0.030,mp-1205417,mp-1205417,C,mp-1205417,C,combined_noise_0.050A_0.030,combined_perturbation,20,P1,1,materials_project,structures/queries/small__mp-1205417__combined_noise_0.050A_0.030__mp-1205417.cif
query,small,small::mp-169::conventional_standard,mp-169,mp-169,C,mp-169,C,conventional_standard,equivalent_transform,4,C2/m,12,materials_project,structures/queries/small__mp-169__conventional_standard__mp-169.cif
query,small,small::mp-169::niggli_reduced,mp-169,mp-169,C,mp-169,C,niggli_reduced,equivalent_transform,2,C2/m,12,materials_project,structures/queries/small__mp-169__niggli_reduced__mp-169.cif
query,small,small::mp-169::origin_shifted,mp-169,mp-169,C,mp-169,C,origin_shifted,equivalent_transform,2,C2/m,12,materials_project,structures/queries/small__mp-169__origin_shifted__mp-169.cif
query,small,small::mp-169::permuted_sites,mp-169,mp-169,C,mp-169,C,permuted_sites,equivalent_transform,2,C2/m,12,materials_project,structures/queries/small__mp-169__permuted_sites__mp-169.cif
query,small,small::mp-169::combined_noise_0.002A_0.003,mp-169,mp-169,C,mp-169,C,combined_noise_0.002A_0.003,combined_perturbation,2,C2/m,12,materials_project,structures/queries/small__mp-169__combined_noise_0.002A_0.003__mp-169.cif
query,small,small::mp-169::combined_noise_0.015A_0.003,mp-169,mp-169,C,mp-169,C,combined_noise_0.015A_0.003,combined_perturbation,2,P-1,2,materials_project,structures/queries/small__mp-169__combined_noise_0.015A_0.003__mp-169.cif
query,small,small::mp-169::combined_noise_0.050A_0.003,mp-169,mp-169,C,mp-169,C,combined_noise_0.050A_0.003,combined_perturbation,2,P-1,2,materials_project,structures/queries/small__mp-169__combined_noise_0.050A_0.003__mp-169.cif
query,small,small::mp-169::combined_noise_0.002A_0.010,mp-169,mp-169,C,mp-169,C,combined_noise_0.002A_0.010,combined_perturbation,2,C2/m,12,materials_project,structures/queries/small__mp-169__combined_noise_0.002A_0.010__mp-169.cif
query,small,small::mp-169::combined_noise_0.015A_0.010,mp-169,mp-169,C,mp-169,C,combined_noise_0.015A_0.010,combined_perturbation,2,P-1,2,materials_project,structures/queries/small__mp-169__combined_noise_0.015A_0.010__mp-169.cif
query,small,small::mp-169::combined_noise_0.050A_0.010,mp-169,mp-169,C,mp-169,C,combined_noise_0.050A_0.010,combined_perturbation,2,P-1,2,materials_project,structures/queries/small__mp-169__combined_noise_0.050A_0.010__mp-169.cif
query,small,small::mp-169::combined_noise_0.002A_0.030,mp-169,mp-169,C,mp-169,C,combined_noise_0.002A_0.030,combined_perturbation,2,C2/m,12,materials_project,structures/queries/small__mp-169__combined_noise_0.002A_0.030__mp-169.cif
query,small,small::mp-169::combined_noise_0.015A_0.030,mp-169,mp-169,C,mp-169,C,combined_noise_0.015A_0.030,combined_perturbation,2,P-1,2,materials_project,structures/queries/small__mp-169__combined_noise_0.015A_0.030__mp-169.cif
query,small,small::mp-169::combined_noise_0.050A_0.030,mp-169,mp-169,C,mp-169,C,combined_noise_0.050A_0.030,combined_perturbation,2,P-1,2,materials_project,structures/queries/small__mp-169__combined_noise_0.050A_0.030__mp-169.cif
query,small,small::mp-2049878::conventional_standard,mp-2049878,mp-2049878,C,mp-2049878,C,conventional_standard,equivalent_transform,2,P6/mmm,191,materials_project,structures/queries/small__mp-2049878__conventional_standard__mp-2049878.cif
query,small,small::mp-2049878::niggli_reduced,mp-2049878,mp-2049878,C,mp-2049878,C,niggli_reduced,equivalent_transform,2,P6/mmm,191,materials_project,structures/queries/small__mp-2049878__niggli_reduced__mp-2049878.cif
query,small,small::mp-2049878::origin_shifted,mp-2049878,mp-2049878,C,mp-2049878,C,origin_shifted,equivalent_transform,2,P6/mmm,191,materials_project,structures/queries/small__mp-2049878__origin_shifted__mp-2049878.cif
query,small,small::mp-2049878::permuted_sites,mp-2049878,mp-2049878,C,mp-2049878,C,permuted_sites,equivalent_transform,2,P6/mmm,191,materials_project,structures/queries/small__mp-2049878__permuted_sites__mp-2049878.cif
query,small,small::mp-2049878::combined_noise_0.002A_0.003,mp-2049878,mp-2049878,C,mp-2049878,C,combined_noise_0.002A_0.003,combined_perturbation,2,C2/m,12,materials_project,structures/queries/small__mp-2049878__combined_noise_0.002A_0.003__mp-2049878.cif
query,small,small::mp-2049878::combined_noise_0.015A_0.003,mp-2049878,mp-2049878,C,mp-2049878,C,combined_noise_0.015A_0.003,combined_perturbation,2,P-1,2,materials_project,structures/queries/small__mp-2049878__combined_noise_0.015A_0.003__mp-2049878.cif
query,small,small::mp-2049878::combined_noise_0.050A_0.003,mp-2049878,mp-2049878,C,mp-2049878,C,combined_noise_0.050A_0.003,combined_perturbation,2,C2/m,12,materials_project,structures/queries/small__mp-2049878__combined_noise_0.050A_0.003__mp-2049878.cif
query,small,small::mp-2049878::combined_noise_0.002A_0.010,mp-2049878,mp-2049878,C,mp-2049878,C,combined_noise_0.002A_0.010,combined_perturbation,2,Cmmm,65,materials_project,structures/queries/small__mp-2049878__combined_noise_0.002A_0.010__mp-2049878.cif
query,small,small::mp-2049878::combined_noise_0.015A_0.010,mp-2049878,mp-2049878,C,mp-2049878,C,combined_noise_0.015A_0.010,combined_perturbation,2,P2/m,10,materials_project,structures/queries/small__mp-2049878__combined_noise_0.015A_0.010__mp-2049878.cif
query,small,small::mp-2049878::combined_noise_0.050A_0.010,mp-2049878,mp-2049878,C,mp-2049878,C,combined_noise_0.050A_0.010,combined_perturbation,2,C2/m,12,materials_project,structures/queries/small__mp-2049878__combined_noise_0.050A_0.010__mp-2049878.cif
query,small,small::mp-2049878::combined_noise_0.002A_0.030,mp-2049878,mp-2049878,C,mp-2049878,C,combined_noise_0.002A_0.030,combined_perturbation,2,Cmmm,65,materials_project,structures/queries/small__mp-2049878__combined_noise_0.002A_0.030__mp-2049878.cif
query,small,small::mp-2049878::combined_noise_0.015A_0.030,mp-2049878,mp-2049878,C,mp-2049878,C,combined_noise_0.015A_0.030,combined_perturbation,2,P-1,2,materials_project,structures/queries/small__mp-2049878__combined_noise_0.015A_0.030__mp-2049878.cif
query,small,small::mp-2049878::combined_noise_0.050A_0.030,mp-2049878,mp-2049878,C,mp-2049878,C,combined_noise_0.050A_0.030,combined_perturbation,2,P-1,2,materials_project,structures/queries/small__mp-2049878__combined_noise_0.050A_0.030__mp-2049878.cif
query,small,small::mp-24::conventional_standard,mp-24,mp-24,C,mp-24,C,conventional_standard,equivalent_transform,16,Ia-3,206,materials_project,structures/queries/small__mp-24__conventional_standard__mp-24.cif
query,small,small::mp-24::niggli_reduced,mp-24,mp-24,C,mp-24,C,niggli_reduced,equivalent_transform,8,Ia-3,206,materials_project,structures/queries/small__mp-24__niggli_reduced__mp-24.cif
query,small,small::mp-24::origin_shifted,mp-24,mp-24,C,mp-24,C,origin_shifted,equivalent_transform,8,Ia-3,206,materials_project,structures/queries/small__mp-24__origin_shifted__mp-24.cif
query,small,small::mp-24::permuted_sites,mp-24,mp-24,C,mp-24,C,permuted_sites,equivalent_transform,8,Ia-3,206,materials_project,structures/queries/small__mp-24__permuted_sites__mp-24.cif
query,small,small::mp-24::combined_noise_0.002A_0.003,mp-24,mp-24,C,mp-24,C,combined_noise_0.002A_0.003,combined_perturbation,8,P-1,2,materials_project,structures/queries/small__mp-24__combined_noise_0.002A_0.003__mp-24.cif
query,small,small::mp-24::combined_noise_0.015A_0.003,mp-24,mp-24,C,mp-24,C,combined_noise_0.015A_0.003,combined_perturbation,8,P1,1,materials_project,structures/queries/small__mp-24__combined_noise_0.015A_0.003__mp-24.cif
query,small,small::mp-24::combined_noise_0.050A_0.003,mp-24,mp-24,C,mp-24,C,combined_noise_0.050A_0.003,combined_perturbation,8,P1,1,materials_project,structures/queries/small__mp-24__combined_noise_0.050A_0.003__mp-24.cif
query,small,small::mp-24::combined_noise_0.002A_0.010,mp-24,mp-24,C,mp-24,C,combined_noise_0.002A_0.010,combined_perturbation,8,P1,1,materials_project,structures/queries/small__mp-24__combined_noise_0.002A_0.010__mp-24.cif
query,small,small::mp-24::combined_noise_0.015A_0.010,mp-24,mp-24,C,mp-24,C,combined_noise_0.015A_0.010,combined_perturbation,8,P1,1,materials_project,structures/queries/small__mp-24__combined_noise_0.015A_0.010__mp-24.cif
query,small,small::mp-24::combined_noise_0.050A_0.010,mp-24,mp-24,C,mp-24,C,combined_noise_0.050A_0.010,combined_perturbation,8,P1,1,materials_project,structures/queries/small__mp-24__combined_noise_0.050A_0.010__mp-24.cif
query,small,small::mp-24::combined_noise_0.002A_0.030,mp-24,mp-24,C,mp-24,C,combined_noise_0.002A_0.030,combined_perturbation,8,P1,1,materials_project,structures/queries/small__mp-24__combined_noise_0.002A_0.030__mp-24.cif
query,small,small::mp-24::combined_noise_0.015A_0.030,mp-24,mp-24,C,mp-24,C,combined_noise_0.015A_0.030,combined_perturbation,8,P1,1,materials_project,structures/queries/small__mp-24__combined_noise_0.015A_0.030__mp-24.cif
query,small,small::mp-24::combined_noise_0.050A_0.030,mp-24,mp-24,C,mp-24,C,combined_noise_0.050A_0.030,combined_perturbation,8,P1,1,materials_project,structures/queries/small__mp-24__combined_noise_0.050A_0.030__mp-24.cif
query,small,small::mp-2516584::conventional_standard,mp-2516584,mp-2516584,C,mp-2516584,C,conventional_standard,equivalent_transform,12,R-3m,166,materials_project,structures/queries/small__mp-2516584__conventional_standard__mp-2516584.cif
query,small,small::mp-2516584::niggli_reduced,mp-2516584,mp-2516584,C,mp-2516584,C,niggli_reduced,equivalent_transform,4,R-3m,166,materials_project,structures/queries/small__mp-2516584__niggli_reduced__mp-2516584.cif
query,small,small::mp-2516584::origin_shifted,mp-2516584,mp-2516584,C,mp-2516584,C,origin_shifted,equivalent_transform,4,R-3m,166,materials_project,structures/queries/small__mp-2516584__origin_shifted__mp-2516584.cif
query,small,small::mp-2516584::permuted_sites,mp-2516584,mp-2516584,C,mp-2516584,C,permuted_sites,equivalent_transform,4,R-3m,166,materials_project,structures/queries/small__mp-2516584__permuted_sites__mp-2516584.cif
query,small,small::mp-2516584::combined_noise_0.002A_0.003,mp-2516584,mp-2516584,C,mp-2516584,C,combined_noise_0.002A_0.003,combined_perturbation,4,Cm,8,materials_project,structures/queries/small__mp-2516584__combined_noise_0.002A_0.003__mp-2516584.cif
query,small,small::mp-2516584::combined_noise_0.015A_0.003,mp-2516584,mp-2516584,C,mp-2516584,C,combined_noise_0.015A_0.003,combined_perturbation,4,P1,1,materials_project,structures/queries/small__mp-2516584__combined_noise_0.015A_0.003__mp-2516584.cif
query,small,small::mp-2516584::combined_noise_0.050A_0.003,mp-2516584,mp-2516584,C,mp-2516584,C,combined_noise_0.050A_0.003,combined_perturbation,4,P1,1,materials_project,structures/queries/small__mp-2516584__combined_noise_0.050A_0.003__mp-2516584.cif
query,small,small::mp-2516584::combined_noise_0.002A_0.010,mp-2516584,mp-2516584,C,mp-2516584,C,combined_noise_0.002A_0.010,combined_perturbation,4,C2/m,12,materials_project,structures/queries/small__mp-2516584__combined_noise_0.002A_0.010__mp-2516584.cif
query,small,small::mp-2516584::combined_noise_0.015A_0.010,mp-2516584,mp-2516584,C,mp-2516584,C,combined_noise_0.015A_0.010,combined_perturbation,4,P1,1,materials_project,structures/queries/small__mp-2516584__combined_noise_0.015A_0.010__mp-2516584.cif
query,small,small::mp-2516584::combined_noise_0.050A_0.010,mp-2516584,mp-2516584,C,mp-2516584,C,combined_noise_0.050A_0.010,combined_perturbation,4,P1,1,materials_project,structures/queries/small__mp-2516584__combined_noise_0.050A_0.010__mp-2516584.cif
query,small,small::mp-2516584::combined_noise_0.002A_0.030,mp-2516584,mp-2516584,C,mp-2516584,C,combined_noise_0.002A_0.030,combined_perturbation,4,P1,1,materials_project,structures/queries/small__mp-2516584__combined_noise_0.002A_0.030__mp-2516584.cif
query,small,small::mp-2516584::combined_noise_0.015A_0.030,mp-2516584,mp-2516584,C,mp-2516584,C,combined_noise_0.015A_0.030,combined_perturbation,4,P1,1,materials_project,structures/queries/small__mp-2516584__combined_noise_0.015A_0.030__mp-2516584.cif
query,small,small::mp-2516584::combined_noise_0.050A_0.030,mp-2516584,mp-2516584,C,mp-2516584,C,combined_noise_0.050A_0.030,combined_perturbation,4,P1,1,materials_project,structures/queries/small__mp-2516584__combined_noise_0.050A_0.030__mp-2516584.cif
query,small,small::mp-10064::conventional_standard,mp-10064,mp-10064,SiO2,mp-10064,SiO2,conventional_standard,equivalent_transform,12,Fm-3m,225,materials_project,structures/queries/small__mp-10064__conventional_standard__mp-10064.cif
query,small,small::mp-10064::niggli_reduced,mp-10064,mp-10064,SiO2,mp-10064,SiO2,niggli_reduced,equivalent_transform,3,Fm-3m,225,materials_project,structures/queries/small__mp-10064__niggli_reduced__mp-10064.cif
query,small,small::mp-10064::origin_shifted,mp-10064,mp-10064,SiO2,mp-10064,SiO2,origin_shifted,equivalent_transform,3,Fm-3m,225,materials_project,structures/queries/small__mp-10064__origin_shifted__mp-10064.cif
query,small,small::mp-10064::permuted_sites,mp-10064,mp-10064,SiO2,mp-10064,SiO2,permuted_sites,equivalent_transform,3,Fm-3m,225,materials_project,structures/queries/small__mp-10064__permuted_sites__mp-10064.cif
query,small,small::mp-10064::combined_noise_0.002A_0.003,mp-10064,mp-10064,SiO2,mp-10064,SiO2,combined_noise_0.002A_0.003,combined_perturbation,3,Fm-3m,225,materials_project,structures/queries/small__mp-10064__combined_noise_0.002A_0.003__mp-10064.cif
query,small,small::mp-10064::combined_noise_0.015A_0.003,mp-10064,mp-10064,SiO2,mp-10064,SiO2,combined_noise_0.015A_0.003,combined_perturbation,3,P1,1,materials_project,structures/queries/small__mp-10064__combined_noise_0.015A_0.003__mp-10064.cif
query,small,small::mp-10064::combined_noise_0.050A_0.003,mp-10064,mp-10064,SiO2,mp-10064,SiO2,combined_noise_0.050A_0.003,combined_perturbation,3,P1,1,materials_project,structures/queries/small__mp-10064__combined_noise_0.050A_0.003__mp-10064.cif
query,small,small::mp-10064::combined_noise_0.002A_0.010,mp-10064,mp-10064,SiO2,mp-10064,SiO2,combined_noise_0.002A_0.010,combined_perturbation,3,Cm,8,materials_project,structures/queries/small__mp-10064__combined_noise_0.002A_0.010__mp-10064.cif
query,small,small::mp-10064::combined_noise_0.015A_0.010,mp-10064,mp-10064,SiO2,mp-10064,SiO2,combined_noise_0.015A_0.010,combined_perturbation,3,P1,1,materials_project,structures/queries/small__mp-10064__combined_noise_0.015A_0.010__mp-10064.cif
query,small,small::mp-10064::combined_noise_0.050A_0.010,mp-10064,mp-10064,SiO2,mp-10064,SiO2,combined_noise_0.050A_0.010,combined_perturbation,3,P1,1,materials_project,structures/queries/small__mp-10064__combined_noise_0.050A_0.010__mp-10064.cif
query,small,small::mp-10064::combined_noise_0.002A_0.030,mp-10064,mp-10064,SiO2,mp-10064,SiO2,combined_noise_0.002A_0.030,combined_perturbation,3,Cm,8,materials_project,structures/queries/small__mp-10064__combined_noise_0.002A_0.030__mp-10064.cif
query,small,small::mp-10064::combined_noise_0.015A_0.030,mp-10064,mp-10064,SiO2,mp-10064,SiO2,combined_noise_0.015A_0.030,combined_perturbation,3,P1,1,materials_project,structures/queries/small__mp-10064__combined_noise_0.015A_0.030__mp-10064.cif
query,small,small::mp-10064::combined_noise_0.050A_0.030,mp-10064,mp-10064,SiO2,mp-10064,SiO2,combined_noise_0.050A_0.030,combined_perturbation,3,P1,1,materials_project,structures/queries/small__mp-10064__combined_noise_0.050A_0.030__mp-10064.cif
query,small,small::mp-1021503::conventional_standard,mp-1021503,mp-1021503,SiO2,mp-1021503,SiO2,conventional_standard,equivalent_transform,6,Pn-3m,224,materials_project,structures/queries/small__mp-1021503__conventional_standard__mp-1021503.cif
query,small,small::mp-1021503::niggli_reduced,mp-1021503,mp-1021503,SiO2,mp-1021503,SiO2,niggli_reduced,equivalent_transform,6,Pn-3m,224,materials_project,structures/queries/small__mp-1021503__niggli_reduced__mp-1021503.cif
query,small,small::mp-1021503::origin_shifted,mp-1021503,mp-1021503,SiO2,mp-1021503,SiO2,origin_shifted,equivalent_transform,6,Pn-3m,224,materials_project,structures/queries/small__mp-1021503__origin_shifted__mp-1021503.cif
query,small,small::mp-1021503::permuted_sites,mp-1021503,mp-1021503,SiO2,mp-1021503,SiO2,permuted_sites,equivalent_transform,6,Pn-3m,224,materials_project,structures/queries/small__mp-1021503__permuted_sites__mp-1021503.cif
query,small,small::mp-1021503::combined_noise_0.002A_0.003,mp-1021503,mp-1021503,SiO2,mp-1021503,SiO2,combined_noise_0.002A_0.003,combined_perturbation,6,Pc,7,materials_project,structures/queries/small__mp-1021503__combined_noise_0.002A_0.003__mp-1021503.cif
query,small,small::mp-1021503::combined_noise_0.015A_0.003,mp-1021503,mp-1021503,SiO2,mp-1021503,SiO2,combined_noise_0.015A_0.003,combined_perturbation,6,P1,1,materials_project,structures/queries/small__mp-1021503__combined_noise_0.015A_0.003__mp-1021503.cif
query,small,small::mp-1021503::combined_noise_0.050A_0.003,mp-1021503,mp-1021503,SiO2,mp-1021503,SiO2,combined_noise_0.050A_0.003,combined_perturbation,6,P1,1,materials_project,structures/queries/small__mp-1021503__combined_noise_0.050A_0.003__mp-1021503.cif
query,small,small::mp-1021503::combined_noise_0.002A_0.010,mp-1021503,mp-1021503,SiO2,mp-1021503,SiO2,combined_noise_0.002A_0.010,combined_perturbation,6,P2,3,materials_project,structures/queries/small__mp-1021503__combined_noise_0.002A_0.010__mp-1021503.cif
query,small,small::mp-1021503::combined_noise_0.015A_0.010,mp-1021503,mp-1021503,SiO2,mp-1021503,SiO2,combined_noise_0.015A_0.010,combined_perturbation,6,P1,1,materials_project,structures/queries/small__mp-1021503__combined_noise_0.015A_0.010__mp-1021503.cif
query,small,small::mp-1021503::combined_noise_0.050A_0.010,mp-1021503,mp-1021503,SiO2,mp-1021503,SiO2,combined_noise_0.050A_0.010,combined_perturbation,6,P1,1,materials_project,structures/queries/small__mp-1021503__combined_noise_0.050A_0.010__mp-1021503.cif
query,small,small::mp-1021503::combined_noise_0.002A_0.030,mp-1021503,mp-1021503,SiO2,mp-1021503,SiO2,combined_noise_0.002A_0.030,combined_perturbation,6,P2,3,materials_project,structures/queries/small__mp-1021503__combined_noise_0.002A_0.030__mp-1021503.cif
query,small,small::mp-1021503::combined_noise_0.015A_0.030,mp-1021503,mp-1021503,SiO2,mp-1021503,SiO2,combined_noise_0.015A_0.030,combined_perturbation,6,P1,1,materials_project,structures/queries/small__mp-1021503__combined_noise_0.015A_0.030__mp-1021503.cif
query,small,small::mp-1021503::combined_noise_0.050A_0.030,mp-1021503,mp-1021503,SiO2,mp-1021503,SiO2,combined_noise_0.050A_0.030,combined_perturbation,6,P1,1,materials_project,structures/queries/small__mp-1021503__combined_noise_0.050A_0.030__mp-1021503.cif
query,small,small::mp-1071820::conventional_standard,mp-1071820,mp-1071820,SiO2,mp-1071820,SiO2,conventional_standard,equivalent_transform,12,Ibam,72,materials_project,structures/queries/small__mp-1071820__conventional_standard__mp-1071820.cif
query,small,small::mp-1071820::niggli_reduced,mp-1071820,mp-1071820,SiO2,mp-1071820,SiO2,niggli_reduced,equivalent_transform,6,Ibam,72,materials_project,structures/queries/small__mp-1071820__niggli_reduced__mp-1071820.cif
query,small,small::mp-1071820::origin_shifted,mp-1071820,mp-1071820,SiO2,mp-1071820,SiO2,origin_shifted,equivalent_transform,6,Ibam,72,materials_project,structures/queries/small__mp-1071820__origin_shifted__mp-1071820.cif
query,small,small::mp-1071820::permuted_sites,mp-1071820,mp-1071820,SiO2,mp-1071820,SiO2,permuted_sites,equivalent_transform,6,Ibam,72,materials_project,structures/queries/small__mp-1071820__permuted_sites__mp-1071820.cif
query,small,small::mp-1071820::combined_noise_0.002A_0.003,mp-1071820,mp-1071820,SiO2,mp-1071820,SiO2,combined_noise_0.002A_0.003,combined_perturbation,6,Ibam,72,materials_project,structures/queries/small__mp-1071820__combined_noise_0.002A_0.003__mp-1071820.cif
query,small,small::mp-1071820::combined_noise_0.015A_0.003,mp-1071820,mp-1071820,SiO2,mp-1071820,SiO2,combined_noise_0.015A_0.003,combined_perturbation,6,P1,1,materials_project,structures/queries/small__mp-1071820__combined_noise_0.015A_0.003__mp-1071820.cif
query,small,small::mp-1071820::combined_noise_0.050A_0.003,mp-1071820,mp-1071820,SiO2,mp-1071820,SiO2,combined_noise_0.050A_0.003,combined_perturbation,6,P1,1,materials_project,structures/queries/small__mp-1071820__combined_noise_0.050A_0.003__mp-1071820.cif
query,small,small::mp-1071820::combined_noise_0.002A_0.010,mp-1071820,mp-1071820,SiO2,mp-1071820,SiO2,combined_noise_0.002A_0.010,combined_perturbation,6,Ibam,72,materials_project,structures/queries/small__mp-1071820__combined_noise_0.002A_0.010__mp-1071820.cif
query,small,small::mp-1071820::combined_noise_0.015A_0.010,mp-1071820,mp-1071820,SiO2,mp-1071820,SiO2,combined_noise_0.015A_0.010,combined_perturbation,6,P1,1,materials_project,structures/queries/small__mp-1071820__combined_noise_0.015A_0.010__mp-1071820.cif
query,small,small::mp-1071820::combined_noise_0.050A_0.010,mp-1071820,mp-1071820,SiO2,mp-1071820,SiO2,combined_noise_0.050A_0.010,combined_perturbation,6,P1,1,materials_project,structures/queries/small__mp-1071820__combined_noise_0.050A_0.010__mp-1071820.cif
query,small,small::mp-1071820::combined_noise_0.002A_0.030,mp-1071820,mp-1071820,SiO2,mp-1071820,SiO2,combined_noise_0.002A_0.030,combined_perturbation,6,P-1,2,materials_project,structures/queries/small__mp-1071820__combined_noise_0.002A_0.030__mp-1071820.cif
query,small,small::mp-1071820::combined_noise_0.015A_0.030,mp-1071820,mp-1071820,SiO2,mp-1071820,SiO2,combined_noise_0.015A_0.030,combined_perturbation,6,P1,1,materials_project,structures/queries/small__mp-1071820__combined_noise_0.015A_0.030__mp-1071820.cif
query,small,small::mp-1071820::combined_noise_0.050A_0.030,mp-1071820,mp-1071820,SiO2,mp-1071820,SiO2,combined_noise_0.050A_0.030,combined_perturbation,6,P1,1,materials_project,structures/queries/small__mp-1071820__combined_noise_0.050A_0.030__mp-1071820.cif
query,small,small::mp-10851::conventional_standard,mp-10851,mp-10851,SiO2,mp-10851,SiO2,conventional_standard,equivalent_transform,9,P6_422,181,materials_project,structures/queries/small__mp-10851__conventional_standard__mp-10851.cif
query,small,small::mp-10851::niggli_reduced,mp-10851,mp-10851,SiO2,mp-10851,SiO2,niggli_reduced,equivalent_transform,9,P6_422,181,materials_project,structures/queries/small__mp-10851__niggli_reduced__mp-10851.cif
query,small,small::mp-10851::origin_shifted,mp-10851,mp-10851,SiO2,mp-10851,SiO2,origin_shifted,equivalent_transform,9,P6_422,181,materials_project,structures/queries/small__mp-10851__origin_shifted__mp-10851.cif
query,small,small::mp-10851::permuted_sites,mp-10851,mp-10851,SiO2,mp-10851,SiO2,permuted_sites,equivalent_transform,9,P6_422,181,materials_project,structures/queries/small__mp-10851__permuted_sites__mp-10851.cif
query,small,small::mp-10851::combined_noise_0.002A_0.003,mp-10851,mp-10851,SiO2,mp-10851,SiO2,combined_noise_0.002A_0.003,combined_perturbation,9,P1,1,materials_project,structures/queries/small__mp-10851__combined_noise_0.002A_0.003__mp-10851.cif
query,small,small::mp-10851::combined_noise_0.015A_0.003,mp-10851,mp-10851,SiO2,mp-10851,SiO2,combined_noise_0.015A_0.003,combined_perturbation,9,P1,1,materials_project,structures/queries/small__mp-10851__combined_noise_0.015A_0.003__mp-10851.cif
query,small,small::mp-10851::combined_noise_0.050A_0.003,mp-10851,mp-10851,SiO2,mp-10851,SiO2,combined_noise_0.050A_0.003,combined_perturbation,9,P1,1,materials_project,structures/queries/small__mp-10851__combined_noise_0.050A_0.003__mp-10851.cif
query,small,small::mp-10851::combined_noise_0.002A_0.010,mp-10851,mp-10851,SiO2,mp-10851,SiO2,combined_noise_0.002A_0.010,combined_perturbation,9,C2,5,materials_project,structures/queries/small__mp-10851__combined_noise_0.002A_0.010__mp-10851.cif
query,small,small::mp-10851::combined_noise_0.015A_0.010,mp-10851,mp-10851,SiO2,mp-10851,SiO2,combined_noise_0.015A_0.010,combined_perturbation,9,P1,1,materials_project,structures/queries/small__mp-10851__combined_noise_0.015A_0.010__mp-10851.cif
query,small,small::mp-10851::combined_noise_0.050A_0.010,mp-10851,mp-10851,SiO2,mp-10851,SiO2,combined_noise_0.050A_0.010,combined_perturbation,9,P1,1,materials_project,structures/queries/small__mp-10851__combined_noise_0.050A_0.010__mp-10851.cif
query,small,small::mp-10851::combined_noise_0.002A_0.030,mp-10851,mp-10851,SiO2,mp-10851,SiO2,combined_noise_0.002A_0.030,combined_perturbation,9,C222,21,materials_project,structures/queries/small__mp-10851__combined_noise_0.002A_0.030__mp-10851.cif
query,small,small::mp-10851::combined_noise_0.015A_0.030,mp-10851,mp-10851,SiO2,mp-10851,SiO2,combined_noise_0.015A_0.030,combined_perturbation,9,P1,1,materials_project,structures/queries/small__mp-10851__combined_noise_0.015A_0.030__mp-10851.cif
query,small,small::mp-10851::combined_noise_0.050A_0.030,mp-10851,mp-10851,SiO2,mp-10851,SiO2,combined_noise_0.050A_0.030,combined_perturbation,9,P1,1,materials_project,structures/queries/small__mp-10851__combined_noise_0.050A_0.030__mp-10851.cif
query,small,small::mp-10948::conventional_standard,mp-10948,mp-10948,SiO2,mp-10948,SiO2,conventional_standard,equivalent_transform,12,Pbcn,60,materials_project,structures/queries/small__mp-10948__conventional_standard__mp-10948.cif
query,small,small::mp-10948::niggli_reduced,mp-10948,mp-10948,SiO2,mp-10948,SiO2,niggli_reduced,equivalent_transform,12,Pbcn,60,materials_project,structures/queries/small__mp-10948__niggli_reduced__mp-10948.cif
query,small,small::mp-10948::origin_shifted,mp-10948,mp-10948,SiO2,mp-10948,SiO2,origin_shifted,equivalent_transform,12,Pbcn,60,materials_project,structures/queries/small__mp-10948__origin_shifted__mp-10948.cif
query,small,small::mp-10948::permuted_sites,mp-10948,mp-10948,SiO2,mp-10948,SiO2,permuted_sites,equivalent_transform,12,Pbcn,60,materials_project,structures/queries/small__mp-10948__permuted_sites__mp-10948.cif
query,small,small::mp-10948::combined_noise_0.002A_0.003,mp-10948,mp-10948,SiO2,mp-10948,SiO2,combined_noise_0.002A_0.003,combined_perturbation,12,P2_1,4,materials_project,structures/queries/small__mp-10948__combined_noise_0.002A_0.003__mp-10948.cif
query,small,small::mp-10948::combined_noise_0.015A_0.003,mp-10948,mp-10948,SiO2,mp-10948,SiO2,combined_noise_0.015A_0.003,combined_perturbation,12,P1,1,materials_project,structures/queries/small__mp-10948__combined_noise_0.015A_0.003__mp-10948.cif
query,small,small::mp-10948::combined_noise_0.050A_0.003,mp-10948,mp-10948,SiO2,mp-10948,SiO2,combined_noise_0.050A_0.003,combined_perturbation,12,P1,1,materials_project,structures/queries/small__mp-10948__combined_noise_0.050A_0.003__mp-10948.cif
query,small,small::mp-10948::combined_noise_0.002A_0.010,mp-10948,mp-10948,SiO2,mp-10948,SiO2,combined_noise_0.002A_0.010,combined_perturbation,12,P2_1,4,materials_project,structures/queries/small__mp-10948__combined_noise_0.002A_0.010__mp-10948.cif
query,small,small::mp-10948::combined_noise_0.015A_0.010,mp-10948,mp-10948,SiO2,mp-10948,SiO2,combined_noise_0.015A_0.010,combined_perturbation,12,P1,1,materials_project,structures/queries/small__mp-10948__combined_noise_0.015A_0.010__mp-10948.cif
query,small,small::mp-10948::combined_noise_0.050A_0.010,mp-10948,mp-10948,SiO2,mp-10948,SiO2,combined_noise_0.050A_0.010,combined_perturbation,12,P1,1,materials_project,structures/queries/small__mp-10948__combined_noise_0.050A_0.010__mp-10948.cif
query,small,small::mp-10948::combined_noise_0.002A_0.030,mp-10948,mp-10948,SiO2,mp-10948,SiO2,combined_noise_0.002A_0.030,combined_perturbation,12,P-1,2,materials_project,structures/queries/small__mp-10948__combined_noise_0.002A_0.030__mp-10948.cif
query,small,small::mp-10948::combined_noise_0.015A_0.030,mp-10948,mp-10948,SiO2,mp-10948,SiO2,combined_noise_0.015A_0.030,combined_perturbation,12,P1,1,materials_project,structures/queries/small__mp-10948__combined_noise_0.015A_0.030__mp-10948.cif
query,small,small::mp-10948::combined_noise_0.050A_0.030,mp-10948,mp-10948,SiO2,mp-10948,SiO2,combined_noise_0.050A_0.030,combined_perturbation,12,P1,1,materials_project,structures/queries/small__mp-10948__combined_noise_0.050A_0.030__mp-10948.cif
query,small,small::mp-11684::conventional_standard,mp-11684,mp-11684,SiO2,mp-11684,SiO2,conventional_standard,equivalent_transform,48,C2/c,15,materials_project,structures/queries/small__mp-11684__conventional_standard__mp-11684.cif
query,small,small::mp-11684::niggli_reduced,mp-11684,mp-11684,SiO2,mp-11684,SiO2,niggli_reduced,equivalent_transform,24,C2/c,15,materials_project,structures/queries/small__mp-11684__niggli_reduced__mp-11684.cif
query,small,small::mp-11684::origin_shifted,mp-11684,mp-11684,SiO2,mp-11684,SiO2,origin_shifted,equivalent_transform,24,C2/c,15,materials_project,structures/queries/small__mp-11684__origin_shifted__mp-11684.cif
query,small,small::mp-11684::permuted_sites,mp-11684,mp-11684,SiO2,mp-11684,SiO2,permuted_sites,equivalent_transform,24,C2/c,15,materials_project,structures/queries/small__mp-11684__permuted_sites__mp-11684.cif
query,small,small::mp-11684::combined_noise_0.002A_0.003,mp-11684,mp-11684,SiO2,mp-11684,SiO2,combined_noise_0.002A_0.003,combined_perturbation,24,Cc,9,materials_project,structures/queries/small__mp-11684__combined_noise_0.002A_0.003__mp-11684.cif
query,small,small::mp-11684::combined_noise_0.015A_0.003,mp-11684,mp-11684,SiO2,mp-11684,SiO2,combined_noise_0.015A_0.003,combined_perturbation,24,P1,1,materials_project,structures/queries/small__mp-11684__combined_noise_0.015A_0.003__mp-11684.cif
query,small,small::mp-11684::combined_noise_0.050A_0.003,mp-11684,mp-11684,SiO2,mp-11684,SiO2,combined_noise_0.050A_0.003,combined_perturbation,24,P1,1,materials_project,structures/queries/small__mp-11684__combined_noise_0.050A_0.003__mp-11684.cif
query,small,small::mp-11684::combined_noise_0.002A_0.010,mp-11684,mp-11684,SiO2,mp-11684,SiO2,combined_noise_0.002A_0.010,combined_perturbation,24,P1,1,materials_project,structures/queries/small__mp-11684__combined_noise_0.002A_0.010__mp-11684.cif
query,small,small::mp-11684::combined_noise_0.015A_0.010,mp-11684,mp-11684,SiO2,mp-11684,SiO2,combined_noise_0.015A_0.010,combined_perturbation,24,P1,1,materials_project,structures/queries/small__mp-11684__combined_noise_0.015A_0.010__mp-11684.cif
query,small,small::mp-11684::combined_noise_0.050A_0.010,mp-11684,mp-11684,SiO2,mp-11684,SiO2,combined_noise_0.050A_0.010,combined_perturbation,24,P1,1,materials_project,structures/queries/small__mp-11684__combined_noise_0.050A_0.010__mp-11684.cif
query,small,small::mp-11684::combined_noise_0.002A_0.030,mp-11684,mp-11684,SiO2,mp-11684,SiO2,combined_noise_0.002A_0.030,combined_perturbation,24,C2,5,materials_project,structures/queries/small__mp-11684__combined_noise_0.002A_0.030__mp-11684.cif
query,small,small::mp-11684::combined_noise_0.015A_0.030,mp-11684,mp-11684,SiO2,mp-11684,SiO2,combined_noise_0.015A_0.030,combined_perturbation,24,P1,1,materials_project,structures/queries/small__mp-11684__combined_noise_0.015A_0.030__mp-11684.cif
query,small,small::mp-11684::combined_noise_0.050A_0.030,mp-11684,mp-11684,SiO2,mp-11684,SiO2,combined_noise_0.050A_0.030,combined_perturbation,24,P1,1,materials_project,structures/queries/small__mp-11684__combined_noise_0.050A_0.030__mp-11684.cif
query,small,small::mp-1179447::conventional_standard,mp-1179447,mp-1179447,SiO2,mp-1179447,SiO2,conventional_standard,equivalent_transform,48,I4_1/amd,141,materials_project,structures/queries/small__mp-1179447__conventional_standard__mp-1179447.cif
query,small,small::mp-1179447::niggli_reduced,mp-1179447,mp-1179447,SiO2,mp-1179447,SiO2,niggli_reduced,equivalent_transform,24,I4_1/amd,141,materials_project,structures/queries/small__mp-1179447__niggli_reduced__mp-1179447.cif
query,small,small::mp-1179447::origin_shifted,mp-1179447,mp-1179447,SiO2,mp-1179447,SiO2,origin_shifted,equivalent_transform,24,I4_1/amd,141,materials_project,structures/queries/small__mp-1179447__origin_shifted__mp-1179447.cif
query,small,small::mp-1179447::permuted_sites,mp-1179447,mp-1179447,SiO2,mp-1179447,SiO2,permuted_sites,equivalent_transform,24,I4_1/amd,141,materials_project,structures/queries/small__mp-1179447__permuted_sites__mp-1179447.cif
query,small,small::mp-1179447::combined_noise_0.002A_0.003,mp-1179447,mp-1179447,SiO2,mp-1179447,SiO2,combined_noise_0.002A_0.003,combined_perturbation,24,P1,1,materials_project,structures/queries/small__mp-1179447__combined_noise_0.002A_0.003__mp-1179447.cif
query,small,small::mp-1179447::combined_noise_0.015A_0.003,mp-1179447,mp-1179447,SiO2,mp-1179447,SiO2,combined_noise_0.015A_0.003,combined_perturbation,24,P1,1,materials_project,structures/queries/small__mp-1179447__combined_noise_0.015A_0.003__mp-1179447.cif
query,small,small::mp-1179447::combined_noise_0.050A_0.003,mp-1179447,mp-1179447,SiO2,mp-1179447,SiO2,combined_noise_0.050A_0.003,combined_perturbation,24,P1,1,materials_project,structures/queries/small__mp-1179447__combined_noise_0.050A_0.003__mp-1179447.cif
query,small,small::mp-1179447::combined_noise_0.002A_0.010,mp-1179447,mp-1179447,SiO2,mp-1179447,SiO2,combined_noise_0.002A_0.010,combined_perturbation,24,Imm2,44,materials_project,structures/queries/small__mp-1179447__combined_noise_0.002A_0.010__mp-1179447.cif
query,small,small::mp-1179447::combined_noise_0.015A_0.010,mp-1179447,mp-1179447,SiO2,mp-1179447,SiO2,combined_noise_0.015A_0.010,combined_perturbation,24,P1,1,materials_project,structures/queries/small__mp-1179447__combined_noise_0.015A_0.010__mp-1179447.cif
query,small,small::mp-1179447::combined_noise_0.050A_0.010,mp-1179447,mp-1179447,SiO2,mp-1179447,SiO2,combined_noise_0.050A_0.010,combined_perturbation,24,P1,1,materials_project,structures/queries/small__mp-1179447__combined_noise_0.050A_0.010__mp-1179447.cif
query,small,small::mp-1179447::combined_noise_0.002A_0.030,mp-1179447,mp-1179447,SiO2,mp-1179447,SiO2,combined_noise_0.002A_0.030,combined_perturbation,24,Cm,8,materials_project,structures/queries/small__mp-1179447__combined_noise_0.002A_0.030__mp-1179447.cif
query,small,small::mp-1179447::combined_noise_0.015A_0.030,mp-1179447,mp-1179447,SiO2,mp-1179447,SiO2,combined_noise_0.015A_0.030,combined_perturbation,24,P1,1,materials_project,structures/queries/small__mp-1179447__combined_noise_0.015A_0.030__mp-1179447.cif
query,small,small::mp-1179447::combined_noise_0.050A_0.030,mp-1179447,mp-1179447,SiO2,mp-1179447,SiO2,combined_noise_0.050A_0.030,combined_perturbation,24,P1,1,materials_project,structures/queries/small__mp-1179447__combined_noise_0.050A_0.030__mp-1179447.cif
query,small,small::mp-1179454::conventional_standard,mp-1179454,mp-1179454,SiO2,mp-1179454,SiO2,conventional_standard,equivalent_transform,24,I4/mmm,139,materials_project,structures/queries/small__mp-1179454__conventional_standard__mp-1179454.cif
query,small,small::mp-1179454::niggli_reduced,mp-1179454,mp-1179454,SiO2,mp-1179454,SiO2,niggli_reduced,equivalent_transform,12,I4/mmm,139,materials_project,structures/queries/small__mp-1179454__niggli_reduced__mp-1179454.cif
query,small,small::mp-1179454::origin_shifted,mp-1179454,mp-1179454,SiO2,mp-1179454,SiO2,origin_shifted,equivalent_transform,12,I4/mmm,139,materials_project,structures/queries/small__mp-1179454__origin_shifted__mp-1179454.cif
query,small,small::mp-1179454::permuted_sites,mp-1179454,mp-1179454,SiO2,mp-1179454,SiO2,permuted_sites,equivalent_transform,12,I4/mmm,139,materials_project,structures/queries/small__mp-1179454__permuted_sites__mp-1179454.cif
query,small,small::mp-1179454::combined_noise_0.002A_0.003,mp-1179454,mp-1179454,SiO2,mp-1179454,SiO2,combined_noise_0.002A_0.003,combined_perturbation,12,Cm,8,materials_project,structures/queries/small__mp-1179454__combined_noise_0.002A_0.003__mp-1179454.cif
query,small,small::mp-1179454::combined_noise_0.015A_0.003,mp-1179454,mp-1179454,SiO2,mp-1179454,SiO2,combined_noise_0.015A_0.003,combined_perturbation,12,P1,1,materials_project,structures/queries/small__mp-1179454__combined_noise_0.015A_0.003__mp-1179454.cif
query,small,small::mp-1179454::combined_noise_0.050A_0.003,mp-1179454,mp-1179454,SiO2,mp-1179454,SiO2,combined_noise_0.050A_0.003,combined_perturbation,12,P1,1,materials_project,structures/queries/small__mp-1179454__combined_noise_0.050A_0.003__mp-1179454.cif
query,small,small::mp-1179454::combined_noise_0.002A_0.010,mp-1179454,mp-1179454,SiO2,mp-1179454,SiO2,combined_noise_0.002A_0.010,combined_perturbation,12,Cm,8,materials_project,structures/queries/small__mp-1179454__combined_noise_0.002A_0.010__mp-1179454.cif
query,small,small::mp-1179454::combined_noise_0.015A_0.010,mp-1179454,mp-1179454,SiO2,mp-1179454,SiO2,combined_noise_0.015A_0.010,combined_perturbation,12,P1,1,materials_project,structures/queries/small__mp-1179454__combined_noise_0.015A_0.010__mp-1179454.cif
query,small,small::mp-1179454::combined_noise_0.050A_0.010,mp-1179454,mp-1179454,SiO2,mp-1179454,SiO2,combined_noise_0.050A_0.010,combined_perturbation,12,P1,1,materials_project,structures/queries/small__mp-1179454__combined_noise_0.050A_0.010__mp-1179454.cif
query,small,small::mp-1179454::combined_noise_0.002A_0.030,mp-1179454,mp-1179454,SiO2,mp-1179454,SiO2,combined_noise_0.002A_0.030,combined_perturbation,12,Imm2,44,materials_project,structures/queries/small__mp-1179454__combined_noise_0.002A_0.030__mp-1179454.cif
query,small,small::mp-1179454::combined_noise_0.015A_0.030,mp-1179454,mp-1179454,SiO2,mp-1179454,SiO2,combined_noise_0.015A_0.030,combined_perturbation,12,P1,1,materials_project,structures/queries/small__mp-1179454__combined_noise_0.015A_0.030__mp-1179454.cif
query,small,small::mp-1179454::combined_noise_0.050A_0.030,mp-1179454,mp-1179454,SiO2,mp-1179454,SiO2,combined_noise_0.050A_0.030,combined_perturbation,12,P1,1,materials_project,structures/queries/small__mp-1179454__combined_noise_0.050A_0.030__mp-1179454.cif
query,small,small::mp-1179529::conventional_standard,mp-1179529,mp-1179529,SiO2,mp-1179529,SiO2,conventional_standard,equivalent_transform,36,P4_12_12,92,materials_project,structures/queries/small__mp-1179529__conventional_standard__mp-1179529.cif
query,small,small::mp-1179529::niggli_reduced,mp-1179529,mp-1179529,SiO2,mp-1179529,SiO2,niggli_reduced,equivalent_transform,36,P4_12_12,92,materials_project,structures/queries/small__mp-1179529__niggli_reduced__mp-1179529.cif
query,small,small::mp-1179529::origin_shifted,mp-1179529,mp-1179529,SiO2,mp-1179529,SiO2,origin_shifted,equivalent_transform,36,P4_12_12,92,materials_project,structures/queries/small__mp-1179529__origin_shifted__mp-1179529.cif
query,small,small::mp-1179529::permuted_sites,mp-1179529,mp-1179529,SiO2,mp-1179529,SiO2,permuted_sites,equivalent_transform,36,P4_12_12,92,materials_project,structures/queries/small__mp-1179529__permuted_sites__mp-1179529.cif
query,small,small::mp-1179529::combined_noise_0.002A_0.003,mp-1179529,mp-1179529,SiO2,mp-1179529,SiO2,combined_noise_0.002A_0.003,combined_perturbation,36,P2_1,4,materials_project,structures/queries/small__mp-1179529__combined_noise_0.002A_0.003__mp-1179529.cif
query,small,small::mp-1179529::combined_noise_0.015A_0.003,mp-1179529,mp-1179529,SiO2,mp-1179529,SiO2,combined_noise_0.015A_0.003,combined_perturbation,36,P1,1,materials_project,structures/queries/small__mp-1179529__combined_noise_0.015A_0.003__mp-1179529.cif
query,small,small::mp-1179529::combined_noise_0.050A_0.003,mp-1179529,mp-1179529,SiO2,mp-1179529,SiO2,combined_noise_0.050A_0.003,combined_perturbation,36,P1,1,materials_project,structures/queries/small__mp-1179529__combined_noise_0.050A_0.003__mp-1179529.cif
query,small,small::mp-1179529::combined_noise_0.002A_0.010,mp-1179529,mp-1179529,SiO2,mp-1179529,SiO2,combined_noise_0.002A_0.010,combined_perturbation,36,P2_12_12_1,19,materials_project,structures/queries/small__mp-1179529__combined_noise_0.002A_0.010__mp-1179529.cif
query,small,small::mp-1179529::combined_noise_0.015A_0.010,mp-1179529,mp-1179529,SiO2,mp-1179529,SiO2,combined_noise_0.015A_0.010,combined_perturbation,36,P1,1,materials_project,structures/queries/small__mp-1179529__combined_noise_0.015A_0.010__mp-1179529.cif
query,small,small::mp-1179529::combined_noise_0.050A_0.010,mp-1179529,mp-1179529,SiO2,mp-1179529,SiO2,combined_noise_0.050A_0.010,combined_perturbation,36,P1,1,materials_project,structures/queries/small__mp-1179529__combined_noise_0.050A_0.010__mp-1179529.cif
query,small,small::mp-1179529::combined_noise_0.002A_0.030,mp-1179529,mp-1179529,SiO2,mp-1179529,SiO2,combined_noise_0.002A_0.030,combined_perturbation,36,P1,1,materials_project,structures/queries/small__mp-1179529__combined_noise_0.002A_0.030__mp-1179529.cif
query,small,small::mp-1179529::combined_noise_0.015A_0.030,mp-1179529,mp-1179529,SiO2,mp-1179529,SiO2,combined_noise_0.015A_0.030,combined_perturbation,36,P1,1,materials_project,structures/queries/small__mp-1179529__combined_noise_0.015A_0.030__mp-1179529.cif
query,small,small::mp-1179529::combined_noise_0.050A_0.030,mp-1179529,mp-1179529,SiO2,mp-1179529,SiO2,combined_noise_0.050A_0.030,combined_perturbation,36,P1,1,materials_project,structures/queries/small__mp-1179529__combined_noise_0.050A_0.030__mp-1179529.cif
query,small,small::mp-1188220::conventional_standard,mp-1188220,mp-1188220,SiO2,mp-1188220,SiO2,conventional_standard,equivalent_transform,36,I-43m,217,materials_project,structures/queries/small__mp-1188220__conventional_standard__mp-1188220.cif
query,small,small::mp-1188220::niggli_reduced,mp-1188220,mp-1188220,SiO2,mp-1188220,SiO2,niggli_reduced,equivalent_transform,18,I-43m,217,materials_project,structures/queries/small__mp-1188220__niggli_reduced__mp-1188220.cif
query,small,small::mp-1188220::origin_shifted,mp-1188220,mp-1188220,SiO2,mp-1188220,SiO2,origin_shifted,equivalent_transform,18,I-43m,217,materials_project,structures/queries/small__mp-1188220__origin_shifted__mp-1188220.cif
query,small,small::mp-1188220::permuted_sites,mp-1188220,mp-1188220,SiO2,mp-1188220,SiO2,permuted_sites,equivalent_transform,18,I-43m,217,materials_project,structures/queries/small__mp-1188220__permuted_sites__mp-1188220.cif
query,small,small::mp-1188220::combined_noise_0.002A_0.003,mp-1188220,mp-1188220,SiO2,mp-1188220,SiO2,combined_noise_0.002A_0.003,combined_perturbation,18,Cm,8,materials_project,structures/queries/small__mp-1188220__combined_noise_0.002A_0.003__mp-1188220.cif
query,small,small::mp-1188220::combined_noise_0.015A_0.003,mp-1188220,mp-1188220,SiO2,mp-1188220,SiO2,combined_noise_0.015A_0.003,combined_perturbation,18,P1,1,materials_project,structures/queries/small__mp-1188220__combined_noise_0.015A_0.003__mp-1188220.cif
query,small,small::mp-1188220::combined_noise_0.050A_0.003,mp-1188220,mp-1188220,SiO2,mp-1188220,SiO2,combined_noise_0.050A_0.003,combined_perturbation,18,P1,1,materials_project,structures/queries/small__mp-1188220__combined_noise_0.050A_0.003__mp-1188220.cif
query,small,small::mp-1188220::combined_noise_0.002A_0.010,mp-1188220,mp-1188220,SiO2,mp-1188220,SiO2,combined_noise_0.002A_0.010,combined_perturbation,18,P1,1,materials_project,structures/queries/small__mp-1188220__combined_noise_0.002A_0.010__mp-1188220.cif
query,small,small::mp-1188220::combined_noise_0.015A_0.010,mp-1188220,mp-1188220,SiO2,mp-1188220,SiO2,combined_noise_0.015A_0.010,combined_perturbation,18,P1,1,materials_project,structures/queries/small__mp-1188220__combined_noise_0.015A_0.010__mp-1188220.cif
query,small,small::mp-1188220::combined_noise_0.050A_0.010,mp-1188220,mp-1188220,SiO2,mp-1188220,SiO2,combined_noise_0.050A_0.010,combined_perturbation,18,P1,1,materials_project,structures/queries/small__mp-1188220__combined_noise_0.050A_0.010__mp-1188220.cif
query,small,small::mp-1188220::combined_noise_0.002A_0.030,mp-1188220,mp-1188220,SiO2,mp-1188220,SiO2,combined_noise_0.002A_0.030,combined_perturbation,18,Cm,8,materials_project,structures/queries/small__mp-1188220__combined_noise_0.002A_0.030__mp-1188220.cif
query,small,small::mp-1188220::combined_noise_0.015A_0.030,mp-1188220,mp-1188220,SiO2,mp-1188220,SiO2,combined_noise_0.015A_0.030,combined_perturbation,18,P1,1,materials_project,structures/queries/small__mp-1188220__combined_noise_0.015A_0.030__mp-1188220.cif
query,small,small::mp-1188220::combined_noise_0.050A_0.030,mp-1188220,mp-1188220,SiO2,mp-1188220,SiO2,combined_noise_0.050A_0.030,combined_perturbation,18,P1,1,materials_project,structures/queries/small__mp-1188220__combined_noise_0.050A_0.030__mp-1188220.cif
query,small,small::mp-12350::conventional_standard,mp-12350,mp-12350,SiO2,mp-12350,SiO2,conventional_standard,equivalent_transform,96,Fd-3m,227,materials_project,structures/queries/small__mp-12350__conventional_standard__mp-12350.cif
query,small,small::mp-12350::niggli_reduced,mp-12350,mp-12350,SiO2,mp-12350,SiO2,niggli_reduced,equivalent_transform,24,Fd-3m,227,materials_project,structures/queries/small__mp-12350__niggli_reduced__mp-12350.cif
query,small,small::mp-12350::origin_shifted,mp-12350,mp-12350,SiO2,mp-12350,SiO2,origin_shifted,equivalent_transform,24,Fd-3m,227,materials_project,structures/queries/small__mp-12350__origin_shifted__mp-12350.cif
query,small,small::mp-12350::permuted_sites,mp-12350,mp-12350,SiO2,mp-12350,SiO2,permuted_sites,equivalent_transform,24,Fd-3m,227,materials_project,structures/queries/small__mp-12350__permuted_sites__mp-12350.cif
query,small,small::mp-12350::combined_noise_0.002A_0.003,mp-12350,mp-12350,SiO2,mp-12350,SiO2,combined_noise_0.002A_0.003,combined_perturbation,24,Cc,9,materials_project,structures/queries/small__mp-12350__combined_noise_0.002A_0.003__mp-12350.cif
query,small,small::mp-12350::combined_noise_0.015A_0.003,mp-12350,mp-12350,SiO2,mp-12350,SiO2,combined_noise_0.015A_0.003,combined_perturbation,24,P1,1,materials_project,structures/queries/small__mp-12350__combined_noise_0.015A_0.003__mp-12350.cif
query,small,small::mp-12350::combined_noise_0.050A_0.003,mp-12350,mp-12350,SiO2,mp-12350,SiO2,combined_noise_0.050A_0.003,combined_perturbation,24,P1,1,materials_project,structures/queries/small__mp-12350__combined_noise_0.050A_0.003__mp-12350.cif
query,small,small::mp-12350::combined_noise_0.002A_0.010,mp-12350,mp-12350,SiO2,mp-12350,SiO2,combined_noise_0.002A_0.010,combined_perturbation,24,C2,5,materials_project,structures/queries/small__mp-12350__combined_noise_0.002A_0.010__mp-12350.cif
query,small,small::mp-12350::combined_noise_0.015A_0.010,mp-12350,mp-12350,SiO2,mp-12350,SiO2,combined_noise_0.015A_0.010,combined_perturbation,24,P1,1,materials_project,structures/queries/small__mp-12350__combined_noise_0.015A_0.010__mp-12350.cif
query,small,small::mp-12350::combined_noise_0.050A_0.010,mp-12350,mp-12350,SiO2,mp-12350,SiO2,combined_noise_0.050A_0.010,combined_perturbation,24,P1,1,materials_project,structures/queries/small__mp-12350__combined_noise_0.050A_0.010__mp-12350.cif
query,small,small::mp-12350::combined_noise_0.002A_0.030,mp-12350,mp-12350,SiO2,mp-12350,SiO2,combined_noise_0.002A_0.030,combined_perturbation,24,Cc,9,materials_project,structures/queries/small__mp-12350__combined_noise_0.002A_0.030__mp-12350.cif
query,small,small::mp-12350::combined_noise_0.015A_0.030,mp-12350,mp-12350,SiO2,mp-12350,SiO2,combined_noise_0.015A_0.030,combined_perturbation,24,P1,1,materials_project,structures/queries/small__mp-12350__combined_noise_0.015A_0.030__mp-12350.cif
query,small,small::mp-12350::combined_noise_0.050A_0.030,mp-12350,mp-12350,SiO2,mp-12350,SiO2,combined_noise_0.050A_0.030,combined_perturbation,24,P1,1,materials_project,structures/queries/small__mp-12350__combined_noise_0.050A_0.030__mp-12350.cif
query,small,small::mp-1265115::conventional_standard,mp-1265115,mp-1265115,SiO2,mp-1265115,SiO2,conventional_standard,equivalent_transform,24,P1,1,materials_project,structures/queries/small__mp-1265115__conventional_standard__mp-1265115.cif
query,small,small::mp-1265115::niggli_reduced,mp-1265115,mp-1265115,SiO2,mp-1265115,SiO2,niggli_reduced,equivalent_transform,24,P1,1,materials_project,structures/queries/small__mp-1265115__niggli_reduced__mp-1265115.cif
query,small,small::mp-1265115::origin_shifted,mp-1265115,mp-1265115,SiO2,mp-1265115,SiO2,origin_shifted,equivalent_transform,24,P1,1,materials_project,structures/queries/small__mp-1265115__origin_shifted__mp-1265115.cif
query,small,small::mp-1265115::permuted_sites,mp-1265115,mp-1265115,SiO2,mp-1265115,SiO2,permuted_sites,equivalent_transform,24,P1,1,materials_project,structures/queries/small__mp-1265115__permuted_sites__mp-1265115.cif
query,small,small::mp-1265115::combined_noise_0.002A_0.003,mp-1265115,mp-1265115,SiO2,mp-1265115,SiO2,combined_noise_0.002A_0.003,combined_perturbation,24,P1,1,materials_project,structures/queries/small__mp-1265115__combined_noise_0.002A_0.003__mp-1265115.cif
query,small,small::mp-1265115::combined_noise_0.015A_0.003,mp-1265115,mp-1265115,SiO2,mp-1265115,SiO2,combined_noise_0.015A_0.003,combined_perturbation,24,P1,1,materials_project,structures/queries/small__mp-1265115__combined_noise_0.015A_0.003__mp-1265115.cif
query,small,small::mp-1265115::combined_noise_0.050A_0.003,mp-1265115,mp-1265115,SiO2,mp-1265115,SiO2,combined_noise_0.050A_0.003,combined_perturbation,24,P1,1,materials_project,structures/queries/small__mp-1265115__combined_noise_0.050A_0.003__mp-1265115.cif
query,small,small::mp-1265115::combined_noise_0.002A_0.010,mp-1265115,mp-1265115,SiO2,mp-1265115,SiO2,combined_noise_0.002A_0.010,combined_perturbation,24,P1,1,materials_project,structures/queries/small__mp-1265115__combined_noise_0.002A_0.010__mp-1265115.cif
query,small,small::mp-1265115::combined_noise_0.015A_0.010,mp-1265115,mp-1265115,SiO2,mp-1265115,SiO2,combined_noise_0.015A_0.010,combined_perturbation,24,P1,1,materials_project,structures/queries/small__mp-1265115__combined_noise_0.015A_0.010__mp-1265115.cif
query,small,small::mp-1265115::combined_noise_0.050A_0.010,mp-1265115,mp-1265115,SiO2,mp-1265115,SiO2,combined_noise_0.050A_0.010,combined_perturbation,24,P1,1,materials_project,structures/queries/small__mp-1265115__combined_noise_0.050A_0.010__mp-1265115.cif
query,small,small::mp-1265115::combined_noise_0.002A_0.030,mp-1265115,mp-1265115,SiO2,mp-1265115,SiO2,combined_noise_0.002A_0.030,combined_perturbation,24,P1,1,materials_project,structures/queries/small__mp-1265115__combined_noise_0.002A_0.030__mp-1265115.cif
query,small,small::mp-1265115::combined_noise_0.015A_0.030,mp-1265115,mp-1265115,SiO2,mp-1265115,SiO2,combined_noise_0.015A_0.030,combined_perturbation,24,P1,1,materials_project,structures/queries/small__mp-1265115__combined_noise_0.015A_0.030__mp-1265115.cif
query,small,small::mp-1265115::combined_noise_0.050A_0.030,mp-1265115,mp-1265115,SiO2,mp-1265115,SiO2,combined_noise_0.050A_0.030,combined_perturbation,24,P1,1,materials_project,structures/queries/small__mp-1265115__combined_noise_0.050A_0.030__mp-1265115.cif
query,small,small::mp-12787::conventional_standard,mp-12787,mp-12787,SiO2,mp-12787,SiO2,conventional_standard,equivalent_transform,36,C2/c,15,materials_project,structures/queries/small__mp-12787__conventional_standard__mp-12787.cif
query,small,small::mp-12787::niggli_reduced,mp-12787,mp-12787,SiO2,mp-12787,SiO2,niggli_reduced,equivalent_transform,18,C2/c,15,materials_project,structures/queries/small__mp-12787__niggli_reduced__mp-12787.cif
query,small,small::mp-12787::origin_shifted,mp-12787,mp-12787,SiO2,mp-12787,SiO2,origin_shifted,equivalent_transform,18,C2/c,15,materials_project,structures/queries/small__mp-12787__origin_shifted__mp-12787.cif
query,small,small::mp-12787::permuted_sites,mp-12787,mp-12787,SiO2,mp-12787,SiO2,permuted_sites,equivalent_transform,18,C2/c,15,materials_project,structures/queries/small__mp-12787__permuted_sites__mp-12787.cif
query,small,small::mp-12787::combined_noise_0.002A_0.003,mp-12787,mp-12787,SiO2,mp-12787,SiO2,combined_noise_0.002A_0.003,combined_perturbation,18,P1,1,materials_project,structures/queries/small__mp-12787__combined_noise_0.002A_0.003__mp-12787.cif
query,small,small::mp-12787::combined_noise_0.015A_0.003,mp-12787,mp-12787,SiO2,mp-12787,SiO2,combined_noise_0.015A_0.003,combined_perturbation,18,P1,1,materials_project,structures/queries/small__mp-12787__combined_noise_0.015A_0.003__mp-12787.cif
query,small,small::mp-12787::combined_noise_0.050A_0.003,mp-12787,mp-12787,SiO2,mp-12787,SiO2,combined_noise_0.050A_0.003,combined_perturbation,18,P1,1,materials_project,structures/queries/small__mp-12787__combined_noise_0.050A_0.003__mp-12787.cif
query,small,small::mp-12787::combined_noise_0.002A_0.010,mp-12787,mp-12787,SiO2,mp-12787,SiO2,combined_noise_0.002A_0.010,combined_perturbation,18,Cc,9,materials_project,structures/queries/small__mp-12787__combined_noise_0.002A_0.010__mp-12787.cif
query,small,small::mp-12787::combined_noise_0.015A_0.010,mp-12787,mp-12787,SiO2,mp-12787,SiO2,combined_noise_0.015A_0.010,combined_perturbation,18,P1,1,materials_project,structures/queries/small__mp-12787__combined_noise_0.015A_0.010__mp-12787.cif
query,small,small::mp-12787::combined_noise_0.050A_0.010,mp-12787,mp-12787,SiO2,mp-12787,SiO2,combined_noise_0.050A_0.010,combined_perturbation,18,P1,1,materials_project,structures/queries/small__mp-12787__combined_noise_0.050A_0.010__mp-12787.cif
query,small,small::mp-12787::combined_noise_0.002A_0.030,mp-12787,mp-12787,SiO2,mp-12787,SiO2,combined_noise_0.002A_0.030,combined_perturbation,18,Cc,9,materials_project,structures/queries/small__mp-12787__combined_noise_0.002A_0.030__mp-12787.cif
query,small,small::mp-12787::combined_noise_0.015A_0.030,mp-12787,mp-12787,SiO2,mp-12787,SiO2,combined_noise_0.015A_0.030,combined_perturbation,18,P1,1,materials_project,structures/queries/small__mp-12787__combined_noise_0.015A_0.030__mp-12787.cif
query,small,small::mp-12787::combined_noise_0.050A_0.030,mp-12787,mp-12787,SiO2,mp-12787,SiO2,combined_noise_0.050A_0.030,combined_perturbation,18,P1,1,materials_project,structures/queries/small__mp-12787__combined_noise_0.050A_0.030__mp-12787.cif
query,small,small::mp-1353259::conventional_standard,mp-1353259,mp-1353259,SiO2,mp-1353259,SiO2,conventional_standard,equivalent_transform,36,P4_32_12,96,materials_project,structures/queries/small__mp-1353259__conventional_standard__mp-1353259.cif
query,small,small::mp-1353259::niggli_reduced,mp-1353259,mp-1353259,SiO2,mp-1353259,SiO2,niggli_reduced,equivalent_transform,36,P4_12_12,92,materials_project,structures/queries/small__mp-1353259__niggli_reduced__mp-1353259.cif
query,small,small::mp-1353259::origin_shifted,mp-1353259,mp-1353259,SiO2,mp-1353259,SiO2,origin_shifted,equivalent_transform,36,P4_12_12,92,materials_project,structures/queries/small__mp-1353259__origin_shifted__mp-1353259.cif
query,small,small::mp-1353259::permuted_sites,mp-1353259,mp-1353259,SiO2,mp-1353259,SiO2,permuted_sites,equivalent_transform,36,P4_12_12,92,materials_project,structures/queries/small__mp-1353259__permuted_sites__mp-1353259.cif
query,small,small::mp-1353259::combined_noise_0.002A_0.003,mp-1353259,mp-1353259,SiO2,mp-1353259,SiO2,combined_noise_0.002A_0.003,combined_perturbation,36,P1,1,materials_project,structures/queries/small__mp-1353259__combined_noise_0.002A_0.003__mp-1353259.cif
query,small,small::mp-1353259::combined_noise_0.015A_0.003,mp-1353259,mp-1353259,SiO2,mp-1353259,SiO2,combined_noise_0.015A_0.003,combined_perturbation,36,P1,1,materials_project,structures/queries/small__mp-1353259__combined_noise_0.015A_0.003__mp-1353259.cif
query,small,small::mp-1353259::combined_noise_0.050A_0.003,mp-1353259,mp-1353259,SiO2,mp-1353259,SiO2,combined_noise_0.050A_0.003,combined_perturbation,36,P1,1,materials_project,structures/queries/small__mp-1353259__combined_noise_0.050A_0.003__mp-1353259.cif
query,small,small::mp-1353259::combined_noise_0.002A_0.010,mp-1353259,mp-1353259,SiO2,mp-1353259,SiO2,combined_noise_0.002A_0.010,combined_perturbation,36,P2_1,4,materials_project,structures/queries/small__mp-1353259__combined_noise_0.002A_0.010__mp-1353259.cif
query,small,small::mp-1353259::combined_noise_0.015A_0.010,mp-1353259,mp-1353259,SiO2,mp-1353259,SiO2,combined_noise_0.015A_0.010,combined_perturbation,36,P1,1,materials_project,structures/queries/small__mp-1353259__combined_noise_0.015A_0.010__mp-1353259.cif
query,small,small::mp-1353259::combined_noise_0.050A_0.010,mp-1353259,mp-1353259,SiO2,mp-1353259,SiO2,combined_noise_0.050A_0.010,combined_perturbation,36,P1,1,materials_project,structures/queries/small__mp-1353259__combined_noise_0.050A_0.010__mp-1353259.cif
query,small,small::mp-1353259::combined_noise_0.002A_0.030,mp-1353259,mp-1353259,SiO2,mp-1353259,SiO2,combined_noise_0.002A_0.030,combined_perturbation,36,P1,1,materials_project,structures/queries/small__mp-1353259__combined_noise_0.002A_0.030__mp-1353259.cif
query,small,small::mp-1353259::combined_noise_0.015A_0.030,mp-1353259,mp-1353259,SiO2,mp-1353259,SiO2,combined_noise_0.015A_0.030,combined_perturbation,36,P1,1,materials_project,structures/queries/small__mp-1353259__combined_noise_0.015A_0.030__mp-1353259.cif
query,small,small::mp-1353259::combined_noise_0.050A_0.030,mp-1353259,mp-1353259,SiO2,mp-1353259,SiO2,combined_noise_0.050A_0.030,combined_perturbation,36,P1,1,materials_project,structures/queries/small__mp-1353259__combined_noise_0.050A_0.030__mp-1353259.cif
query,small,small::mp-1398433::conventional_standard,mp-1398433,mp-1398433,SiO2,mp-1398433,SiO2,conventional_standard,equivalent_transform,12,P1,1,materials_project,structures/queries/small__mp-1398433__conventional_standard__mp-1398433.cif
query,small,small::mp-1398433::niggli_reduced,mp-1398433,mp-1398433,SiO2,mp-1398433,SiO2,niggli_reduced,equivalent_transform,12,P1,1,materials_project,structures/queries/small__mp-1398433__niggli_reduced__mp-1398433.cif
query,small,small::mp-1398433::origin_shifted,mp-1398433,mp-1398433,SiO2,mp-1398433,SiO2,origin_shifted,equivalent_transform,12,P1,1,materials_project,structures/queries/small__mp-1398433__origin_shifted__mp-1398433.cif
query,small,small::mp-1398433::permuted_sites,mp-1398433,mp-1398433,SiO2,mp-1398433,SiO2,permuted_sites,equivalent_transform,12,P1,1,materials_project,structures/queries/small__mp-1398433__permuted_sites__mp-1398433.cif
query,small,small::mp-1398433::combined_noise_0.002A_0.003,mp-1398433,mp-1398433,SiO2,mp-1398433,SiO2,combined_noise_0.002A_0.003,combined_perturbation,12,P1,1,materials_project,structures/queries/small__mp-1398433__combined_noise_0.002A_0.003__mp-1398433.cif
query,small,small::mp-1398433::combined_noise_0.015A_0.003,mp-1398433,mp-1398433,SiO2,mp-1398433,SiO2,combined_noise_0.015A_0.003,combined_perturbation,12,P1,1,materials_project,structures/queries/small__mp-1398433__combined_noise_0.015A_0.003__mp-1398433.cif
query,small,small::mp-1398433::combined_noise_0.050A_0.003,mp-1398433,mp-1398433,SiO2,mp-1398433,SiO2,combined_noise_0.050A_0.003,combined_perturbation,12,P1,1,materials_project,structures/queries/small__mp-1398433__combined_noise_0.050A_0.003__mp-1398433.cif
query,small,small::mp-1398433::combined_noise_0.002A_0.010,mp-1398433,mp-1398433,SiO2,mp-1398433,SiO2,combined_noise_0.002A_0.010,combined_perturbation,12,P1,1,materials_project,structures/queries/small__mp-1398433__combined_noise_0.002A_0.010__mp-1398433.cif
query,small,small::mp-1398433::combined_noise_0.015A_0.010,mp-1398433,mp-1398433,SiO2,mp-1398433,SiO2,combined_noise_0.015A_0.010,combined_perturbation,12,P1,1,materials_project,structures/queries/small__mp-1398433__combined_noise_0.015A_0.010__mp-1398433.cif
query,small,small::mp-1398433::combined_noise_0.050A_0.010,mp-1398433,mp-1398433,SiO2,mp-1398433,SiO2,combined_noise_0.050A_0.010,combined_perturbation,12,P1,1,materials_project,structures/queries/small__mp-1398433__combined_noise_0.050A_0.010__mp-1398433.cif
query,small,small::mp-1398433::combined_noise_0.002A_0.030,mp-1398433,mp-1398433,SiO2,mp-1398433,SiO2,combined_noise_0.002A_0.030,combined_perturbation,12,P1,1,materials_project,structures/queries/small__mp-1398433__combined_noise_0.002A_0.030__mp-1398433.cif
query,small,small::mp-1398433::combined_noise_0.015A_0.030,mp-1398433,mp-1398433,SiO2,mp-1398433,SiO2,combined_noise_0.015A_0.030,combined_perturbation,12,P1,1,materials_project,structures/queries/small__mp-1398433__combined_noise_0.015A_0.030__mp-1398433.cif
query,small,small::mp-1398433::combined_noise_0.050A_0.030,mp-1398433,mp-1398433,SiO2,mp-1398433,SiO2,combined_noise_0.050A_0.030,combined_perturbation,12,P1,1,materials_project,structures/queries/small__mp-1398433__combined_noise_0.050A_0.030__mp-1398433.cif
query,small,small::mp-16964::conventional_standard,mp-16964,mp-16964,SiO2,mp-16964,SiO2,conventional_standard,equivalent_transform,72,Cmc2_1,36,materials_project,structures/queries/small__mp-16964__conventional_standard__mp-16964.cif
query,small,small::mp-16964::niggli_reduced,mp-16964,mp-16964,SiO2,mp-16964,SiO2,niggli_reduced,equivalent_transform,36,Cmc2_1,36,materials_project,structures/queries/small__mp-16964__niggli_reduced__mp-16964.cif
query,small,small::mp-16964::origin_shifted,mp-16964,mp-16964,SiO2,mp-16964,SiO2,origin_shifted,equivalent_transform,36,Cmc2_1,36,materials_project,structures/queries/small__mp-16964__origin_shifted__mp-16964.cif
query,small,small::mp-16964::permuted_sites,mp-16964,mp-16964,SiO2,mp-16964,SiO2,permuted_sites,equivalent_transform,36,Cmc2_1,36,materials_project,structures/queries/small__mp-16964__permuted_sites__mp-16964.cif
query,small,small::mp-16964::combined_noise_0.002A_0.003,mp-16964,mp-16964,SiO2,mp-16964,SiO2,combined_noise_0.002A_0.003,combined_perturbation,36,P1,1,materials_project,structures/queries/small__mp-16964__combined_noise_0.002A_0.003__mp-16964.cif
query,small,small::mp-16964::combined_noise_0.015A_0.003,mp-16964,mp-16964,SiO2,mp-16964,SiO2,combined_noise_0.015A_0.003,combined_perturbation,36,P1,1,materials_project,structures/queries/small__mp-16964__combined_noise_0.015A_0.003__mp-16964.cif
query,small,small::mp-16964::combined_noise_0.050A_0.003,mp-16964,mp-16964,SiO2,mp-16964,SiO2,combined_noise_0.050A_0.003,combined_perturbation,36,P1,1,materials_project,structures/queries/small__mp-16964__combined_noise_0.050A_0.003__mp-16964.cif
query,small,small::mp-16964::combined_noise_0.002A_0.010,mp-16964,mp-16964,SiO2,mp-16964,SiO2,combined_noise_0.002A_0.010,combined_perturbation,36,Cc,9,materials_project,structures/queries/small__mp-16964__combined_noise_0.002A_0.010__mp-16964.cif
query,small,small::mp-16964::combined_noise_0.015A_0.010,mp-16964,mp-16964,SiO2,mp-16964,SiO2,combined_noise_0.015A_0.010,combined_perturbation,36,P1,1,materials_project,structures/queries/small__mp-16964__combined_noise_0.015A_0.010__mp-16964.cif
query,small,small::mp-16964::combined_noise_0.050A_0.010,mp-16964,mp-16964,SiO2,mp-16964,SiO2,combined_noise_0.050A_0.010,combined_perturbation,36,P1,1,materials_project,structures/queries/small__mp-16964__combined_noise_0.050A_0.010__mp-16964.cif
query,small,small::mp-16964::combined_noise_0.002A_0.030,mp-16964,mp-16964,SiO2,mp-16964,SiO2,combined_noise_0.002A_0.030,combined_perturbation,36,P1,1,materials_project,structures/queries/small__mp-16964__combined_noise_0.002A_0.030__mp-16964.cif
query,small,small::mp-16964::combined_noise_0.015A_0.030,mp-16964,mp-16964,SiO2,mp-16964,SiO2,combined_noise_0.015A_0.030,combined_perturbation,36,P1,1,materials_project,structures/queries/small__mp-16964__combined_noise_0.015A_0.030__mp-16964.cif
query,small,small::mp-16964::combined_noise_0.050A_0.030,mp-16964,mp-16964,SiO2,mp-16964,SiO2,combined_noise_0.050A_0.030,combined_perturbation,36,P1,1,materials_project,structures/queries/small__mp-16964__combined_noise_0.050A_0.030__mp-16964.cif
query,small,small::mp-17909::conventional_standard,mp-17909,mp-17909,SiO2,mp-17909,SiO2,conventional_standard,equivalent_transform,108,R-3m,166,materials_project,structures/queries/small__mp-17909__conventional_standard__mp-17909.cif
query,small,small::mp-17909::niggli_reduced,mp-17909,mp-17909,SiO2,mp-17909,SiO2,niggli_reduced,equivalent_transform,36,R-3m,166,materials_project,structures/queries/small__mp-17909__niggli_reduced__mp-17909.cif
query,small,small::mp-17909::origin_shifted,mp-17909,mp-17909,SiO2,mp-17909,SiO2,origin_shifted,equivalent_transform,36,R-3m,166,materials_project,structures/queries/small__mp-17909__origin_shifted__mp-17909.cif
query,small,small::mp-17909::permuted_sites,mp-17909,mp-17909,SiO2,mp-17909,SiO2,permuted_sites,equivalent_transform,36,R-3m,166,materials_project,structures/queries/small__mp-17909__permuted_sites__mp-17909.cif
query,small,small::mp-17909::combined_noise_0.002A_0.003,mp-17909,mp-17909,SiO2,mp-17909,SiO2,combined_noise_0.002A_0.003,combined_perturbation,36,P1,1,materials_project,structures/queries/small__mp-17909__combined_noise_0.002A_0.003__mp-17909.cif
query,small,small::mp-17909::combined_noise_0.015A_0.003,mp-17909,mp-17909,SiO2,mp-17909,SiO2,combined_noise_0.015A_0.003,combined_perturbation,36,P1,1,materials_project,structures/queries/small__mp-17909__combined_noise_0.015A_0.003__mp-17909.cif
query,small,small::mp-17909::combined_noise_0.050A_0.003,mp-17909,mp-17909,SiO2,mp-17909,SiO2,combined_noise_0.050A_0.003,combined_perturbation,36,P1,1,materials_project,structures/queries/small__mp-17909__combined_noise_0.050A_0.003__mp-17909.cif
query,small,small::mp-17909::combined_noise_0.002A_0.010,mp-17909,mp-17909,SiO2,mp-17909,SiO2,combined_noise_0.002A_0.010,combined_perturbation,36,P1,1,materials_project,structures/queries/small__mp-17909__combined_noise_0.002A_0.010__mp-17909.cif
query,small,small::mp-17909::combined_noise_0.015A_0.010,mp-17909,mp-17909,SiO2,mp-17909,SiO2,combined_noise_0.015A_0.010,combined_perturbation,36,P1,1,materials_project,structures/queries/small__mp-17909__combined_noise_0.015A_0.010__mp-17909.cif
query,small,small::mp-17909::combined_noise_0.050A_0.010,mp-17909,mp-17909,SiO2,mp-17909,SiO2,combined_noise_0.050A_0.010,combined_perturbation,36,P1,1,materials_project,structures/queries/small__mp-17909__combined_noise_0.050A_0.010__mp-17909.cif
query,small,small::mp-17909::combined_noise_0.002A_0.030,mp-17909,mp-17909,SiO2,mp-17909,SiO2,combined_noise_0.002A_0.030,combined_perturbation,36,C2,5,materials_project,structures/queries/small__mp-17909__combined_noise_0.002A_0.030__mp-17909.cif
query,small,small::mp-17909::combined_noise_0.015A_0.030,mp-17909,mp-17909,SiO2,mp-17909,SiO2,combined_noise_0.015A_0.030,combined_perturbation,36,P1,1,materials_project,structures/queries/small__mp-17909__combined_noise_0.015A_0.030__mp-17909.cif
query,small,small::mp-17909::combined_noise_0.050A_0.030,mp-17909,mp-17909,SiO2,mp-17909,SiO2,combined_noise_0.050A_0.030,combined_perturbation,36,P1,1,materials_project,structures/queries/small__mp-17909__combined_noise_0.050A_0.030__mp-17909.cif
query,small,small::mp-18280::conventional_standard,mp-18280,mp-18280,SiO2,mp-18280,SiO2,conventional_standard,equivalent_transform,72,C2/m,12,materials_project,structures/queries/small__mp-18280__conventional_standard__mp-18280.cif
query,small,small::mp-18280::niggli_reduced,mp-18280,mp-18280,SiO2,mp-18280,SiO2,niggli_reduced,equivalent_transform,36,C2/m,12,materials_project,structures/queries/small__mp-18280__niggli_reduced__mp-18280.cif
query,small,small::mp-18280::origin_shifted,mp-18280,mp-18280,SiO2,mp-18280,SiO2,origin_shifted,equivalent_transform,36,C2/m,12,materials_project,structures/queries/small__mp-18280__origin_shifted__mp-18280.cif
query,small,small::mp-18280::permuted_sites,mp-18280,mp-18280,SiO2,mp-18280,SiO2,permuted_sites,equivalent_transform,36,C2/m,12,materials_project,structures/queries/small__mp-18280__permuted_sites__mp-18280.cif
query,small,small::mp-18280::combined_noise_0.002A_0.003,mp-18280,mp-18280,SiO2,mp-18280,SiO2,combined_noise_0.002A_0.003,combined_perturbation,36,P-1,2,materials_project,structures/queries/small__mp-18280__combined_noise_0.002A_0.003__mp-18280.cif
query,small,small::mp-18280::combined_noise_0.015A_0.003,mp-18280,mp-18280,SiO2,mp-18280,SiO2,combined_noise_0.015A_0.003,combined_perturbation,36,P1,1,materials_project,structures/queries/small__mp-18280__combined_noise_0.015A_0.003__mp-18280.cif
query,small,small::mp-18280::combined_noise_0.050A_0.003,mp-18280,mp-18280,SiO2,mp-18280,SiO2,combined_noise_0.050A_0.003,combined_perturbation,36,P1,1,materials_project,structures/queries/small__mp-18280__combined_noise_0.050A_0.003__mp-18280.cif
query,small,small::mp-18280::combined_noise_0.002A_0.010,mp-18280,mp-18280,SiO2,mp-18280,SiO2,combined_noise_0.002A_0.010,combined_perturbation,36,C2,5,materials_project,structures/queries/small__mp-18280__combined_noise_0.002A_0.010__mp-18280.cif
query,small,small::mp-18280::combined_noise_0.015A_0.010,mp-18280,mp-18280,SiO2,mp-18280,SiO2,combined_noise_0.015A_0.010,combined_perturbation,36,P1,1,materials_project,structures/queries/small__mp-18280__combined_noise_0.015A_0.010__mp-18280.cif
query,small,small::mp-18280::combined_noise_0.050A_0.010,mp-18280,mp-18280,SiO2,mp-18280,SiO2,combined_noise_0.050A_0.010,combined_perturbation,36,P1,1,materials_project,structures/queries/small__mp-18280__combined_noise_0.050A_0.010__mp-18280.cif
query,small,small::mp-18280::combined_noise_0.002A_0.030,mp-18280,mp-18280,SiO2,mp-18280,SiO2,combined_noise_0.002A_0.030,combined_perturbation,36,P-1,2,materials_project,structures/queries/small__mp-18280__combined_noise_0.002A_0.030__mp-18280.cif
query,small,small::mp-18280::combined_noise_0.015A_0.030,mp-18280,mp-18280,SiO2,mp-18280,SiO2,combined_noise_0.015A_0.030,combined_perturbation,36,P1,1,materials_project,structures/queries/small__mp-18280__combined_noise_0.015A_0.030__mp-18280.cif
query,small,small::mp-18280::combined_noise_0.050A_0.030,mp-18280,mp-18280,SiO2,mp-18280,SiO2,combined_noise_0.050A_0.030,combined_perturbation,36,P1,1,materials_project,structures/queries/small__mp-18280__combined_noise_0.050A_0.030__mp-18280.cif
query,small,small::mp-32667::conventional_standard,mp-32667,mp-32667,SiO2,mp-32667,SiO2,conventional_standard,equivalent_transform,18,P2_1/c,14,materials_project,structures/queries/small__mp-32667__conventional_standard__mp-32667.cif
query,small,small::mp-32667::niggli_reduced,mp-32667,mp-32667,SiO2,mp-32667,SiO2,niggli_reduced,equivalent_transform,18,P2_1/c,14,materials_project,structures/queries/small__mp-32667__niggli_reduced__mp-32667.cif
query,small,small::mp-32667::origin_shifted,mp-32667,mp-32667,SiO2,mp-32667,SiO2,origin_shifted,equivalent_transform,18,P2_1/c,14,materials_project,structures/queries/small__mp-32667__origin_shifted__mp-32667.cif
query,small,small::mp-32667::permuted_sites,mp-32667,mp-32667,SiO2,mp-32667,SiO2,permuted_sites,equivalent_transform,18,P2_1/c,14,materials_project,structures/queries/small__mp-32667__permuted_sites__mp-32667.cif
query,small,small::mp-32667::combined_noise_0.002A_0.003,mp-32667,mp-32667,SiO2,mp-32667,SiO2,combined_noise_0.002A_0.003,combined_perturbation,18,P1,1,materials_project,structures/queries/small__mp-32667__combined_noise_0.002A_0.003__mp-32667.cif
query,small,small::mp-32667::combined_noise_0.015A_0.003,mp-32667,mp-32667,SiO2,mp-32667,SiO2,combined_noise_0.015A_0.003,combined_perturbation,18,P1,1,materials_project,structures/queries/small__mp-32667__combined_noise_0.015A_0.003__mp-32667.cif
query,small,small::mp-32667::combined_noise_0.050A_0.003,mp-32667,mp-32667,SiO2,mp-32667,SiO2,combined_noise_0.050A_0.003,combined_perturbation,18,P1,1,materials_project,structures/queries/small__mp-32667__combined_noise_0.050A_0.003__mp-32667.cif
query,small,small::mp-32667::combined_noise_0.002A_0.010,mp-32667,mp-32667,SiO2,mp-32667,SiO2,combined_noise_0.002A_0.010,combined_perturbation,18,P2_1,4,materials_project,structures/queries/small__mp-32667__combined_noise_0.002A_0.010__mp-32667.cif
query,small,small::mp-32667::combined_noise_0.015A_0.010,mp-32667,mp-32667,SiO2,mp-32667,SiO2,combined_noise_0.015A_0.010,combined_perturbation,18,P1,1,materials_project,structures/queries/small__mp-32667__combined_noise_0.015A_0.010__mp-32667.cif
query,small,small::mp-32667::combined_noise_0.050A_0.010,mp-32667,mp-32667,SiO2,mp-32667,SiO2,combined_noise_0.050A_0.010,combined_perturbation,18,P1,1,materials_project,structures/queries/small__mp-32667__combined_noise_0.050A_0.010__mp-32667.cif
query,small,small::mp-32667::combined_noise_0.002A_0.030,mp-32667,mp-32667,SiO2,mp-32667,SiO2,combined_noise_0.002A_0.030,combined_perturbation,18,Pc,7,materials_project,structures/queries/small__mp-32667__combined_noise_0.002A_0.030__mp-32667.cif
query,small,small::mp-32667::combined_noise_0.015A_0.030,mp-32667,mp-32667,SiO2,mp-32667,SiO2,combined_noise_0.015A_0.030,combined_perturbation,18,P1,1,materials_project,structures/queries/small__mp-32667__combined_noise_0.015A_0.030__mp-32667.cif
query,small,small::mp-32667::combined_noise_0.050A_0.030,mp-32667,mp-32667,SiO2,mp-32667,SiO2,combined_noise_0.050A_0.030,combined_perturbation,18,P1,1,materials_project,structures/queries/small__mp-32667__combined_noise_0.050A_0.030__mp-32667.cif
query,small,small::mp-545488::conventional_standard,mp-545488,mp-545488,SiO2,mp-545488,SiO2,conventional_standard,equivalent_transform,12,P2/c,13,materials_project,structures/queries/small__mp-545488__conventional_standard__mp-545488.cif
query,small,small::mp-545488::niggli_reduced,mp-545488,mp-545488,SiO2,mp-545488,SiO2,niggli_reduced,equivalent_transform,12,P2/c,13,materials_project,structures/queries/small__mp-545488__niggli_reduced__mp-545488.cif
query,small,small::mp-545488::origin_shifted,mp-545488,mp-545488,SiO2,mp-545488,SiO2,origin_shifted,equivalent_transform,12,P2/c,13,materials_project,structures/queries/small__mp-545488__origin_shifted__mp-545488.cif
query,small,small::mp-545488::permuted_sites,mp-545488,mp-545488,SiO2,mp-545488,SiO2,permuted_sites,equivalent_transform,12,P2/c,13,materials_project,structures/queries/small__mp-545488__permuted_sites__mp-545488.cif
query,small,small::mp-545488::combined_noise_0.002A_0.003,mp-545488,mp-545488,SiO2,mp-545488,SiO2,combined_noise_0.002A_0.003,combined_perturbation,12,Pc,7,materials_project,structures/queries/small__mp-545488__combined_noise_0.002A_0.003__mp-545488.cif
query,small,small::mp-545488::combined_noise_0.015A_0.003,mp-545488,mp-545488,SiO2,mp-545488,SiO2,combined_noise_0.015A_0.003,combined_perturbation,12,P1,1,materials_project,structures/queries/small__mp-545488__combined_noise_0.015A_0.003__mp-545488.cif
query,small,small::mp-545488::combined_noise_0.050A_0.003,mp-545488,mp-545488,SiO2,mp-545488,SiO2,combined_noise_0.050A_0.003,combined_perturbation,12,P1,1,materials_project,structures/queries/small__mp-545488__combined_noise_0.050A_0.003__mp-545488.cif
query,small,small::mp-545488::combined_noise_0.002A_0.010,mp-545488,mp-545488,SiO2,mp-545488,SiO2,combined_noise_0.002A_0.010,combined_perturbation,12,P2/c,13,materials_project,structures/queries/small__mp-545488__combined_noise_0.002A_0.010__mp-545488.cif
query,small,small::mp-545488::combined_noise_0.015A_0.010,mp-545488,mp-545488,SiO2,mp-545488,SiO2,combined_noise_0.015A_0.010,combined_perturbation,12,P1,1,materials_project,structures/queries/small__mp-545488__combined_noise_0.015A_0.010__mp-545488.cif
query,small,small::mp-545488::combined_noise_0.050A_0.010,mp-545488,mp-545488,SiO2,mp-545488,SiO2,combined_noise_0.050A_0.010,combined_perturbation,12,P1,1,materials_project,structures/queries/small__mp-545488__combined_noise_0.050A_0.010__mp-545488.cif
query,small,small::mp-545488::combined_noise_0.002A_0.030,mp-545488,mp-545488,SiO2,mp-545488,SiO2,combined_noise_0.002A_0.030,combined_perturbation,12,P-1,2,materials_project,structures/queries/small__mp-545488__combined_noise_0.002A_0.030__mp-545488.cif
query,small,small::mp-545488::combined_noise_0.015A_0.030,mp-545488,mp-545488,SiO2,mp-545488,SiO2,combined_noise_0.015A_0.030,combined_perturbation,12,P1,1,materials_project,structures/queries/small__mp-545488__combined_noise_0.015A_0.030__mp-545488.cif
query,small,small::mp-545488::combined_noise_0.050A_0.030,mp-545488,mp-545488,SiO2,mp-545488,SiO2,combined_noise_0.050A_0.030,combined_perturbation,12,P1,1,materials_project,structures/queries/small__mp-545488__combined_noise_0.050A_0.030__mp-545488.cif
query,small,small::mp-1008677::conventional_standard,mp-1008677,mp-1008677,TiO2,mp-1008677,TiO2,conventional_standard,equivalent_transform,12,Fm-3m,225,materials_project,structures/queries/small__mp-1008677__conventional_standard__mp-1008677.cif
query,small,small::mp-1008677::niggli_reduced,mp-1008677,mp-1008677,TiO2,mp-1008677,TiO2,niggli_reduced,equivalent_transform,3,Fm-3m,225,materials_project,structures/queries/small__mp-1008677__niggli_reduced__mp-1008677.cif
query,small,small::mp-1008677::origin_shifted,mp-1008677,mp-1008677,TiO2,mp-1008677,TiO2,origin_shifted,equivalent_transform,3,Fm-3m,225,materials_project,structures/queries/small__mp-1008677__origin_shifted__mp-1008677.cif
query,small,small::mp-1008677::permuted_sites,mp-1008677,mp-1008677,TiO2,mp-1008677,TiO2,permuted_sites,equivalent_transform,3,Fm-3m,225,materials_project,structures/queries/small__mp-1008677__permuted_sites__mp-1008677.cif
query,small,small::mp-1008677::combined_noise_0.002A_0.003,mp-1008677,mp-1008677,TiO2,mp-1008677,TiO2,combined_noise_0.002A_0.003,combined_perturbation,3,I4/mmm,139,materials_project,structures/queries/small__mp-1008677__combined_noise_0.002A_0.003__mp-1008677.cif
query,small,small::mp-1008677::combined_noise_0.015A_0.003,mp-1008677,mp-1008677,TiO2,mp-1008677,TiO2,combined_noise_0.015A_0.003,combined_perturbation,3,P1,1,materials_project,structures/queries/small__mp-1008677__combined_noise_0.015A_0.003__mp-1008677.cif
query,small,small::mp-1008677::combined_noise_0.050A_0.003,mp-1008677,mp-1008677,TiO2,mp-1008677,TiO2,combined_noise_0.050A_0.003,combined_perturbation,3,P1,1,materials_project,structures/queries/small__mp-1008677__combined_noise_0.050A_0.003__mp-1008677.cif
query,small,small::mp-1008677::combined_noise_0.002A_0.010,mp-1008677,mp-1008677,TiO2,mp-1008677,TiO2,combined_noise_0.002A_0.010,combined_perturbation,3,Fmmm,69,materials_project,structures/queries/small__mp-1008677__combined_noise_0.002A_0.010__mp-1008677.cif
query,small,small::mp-1008677::combined_noise_0.015A_0.010,mp-1008677,mp-1008677,TiO2,mp-1008677,TiO2,combined_noise_0.015A_0.010,combined_perturbation,3,P1,1,materials_project,structures/queries/small__mp-1008677__combined_noise_0.015A_0.010__mp-1008677.cif
query,small,small::mp-1008677::combined_noise_0.050A_0.010,mp-1008677,mp-1008677,TiO2,mp-1008677,TiO2,combined_noise_0.050A_0.010,combined_perturbation,3,P1,1,materials_project,structures/queries/small__mp-1008677__combined_noise_0.050A_0.010__mp-1008677.cif
query,small,small::mp-1008677::combined_noise_0.002A_0.030,mp-1008677,mp-1008677,TiO2,mp-1008677,TiO2,combined_noise_0.002A_0.030,combined_perturbation,3,Fmm2,42,materials_project,structures/queries/small__mp-1008677__combined_noise_0.002A_0.030__mp-1008677.cif
query,small,small::mp-1008677::combined_noise_0.015A_0.030,mp-1008677,mp-1008677,TiO2,mp-1008677,TiO2,combined_noise_0.015A_0.030,combined_perturbation,3,C2,5,materials_project,structures/queries/small__mp-1008677__combined_noise_0.015A_0.030__mp-1008677.cif
query,small,small::mp-1008677::combined_noise_0.050A_0.030,mp-1008677,mp-1008677,TiO2,mp-1008677,TiO2,combined_noise_0.050A_0.030,combined_perturbation,3,P1,1,materials_project,structures/queries/small__mp-1008677__combined_noise_0.050A_0.030__mp-1008677.cif
query,small,small::mp-1041565::conventional_standard,mp-1041565,mp-1041565,TiO2,mp-1041565,TiO2,conventional_standard,equivalent_transform,24,Imma,74,materials_project,structures/queries/small__mp-1041565__conventional_standard__mp-1041565.cif
query,small,small::mp-1041565::niggli_reduced,mp-1041565,mp-1041565,TiO2,mp-1041565,TiO2,niggli_reduced,equivalent_transform,12,Imma,74,materials_project,structures/queries/small__mp-1041565__niggli_reduced__mp-1041565.cif
query,small,small::mp-1041565::origin_shifted,mp-1041565,mp-1041565,TiO2,mp-1041565,TiO2,origin_shifted,equivalent_transform,12,Imma,74,materials_project,structures/queries/small__mp-1041565__origin_shifted__mp-1041565.cif
query,small,small::mp-1041565::permuted_sites,mp-1041565,mp-1041565,TiO2,mp-1041565,TiO2,permuted_sites,equivalent_transform,12,Imma,74,materials_project,structures/queries/small__mp-1041565__permuted_sites__mp-1041565.cif
query,small,small::mp-1041565::combined_noise_0.002A_0.003,mp-1041565,mp-1041565,TiO2,mp-1041565,TiO2,combined_noise_0.002A_0.003,combined_perturbation,12,C2/m,12,materials_project,structures/queries/small__mp-1041565__combined_noise_0.002A_0.003__mp-1041565.cif
query,small,small::mp-1041565::combined_noise_0.015A_0.003,mp-1041565,mp-1041565,TiO2,mp-1041565,TiO2,combined_noise_0.015A_0.003,combined_perturbation,12,P1,1,materials_project,structures/queries/small__mp-1041565__combined_noise_0.015A_0.003__mp-1041565.cif
query,small,small::mp-1041565::combined_noise_0.050A_0.003,mp-1041565,mp-1041565,TiO2,mp-1041565,TiO2,combined_noise_0.050A_0.003,combined_perturbation,12,P1,1,materials_project,structures/queries/small__mp-1041565__combined_noise_0.050A_0.003__mp-1041565.cif
query,small,small::mp-1041565::combined_noise_0.002A_0.010,mp-1041565,mp-1041565,TiO2,mp-1041565,TiO2,combined_noise_0.002A_0.010,combined_perturbation,12,C2,5,materials_project,structures/queries/small__mp-1041565__combined_noise_0.002A_0.010__mp-1041565.cif
query,small,small::mp-1041565::combined_noise_0.015A_0.010,mp-1041565,mp-1041565,TiO2,mp-1041565,TiO2,combined_noise_0.015A_0.010,combined_perturbation,12,P1,1,materials_project,structures/queries/small__mp-1041565__combined_noise_0.015A_0.010__mp-1041565.cif
query,small,small::mp-1041565::combined_noise_0.050A_0.010,mp-1041565,mp-1041565,TiO2,mp-1041565,TiO2,combined_noise_0.050A_0.010,combined_perturbation,12,P1,1,materials_project,structures/queries/small__mp-1041565__combined_noise_0.050A_0.010__mp-1041565.cif
query,small,small::mp-1041565::combined_noise_0.002A_0.030,mp-1041565,mp-1041565,TiO2,mp-1041565,TiO2,combined_noise_0.002A_0.030,combined_perturbation,12,Cm,8,materials_project,structures/queries/small__mp-1041565__combined_noise_0.002A_0.030__mp-1041565.cif
query,small,small::mp-1041565::combined_noise_0.015A_0.030,mp-1041565,mp-1041565,TiO2,mp-1041565,TiO2,combined_noise_0.015A_0.030,combined_perturbation,12,P1,1,materials_project,structures/queries/small__mp-1041565__combined_noise_0.015A_0.030__mp-1041565.cif
query,small,small::mp-1041565::combined_noise_0.050A_0.030,mp-1041565,mp-1041565,TiO2,mp-1041565,TiO2,combined_noise_0.050A_0.030,combined_perturbation,12,P1,1,materials_project,structures/queries/small__mp-1041565__combined_noise_0.050A_0.030__mp-1041565.cif
query,small,small::mp-1044853::conventional_standard,mp-1044853,mp-1044853,TiO2,mp-1044853,TiO2,conventional_standard,equivalent_transform,36,P3m1,156,materials_project,structures/queries/small__mp-1044853__conventional_standard__mp-1044853.cif
query,small,small::mp-1044853::niggli_reduced,mp-1044853,mp-1044853,TiO2,mp-1044853,TiO2,niggli_reduced,equivalent_transform,36,P3m1,156,materials_project,structures/queries/small__mp-1044853__niggli_reduced__mp-1044853.cif
query,small,small::mp-1044853::origin_shifted,mp-1044853,mp-1044853,TiO2,mp-1044853,TiO2,origin_shifted,equivalent_transform,36,P3m1,156,materials_project,structures/queries/small__mp-1044853__origin_shifted__mp-1044853.cif
query,small,small::mp-1044853::permuted_sites,mp-1044853,mp-1044853,TiO2,mp-1044853,TiO2,permuted_sites,equivalent_transform,36,P3m1,156,materials_project,structures/queries/small__mp-1044853__permuted_sites__mp-1044853.cif
query,small,small::mp-1044853::combined_noise_0.002A_0.003,mp-1044853,mp-1044853,TiO2,mp-1044853,TiO2,combined_noise_0.002A_0.003,combined_perturbation,36,P1,1,materials_project,structures/queries/small__mp-1044853__combined_noise_0.002A_0.003__mp-1044853.cif
query,small,small::mp-1044853::combined_noise_0.015A_0.003,mp-1044853,mp-1044853,TiO2,mp-1044853,TiO2,combined_noise_0.015A_0.003,combined_perturbation,36,P1,1,materials_project,structures/queries/small__mp-1044853__combined_noise_0.015A_0.003__mp-1044853.cif
query,small,small::mp-1044853::combined_noise_0.050A_0.003,mp-1044853,mp-1044853,TiO2,mp-1044853,TiO2,combined_noise_0.050A_0.003,combined_perturbation,36,P1,1,materials_project,structures/queries/small__mp-1044853__combined_noise_0.050A_0.003__mp-1044853.cif
query,small,small::mp-1044853::combined_noise_0.002A_0.010,mp-1044853,mp-1044853,TiO2,mp-1044853,TiO2,combined_noise_0.002A_0.010,combined_perturbation,36,P1,1,materials_project,structures/queries/small__mp-1044853__combined_noise_0.002A_0.010__mp-1044853.cif
query,small,small::mp-1044853::combined_noise_0.015A_0.010,mp-1044853,mp-1044853,TiO2,mp-1044853,TiO2,combined_noise_0.015A_0.010,combined_perturbation,36,P1,1,materials_project,structures/queries/small__mp-1044853__combined_noise_0.015A_0.010__mp-1044853.cif
query,small,small::mp-1044853::combined_noise_0.050A_0.010,mp-1044853,mp-1044853,TiO2,mp-1044853,TiO2,combined_noise_0.050A_0.010,combined_perturbation,36,P1,1,materials_project,structures/queries/small__mp-1044853__combined_noise_0.050A_0.010__mp-1044853.cif
query,small,small::mp-1044853::combined_noise_0.002A_0.030,mp-1044853,mp-1044853,TiO2,mp-1044853,TiO2,combined_noise_0.002A_0.030,combined_perturbation,36,P1,1,materials_project,structures/queries/small__mp-1044853__combined_noise_0.002A_0.030__mp-1044853.cif
query,small,small::mp-1044853::combined_noise_0.015A_0.030,mp-1044853,mp-1044853,TiO2,mp-1044853,TiO2,combined_noise_0.015A_0.030,combined_perturbation,36,P1,1,materials_project,structures/queries/small__mp-1044853__combined_noise_0.015A_0.030__mp-1044853.cif
query,small,small::mp-1044853::combined_noise_0.050A_0.030,mp-1044853,mp-1044853,TiO2,mp-1044853,TiO2,combined_noise_0.050A_0.030,combined_perturbation,36,P1,1,materials_project,structures/queries/small__mp-1044853__combined_noise_0.050A_0.030__mp-1044853.cif
query,small,small::mp-1079207::conventional_standard,mp-1079207,mp-1079207,TiO2,mp-1079207,TiO2,conventional_standard,equivalent_transform,9,P-62m,189,materials_project,structures/queries/small__mp-1079207__conventional_standard__mp-1079207.cif
query,small,small::mp-1079207::niggli_reduced,mp-1079207,mp-1079207,TiO2,mp-1079207,TiO2,niggli_reduced,equivalent_transform,9,P-62m,189,materials_project,structures/queries/small__mp-1079207__niggli_reduced__mp-1079207.cif
query,small,small::mp-1079207::origin_shifted,mp-1079207,mp-1079207,TiO2,mp-1079207,TiO2,origin_shifted,equivalent_transform,9,P-62m,189,materials_project,structures/queries/small__mp-1079207__origin_shifted__mp-1079207.cif
query,small,small::mp-1079207::permuted_sites,mp-1079207,mp-1079207,TiO2,mp-1079207,TiO2,permuted_sites,equivalent_transform,9,P-62m,189,materials_project,structures/queries/small__mp-1079207__permuted_sites__mp-1079207.cif
query,small,small::mp-1079207::combined_noise_0.002A_0.003,mp-1079207,mp-1079207,TiO2,mp-1079207,TiO2,combined_noise_0.002A_0.003,combined_perturbation,9,Pm,6,materials_project,structures/queries/small__mp-1079207__combined_noise_0.002A_0.003__mp-1079207.cif
query,small,small::mp-1079207::combined_noise_0.015A_0.003,mp-1079207,mp-1079207,TiO2,mp-1079207,TiO2,combined_noise_0.015A_0.003,combined_perturbation,9,P1,1,materials_project,structures/queries/small__mp-1079207__combined_noise_0.015A_0.003__mp-1079207.cif
query,small,small::mp-1079207::combined_noise_0.050A_0.003,mp-1079207,mp-1079207,TiO2,mp-1079207,TiO2,combined_noise_0.050A_0.003,combined_perturbation,9,P1,1,materials_project,structures/queries/small__mp-1079207__combined_noise_0.050A_0.003__mp-1079207.cif
query,small,small::mp-1079207::combined_noise_0.002A_0.010,mp-1079207,mp-1079207,TiO2,mp-1079207,TiO2,combined_noise_0.002A_0.010,combined_perturbation,9,C2,5,materials_project,structures/queries/small__mp-1079207__combined_noise_0.002A_0.010__mp-1079207.cif
query,small,small::mp-1079207::combined_noise_0.015A_0.010,mp-1079207,mp-1079207,TiO2,mp-1079207,TiO2,combined_noise_0.015A_0.010,combined_perturbation,9,P1,1,materials_project,structures/queries/small__mp-1079207__combined_noise_0.015A_0.010__mp-1079207.cif
query,small,small::mp-1079207::combined_noise_0.050A_0.010,mp-1079207,mp-1079207,TiO2,mp-1079207,TiO2,combined_noise_0.050A_0.010,combined_perturbation,9,P1,1,materials_project,structures/queries/small__mp-1079207__combined_noise_0.050A_0.010__mp-1079207.cif
query,small,small::mp-1079207::combined_noise_0.002A_0.030,mp-1079207,mp-1079207,TiO2,mp-1079207,TiO2,combined_noise_0.002A_0.030,combined_perturbation,9,Pm,6,materials_project,structures/queries/small__mp-1079207__combined_noise_0.002A_0.030__mp-1079207.cif
query,small,small::mp-1079207::combined_noise_0.015A_0.030,mp-1079207,mp-1079207,TiO2,mp-1079207,TiO2,combined_noise_0.015A_0.030,combined_perturbation,9,P1,1,materials_project,structures/queries/small__mp-1079207__combined_noise_0.015A_0.030__mp-1079207.cif
query,small,small::mp-1079207::combined_noise_0.050A_0.030,mp-1079207,mp-1079207,TiO2,mp-1079207,TiO2,combined_noise_0.050A_0.030,combined_perturbation,9,P1,1,materials_project,structures/queries/small__mp-1079207__combined_noise_0.050A_0.030__mp-1079207.cif
query,small,small::mp-1101022::conventional_standard,mp-1101022,mp-1101022,TiO2,mp-1101022,TiO2,conventional_standard,equivalent_transform,24,I4/m,87,materials_project,structures/queries/small__mp-1101022__conventional_standard__mp-1101022.cif
query,small,small::mp-1101022::niggli_reduced,mp-1101022,mp-1101022,TiO2,mp-1101022,TiO2,niggli_reduced,equivalent_transform,12,I4/m,87,materials_project,structures/queries/small__mp-1101022__niggli_reduced__mp-1101022.cif
query,small,small::mp-1101022::origin_shifted,mp-1101022,mp-1101022,TiO2,mp-1101022,TiO2,origin_shifted,equivalent_transform,12,I4/m,87,materials_project,structures/queries/small__mp-1101022__origin_shifted__mp-1101022.cif
query,small,small::mp-1101022::permuted_sites,mp-1101022,mp-1101022,TiO2,mp-1101022,TiO2,permuted_sites,equivalent_transform,12,I4/m,87,materials_project,structures/queries/small__mp-1101022__permuted_sites__mp-1101022.cif
query,small,small::mp-1101022::combined_noise_0.002A_0.003,mp-1101022,mp-1101022,TiO2,mp-1101022,TiO2,combined_noise_0.002A_0.003,combined_perturbation,12,P1,1,materials_project,structures/queries/small__mp-1101022__combined_noise_0.002A_0.003__mp-1101022.cif
query,small,small::mp-1101022::combined_noise_0.015A_0.003,mp-1101022,mp-1101022,TiO2,mp-1101022,TiO2,combined_noise_0.015A_0.003,combined_perturbation,12,P1,1,materials_project,structures/queries/small__mp-1101022__combined_noise_0.015A_0.003__mp-1101022.cif
query,small,small::mp-1101022::combined_noise_0.050A_0.003,mp-1101022,mp-1101022,TiO2,mp-1101022,TiO2,combined_noise_0.050A_0.003,combined_perturbation,12,P1,1,materials_project,structures/queries/small__mp-1101022__combined_noise_0.050A_0.003__mp-1101022.cif
query,small,small::mp-1101022::combined_noise_0.002A_0.010,mp-1101022,mp-1101022,TiO2,mp-1101022,TiO2,combined_noise_0.002A_0.010,combined_perturbation,12,Cm,8,materials_project,structures/queries/small__mp-1101022__combined_noise_0.002A_0.010__mp-1101022.cif
query,small,small::mp-1101022::combined_noise_0.015A_0.010,mp-1101022,mp-1101022,TiO2,mp-1101022,TiO2,combined_noise_0.015A_0.010,combined_perturbation,12,P1,1,materials_project,structures/queries/small__mp-1101022__combined_noise_0.015A_0.010__mp-1101022.cif
query,small,small::mp-1101022::combined_noise_0.050A_0.010,mp-1101022,mp-1101022,TiO2,mp-1101022,TiO2,combined_noise_0.050A_0.010,combined_perturbation,12,P1,1,materials_project,structures/queries/small__mp-1101022__combined_noise_0.050A_0.010__mp-1101022.cif
query,small,small::mp-1101022::combined_noise_0.002A_0.030,mp-1101022,mp-1101022,TiO2,mp-1101022,TiO2,combined_noise_0.002A_0.030,combined_perturbation,12,P1,1,materials_project,structures/queries/small__mp-1101022__combined_noise_0.002A_0.030__mp-1101022.cif
query,small,small::mp-1101022::combined_noise_0.015A_0.030,mp-1101022,mp-1101022,TiO2,mp-1101022,TiO2,combined_noise_0.015A_0.030,combined_perturbation,12,P1,1,materials_project,structures/queries/small__mp-1101022__combined_noise_0.015A_0.030__mp-1101022.cif
query,small,small::mp-1101022::combined_noise_0.050A_0.030,mp-1101022,mp-1101022,TiO2,mp-1101022,TiO2,combined_noise_0.050A_0.030,combined_perturbation,12,P1,1,materials_project,structures/queries/small__mp-1101022__combined_noise_0.050A_0.030__mp-1101022.cif
query,small,small::mp-1102255::conventional_standard,mp-1102255,mp-1102255,TiO2,mp-1102255,TiO2,conventional_standard,equivalent_transform,12,Pnma,62,materials_project,structures/queries/small__mp-1102255__conventional_standard__mp-1102255.cif
query,small,small::mp-1102255::niggli_reduced,mp-1102255,mp-1102255,TiO2,mp-1102255,TiO2,niggli_reduced,equivalent_transform,12,Pnma,62,materials_project,structures/queries/small__mp-1102255__niggli_reduced__mp-1102255.cif
query,small,small::mp-1102255::origin_shifted,mp-1102255,mp-1102255,TiO2,mp-1102255,TiO2,origin_shifted,equivalent_transform,12,Pnma,62,materials_project,structures/queries/small__mp-1102255__origin_shifted__mp-1102255.cif
query,small,small::mp-1102255::permuted_sites,mp-1102255,mp-1102255,TiO2,mp-1102255,TiO2,permuted_sites,equivalent_transform,12,Pnma,62,materials_project,structures/queries/small__mp-1102255__permuted_sites__mp-1102255.cif
query,small,small::mp-1102255::combined_noise_0.002A_0.003,mp-1102255,mp-1102255,TiO2,mp-1102255,TiO2,combined_noise_0.002A_0.003,combined_perturbation,12,P1,1,materials_project,structures/queries/small__mp-1102255__combined_noise_0.002A_0.003__mp-1102255.cif
query,small,small::mp-1102255::combined_noise_0.015A_0.003,mp-1102255,mp-1102255,TiO2,mp-1102255,TiO2,combined_noise_0.015A_0.003,combined_perturbation,12,P1,1,materials_project,structures/queries/small__mp-1102255__combined_noise_0.015A_0.003__mp-1102255.cif
query,small,small::mp-1102255::combined_noise_0.050A_0.003,mp-1102255,mp-1102255,TiO2,mp-1102255,TiO2,combined_noise_0.050A_0.003,combined_perturbation,12,P1,1,materials_project,structures/queries/small__mp-1102255__combined_noise_0.050A_0.003__mp-1102255.cif
query,small,small::mp-1102255::combined_noise_0.002A_0.010,mp-1102255,mp-1102255,TiO2,mp-1102255,TiO2,combined_noise_0.002A_0.010,combined_perturbation,12,P2_1,4,materials_project,structures/queries/small__mp-1102255__combined_noise_0.002A_0.010__mp-1102255.cif
query,small,small::mp-1102255::combined_noise_0.015A_0.010,mp-1102255,mp-1102255,TiO2,mp-1102255,TiO2,combined_noise_0.015A_0.010,combined_perturbation,12,P1,1,materials_project,structures/queries/small__mp-1102255__combined_noise_0.015A_0.010__mp-1102255.cif
query,small,small::mp-1102255::combined_noise_0.050A_0.010,mp-1102255,mp-1102255,TiO2,mp-1102255,TiO2,combined_noise_0.050A_0.010,combined_perturbation,12,P1,1,materials_project,structures/queries/small__mp-1102255__combined_noise_0.050A_0.010__mp-1102255.cif
query,small,small::mp-1102255::combined_noise_0.002A_0.030,mp-1102255,mp-1102255,TiO2,mp-1102255,TiO2,combined_noise_0.002A_0.030,combined_perturbation,12,P2_1/m,11,materials_project,structures/queries/small__mp-1102255__combined_noise_0.002A_0.030__mp-1102255.cif
query,small,small::mp-1102255::combined_noise_0.015A_0.030,mp-1102255,mp-1102255,TiO2,mp-1102255,TiO2,combined_noise_0.015A_0.030,combined_perturbation,12,P1,1,materials_project,structures/queries/small__mp-1102255__combined_noise_0.015A_0.030__mp-1102255.cif
query,small,small::mp-1102255::combined_noise_0.050A_0.030,mp-1102255,mp-1102255,TiO2,mp-1102255,TiO2,combined_noise_0.050A_0.030,combined_perturbation,12,P1,1,materials_project,structures/queries/small__mp-1102255__combined_noise_0.050A_0.030__mp-1102255.cif
query,small,small::mp-1102591::conventional_standard,mp-1102591,mp-1102591,TiO2,mp-1102591,TiO2,conventional_standard,equivalent_transform,12,Pa-3,205,materials_project,structures/queries/small__mp-1102591__conventional_standard__mp-1102591.cif
query,small,small::mp-1102591::niggli_reduced,mp-1102591,mp-1102591,TiO2,mp-1102591,TiO2,niggli_reduced,equivalent_transform,12,Pa-3,205,materials_project,structures/queries/small__mp-1102591__niggli_reduced__mp-1102591.cif
query,small,small::mp-1102591::origin_shifted,mp-1102591,mp-1102591,TiO2,mp-1102591,TiO2,origin_shifted,equivalent_transform,12,Pa-3,205,materials_project,structures/queries/small__mp-1102591__origin_shifted__mp-1102591.cif
query,small,small::mp-1102591::permuted_sites,mp-1102591,mp-1102591,TiO2,mp-1102591,TiO2,permuted_sites,equivalent_transform,12,Pa-3,205,materials_project,structures/queries/small__mp-1102591__permuted_sites__mp-1102591.cif
query,small,small::mp-1102591::combined_noise_0.002A_0.003,mp-1102591,mp-1102591,TiO2,mp-1102591,TiO2,combined_noise_0.002A_0.003,combined_perturbation,12,P2_12_12_1,19,materials_project,structures/queries/small__mp-1102591__combined_noise_0.002A_0.003__mp-1102591.cif
query,small,small::mp-1102591::combined_noise_0.015A_0.003,mp-1102591,mp-1102591,TiO2,mp-1102591,TiO2,combined_noise_0.015A_0.003,combined_perturbation,12,P1,1,materials_project,structures/queries/small__mp-1102591__combined_noise_0.015A_0.003__mp-1102591.cif
query,small,small::mp-1102591::combined_noise_0.050A_0.003,mp-1102591,mp-1102591,TiO2,mp-1102591,TiO2,combined_noise_0.050A_0.003,combined_perturbation,12,P1,1,materials_project,structures/queries/small__mp-1102591__combined_noise_0.050A_0.003__mp-1102591.cif
query,small,small::mp-1102591::combined_noise_0.002A_0.010,mp-1102591,mp-1102591,TiO2,mp-1102591,TiO2,combined_noise_0.002A_0.010,combined_perturbation,12,P2_1,4,materials_project,structures/queries/small__mp-1102591__combined_noise_0.002A_0.010__mp-1102591.cif
query,small,small::mp-1102591::combined_noise_0.015A_0.010,mp-1102591,mp-1102591,TiO2,mp-1102591,TiO2,combined_noise_0.015A_0.010,combined_perturbation,12,P1,1,materials_project,structures/queries/small__mp-1102591__combined_noise_0.015A_0.010__mp-1102591.cif
query,small,small::mp-1102591::combined_noise_0.050A_0.010,mp-1102591,mp-1102591,TiO2,mp-1102591,TiO2,combined_noise_0.050A_0.010,combined_perturbation,12,P1,1,materials_project,structures/queries/small__mp-1102591__combined_noise_0.050A_0.010__mp-1102591.cif
query,small,small::mp-1102591::combined_noise_0.002A_0.030,mp-1102591,mp-1102591,TiO2,mp-1102591,TiO2,combined_noise_0.002A_0.030,combined_perturbation,12,P2_1,4,materials_project,structures/queries/small__mp-1102591__combined_noise_0.002A_0.030__mp-1102591.cif
query,small,small::mp-1102591::combined_noise_0.015A_0.030,mp-1102591,mp-1102591,TiO2,mp-1102591,TiO2,combined_noise_0.015A_0.030,combined_perturbation,12,P1,1,materials_project,structures/queries/small__mp-1102591__combined_noise_0.015A_0.030__mp-1102591.cif
query,small,small::mp-1102591::combined_noise_0.050A_0.030,mp-1102591,mp-1102591,TiO2,mp-1102591,TiO2,combined_noise_0.050A_0.030,combined_perturbation,12,P1,1,materials_project,structures/queries/small__mp-1102591__combined_noise_0.050A_0.030__mp-1102591.cif
query,small,small::mp-1190753::conventional_standard,mp-1190753,mp-1190753,TiO2,mp-1190753,TiO2,conventional_standard,equivalent_transform,24,Pbca,61,materials_project,structures/queries/small__mp-1190753__conventional_standard__mp-1190753.cif
query,small,small::mp-1190753::niggli_reduced,mp-1190753,mp-1190753,TiO2,mp-1190753,TiO2,niggli_reduced,equivalent_transform,24,Pbca,61,materials_project,structures/queries/small__mp-1190753__niggli_reduced__mp-1190753.cif
query,small,small::mp-1190753::origin_shifted,mp-1190753,mp-1190753,TiO2,mp-1190753,TiO2,origin_shifted,equivalent_transform,24,Pbca,61,materials_project,structures/queries/small__mp-1190753__origin_shifted__mp-1190753.cif
query,small,small::mp-1190753::permuted_sites,mp-1190753,mp-1190753,TiO2,mp-1190753,TiO2,permuted_sites,equivalent_transform,24,Pbca,61,materials_project,structures/queries/small__mp-1190753__permuted_sites__mp-1190753.cif
query,small,small::mp-1190753::combined_noise_0.002A_0.003,mp-1190753,mp-1190753,TiO2,mp-1190753,TiO2,combined_noise_0.002A_0.003,combined_perturbation,24,P2_1,4,materials_project,structures/queries/small__mp-1190753__combined_noise_0.002A_0.003__mp-1190753.cif
query,small,small::mp-1190753::combined_noise_0.015A_0.003,mp-1190753,mp-1190753,TiO2,mp-1190753,TiO2,combined_noise_0.015A_0.003,combined_perturbation,24,P1,1,materials_project,structures/queries/small__mp-1190753__combined_noise_0.015A_0.003__mp-1190753.cif
query,small,small::mp-1190753::combined_noise_0.050A_0.003,mp-1190753,mp-1190753,TiO2,mp-1190753,TiO2,combined_noise_0.050A_0.003,combined_perturbation,24,P1,1,materials_project,structures/queries/small__mp-1190753__combined_noise_0.050A_0.003__mp-1190753.cif
query,small,small::mp-1190753::combined_noise_0.002A_0.010,mp-1190753,mp-1190753,TiO2,mp-1190753,TiO2,combined_noise_0.002A_0.010,combined_perturbation,24,P2_1,4,materials_project,structures/queries/small__mp-1190753__combined_noise_0.002A_0.010__mp-1190753.cif
query,small,small::mp-1190753::combined_noise_0.015A_0.010,mp-1190753,mp-1190753,TiO2,mp-1190753,TiO2,combined_noise_0.015A_0.010,combined_perturbation,24,P1,1,materials_project,structures/queries/small__mp-1190753__combined_noise_0.015A_0.010__mp-1190753.cif
query,small,small::mp-1190753::combined_noise_0.050A_0.010,mp-1190753,mp-1190753,TiO2,mp-1190753,TiO2,combined_noise_0.050A_0.010,combined_perturbation,24,P1,1,materials_project,structures/queries/small__mp-1190753__combined_noise_0.050A_0.010__mp-1190753.cif
query,small,small::mp-1190753::combined_noise_0.002A_0.030,mp-1190753,mp-1190753,TiO2,mp-1190753,TiO2,combined_noise_0.002A_0.030,combined_perturbation,24,P1,1,materials_project,structures/queries/small__mp-1190753__combined_noise_0.002A_0.030__mp-1190753.cif
query,small,small::mp-1190753::combined_noise_0.015A_0.030,mp-1190753,mp-1190753,TiO2,mp-1190753,TiO2,combined_noise_0.015A_0.030,combined_perturbation,24,P1,1,materials_project,structures/queries/small__mp-1190753__combined_noise_0.015A_0.030__mp-1190753.cif
query,small,small::mp-1190753::combined_noise_0.050A_0.030,mp-1190753,mp-1190753,TiO2,mp-1190753,TiO2,combined_noise_0.050A_0.030,combined_perturbation,24,P1,1,materials_project,structures/queries/small__mp-1190753__combined_noise_0.050A_0.030__mp-1190753.cif
query,small,small::mp-1341203::conventional_standard,mp-1341203,mp-1341203,TiO2,mp-1341203,TiO2,conventional_standard,equivalent_transform,24,Pmmn,59,materials_project,structures/queries/small__mp-1341203__conventional_standard__mp-1341203.cif
query,small,small::mp-1341203::niggli_reduced,mp-1341203,mp-1341203,TiO2,mp-1341203,TiO2,niggli_reduced,equivalent_transform,24,Pmmn,59,materials_project,structures/queries/small__mp-1341203__niggli_reduced__mp-1341203.cif
query,small,small::mp-1341203::origin_shifted,mp-1341203,mp-1341203,TiO2,mp-1341203,TiO2,origin_shifted,equivalent_transform,24,Pmmn,59,materials_project,structures/queries/small__mp-1341203__origin_shifted__mp-1341203.cif
query,small,small::mp-1341203::permuted_sites,mp-1341203,mp-1341203,TiO2,mp-1341203,TiO2,permuted_sites,equivalent_transform,24,Pmmn,59,materials_project,structures/queries/small__mp-1341203__permuted_sites__mp-1341203.cif
query,small,small::mp-1341203::combined_noise_0.002A_0.003,mp-1341203,mp-1341203,TiO2,mp-1341203,TiO2,combined_noise_0.002A_0.003,combined_perturbation,24,Pm,6,materials_project,structures/queries/small__mp-1341203__combined_noise_0.002A_0.003__mp-1341203.cif
query,small,small::mp-1341203::combined_noise_0.015A_0.003,mp-1341203,mp-1341203,TiO2,mp-1341203,TiO2,combined_noise_0.015A_0.003,combined_perturbation,24,P1,1,materials_project,structures/queries/small__mp-1341203__combined_noise_0.015A_0.003__mp-1341203.cif
query,small,small::mp-1341203::combined_noise_0.050A_0.003,mp-1341203,mp-1341203,TiO2,mp-1341203,TiO2,combined_noise_0.050A_0.003,combined_perturbation,24,P1,1,materials_project,structures/queries/small__mp-1341203__combined_noise_0.050A_0.003__mp-1341203.cif
query,small,small::mp-1341203::combined_noise_0.002A_0.010,mp-1341203,mp-1341203,TiO2,mp-1341203,TiO2,combined_noise_0.002A_0.010,combined_perturbation,24,Pm,6,materials_project,structures/queries/small__mp-1341203__combined_noise_0.002A_0.010__mp-1341203.cif
query,small,small::mp-1341203::combined_noise_0.015A_0.010,mp-1341203,mp-1341203,TiO2,mp-1341203,TiO2,combined_noise_0.015A_0.010,combined_perturbation,24,P1,1,materials_project,structures/queries/small__mp-1341203__combined_noise_0.015A_0.010__mp-1341203.cif
query,small,small::mp-1341203::combined_noise_0.050A_0.010,mp-1341203,mp-1341203,TiO2,mp-1341203,TiO2,combined_noise_0.050A_0.010,combined_perturbation,24,P1,1,materials_project,structures/queries/small__mp-1341203__combined_noise_0.050A_0.010__mp-1341203.cif
query,small,small::mp-1341203::combined_noise_0.002A_0.030,mp-1341203,mp-1341203,TiO2,mp-1341203,TiO2,combined_noise_0.002A_0.030,combined_perturbation,24,Pm,6,materials_project,structures/queries/small__mp-1341203__combined_noise_0.002A_0.030__mp-1341203.cif
query,small,small::mp-1341203::combined_noise_0.015A_0.030,mp-1341203,mp-1341203,TiO2,mp-1341203,TiO2,combined_noise_0.015A_0.030,combined_perturbation,24,P1,1,materials_project,structures/queries/small__mp-1341203__combined_noise_0.015A_0.030__mp-1341203.cif
query,small,small::mp-1341203::combined_noise_0.050A_0.030,mp-1341203,mp-1341203,TiO2,mp-1341203,TiO2,combined_noise_0.050A_0.030,combined_perturbation,24,P1,1,materials_project,structures/queries/small__mp-1341203__combined_noise_0.050A_0.030__mp-1341203.cif
query,small,small::mp-1380335::conventional_standard,mp-1380335,mp-1380335,TiO2,mp-1380335,TiO2,conventional_standard,equivalent_transform,36,P3m1,156,materials_project,structures/queries/small__mp-1380335__conventional_standard__mp-1380335.cif
query,small,small::mp-1380335::niggli_reduced,mp-1380335,mp-1380335,TiO2,mp-1380335,TiO2,niggli_reduced,equivalent_transform,36,P3m1,156,materials_project,structures/queries/small__mp-1380335__niggli_reduced__mp-1380335.cif
query,small,small::mp-1380335::origin_shifted,mp-1380335,mp-1380335,TiO2,mp-1380335,TiO2,origin_shifted,equivalent_transform,36,P3m1,156,materials_project,structures/queries/small__mp-1380335__origin_shifted__mp-1380335.cif
query,small,small::mp-1380335::permuted_sites,mp-1380335,mp-1380335,TiO2,mp-1380335,TiO2,permuted_sites,equivalent_transform,36,P3m1,156,materials_project,structures/queries/small__mp-1380335__permuted_sites__mp-1380335.cif
query,small,small::mp-1380335::combined_noise_0.002A_0.003,mp-1380335,mp-1380335,TiO2,mp-1380335,TiO2,combined_noise_0.002A_0.003,combined_perturbation,36,P1,1,materials_project,structures/queries/small__mp-1380335__combined_noise_0.002A_0.003__mp-1380335.cif
query,small,small::mp-1380335::combined_noise_0.015A_0.003,mp-1380335,mp-1380335,TiO2,mp-1380335,TiO2,combined_noise_0.015A_0.003,combined_perturbation,36,P1,1,materials_project,structures/queries/small__mp-1380335__combined_noise_0.015A_0.003__mp-1380335.cif
query,small,small::mp-1380335::combined_noise_0.050A_0.003,mp-1380335,mp-1380335,TiO2,mp-1380335,TiO2,combined_noise_0.050A_0.003,combined_perturbation,36,P1,1,materials_project,structures/queries/small__mp-1380335__combined_noise_0.050A_0.003__mp-1380335.cif
query,small,small::mp-1380335::combined_noise_0.002A_0.010,mp-1380335,mp-1380335,TiO2,mp-1380335,TiO2,combined_noise_0.002A_0.010,combined_perturbation,36,P1,1,materials_project,structures/queries/small__mp-1380335__combined_noise_0.002A_0.010__mp-1380335.cif
query,small,small::mp-1380335::combined_noise_0.015A_0.010,mp-1380335,mp-1380335,TiO2,mp-1380335,TiO2,combined_noise_0.015A_0.010,combined_perturbation,36,P1,1,materials_project,structures/queries/small__mp-1380335__combined_noise_0.015A_0.010__mp-1380335.cif
query,small,small::mp-1380335::combined_noise_0.050A_0.010,mp-1380335,mp-1380335,TiO2,mp-1380335,TiO2,combined_noise_0.050A_0.010,combined_perturbation,36,P1,1,materials_project,structures/queries/small__mp-1380335__combined_noise_0.050A_0.010__mp-1380335.cif
query,small,small::mp-1380335::combined_noise_0.002A_0.030,mp-1380335,mp-1380335,TiO2,mp-1380335,TiO2,combined_noise_0.002A_0.030,combined_perturbation,36,Cm,8,materials_project,structures/queries/small__mp-1380335__combined_noise_0.002A_0.030__mp-1380335.cif
query,small,small::mp-1380335::combined_noise_0.015A_0.030,mp-1380335,mp-1380335,TiO2,mp-1380335,TiO2,combined_noise_0.015A_0.030,combined_perturbation,36,P1,1,materials_project,structures/queries/small__mp-1380335__combined_noise_0.015A_0.030__mp-1380335.cif
query,small,small::mp-1380335::combined_noise_0.050A_0.030,mp-1380335,mp-1380335,TiO2,mp-1380335,TiO2,combined_noise_0.050A_0.030,combined_perturbation,36,P1,1,materials_project,structures/queries/small__mp-1380335__combined_noise_0.050A_0.030__mp-1380335.cif
query,small,small::mp-1386640::conventional_standard,mp-1386640,mp-1386640,TiO2,mp-1386640,TiO2,conventional_standard,equivalent_transform,24,Cmcm,63,materials_project,structures/queries/small__mp-1386640__conventional_standard__mp-1386640.cif
query,small,small::mp-1386640::niggli_reduced,mp-1386640,mp-1386640,TiO2,mp-1386640,TiO2,niggli_reduced,equivalent_transform,12,Cmcm,63,materials_project,structures/queries/small__mp-1386640__niggli_reduced__mp-1386640.cif
query,small,small::mp-1386640::origin_shifted,mp-1386640,mp-1386640,TiO2,mp-1386640,TiO2,origin_shifted,equivalent_transform,12,Cmcm,63,materials_project,structures/queries/small__mp-1386640__origin_shifted__mp-1386640.cif
query,small,small::mp-1386640::permuted_sites,mp-1386640,mp-1386640,TiO2,mp-1386640,TiO2,permuted_sites,equivalent_transform,12,Cmcm,63,materials_project,structures/queries/small__mp-1386640__permuted_sites__mp-1386640.cif
query,small,small::mp-1386640::combined_noise_0.002A_0.003,mp-1386640,mp-1386640,TiO2,mp-1386640,TiO2,combined_noise_0.002A_0.003,combined_perturbation,12,Cm,8,materials_project,structures/queries/small__mp-1386640__combined_noise_0.002A_0.003__mp-1386640.cif
query,small,small::mp-1386640::combined_noise_0.015A_0.003,mp-1386640,mp-1386640,TiO2,mp-1386640,TiO2,combined_noise_0.015A_0.003,combined_perturbation,12,P1,1,materials_project,structures/queries/small__mp-1386640__combined_noise_0.015A_0.003__mp-1386640.cif
query,small,small::mp-1386640::combined_noise_0.050A_0.003,mp-1386640,mp-1386640,TiO2,mp-1386640,TiO2,combined_noise_0.050A_0.003,combined_perturbation,12,P1,1,materials_project,structures/queries/small__mp-1386640__combined_noise_0.050A_0.003__mp-1386640.cif
query,small,small::mp-1386640::combined_noise_0.002A_0.010,mp-1386640,mp-1386640,TiO2,mp-1386640,TiO2,combined_noise_0.002A_0.010,combined_perturbation,12,P1,1,materials_project,structures/queries/small__mp-1386640__combined_noise_0.002A_0.010__mp-1386640.cif
query,small,small::mp-1386640::combined_noise_0.015A_0.010,mp-1386640,mp-1386640,TiO2,mp-1386640,TiO2,combined_noise_0.015A_0.010,combined_perturbation,12,P1,1,materials_project,structures/queries/small__mp-1386640__combined_noise_0.015A_0.010__mp-1386640.cif
query,small,small::mp-1386640::combined_noise_0.050A_0.010,mp-1386640,mp-1386640,TiO2,mp-1386640,TiO2,combined_noise_0.050A_0.010,combined_perturbation,12,P1,1,materials_project,structures/queries/small__mp-1386640__combined_noise_0.050A_0.010__mp-1386640.cif
query,small,small::mp-1386640::combined_noise_0.002A_0.030,mp-1386640,mp-1386640,TiO2,mp-1386640,TiO2,combined_noise_0.002A_0.030,combined_perturbation,12,Cmcm,63,materials_project,structures/queries/small__mp-1386640__combined_noise_0.002A_0.030__mp-1386640.cif
query,small,small::mp-1386640::combined_noise_0.015A_0.030,mp-1386640,mp-1386640,TiO2,mp-1386640,TiO2,combined_noise_0.015A_0.030,combined_perturbation,12,P1,1,materials_project,structures/queries/small__mp-1386640__combined_noise_0.015A_0.030__mp-1386640.cif
query,small,small::mp-1386640::combined_noise_0.050A_0.030,mp-1386640,mp-1386640,TiO2,mp-1386640,TiO2,combined_noise_0.050A_0.030,combined_perturbation,12,P1,1,materials_project,structures/queries/small__mp-1386640__combined_noise_0.050A_0.030__mp-1386640.cif
query,small,small::mp-1400963::conventional_standard,mp-1400963,mp-1400963,TiO2,mp-1400963,TiO2,conventional_standard,equivalent_transform,24,I4/m,87,materials_project,structures/queries/small__mp-1400963__conventional_standard__mp-1400963.cif
query,small,small::mp-1400963::niggli_reduced,mp-1400963,mp-1400963,TiO2,mp-1400963,TiO2,niggli_reduced,equivalent_transform,12,I4/m,87,materials_project,structures/queries/small__mp-1400963__niggli_reduced__mp-1400963.cif
query,small,small::mp-1400963::origin_shifted,mp-1400963,mp-1400963,TiO2,mp-1400963,TiO2,origin_shifted,equivalent_transform,12,I4/m,87,materials_project,structures/queries/small__mp-1400963__origin_shifted__mp-1400963.cif
query,small,small::mp-1400963::permuted_sites,mp-1400963,mp-1400963,TiO2,mp-1400963,TiO2,permuted_sites,equivalent_transform,12,I4/m,87,materials_project,structures/queries/small__mp-1400963__permuted_sites__mp-1400963.cif
query,small,small::mp-1400963::combined_noise_0.002A_0.003,mp-1400963,mp-1400963,TiO2,mp-1400963,TiO2,combined_noise_0.002A_0.003,combined_perturbation,12,Cm,8,materials_project,structures/queries/small__mp-1400963__combined_noise_0.002A_0.003__mp-1400963.cif
query,small,small::mp-1400963::combined_noise_0.015A_0.003,mp-1400963,mp-1400963,TiO2,mp-1400963,TiO2,combined_noise_0.015A_0.003,combined_perturbation,12,P1,1,materials_project,structures/queries/small__mp-1400963__combined_noise_0.015A_0.003__mp-1400963.cif
query,small,small::mp-1400963::combined_noise_0.050A_0.003,mp-1400963,mp-1400963,TiO2,mp-1400963,TiO2,combined_noise_0.050A_0.003,combined_perturbation,12,P1,1,materials_project,structures/queries/small__mp-1400963__combined_noise_0.050A_0.003__mp-1400963.cif
query,small,small::mp-1400963::combined_noise_0.002A_0.010,mp-1400963,mp-1400963,TiO2,mp-1400963,TiO2,combined_noise_0.002A_0.010,combined_perturbation,12,P1,1,materials_project,structures/queries/small__mp-1400963__combined_noise_0.002A_0.010__mp-1400963.cif
query,small,small::mp-1400963::combined_noise_0.015A_0.010,mp-1400963,mp-1400963,TiO2,mp-1400963,TiO2,combined_noise_0.015A_0.010,combined_perturbation,12,P1,1,materials_project,structures/queries/small__mp-1400963__combined_noise_0.015A_0.010__mp-1400963.cif
query,small,small::mp-1400963::combined_noise_0.050A_0.010,mp-1400963,mp-1400963,TiO2,mp-1400963,TiO2,combined_noise_0.050A_0.010,combined_perturbation,12,P1,1,materials_project,structures/queries/small__mp-1400963__combined_noise_0.050A_0.010__mp-1400963.cif
query,small,small::mp-1400963::combined_noise_0.002A_0.030,mp-1400963,mp-1400963,TiO2,mp-1400963,TiO2,combined_noise_0.002A_0.030,combined_perturbation,12,P1,1,materials_project,structures/queries/small__mp-1400963__combined_noise_0.002A_0.030__mp-1400963.cif
query,small,small::mp-1400963::combined_noise_0.015A_0.030,mp-1400963,mp-1400963,TiO2,mp-1400963,TiO2,combined_noise_0.015A_0.030,combined_perturbation,12,P1,1,materials_project,structures/queries/small__mp-1400963__combined_noise_0.015A_0.030__mp-1400963.cif
query,small,small::mp-1400963::combined_noise_0.050A_0.030,mp-1400963,mp-1400963,TiO2,mp-1400963,TiO2,combined_noise_0.050A_0.030,combined_perturbation,12,P1,1,materials_project,structures/queries/small__mp-1400963__combined_noise_0.050A_0.030__mp-1400963.cif
query,small,small::mp-1408285::conventional_standard,mp-1408285,mp-1408285,TiO2,mp-1408285,TiO2,conventional_standard,equivalent_transform,36,R3m,160,materials_project,structures/queries/small__mp-1408285__conventional_standard__mp-1408285.cif
query,small,small::mp-1408285::niggli_reduced,mp-1408285,mp-1408285,TiO2,mp-1408285,TiO2,niggli_reduced,equivalent_transform,12,R3m,160,materials_project,structures/queries/small__mp-1408285__niggli_reduced__mp-1408285.cif
query,small,small::mp-1408285::origin_shifted,mp-1408285,mp-1408285,TiO2,mp-1408285,TiO2,origin_shifted,equivalent_transform,12,R3m,160,materials_project,structures/queries/small__mp-1408285__origin_shifted__mp-1408285.cif
query,small,small::mp-1408285::permuted_sites,mp-1408285,mp-1408285,TiO2,mp-1408285,TiO2,permuted_sites,equivalent_transform,12,R3m,160,materials_project,structures/queries/small__mp-1408285__permuted_sites__mp-1408285.cif
query,small,small::mp-1408285::combined_noise_0.002A_0.003,mp-1408285,mp-1408285,TiO2,mp-1408285,TiO2,combined_noise_0.002A_0.003,combined_perturbation,12,Cm,8,materials_project,structures/queries/small__mp-1408285__combined_noise_0.002A_0.003__mp-1408285.cif
query,small,small::mp-1408285::combined_noise_0.015A_0.003,mp-1408285,mp-1408285,TiO2,mp-1408285,TiO2,combined_noise_0.015A_0.003,combined_perturbation,12,P1,1,materials_project,structures/queries/small__mp-1408285__combined_noise_0.015A_0.003__mp-1408285.cif
query,small,small::mp-1408285::combined_noise_0.050A_0.003,mp-1408285,mp-1408285,TiO2,mp-1408285,TiO2,combined_noise_0.050A_0.003,combined_perturbation,12,P1,1,materials_project,structures/queries/small__mp-1408285__combined_noise_0.050A_0.003__mp-1408285.cif
query,small,small::mp-1408285::combined_noise_0.002A_0.010,mp-1408285,mp-1408285,TiO2,mp-1408285,TiO2,combined_noise_0.002A_0.010,combined_perturbation,12,Cm,8,materials_project,structures/queries/small__mp-1408285__combined_noise_0.002A_0.010__mp-1408285.cif
query,small,small::mp-1408285::combined_noise_0.015A_0.010,mp-1408285,mp-1408285,TiO2,mp-1408285,TiO2,combined_noise_0.015A_0.010,combined_perturbation,12,P1,1,materials_project,structures/queries/small__mp-1408285__combined_noise_0.015A_0.010__mp-1408285.cif
query,small,small::mp-1408285::combined_noise_0.050A_0.010,mp-1408285,mp-1408285,TiO2,mp-1408285,TiO2,combined_noise_0.050A_0.010,combined_perturbation,12,P1,1,materials_project,structures/queries/small__mp-1408285__combined_noise_0.050A_0.010__mp-1408285.cif
query,small,small::mp-1408285::combined_noise_0.002A_0.030,mp-1408285,mp-1408285,TiO2,mp-1408285,TiO2,combined_noise_0.002A_0.030,combined_perturbation,12,Cm,8,materials_project,structures/queries/small__mp-1408285__combined_noise_0.002A_0.030__mp-1408285.cif
query,small,small::mp-1408285::combined_noise_0.015A_0.030,mp-1408285,mp-1408285,TiO2,mp-1408285,TiO2,combined_noise_0.015A_0.030,combined_perturbation,12,P1,1,materials_project,structures/queries/small__mp-1408285__combined_noise_0.015A_0.030__mp-1408285.cif
query,small,small::mp-1408285::combined_noise_0.050A_0.030,mp-1408285,mp-1408285,TiO2,mp-1408285,TiO2,combined_noise_0.050A_0.030,combined_perturbation,12,P1,1,materials_project,structures/queries/small__mp-1408285__combined_noise_0.050A_0.030__mp-1408285.cif
query,small,small::mp-1426806::conventional_standard,mp-1426806,mp-1426806,TiO2,mp-1426806,TiO2,conventional_standard,equivalent_transform,9,R-3m,166,materials_project,structures/queries/small__mp-1426806__conventional_standard__mp-1426806.cif
query,small,small::mp-1426806::niggli_reduced,mp-1426806,mp-1426806,TiO2,mp-1426806,TiO2,niggli_reduced,equivalent_transform,3,R-3m,166,materials_project,structures/queries/small__mp-1426806__niggli_reduced__mp-1426806.cif
query,small,small::mp-1426806::origin_shifted,mp-1426806,mp-1426806,TiO2,mp-1426806,TiO2,origin_shifted,equivalent_transform,3,R-3m,166,materials_project,structures/queries/small__mp-1426806__origin_shifted__mp-1426806.cif
query,small,small::mp-1426806::permuted_sites,mp-1426806,mp-1426806,TiO2,mp-1426806,TiO2,permuted_sites,equivalent_transform,3,R-3m,166,materials_project,structures/queries/small__mp-1426806__permuted_sites__mp-1426806.cif
query,small,small::mp-1426806::combined_noise_0.002A_0.003,mp-1426806,mp-1426806,TiO2,mp-1426806,TiO2,combined_noise_0.002A_0.003,combined_perturbation,3,R-3m,166,materials_project,structures/queries/small__mp-1426806__combined_noise_0.002A_0.003__mp-1426806.cif
query,small,small::mp-1426806::combined_noise_0.015A_0.003,mp-1426806,mp-1426806,TiO2,mp-1426806,TiO2,combined_noise_0.015A_0.003,combined_perturbation,3,P1,1,materials_project,structures/queries/small__mp-1426806__combined_noise_0.015A_0.003__mp-1426806.cif
query,small,small::mp-1426806::combined_noise_0.050A_0.003,mp-1426806,mp-1426806,TiO2,mp-1426806,TiO2,combined_noise_0.050A_0.003,combined_perturbation,3,P1,1,materials_project,structures/queries/small__mp-1426806__combined_noise_0.050A_0.003__mp-1426806.cif
query,small,small::mp-1426806::combined_noise_0.002A_0.010,mp-1426806,mp-1426806,TiO2,mp-1426806,TiO2,combined_noise_0.002A_0.010,combined_perturbation,3,C2/m,12,materials_project,structures/queries/small__mp-1426806__combined_noise_0.002A_0.010__mp-1426806.cif
query,small,small::mp-1426806::combined_noise_0.015A_0.010,mp-1426806,mp-1426806,TiO2,mp-1426806,TiO2,combined_noise_0.015A_0.010,combined_perturbation,3,P1,1,materials_project,structures/queries/small__mp-1426806__combined_noise_0.015A_0.010__mp-1426806.cif
query,small,small::mp-1426806::combined_noise_0.050A_0.010,mp-1426806,mp-1426806,TiO2,mp-1426806,TiO2,combined_noise_0.050A_0.010,combined_perturbation,3,P1,1,materials_project,structures/queries/small__mp-1426806__combined_noise_0.050A_0.010__mp-1426806.cif
query,small,small::mp-1426806::combined_noise_0.002A_0.030,mp-1426806,mp-1426806,TiO2,mp-1426806,TiO2,combined_noise_0.002A_0.030,combined_perturbation,3,Cm,8,materials_project,structures/queries/small__mp-1426806__combined_noise_0.002A_0.030__mp-1426806.cif
query,small,small::mp-1426806::combined_noise_0.015A_0.030,mp-1426806,mp-1426806,TiO2,mp-1426806,TiO2,combined_noise_0.015A_0.030,combined_perturbation,3,P1,1,materials_project,structures/queries/small__mp-1426806__combined_noise_0.015A_0.030__mp-1426806.cif
query,small,small::mp-1426806::combined_noise_0.050A_0.030,mp-1426806,mp-1426806,TiO2,mp-1426806,TiO2,combined_noise_0.050A_0.030,combined_perturbation,3,P1,1,materials_project,structures/queries/small__mp-1426806__combined_noise_0.050A_0.030__mp-1426806.cif
query,small,small::mp-1439::conventional_standard,mp-1439,mp-1439,TiO2,mp-1439,TiO2,conventional_standard,equivalent_transform,12,Pbcn,60,materials_project,structures/queries/small__mp-1439__conventional_standard__mp-1439.cif
query,small,small::mp-1439::niggli_reduced,mp-1439,mp-1439,TiO2,mp-1439,TiO2,niggli_reduced,equivalent_transform,12,Pbcn,60,materials_project,structures/queries/small__mp-1439__niggli_reduced__mp-1439.cif
query,small,small::mp-1439::origin_shifted,mp-1439,mp-1439,TiO2,mp-1439,TiO2,origin_shifted,equivalent_transform,12,Pbcn,60,materials_project,structures/queries/small__mp-1439__origin_shifted__mp-1439.cif
query,small,small::mp-1439::permuted_sites,mp-1439,mp-1439,TiO2,mp-1439,TiO2,permuted_sites,equivalent_transform,12,Pbcn,60,materials_project,structures/queries/small__mp-1439__permuted_sites__mp-1439.cif
query,small,small::mp-1439::combined_noise_0.002A_0.003,mp-1439,mp-1439,TiO2,mp-1439,TiO2,combined_noise_0.002A_0.003,combined_perturbation,12,P1,1,materials_project,structures/queries/small__mp-1439__combined_noise_0.002A_0.003__mp-1439.cif
query,small,small::mp-1439::combined_noise_0.015A_0.003,mp-1439,mp-1439,TiO2,mp-1439,TiO2,combined_noise_0.015A_0.003,combined_perturbation,12,P1,1,materials_project,structures/queries/small__mp-1439__combined_noise_0.015A_0.003__mp-1439.cif
query,small,small::mp-1439::combined_noise_0.050A_0.003,mp-1439,mp-1439,TiO2,mp-1439,TiO2,combined_noise_0.050A_0.003,combined_perturbation,12,P1,1,materials_project,structures/queries/small__mp-1439__combined_noise_0.050A_0.003__mp-1439.cif
query,small,small::mp-1439::combined_noise_0.002A_0.010,mp-1439,mp-1439,TiO2,mp-1439,TiO2,combined_noise_0.002A_0.010,combined_perturbation,12,P-1,2,materials_project,structures/queries/small__mp-1439__combined_noise_0.002A_0.010__mp-1439.cif
query,small,small::mp-1439::combined_noise_0.015A_0.010,mp-1439,mp-1439,TiO2,mp-1439,TiO2,combined_noise_0.015A_0.010,combined_perturbation,12,P1,1,materials_project,structures/queries/small__mp-1439__combined_noise_0.015A_0.010__mp-1439.cif
query,small,small::mp-1439::combined_noise_0.050A_0.010,mp-1439,mp-1439,TiO2,mp-1439,TiO2,combined_noise_0.050A_0.010,combined_perturbation,12,P1,1,materials_project,structures/queries/small__mp-1439__combined_noise_0.050A_0.010__mp-1439.cif
query,small,small::mp-1439::combined_noise_0.002A_0.030,mp-1439,mp-1439,TiO2,mp-1439,TiO2,combined_noise_0.002A_0.030,combined_perturbation,12,P1,1,materials_project,structures/queries/small__mp-1439__combined_noise_0.002A_0.030__mp-1439.cif
query,small,small::mp-1439::combined_noise_0.015A_0.030,mp-1439,mp-1439,TiO2,mp-1439,TiO2,combined_noise_0.015A_0.030,combined_perturbation,12,P1,1,materials_project,structures/queries/small__mp-1439__combined_noise_0.015A_0.030__mp-1439.cif
query,small,small::mp-1439::combined_noise_0.050A_0.030,mp-1439,mp-1439,TiO2,mp-1439,TiO2,combined_noise_0.050A_0.030,combined_perturbation,12,P1,1,materials_project,structures/queries/small__mp-1439__combined_noise_0.050A_0.030__mp-1439.cif
query,small,small::mp-1445035::conventional_standard,mp-1445035,mp-1445035,TiO2,mp-1445035,TiO2,conventional_standard,equivalent_transform,6,P6_3/mmc,194,materials_project,structures/queries/small__mp-1445035__conventional_standard__mp-1445035.cif
query,small,small::mp-1445035::niggli_reduced,mp-1445035,mp-1445035,TiO2,mp-1445035,TiO2,niggli_reduced,equivalent_transform,6,P6_3/mmc,194,materials_project,structures/queries/small__mp-1445035__niggli_reduced__mp-1445035.cif
query,small,small::mp-1445035::origin_shifted,mp-1445035,mp-1445035,TiO2,mp-1445035,TiO2,origin_shifted,equivalent_transform,6,P6_3/mmc,194,materials_project,structures/queries/small__mp-1445035__origin_shifted__mp-1445035.cif
query,small,small::mp-1445035::permuted_sites,mp-1445035,mp-1445035,TiO2,mp-1445035,TiO2,permuted_sites,equivalent_transform,6,P6_3/mmc,194,materials_project,structures/queries/small__mp-1445035__permuted_sites__mp-1445035.cif
query,small,small::mp-1445035::combined_noise_0.002A_0.003,mp-1445035,mp-1445035,TiO2,mp-1445035,TiO2,combined_noise_0.002A_0.003,combined_perturbation,6,C2/m,12,materials_project,structures/queries/small__mp-1445035__combined_noise_0.002A_0.003__mp-1445035.cif
query,small,small::mp-1445035::combined_noise_0.015A_0.003,mp-1445035,mp-1445035,TiO2,mp-1445035,TiO2,combined_noise_0.015A_0.003,combined_perturbation,6,P1,1,materials_project,structures/queries/small__mp-1445035__combined_noise_0.015A_0.003__mp-1445035.cif
query,small,small::mp-1445035::combined_noise_0.050A_0.003,mp-1445035,mp-1445035,TiO2,mp-1445035,TiO2,combined_noise_0.050A_0.003,combined_perturbation,6,P1,1,materials_project,structures/queries/small__mp-1445035__combined_noise_0.050A_0.003__mp-1445035.cif
query,small,small::mp-1445035::combined_noise_0.002A_0.010,mp-1445035,mp-1445035,TiO2,mp-1445035,TiO2,combined_noise_0.002A_0.010,combined_perturbation,6,P2_1/m,11,materials_project,structures/queries/small__mp-1445035__combined_noise_0.002A_0.010__mp-1445035.cif
query,small,small::mp-1445035::combined_noise_0.015A_0.010,mp-1445035,mp-1445035,TiO2,mp-1445035,TiO2,combined_noise_0.015A_0.010,combined_perturbation,6,P1,1,materials_project,structures/queries/small__mp-1445035__combined_noise_0.015A_0.010__mp-1445035.cif
query,small,small::mp-1445035::combined_noise_0.050A_0.010,mp-1445035,mp-1445035,TiO2,mp-1445035,TiO2,combined_noise_0.050A_0.010,combined_perturbation,6,P1,1,materials_project,structures/queries/small__mp-1445035__combined_noise_0.050A_0.010__mp-1445035.cif
query,small,small::mp-1445035::combined_noise_0.002A_0.030,mp-1445035,mp-1445035,TiO2,mp-1445035,TiO2,combined_noise_0.002A_0.030,combined_perturbation,6,P-1,2,materials_project,structures/queries/small__mp-1445035__combined_noise_0.002A_0.030__mp-1445035.cif
query,small,small::mp-1445035::combined_noise_0.015A_0.030,mp-1445035,mp-1445035,TiO2,mp-1445035,TiO2,combined_noise_0.015A_0.030,combined_perturbation,6,P1,1,materials_project,structures/queries/small__mp-1445035__combined_noise_0.015A_0.030__mp-1445035.cif
query,small,small::mp-1445035::combined_noise_0.050A_0.030,mp-1445035,mp-1445035,TiO2,mp-1445035,TiO2,combined_noise_0.050A_0.030,combined_perturbation,6,P1,1,materials_project,structures/queries/small__mp-1445035__combined_noise_0.050A_0.030__mp-1445035.cif
query,small,small::mp-1840::conventional_standard,mp-1840,mp-1840,TiO2,mp-1840,TiO2,conventional_standard,equivalent_transform,24,Pbca,61,materials_project,structures/queries/small__mp-1840__conventional_standard__mp-1840.cif
query,small,small::mp-1840::niggli_reduced,mp-1840,mp-1840,TiO2,mp-1840,TiO2,niggli_reduced,equivalent_transform,24,Pbca,61,materials_project,structures/queries/small__mp-1840__niggli_reduced__mp-1840.cif
query,small,small::mp-1840::origin_shifted,mp-1840,mp-1840,TiO2,mp-1840,TiO2,origin_shifted,equivalent_transform,24,Pbca,61,materials_project,structures/queries/small__mp-1840__origin_shifted__mp-1840.cif
query,small,small::mp-1840::permuted_sites,mp-1840,mp-1840,TiO2,mp-1840,TiO2,permuted_sites,equivalent_transform,24,Pbca,61,materials_project,structures/queries/small__mp-1840__permuted_sites__mp-1840.cif
query,small,small::mp-1840::combined_noise_0.002A_0.003,mp-1840,mp-1840,TiO2,mp-1840,TiO2,combined_noise_0.002A_0.003,combined_perturbation,24,P-1,2,materials_project,structures/queries/small__mp-1840__combined_noise_0.002A_0.003__mp-1840.cif
query,small,small::mp-1840::combined_noise_0.015A_0.003,mp-1840,mp-1840,TiO2,mp-1840,TiO2,combined_noise_0.015A_0.003,combined_perturbation,24,P1,1,materials_project,structures/queries/small__mp-1840__combined_noise_0.015A_0.003__mp-1840.cif
query,small,small::mp-1840::combined_noise_0.050A_0.003,mp-1840,mp-1840,TiO2,mp-1840,TiO2,combined_noise_0.050A_0.003,combined_perturbation,24,P1,1,materials_project,structures/queries/small__mp-1840__combined_noise_0.050A_0.003__mp-1840.cif
query,small,small::mp-1840::combined_noise_0.002A_0.010,mp-1840,mp-1840,TiO2,mp-1840,TiO2,combined_noise_0.002A_0.010,combined_perturbation,24,P-1,2,materials_project,structures/queries/small__mp-1840__combined_noise_0.002A_0.010__mp-1840.cif
query,small,small::mp-1840::combined_noise_0.015A_0.010,mp-1840,mp-1840,TiO2,mp-1840,TiO2,combined_noise_0.015A_0.010,combined_perturbation,24,P1,1,materials_project,structures/queries/small__mp-1840__combined_noise_0.015A_0.010__mp-1840.cif
query,small,small::mp-1840::combined_noise_0.050A_0.010,mp-1840,mp-1840,TiO2,mp-1840,TiO2,combined_noise_0.050A_0.010,combined_perturbation,24,P1,1,materials_project,structures/queries/small__mp-1840__combined_noise_0.050A_0.010__mp-1840.cif
query,small,small::mp-1840::combined_noise_0.002A_0.030,mp-1840,mp-1840,TiO2,mp-1840,TiO2,combined_noise_0.002A_0.030,combined_perturbation,24,P1,1,materials_project,structures/queries/small__mp-1840__combined_noise_0.002A_0.030__mp-1840.cif
query,small,small::mp-1840::combined_noise_0.015A_0.030,mp-1840,mp-1840,TiO2,mp-1840,TiO2,combined_noise_0.015A_0.030,combined_perturbation,24,P1,1,materials_project,structures/queries/small__mp-1840__combined_noise_0.015A_0.030__mp-1840.cif
query,small,small::mp-1840::combined_noise_0.050A_0.030,mp-1840,mp-1840,TiO2,mp-1840,TiO2,combined_noise_0.050A_0.030,combined_perturbation,24,P1,1,materials_project,structures/queries/small__mp-1840__combined_noise_0.050A_0.030__mp-1840.cif
query,small,small::mp-2420244::conventional_standard,mp-2420244,mp-2420244,TiO2,mp-2420244,TiO2,conventional_standard,equivalent_transform,12,Pnma,62,materials_project,structures/queries/small__mp-2420244__conventional_standard__mp-2420244.cif
query,small,small::mp-2420244::niggli_reduced,mp-2420244,mp-2420244,TiO2,mp-2420244,TiO2,niggli_reduced,equivalent_transform,12,Pnma,62,materials_project,structures/queries/small__mp-2420244__niggli_reduced__mp-2420244.cif
query,small,small::mp-2420244::origin_shifted,mp-2420244,mp-2420244,TiO2,mp-2420244,TiO2,origin_shifted,equivalent_transform,12,Pnma,62,materials_project,structures/queries/small__mp-2420244__origin_shifted__mp-2420244.cif
query,small,small::mp-2420244::permuted_sites,mp-2420244,mp-2420244,TiO2,mp-2420244,TiO2,permuted_sites,equivalent_transform,12,Pnma,62,materials_project,structures/queries/small__mp-2420244__permuted_sites__mp-2420244.cif
query,small,small::mp-2420244::combined_noise_0.002A_0.003,mp-2420244,mp-2420244,TiO2,mp-2420244,TiO2,combined_noise_0.002A_0.003,combined_perturbation,12,P2_1/c,14,materials_project,structures/queries/small__mp-2420244__combined_noise_0.002A_0.003__mp-2420244.cif
query,small,small::mp-2420244::combined_noise_0.015A_0.003,mp-2420244,mp-2420244,TiO2,mp-2420244,TiO2,combined_noise_0.015A_0.003,combined_perturbation,12,P1,1,materials_project,structures/queries/small__mp-2420244__combined_noise_0.015A_0.003__mp-2420244.cif
query,small,small::mp-2420244::combined_noise_0.050A_0.003,mp-2420244,mp-2420244,TiO2,mp-2420244,TiO2,combined_noise_0.050A_0.003,combined_perturbation,12,P1,1,materials_project,structures/queries/small__mp-2420244__combined_noise_0.050A_0.003__mp-2420244.cif
query,small,small::mp-2420244::combined_noise_0.002A_0.010,mp-2420244,mp-2420244,TiO2,mp-2420244,TiO2,combined_noise_0.002A_0.010,combined_perturbation,12,P-1,2,materials_project,structures/queries/small__mp-2420244__combined_noise_0.002A_0.010__mp-2420244.cif
query,small,small::mp-2420244::combined_noise_0.015A_0.010,mp-2420244,mp-2420244,TiO2,mp-2420244,TiO2,combined_noise_0.015A_0.010,combined_perturbation,12,P1,1,materials_project,structures/queries/small__mp-2420244__combined_noise_0.015A_0.010__mp-2420244.cif
query,small,small::mp-2420244::combined_noise_0.050A_0.010,mp-2420244,mp-2420244,TiO2,mp-2420244,TiO2,combined_noise_0.050A_0.010,combined_perturbation,12,P1,1,materials_project,structures/queries/small__mp-2420244__combined_noise_0.050A_0.010__mp-2420244.cif
query,small,small::mp-2420244::combined_noise_0.002A_0.030,mp-2420244,mp-2420244,TiO2,mp-2420244,TiO2,combined_noise_0.002A_0.030,combined_perturbation,12,Pc,7,materials_project,structures/queries/small__mp-2420244__combined_noise_0.002A_0.030__mp-2420244.cif
query,small,small::mp-2420244::combined_noise_0.015A_0.030,mp-2420244,mp-2420244,TiO2,mp-2420244,TiO2,combined_noise_0.015A_0.030,combined_perturbation,12,P1,1,materials_project,structures/queries/small__mp-2420244__combined_noise_0.015A_0.030__mp-2420244.cif
query,small,small::mp-2420244::combined_noise_0.050A_0.030,mp-2420244,mp-2420244,TiO2,mp-2420244,TiO2,combined_noise_0.050A_0.030,combined_perturbation,12,P1,1,materials_project,structures/queries/small__mp-2420244__combined_noise_0.050A_0.030__mp-2420244.cif
query,small,small::mp-25262::conventional_standard,mp-25262,mp-25262,TiO2,mp-25262,TiO2,conventional_standard,equivalent_transform,48,Fd-3m,227,materials_project,structures/queries/small__mp-25262__conventional_standard__mp-25262.cif
query,small,small::mp-25262::niggli_reduced,mp-25262,mp-25262,TiO2,mp-25262,TiO2,niggli_reduced,equivalent_transform,12,Fd-3m,227,materials_project,structures/queries/small__mp-25262__niggli_reduced__mp-25262.cif
query,small,small::mp-25262::origin_shifted,mp-25262,mp-25262,TiO2,mp-25262,TiO2,origin_shifted,equivalent_transform,12,Fd-3m,227,materials_project,structures/queries/small__mp-25262__origin_shifted__mp-25262.cif
query,small,small::mp-25262::permuted_sites,mp-25262,mp-25262,TiO2,mp-25262,TiO2,permuted_sites,equivalent_transform,12,Fd-3m,227,materials_project,structures/queries/small__mp-25262__permuted_sites__mp-25262.cif
query,small,small::mp-25262::combined_noise_0.002A_0.003,mp-25262,mp-25262,TiO2,mp-25262,TiO2,combined_noise_0.002A_0.003,combined_perturbation,12,Fddd,70,materials_project,structures/queries/small__mp-25262__combined_noise_0.002A_0.003__mp-25262.cif
query,small,small::mp-25262::combined_noise_0.015A_0.003,mp-25262,mp-25262,TiO2,mp-25262,TiO2,combined_noise_0.015A_0.003,combined_perturbation,12,P1,1,materials_project,structures/queries/small__mp-25262__combined_noise_0.015A_0.003__mp-25262.cif
query,small,small::mp-25262::combined_noise_0.050A_0.003,mp-25262,mp-25262,TiO2,mp-25262,TiO2,combined_noise_0.050A_0.003,combined_perturbation,12,P1,1,materials_project,structures/queries/small__mp-25262__combined_noise_0.050A_0.003__mp-25262.cif
query,small,small::mp-25262::combined_noise_0.002A_0.010,mp-25262,mp-25262,TiO2,mp-25262,TiO2,combined_noise_0.002A_0.010,combined_perturbation,12,C2,5,materials_project,structures/queries/small__mp-25262__combined_noise_0.002A_0.010__mp-25262.cif
query,small,small::mp-25262::combined_noise_0.015A_0.010,mp-25262,mp-25262,TiO2,mp-25262,TiO2,combined_noise_0.015A_0.010,combined_perturbation,12,P1,1,materials_project,structures/queries/small__mp-25262__combined_noise_0.015A_0.010__mp-25262.cif
query,small,small::mp-25262::combined_noise_0.050A_0.010,mp-25262,mp-25262,TiO2,mp-25262,TiO2,combined_noise_0.050A_0.010,combined_perturbation,12,P1,1,materials_project,structures/queries/small__mp-25262__combined_noise_0.050A_0.010__mp-25262.cif
query,small,small::mp-25262::combined_noise_0.002A_0.030,mp-25262,mp-25262,TiO2,mp-25262,TiO2,combined_noise_0.002A_0.030,combined_perturbation,12,Cc,9,materials_project,structures/queries/small__mp-25262__combined_noise_0.002A_0.030__mp-25262.cif
query,small,small::mp-25262::combined_noise_0.015A_0.030,mp-25262,mp-25262,TiO2,mp-25262,TiO2,combined_noise_0.015A_0.030,combined_perturbation,12,P1,1,materials_project,structures/queries/small__mp-25262__combined_noise_0.015A_0.030__mp-25262.cif
query,small,small::mp-25262::combined_noise_0.050A_0.030,mp-25262,mp-25262,TiO2,mp-25262,TiO2,combined_noise_0.050A_0.030,combined_perturbation,12,P1,1,materials_project,structures/queries/small__mp-25262__combined_noise_0.050A_0.030__mp-25262.cif
query,small,small::mp-25433::conventional_standard,mp-25433,mp-25433,TiO2,mp-25433,TiO2,conventional_standard,equivalent_transform,9,R-3m,166,materials_project,structures/queries/small__mp-25433__conventional_standard__mp-25433.cif
query,small,small::mp-25433::niggli_reduced,mp-25433,mp-25433,TiO2,mp-25433,TiO2,niggli_reduced,equivalent_transform,3,R-3m,166,materials_project,structures/queries/small__mp-25433__niggli_reduced__mp-25433.cif
query,small,small::mp-25433::origin_shifted,mp-25433,mp-25433,TiO2,mp-25433,TiO2,origin_shifted,equivalent_transform,3,R-3m,166,materials_project,structures/queries/small__mp-25433__origin_shifted__mp-25433.cif
query,small,small::mp-25433::permuted_sites,mp-25433,mp-25433,TiO2,mp-25433,TiO2,permuted_sites,equivalent_transform,3,R-3m,166,materials_project,structures/queries/small__mp-25433__permuted_sites__mp-25433.cif
query,small,small::mp-25433::combined_noise_0.002A_0.003,mp-25433,mp-25433,TiO2,mp-25433,TiO2,combined_noise_0.002A_0.003,combined_perturbation,3,C2,5,materials_project,structures/queries/small__mp-25433__combined_noise_0.002A_0.003__mp-25433.cif
query,small,small::mp-25433::combined_noise_0.015A_0.003,mp-25433,mp-25433,TiO2,mp-25433,TiO2,combined_noise_0.015A_0.003,combined_perturbation,3,P1,1,materials_project,structures/queries/small__mp-25433__combined_noise_0.015A_0.003__mp-25433.cif
query,small,small::mp-25433::combined_noise_0.050A_0.003,mp-25433,mp-25433,TiO2,mp-25433,TiO2,combined_noise_0.050A_0.003,combined_perturbation,3,P1,1,materials_project,structures/queries/small__mp-25433__combined_noise_0.050A_0.003__mp-25433.cif
query,small,small::mp-25433::combined_noise_0.002A_0.010,mp-25433,mp-25433,TiO2,mp-25433,TiO2,combined_noise_0.002A_0.010,combined_perturbation,3,C2/m,12,materials_project,structures/queries/small__mp-25433__combined_noise_0.002A_0.010__mp-25433.cif
query,small,small::mp-25433::combined_noise_0.015A_0.010,mp-25433,mp-25433,TiO2,mp-25433,TiO2,combined_noise_0.015A_0.010,combined_perturbation,3,P1,1,materials_project,structures/queries/small__mp-25433__combined_noise_0.015A_0.010__mp-25433.cif
query,small,small::mp-25433::combined_noise_0.050A_0.010,mp-25433,mp-25433,TiO2,mp-25433,TiO2,combined_noise_0.050A_0.010,combined_perturbation,3,P1,1,materials_project,structures/queries/small__mp-25433__combined_noise_0.050A_0.010__mp-25433.cif
query,small,small::mp-25433::combined_noise_0.002A_0.030,mp-25433,mp-25433,TiO2,mp-25433,TiO2,combined_noise_0.002A_0.030,combined_perturbation,3,Cm,8,materials_project,structures/queries/small__mp-25433__combined_noise_0.002A_0.030__mp-25433.cif
query,small,small::mp-25433::combined_noise_0.015A_0.030,mp-25433,mp-25433,TiO2,mp-25433,TiO2,combined_noise_0.015A_0.030,combined_perturbation,3,P1,1,materials_project,structures/queries/small__mp-25433__combined_noise_0.015A_0.030__mp-25433.cif
query,small,small::mp-25433::combined_noise_0.050A_0.030,mp-25433,mp-25433,TiO2,mp-25433,TiO2,combined_noise_0.050A_0.030,combined_perturbation,3,P1,1,materials_project,structures/queries/small__mp-25433__combined_noise_0.050A_0.030__mp-25433.cif
