setting,pool_scope,query_id,query_parent_id,query_display_name,query_family_name,query_variant,query_variant_family,reference_id,reference_parent_id,reference_display_name,reference_family_name,reference_variant,is_true_parent,is_match,pair_runtime_seconds
strict,same_formula,diamond::conventional_standard,diamond,diamond,C,conventional_standard,equivalent_transform,diamond::reference,diamond,diamond,C,reference,1,1,0.020662000053562224
strict,same_formula,diamond::conventional_standard,diamond,diamond,C,conventional_standard,equivalent_transform,graphite::reference,graphite,graphite,C,reference,0,0,0.13642616698052734
strict,same_formula,diamond::niggli_reduced,diamond,diamond,C,niggli_reduced,equivalent_transform,diamond::reference,diamond,diamond,C,reference,1,1,0.00965379097033292
strict,same_formula,diamond::niggli_reduced,diamond,diamond,C,niggli_reduced,equivalent_transform,graphite::reference,graphite,graphite,C,reference,0,0,0.007003790931776166
strict,same_formula,diamond::origin_shifted,diamond,diamond,C,origin_shifted,equivalent_transform,diamond::reference,diamond,diamond,C,reference,1,1,0.029064874979667366
strict,same_formula,diamond::origin_shifted,diamond,diamond,C,origin_shifted,equivalent_transform,graphite::reference,graphite,graphite,C,reference,0,0,0.007940292009152472
strict,same_formula,diamond::permuted_sites,diamond,diamond,C,permuted_sites,equivalent_transform,diamond::reference,diamond,diamond,C,reference,1,1,0.00427970802411437
strict,same_formula,diamond::permuted_sites,diamond,diamond,C,permuted_sites,equivalent_transform,graphite::reference,graphite,graphite,C,reference,0,0,0.005102999974042177
strict,same_formula,diamond::supercell_2x1x1,diamond,diamond,C,supercell_2x1x1,equivalent_transform,diamond::reference,diamond,diamond,C,reference,1,1,0.015580000006593764
strict,same_formula,diamond::supercell_2x1x1,diamond,diamond,C,supercell_2x1x1,equivalent_transform,graphite::reference,graphite,graphite,C,reference,0,0,0.006582290981896222
strict,same_formula,diamond::coord_noise_0.020A,diamond,diamond,C,coord_noise_0.020A,coordinate_perturbation,diamond::reference,diamond,diamond,C,reference,1,1,0.008204958983696997
strict,same_formula,diamond::coord_noise_0.020A,diamond,diamond,C,coord_noise_0.020A,coordinate_perturbation,graphite::reference,graphite,graphite,C,reference,0,0,0.003796249977312982
strict,same_formula,diamond::coord_noise_0.050A,diamond,diamond,C,coord_noise_0.050A,coordinate_perturbation,diamond::reference,diamond,diamond,C,reference,1,1,0.009840416954830289
strict,same_formula,diamond::coord_noise_0.050A,diamond,diamond,C,coord_noise_0.050A,coordinate_perturbation,graphite::reference,graphite,graphite,C,reference,0,0,0.004431416979059577
strict,same_formula,diamond::coord_noise_0.100A,diamond,diamond,C,coord_noise_0.100A,coordinate_perturbation,diamond::reference,diamond,diamond,C,reference,1,1,0.009981791954487562
strict,same_formula,diamond::coord_noise_0.100A,diamond,diamond,C,coord_noise_0.100A,coordinate_perturbation,graphite::reference,graphite,graphite,C,reference,0,0,0.0037012919783592224
strict,same_formula,diamond::lattice_noise_0.010,diamond,diamond,C,lattice_noise_0.010,lattice_perturbation,diamond::reference,diamond,diamond,C,reference,1,1,0.007481084088794887
strict,same_formula,diamond::lattice_noise_0.010,diamond,diamond,C,lattice_noise_0.010,lattice_perturbation,graphite::reference,graphite,graphite,C,reference,0,0,0.00428358290810138
strict,same_formula,diamond::lattice_noise_0.020,diamond,diamond,C,lattice_noise_0.020,lattice_perturbation,diamond::reference,diamond,diamond,C,reference,1,1,0.007108542020432651
strict,same_formula,diamond::lattice_noise_0.020,diamond,diamond,C,lattice_noise_0.020,lattice_perturbation,graphite::reference,graphite,graphite,C,reference,0,0,0.004942667088471353
strict,same_formula,diamond::lattice_noise_0.050,diamond,diamond,C,lattice_noise_0.050,lattice_perturbation,diamond::reference,diamond,diamond,C,reference,1,0,0.004998208023607731
strict,same_formula,diamond::lattice_noise_0.050,diamond,diamond,C,lattice_noise_0.050,lattice_perturbation,graphite::reference,graphite,graphite,C,reference,0,0,0.002885624999180436
strict,same_formula,diamond::combined_noise_0.020A_0.010,diamond,diamond,C,combined_noise_0.020A_0.010,combined_perturbation,diamond::reference,diamond,diamond,C,reference,1,1,0.00787212501745671
strict,same_formula,diamond::combined_noise_0.020A_0.010,diamond,diamond,C,combined_noise_0.020A_0.010,combined_perturbation,graphite::reference,graphite,graphite,C,reference,0,0,0.003641416085883975
strict,same_formula,diamond::combined_noise_0.050A_0.020,diamond,diamond,C,combined_noise_0.050A_0.020,combined_perturbation,diamond::reference,diamond,diamond,C,reference,1,1,0.0057851249584928155
strict,same_formula,diamond::combined_noise_0.050A_0.020,diamond,diamond,C,combined_noise_0.050A_0.020,combined_perturbation,graphite::reference,graphite,graphite,C,reference,0,0,0.0028045420767739415
strict,same_formula,diamond::combined_noise_0.100A_0.050,diamond,diamond,C,combined_noise_0.100A_0.050,combined_perturbation,diamond::reference,diamond,diamond,C,reference,1,1,0.00935829197987914
strict,same_formula,diamond::combined_noise_0.100A_0.050,diamond,diamond,C,combined_noise_0.100A_0.050,combined_perturbation,graphite::reference,graphite,graphite,C,reference,0,0,0.0029698750004172325
strict,same_formula,graphite::conventional_standard,graphite,graphite,C,conventional_standard,equivalent_transform,diamond::reference,diamond,diamond,C,reference,0,0,0.014969540992751718
strict,same_formula,graphite::conventional_standard,graphite,graphite,C,conventional_standard,equivalent_transform,graphite::reference,graphite,graphite,C,reference,1,1,0.007187333074398339
strict,same_formula,graphite::niggli_reduced,graphite,graphite,C,niggli_reduced,equivalent_transform,diamond::reference,diamond,diamond,C,reference,0,0,0.009722582995891571
strict,same_formula,graphite::niggli_reduced,graphite,graphite,C,niggli_reduced,equivalent_transform,graphite::reference,graphite,graphite,C,reference,1,1,0.0054015000350773335
strict,same_formula,graphite::origin_shifted,graphite,graphite,C,origin_shifted,equivalent_transform,diamond::reference,diamond,diamond,C,reference,0,0,0.011830041999928653
strict,same_formula,graphite::origin_shifted,graphite,graphite,C,origin_shifted,equivalent_transform,graphite::reference,graphite,graphite,C,reference,1,1,0.006624292000196874
strict,same_formula,graphite::permuted_sites,graphite,graphite,C,permuted_sites,equivalent_transform,diamond::reference,diamond,diamond,C,reference,0,0,0.018180042039602995
strict,same_formula,graphite::permuted_sites,graphite,graphite,C,permuted_sites,equivalent_transform,graphite::reference,graphite,graphite,C,reference,1,1,0.01025979092810303
strict,same_formula,graphite::supercell_2x1x1,graphite,graphite,C,supercell_2x1x1,equivalent_transform,diamond::reference,diamond,diamond,C,reference,0,0,0.011510750045999885
strict,same_formula,graphite::supercell_2x1x1,graphite,graphite,C,supercell_2x1x1,equivalent_transform,graphite::reference,graphite,graphite,C,reference,1,1,0.007432249956764281
strict,same_formula,graphite::coord_noise_0.020A,graphite,graphite,C,coord_noise_0.020A,coordinate_perturbation,diamond::reference,diamond,diamond,C,reference,0,0,0.01666199997998774
strict,same_formula,graphite::coord_noise_0.020A,graphite,graphite,C,coord_noise_0.020A,coordinate_perturbation,graphite::reference,graphite,graphite,C,reference,1,1,0.010918457992374897
strict,same_formula,graphite::coord_noise_0.050A,graphite,graphite,C,coord_noise_0.050A,coordinate_perturbation,diamond::reference,diamond,diamond,C,reference,0,0,0.08211204200051725
strict,same_formula,graphite::coord_noise_0.050A,graphite,graphite,C,coord_noise_0.050A,coordinate_perturbation,graphite::reference,graphite,graphite,C,reference,1,1,0.01903908303938806
strict,same_formula,graphite::coord_noise_0.100A,graphite,graphite,C,coord_noise_0.100A,coordinate_perturbation,diamond::reference,diamond,diamond,C,reference,0,0,0.019874708028510213
strict,same_formula,graphite::coord_noise_0.100A,graphite,graphite,C,coord_noise_0.100A,coordinate_perturbation,graphite::reference,graphite,graphite,C,reference,1,1,0.010593790910206735
strict,same_formula,graphite::lattice_noise_0.010,graphite,graphite,C,lattice_noise_0.010,lattice_perturbation,diamond::reference,diamond,diamond,C,reference,0,0,0.010625083930790424
strict,same_formula,graphite::lattice_noise_0.010,graphite,graphite,C,lattice_noise_0.010,lattice_perturbation,graphite::reference,graphite,graphite,C,reference,1,1,0.009473333018831909
strict,same_formula,graphite::lattice_noise_0.020,graphite,graphite,C,lattice_noise_0.020,lattice_perturbation,diamond::reference,diamond,diamond,C,reference,0,0,0.010106874979101121
strict,same_formula,graphite::lattice_noise_0.020,graphite,graphite,C,lattice_noise_0.020,lattice_perturbation,graphite::reference,graphite,graphite,C,reference,1,1,0.0056243749568238854
strict,same_formula,graphite::lattice_noise_0.050,graphite,graphite,C,lattice_noise_0.050,lattice_perturbation,diamond::reference,diamond,diamond,C,reference,0,0,0.007571332971565425
strict,same_formula,graphite::lattice_noise_0.050,graphite,graphite,C,lattice_noise_0.050,lattice_perturbation,graphite::reference,graphite,graphite,C,reference,1,0,0.005905749974772334
strict,same_formula,graphite::combined_noise_0.020A_0.010,graphite,graphite,C,combined_noise_0.020A_0.010,combined_perturbation,diamond::reference,diamond,diamond,C,reference,0,0,0.008779499912634492
strict,same_formula,graphite::combined_noise_0.020A_0.010,graphite,graphite,C,combined_noise_0.020A_0.010,combined_perturbation,graphite::reference,graphite,graphite,C,reference,1,1,0.009195083053782582
strict,same_formula,graphite::combined_noise_0.050A_0.020,graphite,graphite,C,combined_noise_0.050A_0.020,combined_perturbation,diamond::reference,diamond,diamond,C,reference,0,0,0.01165450003463775
strict,same_formula,graphite::combined_noise_0.050A_0.020,graphite,graphite,C,combined_noise_0.050A_0.020,combined_perturbation,graphite::reference,graphite,graphite,C,reference,1,1,0.008655792102217674
strict,same_formula,graphite::combined_noise_0.100A_0.050,graphite,graphite,C,combined_noise_0.100A_0.050,combined_perturbation,diamond::reference,diamond,diamond,C,reference,0,0,0.010337166953831911
strict,same_formula,graphite::combined_noise_0.100A_0.050,graphite,graphite,C,combined_noise_0.100A_0.050,combined_perturbation,graphite::reference,graphite,graphite,C,reference,1,0,0.0063645829213783145
strict,same_formula,alpha_quartz::conventional_standard,alpha_quartz,alpha_quartz,SiO2,conventional_standard,equivalent_transform,alpha_quartz::reference,alpha_quartz,alpha_quartz,SiO2,reference,1,1,0.014271583990193903
strict,same_formula,alpha_quartz::conventional_standard,alpha_quartz,alpha_quartz,SiO2,conventional_standard,equivalent_transform,alpha_cristobalite::reference,alpha_cristobalite,alpha_cristobalite,SiO2,reference,0,0,0.007502791937440634
strict,same_formula,alpha_quartz::conventional_standard,alpha_quartz,alpha_quartz,SiO2,conventional_standard,equivalent_transform,coesite::reference,coesite,coesite,SiO2,reference,0,0,0.012104540946893394
strict,same_formula,alpha_quartz::niggli_reduced,alpha_quartz,alpha_quartz,SiO2,niggli_reduced,equivalent_transform,alpha_quartz::reference,alpha_quartz,alpha_quartz,SiO2,reference,1,1,0.013758999994024634
strict,same_formula,alpha_quartz::niggli_reduced,alpha_quartz,alpha_quartz,SiO2,niggli_reduced,equivalent_transform,alpha_cristobalite::reference,alpha_cristobalite,alpha_cristobalite,SiO2,reference,0,0,0.011761582922190428
strict,same_formula,alpha_quartz::niggli_reduced,alpha_quartz,alpha_quartz,SiO2,niggli_reduced,equivalent_transform,coesite::reference,coesite,coesite,SiO2,reference,0,0,0.012384749948978424
strict,same_formula,alpha_quartz::origin_shifted,alpha_quartz,alpha_quartz,SiO2,origin_shifted,equivalent_transform,alpha_quartz::reference,alpha_quartz,alpha_quartz,SiO2,reference,1,1,0.01251020806375891
strict,same_formula,alpha_quartz::origin_shifted,alpha_quartz,alpha_quartz,SiO2,origin_shifted,equivalent_transform,alpha_cristobalite::reference,alpha_cristobalite,alpha_cristobalite,SiO2,reference,0,0,0.008493917062878609
strict,same_formula,alpha_quartz::origin_shifted,alpha_quartz,alpha_quartz,SiO2,origin_shifted,equivalent_transform,coesite::reference,coesite,coesite,SiO2,reference,0,0,0.01283929101191461
strict,same_formula,alpha_quartz::permuted_sites,alpha_quartz,alpha_quartz,SiO2,permuted_sites,equivalent_transform,alpha_quartz::reference,alpha_quartz,alpha_quartz,SiO2,reference,1,1,0.02286683302372694
strict,same_formula,alpha_quartz::permuted_sites,alpha_quartz,alpha_quartz,SiO2,permuted_sites,equivalent_transform,alpha_cristobalite::reference,alpha_cristobalite,alpha_cristobalite,SiO2,reference,0,0,0.011468374985270202
strict,same_formula,alpha_quartz::permuted_sites,alpha_quartz,alpha_quartz,SiO2,permuted_sites,equivalent_transform,coesite::reference,coesite,coesite,SiO2,reference,0,0,0.015650207991711795
strict,same_formula,alpha_quartz::supercell_2x1x1,alpha_quartz,alpha_quartz,SiO2,supercell_2x1x1,equivalent_transform,alpha_quartz::reference,alpha_quartz,alpha_quartz,SiO2,reference,1,1,0.01537974993698299
strict,same_formula,alpha_quartz::supercell_2x1x1,alpha_quartz,alpha_quartz,SiO2,supercell_2x1x1,equivalent_transform,alpha_cristobalite::reference,alpha_cristobalite,alpha_cristobalite,SiO2,reference,0,0,0.01458287495188415
strict,same_formula,alpha_quartz::supercell_2x1x1,alpha_quartz,alpha_quartz,SiO2,supercell_2x1x1,equivalent_transform,coesite::reference,coesite,coesite,SiO2,reference,0,0,0.020999041968025267
strict,same_formula,alpha_quartz::coord_noise_0.020A,alpha_quartz,alpha_quartz,SiO2,coord_noise_0.020A,coordinate_perturbation,alpha_quartz::reference,alpha_quartz,alpha_quartz,SiO2,reference,1,1,0.016965750022791326
strict,same_formula,alpha_quartz::coord_noise_0.020A,alpha_quartz,alpha_quartz,SiO2,coord_noise_0.020A,coordinate_perturbation,alpha_cristobalite::reference,alpha_cristobalite,alpha_cristobalite,SiO2,reference,0,0,0.012488916050642729
strict,same_formula,alpha_quartz::coord_noise_0.020A,alpha_quartz,alpha_quartz,SiO2,coord_noise_0.020A,coordinate_perturbation,coesite::reference,coesite,coesite,SiO2,reference,0,0,0.021642416017130017
strict,same_formula,alpha_quartz::coord_noise_0.050A,alpha_quartz,alpha_quartz,SiO2,coord_noise_0.050A,coordinate_perturbation,alpha_quartz::reference,alpha_quartz,alpha_quartz,SiO2,reference,1,1,0.019511291990056634
strict,same_formula,alpha_quartz::coord_noise_0.050A,alpha_quartz,alpha_quartz,SiO2,coord_noise_0.050A,coordinate_perturbation,alpha_cristobalite::reference,alpha_cristobalite,alpha_cristobalite,SiO2,reference,0,0,0.008620625012554228
strict,same_formula,alpha_quartz::coord_noise_0.050A,alpha_quartz,alpha_quartz,SiO2,coord_noise_0.050A,coordinate_perturbation,coesite::reference,coesite,coesite,SiO2,reference,0,0,0.01684841699898243
strict,same_formula,alpha_quartz::coord_noise_0.100A,alpha_quartz,alpha_quartz,SiO2,coord_noise_0.100A,coordinate_perturbation,alpha_quartz::reference,alpha_quartz,alpha_quartz,SiO2,reference,1,1,0.01984737499151379
strict,same_formula,alpha_quartz::coord_noise_0.100A,alpha_quartz,alpha_quartz,SiO2,coord_noise_0.100A,coordinate_perturbation,alpha_cristobalite::reference,alpha_cristobalite,alpha_cristobalite,SiO2,reference,0,0,0.010177167016081512
strict,same_formula,alpha_quartz::coord_noise_0.100A,alpha_quartz,alpha_quartz,SiO2,coord_noise_0.100A,coordinate_perturbation,coesite::reference,coesite,coesite,SiO2,reference,0,0,0.014536665985360742
strict,same_formula,alpha_quartz::lattice_noise_0.010,alpha_quartz,alpha_quartz,SiO2,lattice_noise_0.010,lattice_perturbation,alpha_quartz::reference,alpha_quartz,alpha_quartz,SiO2,reference,1,1,0.012373792007565498
strict,same_formula,alpha_quartz::lattice_noise_0.010,alpha_quartz,alpha_quartz,SiO2,lattice_noise_0.010,lattice_perturbation,alpha_cristobalite::reference,alpha_cristobalite,alpha_cristobalite,SiO2,reference,0,0,0.010978208971209824
strict,same_formula,alpha_quartz::lattice_noise_0.010,alpha_quartz,alpha_quartz,SiO2,lattice_noise_0.010,lattice_perturbation,coesite::reference,coesite,coesite,SiO2,reference,0,0,0.015290875104255974
strict,same_formula,alpha_quartz::lattice_noise_0.020,alpha_quartz,alpha_quartz,SiO2,lattice_noise_0.020,lattice_perturbation,alpha_quartz::reference,alpha_quartz,alpha_quartz,SiO2,reference,1,1,0.01462870801333338
strict,same_formula,alpha_quartz::lattice_noise_0.020,alpha_quartz,alpha_quartz,SiO2,lattice_noise_0.020,lattice_perturbation,alpha_cristobalite::reference,alpha_cristobalite,alpha_cristobalite,SiO2,reference,0,0,0.009245457942597568
strict,same_formula,alpha_quartz::lattice_noise_0.020,alpha_quartz,alpha_quartz,SiO2,lattice_noise_0.020,lattice_perturbation,coesite::reference,coesite,coesite,SiO2,reference,0,0,0.020265958970412612
strict,same_formula,alpha_quartz::lattice_noise_0.050,alpha_quartz,alpha_quartz,SiO2,lattice_noise_0.050,lattice_perturbation,alpha_quartz::reference,alpha_quartz,alpha_quartz,SiO2,reference,1,1,0.013869166956283152
strict,same_formula,alpha_quartz::lattice_noise_0.050,alpha_quartz,alpha_quartz,SiO2,lattice_noise_0.050,lattice_perturbation,alpha_cristobalite::reference,alpha_cristobalite,alpha_cristobalite,SiO2,reference,0,0,0.008204000070691109
strict,same_formula,alpha_quartz::lattice_noise_0.050,alpha_quartz,alpha_quartz,SiO2,lattice_noise_0.050,lattice_perturbation,coesite::reference,coesite,coesite,SiO2,reference,0,0,0.01565075002145022
strict,same_formula,alpha_quartz::combined_noise_0.020A_0.010,alpha_quartz,alpha_quartz,SiO2,combined_noise_0.020A_0.010,combined_perturbation,alpha_quartz::reference,alpha_quartz,alpha_quartz,SiO2,reference,1,1,0.013251374941319227
strict,same_formula,alpha_quartz::combined_noise_0.020A_0.010,alpha_quartz,alpha_quartz,SiO2,combined_noise_0.020A_0.010,combined_perturbation,alpha_cristobalite::reference,alpha_cristobalite,alpha_cristobalite,SiO2,reference,0,0,0.013384708086960018
strict,same_formula,alpha_quartz::combined_noise_0.020A_0.010,alpha_quartz,alpha_quartz,SiO2,combined_noise_0.020A_0.010,combined_perturbation,coesite::reference,coesite,coesite,SiO2,reference,0,0,0.07114245800767094
strict,same_formula,alpha_quartz::combined_noise_0.050A_0.020,alpha_quartz,alpha_quartz,SiO2,combined_noise_0.050A_0.020,combined_perturbation,alpha_quartz::reference,alpha_quartz,alpha_quartz,SiO2,reference,1,1,0.01435487496200949
strict,same_formula,alpha_quartz::combined_noise_0.050A_0.020,alpha_quartz,alpha_quartz,SiO2,combined_noise_0.050A_0.020,combined_perturbation,alpha_cristobalite::reference,alpha_cristobalite,alpha_cristobalite,SiO2,reference,0,0,0.008131790906190872
strict,same_formula,alpha_quartz::combined_noise_0.050A_0.020,alpha_quartz,alpha_quartz,SiO2,combined_noise_0.050A_0.020,combined_perturbation,coesite::reference,coesite,coesite,SiO2,reference,0,0,0.020018999930471182
strict,same_formula,alpha_quartz::combined_noise_0.100A_0.050,alpha_quartz,alpha_quartz,SiO2,combined_noise_0.100A_0.050,combined_perturbation,alpha_quartz::reference,alpha_quartz,alpha_quartz,SiO2,reference,1,1,0.01306791603565216
strict,same_formula,alpha_quartz::combined_noise_0.100A_0.050,alpha_quartz,alpha_quartz,SiO2,combined_noise_0.100A_0.050,combined_perturbation,alpha_cristobalite::reference,alpha_cristobalite,alpha_cristobalite,SiO2,reference,0,0,0.009386416990309954
strict,same_formula,alpha_quartz::combined_noise_0.100A_0.050,alpha_quartz,alpha_quartz,SiO2,combined_noise_0.100A_0.050,combined_perturbation,coesite::reference,coesite,coesite,SiO2,reference,0,0,0.029538500006310642
strict,same_formula,alpha_cristobalite::conventional_standard,alpha_cristobalite,alpha_cristobalite,SiO2,conventional_standard,equivalent_transform,alpha_quartz::reference,alpha_quartz,alpha_quartz,SiO2,reference,0,0,0.013214249978773296
strict,same_formula,alpha_cristobalite::conventional_standard,alpha_cristobalite,alpha_cristobalite,SiO2,conventional_standard,equivalent_transform,alpha_cristobalite::reference,alpha_cristobalite,alpha_cristobalite,SiO2,reference,1,1,0.015077166026458144
strict,same_formula,alpha_cristobalite::conventional_standard,alpha_cristobalite,alpha_cristobalite,SiO2,conventional_standard,equivalent_transform,coesite::reference,coesite,coesite,SiO2,reference,0,0,0.01643412502016872
strict,same_formula,alpha_cristobalite::niggli_reduced,alpha_cristobalite,alpha_cristobalite,SiO2,niggli_reduced,equivalent_transform,alpha_quartz::reference,alpha_quartz,alpha_quartz,SiO2,reference,0,0,0.010270416969433427
strict,same_formula,alpha_cristobalite::niggli_reduced,alpha_cristobalite,alpha_cristobalite,SiO2,niggli_reduced,equivalent_transform,alpha_cristobalite::reference,alpha_cristobalite,alpha_cristobalite,SiO2,reference,1,1,0.011783541995100677
strict,same_formula,alpha_cristobalite::niggli_reduced,alpha_cristobalite,alpha_cristobalite,SiO2,niggli_reduced,equivalent_transform,coesite::reference,coesite,coesite,SiO2,reference,0,0,0.016545332968235016
strict,same_formula,alpha_cristobalite::origin_shifted,alpha_cristobalite,alpha_cristobalite,SiO2,origin_shifted,equivalent_transform,alpha_quartz::reference,alpha_quartz,alpha_quartz,SiO2,reference,0,0,0.014129374991171062
strict,same_formula,alpha_cristobalite::origin_shifted,alpha_cristobalite,alpha_cristobalite,SiO2,origin_shifted,equivalent_transform,alpha_cristobalite::reference,alpha_cristobalite,alpha_cristobalite,SiO2,reference,1,1,0.02216599998064339
strict,same_formula,alpha_cristobalite::origin_shifted,alpha_cristobalite,alpha_cristobalite,SiO2,origin_shifted,equivalent_transform,coesite::reference,coesite,coesite,SiO2,reference,0,0,0.043993292027153075
strict,same_formula,alpha_cristobalite::permuted_sites,alpha_cristobalite,alpha_cristobalite,SiO2,permuted_sites,equivalent_transform,alpha_quartz::reference,alpha_quartz,alpha_quartz,SiO2,reference,0,0,0.07309645810164511
strict,same_formula,alpha_cristobalite::permuted_sites,alpha_cristobalite,alpha_cristobalite,SiO2,permuted_sites,equivalent_transform,alpha_cristobalite::reference,alpha_cristobalite,alpha_cristobalite,SiO2,reference,1,1,0.02205691603012383
strict,same_formula,alpha_cristobalite::permuted_sites,alpha_cristobalite,alpha_cristobalite,SiO2,permuted_sites,equivalent_transform,coesite::reference,coesite,coesite,SiO2,reference,0,0,0.03380795894190669
strict,same_formula,alpha_cristobalite::supercell_2x1x1,alpha_cristobalite,alpha_cristobalite,SiO2,supercell_2x1x1,equivalent_transform,alpha_quartz::reference,alpha_quartz,alpha_quartz,SiO2,reference,0,0,0.027889457996934652
strict,same_formula,alpha_cristobalite::supercell_2x1x1,alpha_cristobalite,alpha_cristobalite,SiO2,supercell_2x1x1,equivalent_transform,alpha_cristobalite::reference,alpha_cristobalite,alpha_cristobalite,SiO2,reference,1,1,0.028485957998782396
strict,same_formula,alpha_cristobalite::supercell_2x1x1,alpha_cristobalite,alpha_cristobalite,SiO2,supercell_2x1x1,equivalent_transform,coesite::reference,coesite,coesite,SiO2,reference,0,0,0.026373166008852422
strict,same_formula,alpha_cristobalite::coord_noise_0.020A,alpha_cristobalite,alpha_cristobalite,SiO2,coord_noise_0.020A,coordinate_perturbation,alpha_quartz::reference,alpha_quartz,alpha_quartz,SiO2,reference,0,0,0.01943908305838704
strict,same_formula,alpha_cristobalite::coord_noise_0.020A,alpha_cristobalite,alpha_cristobalite,SiO2,coord_noise_0.020A,coordinate_perturbation,alpha_cristobalite::reference,alpha_cristobalite,alpha_cristobalite,SiO2,reference,1,1,0.015471624908968806
strict,same_formula,alpha_cristobalite::coord_noise_0.020A,alpha_cristobalite,alpha_cristobalite,SiO2,coord_noise_0.020A,coordinate_perturbation,coesite::reference,coesite,coesite,SiO2,reference,0,0,0.015941375051625073
strict,same_formula,alpha_cristobalite::coord_noise_0.050A,alpha_cristobalite,alpha_cristobalite,SiO2,coord_noise_0.050A,coordinate_perturbation,alpha_quartz::reference,alpha_quartz,alpha_quartz,SiO2,reference,0,0,0.01658966694958508
strict,same_formula,alpha_cristobalite::coord_noise_0.050A,alpha_cristobalite,alpha_cristobalite,SiO2,coord_noise_0.050A,coordinate_perturbation,alpha_cristobalite::reference,alpha_cristobalite,alpha_cristobalite,SiO2,reference,1,1,0.01467574993148446
strict,same_formula,alpha_cristobalite::coord_noise_0.050A,alpha_cristobalite,alpha_cristobalite,SiO2,coord_noise_0.050A,coordinate_perturbation,coesite::reference,coesite,coesite,SiO2,reference,0,0,0.016814707894809544
strict,same_formula,alpha_cristobalite::coord_noise_0.100A,alpha_cristobalite,alpha_cristobalite,SiO2,coord_noise_0.100A,coordinate_perturbation,alpha_quartz::reference,alpha_quartz,alpha_quartz,SiO2,reference,0,0,0.02097004104871303
strict,same_formula,alpha_cristobalite::coord_noise_0.100A,alpha_cristobalite,alpha_cristobalite,SiO2,coord_noise_0.100A,coordinate_perturbation,alpha_cristobalite::reference,alpha_cristobalite,alpha_cristobalite,SiO2,reference,1,0,0.026534333010204136
strict,same_formula,alpha_cristobalite::coord_noise_0.100A,alpha_cristobalite,alpha_cristobalite,SiO2,coord_noise_0.100A,coordinate_perturbation,coesite::reference,coesite,coesite,SiO2,reference,0,0,0.022914916975423694
strict,same_formula,alpha_cristobalite::lattice_noise_0.010,alpha_cristobalite,alpha_cristobalite,SiO2,lattice_noise_0.010,lattice_perturbation,alpha_quartz::reference,alpha_quartz,alpha_quartz,SiO2,reference,0,0,0.016401542001403868
strict,same_formula,alpha_cristobalite::lattice_noise_0.010,alpha_cristobalite,alpha_cristobalite,SiO2,lattice_noise_0.010,lattice_perturbation,alpha_cristobalite::reference,alpha_cristobalite,alpha_cristobalite,SiO2,reference,1,1,0.221613832982257
strict,same_formula,alpha_cristobalite::lattice_noise_0.010,alpha_cristobalite,alpha_cristobalite,SiO2,lattice_noise_0.010,lattice_perturbation,coesite::reference,coesite,coesite,SiO2,reference,0,0,0.019518209039233625
strict,same_formula,alpha_cristobalite::lattice_noise_0.020,alpha_cristobalite,alpha_cristobalite,SiO2,lattice_noise_0.020,lattice_perturbation,alpha_quartz::reference,alpha_quartz,alpha_quartz,SiO2,reference,0,0,0.023182082921266556
strict,same_formula,alpha_cristobalite::lattice_noise_0.020,alpha_cristobalite,alpha_cristobalite,SiO2,lattice_noise_0.020,lattice_perturbation,alpha_cristobalite::reference,alpha_cristobalite,alpha_cristobalite,SiO2,reference,1,1,0.017540167085826397
strict,same_formula,alpha_cristobalite::lattice_noise_0.020,alpha_cristobalite,alpha_cristobalite,SiO2,lattice_noise_0.020,lattice_perturbation,coesite::reference,coesite,coesite,SiO2,reference,0,0,0.01890487503260374
strict,same_formula,alpha_cristobalite::lattice_noise_0.050,alpha_cristobalite,alpha_cristobalite,SiO2,lattice_noise_0.050,lattice_perturbation,alpha_quartz::reference,alpha_quartz,alpha_quartz,SiO2,reference,0,0,0.015133917098864913
strict,same_formula,alpha_cristobalite::lattice_noise_0.050,alpha_cristobalite,alpha_cristobalite,SiO2,lattice_noise_0.050,lattice_perturbation,alpha_cristobalite::reference,alpha_cristobalite,alpha_cristobalite,SiO2,reference,1,1,0.016659417073242366
strict,same_formula,alpha_cristobalite::lattice_noise_0.050,alpha_cristobalite,alpha_cristobalite,SiO2,lattice_noise_0.050,lattice_perturbation,coesite::reference,coesite,coesite,SiO2,reference,0,0,0.01983762497548014
strict,same_formula,alpha_cristobalite::combined_noise_0.020A_0.010,alpha_cristobalite,alpha_cristobalite,SiO2,combined_noise_0.020A_0.010,combined_perturbation,alpha_quartz::reference,alpha_quartz,alpha_quartz,SiO2,reference,0,0,0.014250791049562395
strict,same_formula,alpha_cristobalite::combined_noise_0.020A_0.010,alpha_cristobalite,alpha_cristobalite,SiO2,combined_noise_0.020A_0.010,combined_perturbation,alpha_cristobalite::reference,alpha_cristobalite,alpha_cristobalite,SiO2,reference,1,1,0.016212250106036663
strict,same_formula,alpha_cristobalite::combined_noise_0.020A_0.010,alpha_cristobalite,alpha_cristobalite,SiO2,combined_noise_0.020A_0.010,combined_perturbation,coesite::reference,coesite,coesite,SiO2,reference,0,0,0.01870049990247935
strict,same_formula,alpha_cristobalite::combined_noise_0.050A_0.020,alpha_cristobalite,alpha_cristobalite,SiO2,combined_noise_0.050A_0.020,combined_perturbation,alpha_quartz::reference,alpha_quartz,alpha_quartz,SiO2,reference,0,0,0.014727790956385434
strict,same_formula,alpha_cristobalite::combined_noise_0.050A_0.020,alpha_cristobalite,alpha_cristobalite,SiO2,combined_noise_0.050A_0.020,combined_perturbation,alpha_cristobalite::reference,alpha_cristobalite,alpha_cristobalite,SiO2,reference,1,1,0.015782666043378413
strict,same_formula,alpha_cristobalite::combined_noise_0.050A_0.020,alpha_cristobalite,alpha_cristobalite,SiO2,combined_noise_0.050A_0.020,combined_perturbation,coesite::reference,coesite,coesite,SiO2,reference,0,0,0.017444208031520247
strict,same_formula,alpha_cristobalite::combined_noise_0.100A_0.050,alpha_cristobalite,alpha_cristobalite,SiO2,combined_noise_0.100A_0.050,combined_perturbation,alpha_quartz::reference,alpha_quartz,alpha_quartz,SiO2,reference,0,0,0.015575000084936619
strict,same_formula,alpha_cristobalite::combined_noise_0.100A_0.050,alpha_cristobalite,alpha_cristobalite,SiO2,combined_noise_0.100A_0.050,combined_perturbation,alpha_cristobalite::reference,alpha_cristobalite,alpha_cristobalite,SiO2,reference,1,1,0.01573137496598065
strict,same_formula,alpha_cristobalite::combined_noise_0.100A_0.050,alpha_cristobalite,alpha_cristobalite,SiO2,combined_noise_0.100A_0.050,combined_perturbation,coesite::reference,coesite,coesite,SiO2,reference,0,0,0.01774483302142471
strict,same_formula,coesite::conventional_standard,coesite,coesite,SiO2,conventional_standard,equivalent_transform,alpha_quartz::reference,alpha_quartz,alpha_quartz,SiO2,reference,0,0,0.02882454195059836
strict,same_formula,coesite::conventional_standard,coesite,coesite,SiO2,conventional_standard,equivalent_transform,alpha_cristobalite::reference,alpha_cristobalite,alpha_cristobalite,SiO2,reference,0,0,0.03995329199824482
strict,same_formula,coesite::conventional_standard,coesite,coesite,SiO2,conventional_standard,equivalent_transform,coesite::reference,coesite,coesite,SiO2,reference,1,1,0.047444290947169065
strict,same_formula,coesite::niggli_reduced,coesite,coesite,SiO2,niggli_reduced,equivalent_transform,alpha_quartz::reference,alpha_quartz,alpha_quartz,SiO2,reference,0,0,0.01564183400478214
strict,same_formula,coesite::niggli_reduced,coesite,coesite,SiO2,niggli_reduced,equivalent_transform,alpha_cristobalite::reference,alpha_cristobalite,alpha_cristobalite,SiO2,reference,0,0,0.016815165989100933
strict,same_formula,coesite::niggli_reduced,coesite,coesite,SiO2,niggli_reduced,equivalent_transform,coesite::reference,coesite,coesite,SiO2,reference,1,1,0.024670250015333295
strict,same_formula,coesite::origin_shifted,coesite,coesite,SiO2,origin_shifted,equivalent_transform,alpha_quartz::reference,alpha_quartz,alpha_quartz,SiO2,reference,0,0,0.018241250072605908
strict,same_formula,coesite::origin_shifted,coesite,coesite,SiO2,origin_shifted,equivalent_transform,alpha_cristobalite::reference,alpha_cristobalite,alpha_cristobalite,SiO2,reference,0,0,0.017368708038702607
strict,same_formula,coesite::origin_shifted,coesite,coesite,SiO2,origin_shifted,equivalent_transform,coesite::reference,coesite,coesite,SiO2,reference,1,1,0.02412945800460875
strict,same_formula,coesite::permuted_sites,coesite,coesite,SiO2,permuted_sites,equivalent_transform,alpha_quartz::reference,alpha_quartz,alpha_quartz,SiO2,reference,0,0,0.0679925000295043
strict,same_formula,coesite::permuted_sites,coesite,coesite,SiO2,permuted_sites,equivalent_transform,alpha_cristobalite::reference,alpha_cristobalite,alpha_cristobalite,SiO2,reference,0,0,0.040115042007528245
strict,same_formula,coesite::permuted_sites,coesite,coesite,SiO2,permuted_sites,equivalent_transform,coesite::reference,coesite,coesite,SiO2,reference,1,1,0.10045062506105751
strict,same_formula,coesite::supercell_2x1x1,coesite,coesite,SiO2,supercell_2x1x1,equivalent_transform,alpha_quartz::reference,alpha_quartz,alpha_quartz,SiO2,reference,0,0,0.02563449996523559
strict,same_formula,coesite::supercell_2x1x1,coesite,coesite,SiO2,supercell_2x1x1,equivalent_transform,alpha_cristobalite::reference,alpha_cristobalite,alpha_cristobalite,SiO2,reference,0,0,0.040597167098894715
strict,same_formula,coesite::supercell_2x1x1,coesite,coesite,SiO2,supercell_2x1x1,equivalent_transform,coesite::reference,coesite,coesite,SiO2,reference,1,1,0.04896333301439881
strict,same_formula,coesite::coord_noise_0.020A,coesite,coesite,SiO2,coord_noise_0.020A,coordinate_perturbation,alpha_quartz::reference,alpha_quartz,alpha_quartz,SiO2,reference,0,0,0.026650749961845577
strict,same_formula,coesite::coord_noise_0.020A,coesite,coesite,SiO2,coord_noise_0.020A,coordinate_perturbation,alpha_cristobalite::reference,alpha_cristobalite,alpha_cristobalite,SiO2,reference,0,0,0.02252574998419732
strict,same_formula,coesite::coord_noise_0.020A,coesite,coesite,SiO2,coord_noise_0.020A,coordinate_perturbation,coesite::reference,coesite,coesite,SiO2,reference,1,1,0.03050529200118035
strict,same_formula,coesite::coord_noise_0.050A,coesite,coesite,SiO2,coord_noise_0.050A,coordinate_perturbation,alpha_quartz::reference,alpha_quartz,alpha_quartz,SiO2,reference,0,0,0.048887584009207785
strict,same_formula,coesite::coord_noise_0.050A,coesite,coesite,SiO2,coord_noise_0.050A,coordinate_perturbation,alpha_cristobalite::reference,alpha_cristobalite,alpha_cristobalite,SiO2,reference,0,0,0.031396917067468166
strict,same_formula,coesite::coord_noise_0.050A,coesite,coesite,SiO2,coord_noise_0.050A,coordinate_perturbation,coesite::reference,coesite,coesite,SiO2,reference,1,1,0.05468687508255243
strict,same_formula,coesite::coord_noise_0.100A,coesite,coesite,SiO2,coord_noise_0.100A,coordinate_perturbation,alpha_quartz::reference,alpha_quartz,alpha_quartz,SiO2,reference,0,0,0.06778079096693546
strict,same_formula,coesite::coord_noise_0.100A,coesite,coesite,SiO2,coord_noise_0.100A,coordinate_perturbation,alpha_cristobalite::reference,alpha_cristobalite,alpha_cristobalite,SiO2,reference,0,0,0.02462370798457414
strict,same_formula,coesite::coord_noise_0.100A,coesite,coesite,SiO2,coord_noise_0.100A,coordinate_perturbation,coesite::reference,coesite,coesite,SiO2,reference,1,0,0.03974379203282297
strict,same_formula,coesite::lattice_noise_0.010,coesite,coesite,SiO2,lattice_noise_0.010,lattice_perturbation,alpha_quartz::reference,alpha_quartz,alpha_quartz,SiO2,reference,0,0,0.027619458036497235
strict,same_formula,coesite::lattice_noise_0.010,coesite,coesite,SiO2,lattice_noise_0.010,lattice_perturbation,alpha_cristobalite::reference,alpha_cristobalite,alpha_cristobalite,SiO2,reference,0,0,0.024948249920271337
strict,same_formula,coesite::lattice_noise_0.010,coesite,coesite,SiO2,lattice_noise_0.010,lattice_perturbation,coesite::reference,coesite,coesite,SiO2,reference,1,1,0.04204266704618931
strict,same_formula,coesite::lattice_noise_0.020,coesite,coesite,SiO2,lattice_noise_0.020,lattice_perturbation,alpha_quartz::reference,alpha_quartz,alpha_quartz,SiO2,reference,0,0,0.06399158295243979
strict,same_formula,coesite::lattice_noise_0.020,coesite,coesite,SiO2,lattice_noise_0.020,lattice_perturbation,alpha_cristobalite::reference,alpha_cristobalite,alpha_cristobalite,SiO2,reference,0,0,0.09918554103933275
strict,same_formula,coesite::lattice_noise_0.020,coesite,coesite,SiO2,lattice_noise_0.020,lattice_perturbation,coesite::reference,coesite,coesite,SiO2,reference,1,1,0.12795958295464516
strict,same_formula,coesite::lattice_noise_0.050,coesite,coesite,SiO2,lattice_noise_0.050,lattice_perturbation,alpha_quartz::reference,alpha_quartz,alpha_quartz,SiO2,reference,0,0,0.0839329999871552
strict,same_formula,coesite::lattice_noise_0.050,coesite,coesite,SiO2,lattice_noise_0.050,lattice_perturbation,alpha_cristobalite::reference,alpha_cristobalite,alpha_cristobalite,SiO2,reference,0,0,0.022178499959409237
strict,same_formula,coesite::lattice_noise_0.050,coesite,coesite,SiO2,lattice_noise_0.050,lattice_perturbation,coesite::reference,coesite,coesite,SiO2,reference,1,1,0.03398408298380673
strict,same_formula,coesite::combined_noise_0.020A_0.010,coesite,coesite,SiO2,combined_noise_0.020A_0.010,combined_perturbation,alpha_quartz::reference,alpha_quartz,alpha_quartz,SiO2,reference,0,0,0.021815584041178226
strict,same_formula,coesite::combined_noise_0.020A_0.010,coesite,coesite,SiO2,combined_noise_0.020A_0.010,combined_perturbation,alpha_cristobalite::reference,alpha_cristobalite,alpha_cristobalite,SiO2,reference,0,0,0.022028792067430913
strict,same_formula,coesite::combined_noise_0.020A_0.010,coesite,coesite,SiO2,combined_noise_0.020A_0.010,combined_perturbation,coesite::reference,coesite,coesite,SiO2,reference,1,1,0.05008179193828255
strict,same_formula,coesite::combined_noise_0.050A_0.020,coesite,coesite,SiO2,combined_noise_0.050A_0.020,combined_perturbation,alpha_quartz::reference,alpha_quartz,alpha_quartz,SiO2,reference,0,0,0.026150499936193228
strict,same_formula,coesite::combined_noise_0.050A_0.020,coesite,coesite,SiO2,combined_noise_0.050A_0.020,combined_perturbation,alpha_cristobalite::reference,alpha_cristobalite,alpha_cristobalite,SiO2,reference,0,0,0.018273000023327768
strict,same_formula,coesite::combined_noise_0.050A_0.020,coesite,coesite,SiO2,combined_noise_0.050A_0.020,combined_perturbation,coesite::reference,coesite,coesite,SiO2,reference,1,1,0.027744958992116153
strict,same_formula,coesite::combined_noise_0.100A_0.050,coesite,coesite,SiO2,combined_noise_0.100A_0.050,combined_perturbation,alpha_quartz::reference,alpha_quartz,alpha_quartz,SiO2,reference,0,0,0.020494958967901766
strict,same_formula,coesite::combined_noise_0.100A_0.050,coesite,coesite,SiO2,combined_noise_0.100A_0.050,combined_perturbation,alpha_cristobalite::reference,alpha_cristobalite,alpha_cristobalite,SiO2,reference,0,0,0.02044524997472763
strict,same_formula,coesite::combined_noise_0.100A_0.050,coesite,coesite,SiO2,combined_noise_0.100A_0.050,combined_perturbation,coesite::reference,coesite,coesite,SiO2,reference,1,0,0.02657795906998217
strict,same_formula,anatase::conventional_standard,anatase,anatase,TiO2,conventional_standard,equivalent_transform,anatase::reference,anatase,anatase,TiO2,reference,1,1,0.01837649999652058
strict,same_formula,anatase::conventional_standard,anatase,anatase,TiO2,conventional_standard,equivalent_transform,rutile::reference,rutile,rutile,TiO2,reference,0,0,0.010718333069235086
strict,same_formula,anatase::conventional_standard,anatase,anatase,TiO2,conventional_standard,equivalent_transform,brookite::reference,brookite,brookite,TiO2,reference,0,0,0.08521329192444682
strict,same_formula,anatase::niggli_reduced,anatase,anatase,TiO2,niggli_reduced,equivalent_transform,anatase::reference,anatase,anatase,TiO2,reference,1,1,0.007881000055931509
strict,same_formula,anatase::niggli_reduced,anatase,anatase,TiO2,niggli_reduced,equivalent_transform,rutile::reference,rutile,rutile,TiO2,reference,0,0,0.0053019169718027115
strict,same_formula,anatase::niggli_reduced,anatase,anatase,TiO2,niggli_reduced,equivalent_transform,brookite::reference,brookite,brookite,TiO2,reference,0,0,0.07951524993404746
strict,same_formula,anatase::origin_shifted,anatase,anatase,TiO2,origin_shifted,equivalent_transform,anatase::reference,anatase,anatase,TiO2,reference,1,1,0.010139583027921617
strict,same_formula,anatase::origin_shifted,anatase,anatase,TiO2,origin_shifted,equivalent_transform,rutile::reference,rutile,rutile,TiO2,reference,0,0,0.00755283294711262
strict,same_formula,anatase::origin_shifted,anatase,anatase,TiO2,origin_shifted,equivalent_transform,brookite::reference,brookite,brookite,TiO2,reference,0,0,0.21024225000292063
strict,same_formula,anatase::permuted_sites,anatase,anatase,TiO2,permuted_sites,equivalent_transform,anatase::reference,anatase,anatase,TiO2,reference,1,1,0.023544874973595142
strict,same_formula,anatase::permuted_sites,anatase,anatase,TiO2,permuted_sites,equivalent_transform,rutile::reference,rutile,rutile,TiO2,reference,0,0,0.01120162510778755
strict,same_formula,anatase::permuted_sites,anatase,anatase,TiO2,permuted_sites,equivalent_transform,brookite::reference,brookite,brookite,TiO2,reference,0,0,0.23656541702803224
strict,same_formula,anatase::supercell_2x1x1,anatase,anatase,TiO2,supercell_2x1x1,equivalent_transform,anatase::reference,anatase,anatase,TiO2,reference,1,1,0.015559499966911972
strict,same_formula,anatase::supercell_2x1x1,anatase,anatase,TiO2,supercell_2x1x1,equivalent_transform,rutile::reference,rutile,rutile,TiO2,reference,0,0,0.015786416013725102
strict,same_formula,anatase::supercell_2x1x1,anatase,anatase,TiO2,supercell_2x1x1,equivalent_transform,brookite::reference,brookite,brookite,TiO2,reference,0,0,0.09813870897050947
strict,same_formula,anatase::coord_noise_0.020A,anatase,anatase,TiO2,coord_noise_0.020A,coordinate_perturbation,anatase::reference,anatase,anatase,TiO2,reference,1,1,0.01776558393612504
strict,same_formula,anatase::coord_noise_0.020A,anatase,anatase,TiO2,coord_noise_0.020A,coordinate_perturbation,rutile::reference,rutile,rutile,TiO2,reference,0,0,0.009131417027674615
strict,same_formula,anatase::coord_noise_0.020A,anatase,anatase,TiO2,coord_noise_0.020A,coordinate_perturbation,brookite::reference,brookite,brookite,TiO2,reference,0,0,0.07876058295369148
strict,same_formula,anatase::coord_noise_0.050A,anatase,anatase,TiO2,coord_noise_0.050A,coordinate_perturbation,anatase::reference,anatase,anatase,TiO2,reference,1,1,0.01274812500923872
strict,same_formula,anatase::coord_noise_0.050A,anatase,anatase,TiO2,coord_noise_0.050A,coordinate_perturbation,rutile::reference,rutile,rutile,TiO2,reference,0,0,0.0072362920036539435
strict,same_formula,anatase::coord_noise_0.050A,anatase,anatase,TiO2,coord_noise_0.050A,coordinate_perturbation,brookite::reference,brookite,brookite,TiO2,reference,0,0,0.09464570798445493
strict,same_formula,anatase::coord_noise_0.100A,anatase,anatase,TiO2,coord_noise_0.100A,coordinate_perturbation,anatase::reference,anatase,anatase,TiO2,reference,1,0,0.03947054105810821
strict,same_formula,anatase::coord_noise_0.100A,anatase,anatase,TiO2,coord_noise_0.100A,coordinate_perturbation,rutile::reference,rutile,rutile,TiO2,reference,0,0,0.013547416077926755
strict,same_formula,anatase::coord_noise_0.100A,anatase,anatase,TiO2,coord_noise_0.100A,coordinate_perturbation,brookite::reference,brookite,brookite,TiO2,reference,0,0,0.10296350007411093
strict,same_formula,anatase::lattice_noise_0.010,anatase,anatase,TiO2,lattice_noise_0.010,lattice_perturbation,anatase::reference,anatase,anatase,TiO2,reference,1,1,0.012422292027622461
strict,same_formula,anatase::lattice_noise_0.010,anatase,anatase,TiO2,lattice_noise_0.010,lattice_perturbation,rutile::reference,rutile,rutile,TiO2,reference,0,0,0.005853040958754718
strict,same_formula,anatase::lattice_noise_0.010,anatase,anatase,TiO2,lattice_noise_0.010,lattice_perturbation,brookite::reference,brookite,brookite,TiO2,reference,0,0,0.040857290965504944
strict,same_formula,anatase::lattice_noise_0.020,anatase,anatase,TiO2,lattice_noise_0.020,lattice_perturbation,anatase::reference,anatase,anatase,TiO2,reference,1,1,0.012736333068460226
strict,same_formula,anatase::lattice_noise_0.020,anatase,anatase,TiO2,lattice_noise_0.020,lattice_perturbation,rutile::reference,rutile,rutile,TiO2,reference,0,0,0.006286084069870412
strict,same_formula,anatase::lattice_noise_0.020,anatase,anatase,TiO2,lattice_noise_0.020,lattice_perturbation,brookite::reference,brookite,brookite,TiO2,reference,0,0,0.09124295809306204
strict,same_formula,anatase::lattice_noise_0.050,anatase,anatase,TiO2,lattice_noise_0.050,lattice_perturbation,anatase::reference,anatase,anatase,TiO2,reference,1,1,0.01204383303411305
strict,same_formula,anatase::lattice_noise_0.050,anatase,anatase,TiO2,lattice_noise_0.050,lattice_perturbation,rutile::reference,rutile,rutile,TiO2,reference,0,0,0.005817709024995565
strict,same_formula,anatase::lattice_noise_0.050,anatase,anatase,TiO2,lattice_noise_0.050,lattice_perturbation,brookite::reference,brookite,brookite,TiO2,reference,0,0,0.02081633300986141
strict,same_formula,anatase::combined_noise_0.020A_0.010,anatase,anatase,TiO2,combined_noise_0.020A_0.010,combined_perturbation,anatase::reference,anatase,anatase,TiO2,reference,1,1,0.06637954199686646
strict,same_formula,anatase::combined_noise_0.020A_0.010,anatase,anatase,TiO2,combined_noise_0.020A_0.010,combined_perturbation,rutile::reference,rutile,rutile,TiO2,reference,0,0,0.012086624978110194
strict,same_formula,anatase::combined_noise_0.020A_0.010,anatase,anatase,TiO2,combined_noise_0.020A_0.010,combined_perturbation,brookite::reference,brookite,brookite,TiO2,reference,0,0,0.09875370899681002
strict,same_formula,anatase::combined_noise_0.050A_0.020,anatase,anatase,TiO2,combined_noise_0.050A_0.020,combined_perturbation,anatase::reference,anatase,anatase,TiO2,reference,1,1,0.01097458298318088
strict,same_formula,anatase::combined_noise_0.050A_0.020,anatase,anatase,TiO2,combined_noise_0.050A_0.020,combined_perturbation,rutile::reference,rutile,rutile,TiO2,reference,0,0,0.006627499940805137
strict,same_formula,anatase::combined_noise_0.050A_0.020,anatase,anatase,TiO2,combined_noise_0.050A_0.020,combined_perturbation,brookite::reference,brookite,brookite,TiO2,reference,0,0,0.07839104195591062
strict,same_formula,anatase::combined_noise_0.100A_0.050,anatase,anatase,TiO2,combined_noise_0.100A_0.050,combined_perturbation,anatase::reference,anatase,anatase,TiO2,reference,1,1,0.010995125048793852
strict,same_formula,anatase::combined_noise_0.100A_0.050,anatase,anatase,TiO2,combined_noise_0.100A_0.050,combined_perturbation,rutile::reference,rutile,rutile,TiO2,reference,0,0,0.006335332989692688
strict,same_formula,anatase::combined_noise_0.100A_0.050,anatase,anatase,TiO2,combined_noise_0.100A_0.050,combined_perturbation,brookite::reference,brookite,brookite,TiO2,reference,0,0,0.03349962504580617
strict,same_formula,rutile::conventional_standard,rutile,rutile,TiO2,conventional_standard,equivalent_transform,anatase::reference,anatase,anatase,TiO2,reference,0,0,0.025005958043038845
strict,same_formula,rutile::conventional_standard,rutile,rutile,TiO2,conventional_standard,equivalent_transform,rutile::reference,rutile,rutile,TiO2,reference,1,1,0.011881083017215133
strict,same_formula,rutile::conventional_standard,rutile,rutile,TiO2,conventional_standard,equivalent_transform,brookite::reference,brookite,brookite,TiO2,reference,0,0,0.02246170793659985
strict,same_formula,rutile::niggli_reduced,rutile,rutile,TiO2,niggli_reduced,equivalent_transform,anatase::reference,anatase,anatase,TiO2,reference,0,0,0.009331209002994001
strict,same_formula,rutile::niggli_reduced,rutile,rutile,TiO2,niggli_reduced,equivalent_transform,rutile::reference,rutile,rutile,TiO2,reference,1,1,0.006390624912455678
strict,same_formula,rutile::niggli_reduced,rutile,rutile,TiO2,niggli_reduced,equivalent_transform,brookite::reference,brookite,brookite,TiO2,reference,0,0,0.018416665960103273
strict,same_formula,rutile::origin_shifted,rutile,rutile,TiO2,origin_shifted,equivalent_transform,anatase::reference,anatase,anatase,TiO2,reference,0,0,0.0105082499794662
strict,same_formula,rutile::origin_shifted,rutile,rutile,TiO2,origin_shifted,equivalent_transform,rutile::reference,rutile,rutile,TiO2,reference,1,1,0.007426124997437
strict,same_formula,rutile::origin_shifted,rutile,rutile,TiO2,origin_shifted,equivalent_transform,brookite::reference,brookite,brookite,TiO2,reference,0,0,0.01985308399889618
strict,same_formula,rutile::permuted_sites,rutile,rutile,TiO2,permuted_sites,equivalent_transform,anatase::reference,anatase,anatase,TiO2,reference,0,0,0.020111917052417994
strict,same_formula,rutile::permuted_sites,rutile,rutile,TiO2,permuted_sites,equivalent_transform,rutile::reference,rutile,rutile,TiO2,reference,1,1,0.010082541033625603
strict,same_formula,rutile::permuted_sites,rutile,rutile,TiO2,permuted_sites,equivalent_transform,brookite::reference,brookite,brookite,TiO2,reference,0,0,0.024263791972771287
strict,same_formula,rutile::supercell_2x1x1,rutile,rutile,TiO2,supercell_2x1x1,equivalent_transform,anatase::reference,anatase,anatase,TiO2,reference,0,0,0.01136141608003527
strict,same_formula,rutile::supercell_2x1x1,rutile,rutile,TiO2,supercell_2x1x1,equivalent_transform,rutile::reference,rutile,rutile,TiO2,reference,1,1,0.00911725009791553
strict,same_formula,rutile::supercell_2x1x1,rutile,rutile,TiO2,supercell_2x1x1,equivalent_transform,brookite::reference,brookite,brookite,TiO2,reference,0,0,0.021842500078491867
strict,same_formula,rutile::coord_noise_0.020A,rutile,rutile,TiO2,coord_noise_0.020A,coordinate_perturbation,anatase::reference,anatase,anatase,TiO2,reference,0,0,0.012553832959383726
strict,same_formula,rutile::coord_noise_0.020A,rutile,rutile,TiO2,coord_noise_0.020A,coordinate_perturbation,rutile::reference,rutile,rutile,TiO2,reference,1,1,0.008450916968286037
strict,same_formula,rutile::coord_noise_0.020A,rutile,rutile,TiO2,coord_noise_0.020A,coordinate_perturbation,brookite::reference,brookite,brookite,TiO2,reference,0,0,0.022709083976224065
strict,same_formula,rutile::coord_noise_0.050A,rutile,rutile,TiO2,coord_noise_0.050A,coordinate_perturbation,anatase::reference,anatase,anatase,TiO2,reference,0,0,0.013294375035911798
strict,same_formula,rutile::coord_noise_0.050A,rutile,rutile,TiO2,coord_noise_0.050A,coordinate_perturbation,rutile::reference,rutile,rutile,TiO2,reference,1,1,0.007872625021263957
strict,same_formula,rutile::coord_noise_0.050A,rutile,rutile,TiO2,coord_noise_0.050A,coordinate_perturbation,brookite::reference,brookite,brookite,TiO2,reference,0,0,0.023060792009346187
strict,same_formula,rutile::coord_noise_0.100A,rutile,rutile,TiO2,coord_noise_0.100A,coordinate_perturbation,anatase::reference,anatase,anatase,TiO2,reference,0,0,0.013907542102970183
strict,same_formula,rutile::coord_noise_0.100A,rutile,rutile,TiO2,coord_noise_0.100A,coordinate_perturbation,rutile::reference,rutile,rutile,TiO2,reference,1,0,0.021315749967470765
strict,same_formula,rutile::coord_noise_0.100A,rutile,rutile,TiO2,coord_noise_0.100A,coordinate_perturbation,brookite::reference,brookite,brookite,TiO2,reference,0,0,0.024651292013004422
strict,same_formula,rutile::lattice_noise_0.010,rutile,rutile,TiO2,lattice_noise_0.010,lattice_perturbation,anatase::reference,anatase,anatase,TiO2,reference,0,0,0.019299209001474082
strict,same_formula,rutile::lattice_noise_0.010,rutile,rutile,TiO2,lattice_noise_0.010,lattice_perturbation,rutile::reference,rutile,rutile,TiO2,reference,1,1,0.017635916941799223
strict,same_formula,rutile::lattice_noise_0.010,rutile,rutile,TiO2,lattice_noise_0.010,lattice_perturbation,brookite::reference,brookite,brookite,TiO2,reference,0,0,0.08088683302048594
strict,same_formula,rutile::lattice_noise_0.020,rutile,rutile,TiO2,lattice_noise_0.020,lattice_perturbation,anatase::reference,anatase,anatase,TiO2,reference,0,0,0.11514970799908042
strict,same_formula,rutile::lattice_noise_0.020,rutile,rutile,TiO2,lattice_noise_0.020,lattice_perturbation,rutile::reference,rutile,rutile,TiO2,reference,1,1,0.026079249917529523
strict,same_formula,rutile::lattice_noise_0.020,rutile,rutile,TiO2,lattice_noise_0.020,lattice_perturbation,brookite::reference,brookite,brookite,TiO2,reference,0,0,0.02713533292990178
strict,same_formula,rutile::lattice_noise_0.050,rutile,rutile,TiO2,lattice_noise_0.050,lattice_perturbation,anatase::reference,anatase,anatase,TiO2,reference,0,0,0.012412833981215954
strict,same_formula,rutile::lattice_noise_0.050,rutile,rutile,TiO2,lattice_noise_0.050,lattice_perturbation,rutile::reference,rutile,rutile,TiO2,reference,1,1,0.00855458399746567
strict,same_formula,rutile::lattice_noise_0.050,rutile,rutile,TiO2,lattice_noise_0.050,lattice_perturbation,brookite::reference,brookite,brookite,TiO2,reference,0,0,0.021316375001333654
strict,same_formula,rutile::combined_noise_0.020A_0.010,rutile,rutile,TiO2,combined_noise_0.020A_0.010,combined_perturbation,anatase::reference,anatase,anatase,TiO2,reference,0,0,0.013420292059890926
strict,same_formula,rutile::combined_noise_0.020A_0.010,rutile,rutile,TiO2,combined_noise_0.020A_0.010,combined_perturbation,rutile::reference,rutile,rutile,TiO2,reference,1,1,0.011075250105932355
strict,same_formula,rutile::combined_noise_0.020A_0.010,rutile,rutile,TiO2,combined_noise_0.020A_0.010,combined_perturbation,brookite::reference,brookite,brookite,TiO2,reference,0,0,0.02780349995009601
strict,same_formula,rutile::combined_noise_0.050A_0.020,rutile,rutile,TiO2,combined_noise_0.050A_0.020,combined_perturbation,anatase::reference,anatase,anatase,TiO2,reference,0,0,0.015146292047575116
strict,same_formula,rutile::combined_noise_0.050A_0.020,rutile,rutile,TiO2,combined_noise_0.050A_0.020,combined_perturbation,rutile::reference,rutile,rutile,TiO2,reference,1,1,0.008947917027398944
strict,same_formula,rutile::combined_noise_0.050A_0.020,rutile,rutile,TiO2,combined_noise_0.050A_0.020,combined_perturbation,brookite::reference,brookite,brookite,TiO2,reference,0,0,0.0454440830508247
strict,same_formula,rutile::combined_noise_0.100A_0.050,rutile,rutile,TiO2,combined_noise_0.100A_0.050,combined_perturbation,anatase::reference,anatase,anatase,TiO2,reference,0,0,0.024457207997329533
strict,same_formula,rutile::combined_noise_0.100A_0.050,rutile,rutile,TiO2,combined_noise_0.100A_0.050,combined_perturbation,rutile::reference,rutile,rutile,TiO2,reference,1,1,0.013518458930775523
strict,same_formula,rutile::combined_noise_0.100A_0.050,rutile,rutile,TiO2,combined_noise_0.100A_0.050,combined_perturbation,brookite::reference,brookite,brookite,TiO2,reference,0,0,0.040405958076007664
strict,same_formula,brookite::conventional_standard,brookite,brookite,TiO2,conventional_standard,equivalent_transform,anatase::reference,anatase,anatase,TiO2,reference,0,0,0.07580074993893504
strict,same_formula,brookite::conventional_standard,brookite,brookite,TiO2,conventional_standard,equivalent_transform,rutile::reference,rutile,rutile,TiO2,reference,0,0,0.028387124999426305
strict,same_formula,brookite::conventional_standard,brookite,brookite,TiO2,conventional_standard,equivalent_transform,brookite::reference,brookite,brookite,TiO2,reference,1,1,0.048079207888804376
strict,same_formula,brookite::niggli_reduced,brookite,brookite,TiO2,niggli_reduced,equivalent_transform,anatase::reference,anatase,anatase,TiO2,reference,0,0,0.11747087503317744
strict,same_formula,brookite::niggli_reduced,brookite,brookite,TiO2,niggli_reduced,equivalent_transform,rutile::reference,rutile,rutile,TiO2,reference,0,0,0.025682875071652234
strict,same_formula,brookite::niggli_reduced,brookite,brookite,TiO2,niggli_reduced,equivalent_transform,brookite::reference,brookite,brookite,TiO2,reference,1,1,0.04085620795376599
strict,same_formula,brookite::origin_shifted,brookite,brookite,TiO2,origin_shifted,equivalent_transform,anatase::reference,anatase,anatase,TiO2,reference,0,0,0.2253336668945849
strict,same_formula,brookite::origin_shifted,brookite,brookite,TiO2,origin_shifted,equivalent_transform,rutile::reference,rutile,rutile,TiO2,reference,0,0,0.05293629097286612
strict,same_formula,brookite::origin_shifted,brookite,brookite,TiO2,origin_shifted,equivalent_transform,brookite::reference,brookite,brookite,TiO2,reference,1,1,0.0460251250769943
strict,same_formula,brookite::permuted_sites,brookite,brookite,TiO2,permuted_sites,equivalent_transform,anatase::reference,anatase,anatase,TiO2,reference,0,0,0.17859520891215652
strict,same_formula,brookite::permuted_sites,brookite,brookite,TiO2,permuted_sites,equivalent_transform,rutile::reference,rutile,rutile,TiO2,reference,0,0,0.047768125077709556
strict,same_formula,brookite::permuted_sites,brookite,brookite,TiO2,permuted_sites,equivalent_transform,brookite::reference,brookite,brookite,TiO2,reference,1,1,0.10205716697964817
strict,same_formula,brookite::supercell_2x1x1,brookite,brookite,TiO2,supercell_2x1x1,equivalent_transform,anatase::reference,anatase,anatase,TiO2,reference,0,0,0.11030524992384017
strict,same_formula,brookite::supercell_2x1x1,brookite,brookite,TiO2,supercell_2x1x1,equivalent_transform,rutile::reference,rutile,rutile,TiO2,reference,0,0,0.06744545907713473
strict,same_formula,brookite::supercell_2x1x1,brookite,brookite,TiO2,supercell_2x1x1,equivalent_transform,brookite::reference,brookite,brookite,TiO2,reference,1,1,0.07910741702653468
strict,same_formula,brookite::coord_noise_0.020A,brookite,brookite,TiO2,coord_noise_0.020A,coordinate_perturbation,anatase::reference,anatase,anatase,TiO2,reference,0,0,0.1454764159861952
strict,same_formula,brookite::coord_noise_0.020A,brookite,brookite,TiO2,coord_noise_0.020A,coordinate_perturbation,rutile::reference,rutile,rutile,TiO2,reference,0,0,0.023847708012908697
strict,same_formula,brookite::coord_noise_0.020A,brookite,brookite,TiO2,coord_noise_0.020A,coordinate_perturbation,brookite::reference,brookite,brookite,TiO2,reference,1,1,0.036238042055629194
strict,same_formula,brookite::coord_noise_0.050A,brookite,brookite,TiO2,coord_noise_0.050A,coordinate_perturbation,anatase::reference,anatase,anatase,TiO2,reference,0,0,0.10593895800411701
strict,same_formula,brookite::coord_noise_0.050A,brookite,brookite,TiO2,coord_noise_0.050A,coordinate_perturbation,rutile::reference,rutile,rutile,TiO2,reference,0,0,0.029931750032119453
strict,same_formula,brookite::coord_noise_0.050A,brookite,brookite,TiO2,coord_noise_0.050A,coordinate_perturbation,brookite::reference,brookite,brookite,TiO2,reference,1,1,0.04559029103256762
strict,same_formula,brookite::coord_noise_0.100A,brookite,brookite,TiO2,coord_noise_0.100A,coordinate_perturbation,anatase::reference,anatase,anatase,TiO2,reference,0,0,0.10988804197404534
strict,same_formula,brookite::coord_noise_0.100A,brookite,brookite,TiO2,coord_noise_0.100A,coordinate_perturbation,rutile::reference,rutile,rutile,TiO2,reference,0,0,0.03266949998214841
strict,same_formula,brookite::coord_noise_0.100A,brookite,brookite,TiO2,coord_noise_0.100A,coordinate_perturbation,brookite::reference,brookite,brookite,TiO2,reference,1,0,0.07837262493558228
strict,same_formula,brookite::lattice_noise_0.010,brookite,brookite,TiO2,lattice_noise_0.010,lattice_perturbation,anatase::reference,anatase,anatase,TiO2,reference,0,0,0.28817291697487235
strict,same_formula,brookite::lattice_noise_0.010,brookite,brookite,TiO2,lattice_noise_0.010,lattice_perturbation,rutile::reference,rutile,rutile,TiO2,reference,0,0,0.044093749951571226
strict,same_formula,brookite::lattice_noise_0.010,brookite,brookite,TiO2,lattice_noise_0.010,lattice_perturbation,brookite::reference,brookite,brookite,TiO2,reference,1,1,0.04065879201516509
strict,same_formula,brookite::lattice_noise_0.020,brookite,brookite,TiO2,lattice_noise_0.020,lattice_perturbation,anatase::reference,anatase,anatase,TiO2,reference,0,0,0.13949241593945771
strict,same_formula,brookite::lattice_noise_0.020,brookite,brookite,TiO2,lattice_noise_0.020,lattice_perturbation,rutile::reference,rutile,rutile,TiO2,reference,0,0,0.01809983409475535
strict,same_formula,brookite::lattice_noise_0.020,brookite,brookite,TiO2,lattice_noise_0.020,lattice_perturbation,brookite::reference,brookite,brookite,TiO2,reference,1,1,0.028971291962079704
strict,same_formula,brookite::lattice_noise_0.050,brookite,brookite,TiO2,lattice_noise_0.050,lattice_perturbation,anatase::reference,anatase,anatase,TiO2,reference,0,0,0.03552095906343311
strict,same_formula,brookite::lattice_noise_0.050,brookite,brookite,TiO2,lattice_noise_0.050,lattice_perturbation,rutile::reference,rutile,rutile,TiO2,reference,0,0,0.03173237491864711
strict,same_formula,brookite::lattice_noise_0.050,brookite,brookite,TiO2,lattice_noise_0.050,lattice_perturbation,brookite::reference,brookite,brookite,TiO2,reference,1,1,0.02949750004336238
strict,same_formula,brookite::combined_noise_0.020A_0.010,brookite,brookite,TiO2,combined_noise_0.020A_0.010,combined_perturbation,anatase::reference,anatase,anatase,TiO2,reference,0,0,0.0561048339586705
strict,same_formula,brookite::combined_noise_0.020A_0.010,brookite,brookite,TiO2,combined_noise_0.020A_0.010,combined_perturbation,rutile::reference,rutile,rutile,TiO2,reference,0,0,0.016216207994148135
strict,same_formula,brookite::combined_noise_0.020A_0.010,brookite,brookite,TiO2,combined_noise_0.020A_0.010,combined_perturbation,brookite::reference,brookite,brookite,TiO2,reference,1,1,0.03137383295688778
strict,same_formula,brookite::combined_noise_0.050A_0.020,brookite,brookite,TiO2,combined_noise_0.050A_0.020,combined_perturbation,anatase::reference,anatase,anatase,TiO2,reference,0,0,0.07456433400511742
strict,same_formula,brookite::combined_noise_0.050A_0.020,brookite,brookite,TiO2,combined_noise_0.050A_0.020,combined_perturbation,rutile::reference,rutile,rutile,TiO2,reference,0,0,0.025374999968335032
strict,same_formula,brookite::combined_noise_0.050A_0.020,brookite,brookite,TiO2,combined_noise_0.050A_0.020,combined_perturbation,brookite::reference,brookite,brookite,TiO2,reference,1,1,0.03698666603304446
strict,same_formula,brookite::combined_noise_0.100A_0.050,brookite,brookite,TiO2,combined_noise_0.100A_0.050,combined_perturbation,anatase::reference,anatase,anatase,TiO2,reference,0,0,0.0596863750834018
strict,same_formula,brookite::combined_noise_0.100A_0.050,brookite,brookite,TiO2,combined_noise_0.100A_0.050,combined_perturbation,rutile::reference,rutile,rutile,TiO2,reference,0,0,0.10078204202000052
strict,same_formula,brookite::combined_noise_0.100A_0.050,brookite,brookite,TiO2,combined_noise_0.100A_0.050,combined_perturbation,brookite::reference,brookite,brookite,TiO2,reference,1,0,0.05710120790172368
medium,same_formula,diamond::conventional_standard,diamond,diamond,C,conventional_standard,equivalent_transform,diamond::reference,diamond,diamond,C,reference,1,1,0.009994541062042117
medium,same_formula,diamond::conventional_standard,diamond,diamond,C,conventional_standard,equivalent_transform,graphite::reference,graphite,graphite,C,reference,0,0,0.008314125007018447
medium,same_formula,diamond::niggli_reduced,diamond,diamond,C,niggli_reduced,equivalent_transform,diamond::reference,diamond,diamond,C,reference,1,1,0.006189666106365621
medium,same_formula,diamond::niggli_reduced,diamond,diamond,C,niggli_reduced,equivalent_transform,graphite::reference,graphite,graphite,C,reference,0,0,0.007357750087976456
medium,same_formula,diamond::origin_shifted,diamond,diamond,C,origin_shifted,equivalent_transform,diamond::reference,diamond,diamond,C,reference,1,1,0.003909999970346689
medium,same_formula,diamond::origin_shifted,diamond,diamond,C,origin_shifted,equivalent_transform,graphite::reference,graphite,graphite,C,reference,0,0,0.004177041933871806
medium,same_formula,diamond::permuted_sites,diamond,diamond,C,permuted_sites,equivalent_transform,diamond::reference,diamond,diamond,C,reference,1,1,0.00423883309122175
medium,same_formula,diamond::permuted_sites,diamond,diamond,C,permuted_sites,equivalent_transform,graphite::reference,graphite,graphite,C,reference,0,0,0.004070750088430941
medium,same_formula,diamond::supercell_2x1x1,diamond,diamond,C,supercell_2x1x1,equivalent_transform,diamond::reference,diamond,diamond,C,reference,1,1,0.003926582983694971
medium,same_formula,diamond::supercell_2x1x1,diamond,diamond,C,supercell_2x1x1,equivalent_transform,graphite::reference,graphite,graphite,C,reference,0,0,0.005874875001609325
medium,same_formula,diamond::coord_noise_0.020A,diamond,diamond,C,coord_noise_0.020A,coordinate_perturbation,diamond::reference,diamond,diamond,C,reference,1,1,0.0047510829754173756
medium,same_formula,diamond::coord_noise_0.020A,diamond,diamond,C,coord_noise_0.020A,coordinate_perturbation,graphite::reference,graphite,graphite,C,reference,0,0,0.003305374993942678
medium,same_formula,diamond::coord_noise_0.050A,diamond,diamond,C,coord_noise_0.050A,coordinate_perturbation,diamond::reference,diamond,diamond,C,reference,1,1,0.007395916967652738
medium,same_formula,diamond::coord_noise_0.050A,diamond,diamond,C,coord_noise_0.050A,coordinate_perturbation,graphite::reference,graphite,graphite,C,reference,0,0,0.007911666994914412
medium,same_formula,diamond::coord_noise_0.100A,diamond,diamond,C,coord_noise_0.100A,coordinate_perturbation,diamond::reference,diamond,diamond,C,reference,1,1,0.0045510000782087445
medium,same_formula,diamond::coord_noise_0.100A,diamond,diamond,C,coord_noise_0.100A,coordinate_perturbation,graphite::reference,graphite,graphite,C,reference,0,0,0.004891249933280051
medium,same_formula,diamond::lattice_noise_0.010,diamond,diamond,C,lattice_noise_0.010,lattice_perturbation,diamond::reference,diamond,diamond,C,reference,1,1,0.005862749996595085
medium,same_formula,diamond::lattice_noise_0.010,diamond,diamond,C,lattice_noise_0.010,lattice_perturbation,graphite::reference,graphite,graphite,C,reference,0,0,0.0033186660148203373
medium,same_formula,diamond::lattice_noise_0.020,diamond,diamond,C,lattice_noise_0.020,lattice_perturbation,diamond::reference,diamond,diamond,C,reference,1,1,0.004968833993189037
medium,same_formula,diamond::lattice_noise_0.020,diamond,diamond,C,lattice_noise_0.020,lattice_perturbation,graphite::reference,graphite,graphite,C,reference,0,0,0.004246874945238233
medium,same_formula,diamond::lattice_noise_0.050,diamond,diamond,C,lattice_noise_0.050,lattice_perturbation,diamond::reference,diamond,diamond,C,reference,1,1,0.005510791903361678
medium,same_formula,diamond::lattice_noise_0.050,diamond,diamond,C,lattice_noise_0.050,lattice_perturbation,graphite::reference,graphite,graphite,C,reference,0,0,0.003187625086866319
medium,same_formula,diamond::combined_noise_0.020A_0.010,diamond,diamond,C,combined_noise_0.020A_0.010,combined_perturbation,diamond::reference,diamond,diamond,C,reference,1,1,0.004599375068210065
medium,same_formula,diamond::combined_noise_0.020A_0.010,diamond,diamond,C,combined_noise_0.020A_0.010,combined_perturbation,graphite::reference,graphite,graphite,C,reference,0,0,0.0034613750176504254
medium,same_formula,diamond::combined_noise_0.050A_0.020,diamond,diamond,C,combined_noise_0.050A_0.020,combined_perturbation,diamond::reference,diamond,diamond,C,reference,1,1,0.004931791918352246
medium,same_formula,diamond::combined_noise_0.050A_0.020,diamond,diamond,C,combined_noise_0.050A_0.020,combined_perturbation,graphite::reference,graphite,graphite,C,reference,0,0,0.002623916952870786
medium,same_formula,diamond::combined_noise_0.100A_0.050,diamond,diamond,C,combined_noise_0.100A_0.050,combined_perturbation,diamond::reference,diamond,diamond,C,reference,1,1,0.00577250006608665
medium,same_formula,diamond::combined_noise_0.100A_0.050,diamond,diamond,C,combined_noise_0.100A_0.050,combined_perturbation,graphite::reference,graphite,graphite,C,reference,0,0,0.002817208063788712
medium,same_formula,graphite::conventional_standard,graphite,graphite,C,conventional_standard,equivalent_transform,diamond::reference,diamond,diamond,C,reference,0,0,0.004922166932374239
medium,same_formula,graphite::conventional_standard,graphite,graphite,C,conventional_standard,equivalent_transform,graphite::reference,graphite,graphite,C,reference,1,1,0.006165417027659714
medium,same_formula,graphite::niggli_reduced,graphite,graphite,C,niggli_reduced,equivalent_transform,diamond::reference,diamond,diamond,C,reference,0,0,0.0033005420118570328
medium,same_formula,graphite::niggli_reduced,graphite,graphite,C,niggli_reduced,equivalent_transform,graphite::reference,graphite,graphite,C,reference,1,1,0.006313250050880015
medium,same_formula,graphite::origin_shifted,graphite,graphite,C,origin_shifted,equivalent_transform,diamond::reference,diamond,diamond,C,reference,0,0,0.003128417069092393
medium,same_formula,graphite::origin_shifted,graphite,graphite,C,origin_shifted,equivalent_transform,graphite::reference,graphite,graphite,C,reference,1,1,0.005982583039440215
medium,same_formula,graphite::permuted_sites,graphite,graphite,C,permuted_sites,equivalent_transform,diamond::reference,diamond,diamond,C,reference,0,0,0.005341958021745086
medium,same_formula,graphite::permuted_sites,graphite,graphite,C,permuted_sites,equivalent_transform,graphite::reference,graphite,graphite,C,reference,1,1,0.007232500007376075
medium,same_formula,graphite::supercell_2x1x1,graphite,graphite,C,supercell_2x1x1,equivalent_transform,diamond::reference,diamond,diamond,C,reference,0,0,0.005411208025179803
medium,same_formula,graphite::supercell_2x1x1,graphite,graphite,C,supercell_2x1x1,equivalent_transform,graphite::reference,graphite,graphite,C,reference,1,1,0.00735224992968142
medium,same_formula,graphite::coord_noise_0.020A,graphite,graphite,C,coord_noise_0.020A,coordinate_perturbation,diamond::reference,diamond,diamond,C,reference,0,0,0.0042736249743029475
medium,same_formula,graphite::coord_noise_0.020A,graphite,graphite,C,coord_noise_0.020A,coordinate_perturbation,graphite::reference,graphite,graphite,C,reference,1,1,0.006600750028155744
medium,same_formula,graphite::coord_noise_0.050A,graphite,graphite,C,coord_noise_0.050A,coordinate_perturbation,diamond::reference,diamond,diamond,C,reference,0,0,0.005449207965284586
medium,same_formula,graphite::coord_noise_0.050A,graphite,graphite,C,coord_noise_0.050A,coordinate_perturbation,graphite::reference,graphite,graphite,C,reference,1,1,0.005374416010454297
medium,same_formula,graphite::coord_noise_0.100A,graphite,graphite,C,coord_noise_0.100A,coordinate_perturbation,diamond::reference,diamond,diamond,C,reference,0,0,0.005285499966703355
medium,same_formula,graphite::coord_noise_0.100A,graphite,graphite,C,coord_noise_0.100A,coordinate_perturbation,graphite::reference,graphite,graphite,C,reference,1,1,0.007717499975115061
medium,same_formula,graphite::lattice_noise_0.010,graphite,graphite,C,lattice_noise_0.010,lattice_perturbation,diamond::reference,diamond,diamond,C,reference,0,0,0.003279999946244061
medium,same_formula,graphite::lattice_noise_0.010,graphite,graphite,C,lattice_noise_0.010,lattice_perturbation,graphite::reference,graphite,graphite,C,reference,1,1,0.005923124961555004
medium,same_formula,graphite::lattice_noise_0.020,graphite,graphite,C,lattice_noise_0.020,lattice_perturbation,diamond::reference,diamond,diamond,C,reference,0,0,0.0028183331014588475
medium,same_formula,graphite::lattice_noise_0.020,graphite,graphite,C,lattice_noise_0.020,lattice_perturbation,graphite::reference,graphite,graphite,C,reference,1,1,0.004648083006031811
medium,same_formula,graphite::lattice_noise_0.050,graphite,graphite,C,lattice_noise_0.050,lattice_perturbation,diamond::reference,diamond,diamond,C,reference,0,0,0.00311016698833555
medium,same_formula,graphite::lattice_noise_0.050,graphite,graphite,C,lattice_noise_0.050,lattice_perturbation,graphite::reference,graphite,graphite,C,reference,1,1,0.005354417022317648
medium,same_formula,graphite::combined_noise_0.020A_0.010,graphite,graphite,C,combined_noise_0.020A_0.010,combined_perturbation,diamond::reference,diamond,diamond,C,reference,0,0,0.0028029580134898424
medium,same_formula,graphite::combined_noise_0.020A_0.010,graphite,graphite,C,combined_noise_0.020A_0.010,combined_perturbation,graphite::reference,graphite,graphite,C,reference,1,1,0.005049542058259249
medium,same_formula,graphite::combined_noise_0.050A_0.020,graphite,graphite,C,combined_noise_0.050A_0.020,combined_perturbation,diamond::reference,diamond,diamond,C,reference,0,0,0.0029438750352710485
medium,same_formula,graphite::combined_noise_0.050A_0.020,graphite,graphite,C,combined_noise_0.050A_0.020,combined_perturbation,graphite::reference,graphite,graphite,C,reference,1,1,0.005766208982095122
medium,same_formula,graphite::combined_noise_0.100A_0.050,graphite,graphite,C,combined_noise_0.100A_0.050,combined_perturbation,diamond::reference,diamond,diamond,C,reference,0,0,0.002993999980390072
medium,same_formula,graphite::combined_noise_0.100A_0.050,graphite,graphite,C,combined_noise_0.100A_0.050,combined_perturbation,graphite::reference,graphite,graphite,C,reference,1,1,0.004910957999527454
medium,same_formula,alpha_quartz::conventional_standard,alpha_quartz,alpha_quartz,SiO2,conventional_standard,equivalent_transform,alpha_quartz::reference,alpha_quartz,alpha_quartz,SiO2,reference,1,1,0.00976879196241498
medium,same_formula,alpha_quartz::conventional_standard,alpha_quartz,alpha_quartz,SiO2,conventional_standard,equivalent_transform,alpha_cristobalite::reference,alpha_cristobalite,alpha_cristobalite,SiO2,reference,0,0,0.006864374969154596
medium,same_formula,alpha_quartz::conventional_standard,alpha_quartz,alpha_quartz,SiO2,conventional_standard,equivalent_transform,coesite::reference,coesite,coesite,SiO2,reference,0,0,0.028050417080521584
medium,same_formula,alpha_quartz::niggli_reduced,alpha_quartz,alpha_quartz,SiO2,niggli_reduced,equivalent_transform,alpha_quartz::reference,alpha_quartz,alpha_quartz,SiO2,reference,1,1,0.009794333018362522
medium,same_formula,alpha_quartz::niggli_reduced,alpha_quartz,alpha_quartz,SiO2,niggli_reduced,equivalent_transform,alpha_cristobalite::reference,alpha_cristobalite,alpha_cristobalite,SiO2,reference,0,0,0.007479750085622072
medium,same_formula,alpha_quartz::niggli_reduced,alpha_quartz,alpha_quartz,SiO2,niggli_reduced,equivalent_transform,coesite::reference,coesite,coesite,SiO2,reference,0,0,0.02813174994662404
medium,same_formula,alpha_quartz::origin_shifted,alpha_quartz,alpha_quartz,SiO2,origin_shifted,equivalent_transform,alpha_quartz::reference,alpha_quartz,alpha_quartz,SiO2,reference,1,1,0.01031879207585007
medium,same_formula,alpha_quartz::origin_shifted,alpha_quartz,alpha_quartz,SiO2,origin_shifted,equivalent_transform,alpha_cristobalite::reference,alpha_cristobalite,alpha_cristobalite,SiO2,reference,0,0,0.00807079195510596
medium,same_formula,alpha_quartz::origin_shifted,alpha_quartz,alpha_quartz,SiO2,origin_shifted,equivalent_transform,coesite::reference,coesite,coesite,SiO2,reference,0,0,0.028101874981075525
medium,same_formula,alpha_quartz::permuted_sites,alpha_quartz,alpha_quartz,SiO2,permuted_sites,equivalent_transform,alpha_quartz::reference,alpha_quartz,alpha_quartz,SiO2,reference,1,1,0.010522291995584965
medium,same_formula,alpha_quartz::permuted_sites,alpha_quartz,alpha_quartz,SiO2,permuted_sites,equivalent_transform,alpha_cristobalite::reference,alpha_cristobalite,alpha_cristobalite,SiO2,reference,0,0,0.007890874985605478
medium,same_formula,alpha_quartz::permuted_sites,alpha_quartz,alpha_quartz,SiO2,permuted_sites,equivalent_transform,coesite::reference,coesite,coesite,SiO2,reference,0,0,0.024408709025010467
medium,same_formula,alpha_quartz::supercell_2x1x1,alpha_quartz,alpha_quartz,SiO2,supercell_2x1x1,equivalent_transform,alpha_quartz::reference,alpha_quartz,alpha_quartz,SiO2,reference,1,1,0.011581791914068162
medium,same_formula,alpha_quartz::supercell_2x1x1,alpha_quartz,alpha_quartz,SiO2,supercell_2x1x1,equivalent_transform,alpha_cristobalite::reference,alpha_cristobalite,alpha_cristobalite,SiO2,reference,0,0,0.008794415974989533
medium,same_formula,alpha_quartz::supercell_2x1x1,alpha_quartz,alpha_quartz,SiO2,supercell_2x1x1,equivalent_transform,coesite::reference,coesite,coesite,SiO2,reference,0,0,0.08021745807491243
medium,same_formula,alpha_quartz::coord_noise_0.020A,alpha_quartz,alpha_quartz,SiO2,coord_noise_0.020A,coordinate_perturbation,alpha_quartz::reference,alpha_quartz,alpha_quartz,SiO2,reference,1,1,0.009219833998940885
medium,same_formula,alpha_quartz::coord_noise_0.020A,alpha_quartz,alpha_quartz,SiO2,coord_noise_0.020A,coordinate_perturbation,alpha_cristobalite::reference,alpha_cristobalite,alpha_cristobalite,SiO2,reference,0,0,0.007717458065599203
medium,same_formula,alpha_quartz::coord_noise_0.020A,alpha_quartz,alpha_quartz,SiO2,coord_noise_0.020A,coordinate_perturbation,coesite::reference,coesite,coesite,SiO2,reference,0,0,0.07148799998685718
medium,same_formula,alpha_quartz::coord_noise_0.050A,alpha_quartz,alpha_quartz,SiO2,coord_noise_0.050A,coordinate_perturbation,alpha_quartz::reference,alpha_quartz,alpha_quartz,SiO2,reference,1,1,0.06233987503219396
medium,same_formula,alpha_quartz::coord_noise_0.050A,alpha_quartz,alpha_quartz,SiO2,coord_noise_0.050A,coordinate_perturbation,alpha_cristobalite::reference,alpha_cristobalite,alpha_cristobalite,SiO2,reference,0,0,0.0188264170428738
medium,same_formula,alpha_quartz::coord_noise_0.050A,alpha_quartz,alpha_quartz,SiO2,coord_noise_0.050A,coordinate_perturbation,coesite::reference,coesite,coesite,SiO2,reference,0,0,0.034548375057056546
medium,same_formula,alpha_quartz::coord_noise_0.100A,alpha_quartz,alpha_quartz,SiO2,coord_noise_0.100A,coordinate_perturbation,alpha_quartz::reference,alpha_quartz,alpha_quartz,SiO2,reference,1,1,0.012507874984294176
medium,same_formula,alpha_quartz::coord_noise_0.100A,alpha_quartz,alpha_quartz,SiO2,coord_noise_0.100A,coordinate_perturbation,alpha_cristobalite::reference,alpha_cristobalite,alpha_cristobalite,SiO2,reference,0,0,0.008229792001657188
medium,same_formula,alpha_quartz::coord_noise_0.100A,alpha_quartz,alpha_quartz,SiO2,coord_noise_0.100A,coordinate_perturbation,coesite::reference,coesite,coesite,SiO2,reference,0,0,0.06058495806064457
medium,same_formula,alpha_quartz::lattice_noise_0.010,alpha_quartz,alpha_quartz,SiO2,lattice_noise_0.010,lattice_perturbation,alpha_quartz::reference,alpha_quartz,alpha_quartz,SiO2,reference,1,1,0.013729416998103261
medium,same_formula,alpha_quartz::lattice_noise_0.010,alpha_quartz,alpha_quartz,SiO2,lattice_noise_0.010,lattice_perturbation,alpha_cristobalite::reference,alpha_cristobalite,alpha_cristobalite,SiO2,reference,0,0,0.013422625022940338
medium,same_formula,alpha_quartz::lattice_noise_0.010,alpha_quartz,alpha_quartz,SiO2,lattice_noise_0.010,lattice_perturbation,coesite::reference,coesite,coesite,SiO2,reference,0,0,0.03338666702620685
medium,same_formula,alpha_quartz::lattice_noise_0.020,alpha_quartz,alpha_quartz,SiO2,lattice_noise_0.020,lattice_perturbation,alpha_quartz::reference,alpha_quartz,alpha_quartz,SiO2,reference,1,1,0.019688916974700987
medium,same_formula,alpha_quartz::lattice_noise_0.020,alpha_quartz,alpha_quartz,SiO2,lattice_noise_0.020,lattice_perturbation,alpha_cristobalite::reference,alpha_cristobalite,alpha_cristobalite,SiO2,reference,0,0,0.01261033397167921
medium,same_formula,alpha_quartz::lattice_noise_0.020,alpha_quartz,alpha_quartz,SiO2,lattice_noise_0.020,lattice_perturbation,coesite::reference,coesite,coesite,SiO2,reference,0,0,0.053709707921370864
medium,same_formula,alpha_quartz::lattice_noise_0.050,alpha_quartz,alpha_quartz,SiO2,lattice_noise_0.050,lattice_perturbation,alpha_quartz::reference,alpha_quartz,alpha_quartz,SiO2,reference,1,1,0.012015584041364491
medium,same_formula,alpha_quartz::lattice_noise_0.050,alpha_quartz,alpha_quartz,SiO2,lattice_noise_0.050,lattice_perturbation,alpha_cristobalite::reference,alpha_cristobalite,alpha_cristobalite,SiO2,reference,0,0,0.00856487499549985
medium,same_formula,alpha_quartz::lattice_noise_0.050,alpha_quartz,alpha_quartz,SiO2,lattice_noise_0.050,lattice_perturbation,coesite::reference,coesite,coesite,SiO2,reference,0,0,0.0326008329866454
medium,same_formula,alpha_quartz::combined_noise_0.020A_0.010,alpha_quartz,alpha_quartz,SiO2,combined_noise_0.020A_0.010,combined_perturbation,alpha_quartz::reference,alpha_quartz,alpha_quartz,SiO2,reference,1,1,0.012575792032293975
medium,same_formula,alpha_quartz::combined_noise_0.020A_0.010,alpha_quartz,alpha_quartz,SiO2,combined_noise_0.020A_0.010,combined_perturbation,alpha_cristobalite::reference,alpha_cristobalite,alpha_cristobalite,SiO2,reference,0,0,0.008342084009200335
medium,same_formula,alpha_quartz::combined_noise_0.020A_0.010,alpha_quartz,alpha_quartz,SiO2,combined_noise_0.020A_0.010,combined_perturbation,coesite::reference,coesite,coesite,SiO2,reference,0,0,0.041446999995969236
medium,same_formula,alpha_quartz::combined_noise_0.050A_0.020,alpha_quartz,alpha_quartz,SiO2,combined_noise_0.050A_0.020,combined_perturbation,alpha_quartz::reference,alpha_quartz,alpha_quartz,SiO2,reference,1,1,0.011597333010286093
medium,same_formula,alpha_quartz::combined_noise_0.050A_0.020,alpha_quartz,alpha_quartz,SiO2,combined_noise_0.050A_0.020,combined_perturbation,alpha_cristobalite::reference,alpha_cristobalite,alpha_cristobalite,SiO2,reference,0,0,0.009936459013260901
medium,same_formula,alpha_quartz::combined_noise_0.050A_0.020,alpha_quartz,alpha_quartz,SiO2,combined_noise_0.050A_0.020,combined_perturbation,coesite::reference,coesite,coesite,SiO2,reference,0,0,0.04947850003372878
medium,same_formula,alpha_quartz::combined_noise_0.100A_0.050,alpha_quartz,alpha_quartz,SiO2,combined_noise_0.100A_0.050,combined_perturbation,alpha_quartz::reference,alpha_quartz,alpha_quartz,SiO2,reference,1,1,0.012203790945932269
medium,same_formula,alpha_quartz::combined_noise_0.100A_0.050,alpha_quartz,alpha_quartz,SiO2,combined_noise_0.100A_0.050,combined_perturbation,alpha_cristobalite::reference,alpha_cristobalite,alpha_cristobalite,SiO2,reference,0,0,0.09234745800495148
medium,same_formula,alpha_quartz::combined_noise_0.100A_0.050,alpha_quartz,alpha_quartz,SiO2,combined_noise_0.100A_0.050,combined_perturbation,coesite::reference,coesite,coesite,SiO2,reference,0,0,0.08947458304464817
medium,same_formula,alpha_cristobalite::conventional_standard,alpha_cristobalite,alpha_cristobalite,SiO2,conventional_standard,equivalent_transform,alpha_quartz::reference,alpha_quartz,alpha_quartz,SiO2,reference,0,0,0.025257625035010278
medium,same_formula,alpha_cristobalite::conventional_standard,alpha_cristobalite,alpha_cristobalite,SiO2,conventional_standard,equivalent_transform,alpha_cristobalite::reference,alpha_cristobalite,alpha_cristobalite,SiO2,reference,1,1,0.03355083300266415
medium,same_formula,alpha_cristobalite::conventional_standard,alpha_cristobalite,alpha_cristobalite,SiO2,conventional_standard,equivalent_transform,coesite::reference,coesite,coesite,SiO2,reference,0,0,0.15252320806030184
medium,same_formula,alpha_cristobalite::niggli_reduced,alpha_cristobalite,alpha_cristobalite,SiO2,niggli_reduced,equivalent_transform,alpha_quartz::reference,alpha_quartz,alpha_quartz,SiO2,reference,0,0,0.016623667092062533
medium,same_formula,alpha_cristobalite::niggli_reduced,alpha_cristobalite,alpha_cristobalite,SiO2,niggli_reduced,equivalent_transform,alpha_cristobalite::reference,alpha_cristobalite,alpha_cristobalite,SiO2,reference,1,1,0.026870207977481186
medium,same_formula,alpha_cristobalite::niggli_reduced,alpha_cristobalite,alpha_cristobalite,SiO2,niggli_reduced,equivalent_transform,coesite::reference,coesite,coesite,SiO2,reference,0,0,0.01911387499421835
medium,same_formula,alpha_cristobalite::origin_shifted,alpha_cristobalite,alpha_cristobalite,SiO2,origin_shifted,equivalent_transform,alpha_quartz::reference,alpha_quartz,alpha_quartz,SiO2,reference,0,0,0.015223040943965316
medium,same_formula,alpha_cristobalite::origin_shifted,alpha_cristobalite,alpha_cristobalite,SiO2,origin_shifted,equivalent_transform,alpha_cristobalite::reference,alpha_cristobalite,alpha_cristobalite,SiO2,reference,1,1,0.02094245795160532
medium,same_formula,alpha_cristobalite::origin_shifted,alpha_cristobalite,alpha_cristobalite,SiO2,origin_shifted,equivalent_transform,coesite::reference,coesite,coesite,SiO2,reference,0,0,0.02011879102792591
medium,same_formula,alpha_cristobalite::permuted_sites,alpha_cristobalite,alpha_cristobalite,SiO2,permuted_sites,equivalent_transform,alpha_quartz::reference,alpha_quartz,alpha_quartz,SiO2,reference,0,0,0.031762042082846165
medium,same_formula,alpha_cristobalite::permuted_sites,alpha_cristobalite,alpha_cristobalite,SiO2,permuted_sites,equivalent_transform,alpha_cristobalite::reference,alpha_cristobalite,alpha_cristobalite,SiO2,reference,1,1,0.03101554198656231
medium,same_formula,alpha_cristobalite::permuted_sites,alpha_cristobalite,alpha_cristobalite,SiO2,permuted_sites,equivalent_transform,coesite::reference,coesite,coesite,SiO2,reference,0,0,0.027647207956761122
medium,same_formula,alpha_cristobalite::supercell_2x1x1,alpha_cristobalite,alpha_cristobalite,SiO2,supercell_2x1x1,equivalent_transform,alpha_quartz::reference,alpha_quartz,alpha_quartz,SiO2,reference,0,0,0.03043100005015731
medium,same_formula,alpha_cristobalite::supercell_2x1x1,alpha_cristobalite,alpha_cristobalite,SiO2,supercell_2x1x1,equivalent_transform,alpha_cristobalite::reference,alpha_cristobalite,alpha_cristobalite,SiO2,reference,1,1,0.02945170900784433
medium,same_formula,alpha_cristobalite::supercell_2x1x1,alpha_cristobalite,alpha_cristobalite,SiO2,supercell_2x1x1,equivalent_transform,coesite::reference,coesite,coesite,SiO2,reference,0,0,0.03224116703495383
medium,same_formula,alpha_cristobalite::coord_noise_0.020A,alpha_cristobalite,alpha_cristobalite,SiO2,coord_noise_0.020A,coordinate_perturbation,alpha_quartz::reference,alpha_quartz,alpha_quartz,SiO2,reference,0,0,0.019293332938104868
medium,same_formula,alpha_cristobalite::coord_noise_0.020A,alpha_cristobalite,alpha_cristobalite,SiO2,coord_noise_0.020A,coordinate_perturbation,alpha_cristobalite::reference,alpha_cristobalite,alpha_cristobalite,SiO2,reference,1,1,0.022540666977874935
medium,same_formula,alpha_cristobalite::coord_noise_0.020A,alpha_cristobalite,alpha_cristobalite,SiO2,coord_noise_0.020A,coordinate_perturbation,coesite::reference,coesite,coesite,SiO2,reference,0,0,0.028629333013668656
medium,same_formula,alpha_cristobalite::coord_noise_0.050A,alpha_cristobalite,alpha_cristobalite,SiO2,coord_noise_0.050A,coordinate_perturbation,alpha_quartz::reference,alpha_quartz,alpha_quartz,SiO2,reference,0,0,0.01583920803386718
medium,same_formula,alpha_cristobalite::coord_noise_0.050A,alpha_cristobalite,alpha_cristobalite,SiO2,coord_noise_0.050A,coordinate_perturbation,alpha_cristobalite::reference,alpha_cristobalite,alpha_cristobalite,SiO2,reference,1,1,0.026179874897934496
medium,same_formula,alpha_cristobalite::coord_noise_0.050A,alpha_cristobalite,alpha_cristobalite,SiO2,coord_noise_0.050A,coordinate_perturbation,coesite::reference,coesite,coesite,SiO2,reference,0,0,0.03042633307632059
medium,same_formula,alpha_cristobalite::coord_noise_0.100A,alpha_cristobalite,alpha_cristobalite,SiO2,coord_noise_0.100A,coordinate_perturbation,alpha_quartz::reference,alpha_quartz,alpha_quartz,SiO2,reference,0,0,0.025297375046648085
medium,same_formula,alpha_cristobalite::coord_noise_0.100A,alpha_cristobalite,alpha_cristobalite,SiO2,coord_noise_0.100A,coordinate_perturbation,alpha_cristobalite::reference,alpha_cristobalite,alpha_cristobalite,SiO2,reference,1,1,0.025781292002648115
medium,same_formula,alpha_cristobalite::coord_noise_0.100A,alpha_cristobalite,alpha_cristobalite,SiO2,coord_noise_0.100A,coordinate_perturbation,coesite::reference,coesite,coesite,SiO2,reference,0,0,0.0183402500115335
medium,same_formula,alpha_cristobalite::lattice_noise_0.010,alpha_cristobalite,alpha_cristobalite,SiO2,lattice_noise_0.010,lattice_perturbation,alpha_quartz::reference,alpha_quartz,alpha_quartz,SiO2,reference,0,0,0.013014917029067874
medium,same_formula,alpha_cristobalite::lattice_noise_0.010,alpha_cristobalite,alpha_cristobalite,SiO2,lattice_noise_0.010,lattice_perturbation,alpha_cristobalite::reference,alpha_cristobalite,alpha_cristobalite,SiO2,reference,1,1,0.06273529201280326
medium,same_formula,alpha_cristobalite::lattice_noise_0.010,alpha_cristobalite,alpha_cristobalite,SiO2,lattice_noise_0.010,lattice_perturbation,coesite::reference,coesite,coesite,SiO2,reference,0,0,0.021732124965637922
medium,same_formula,alpha_cristobalite::lattice_noise_0.020,alpha_cristobalite,alpha_cristobalite,SiO2,lattice_noise_0.020,lattice_perturbation,alpha_quartz::reference,alpha_quartz,alpha_quartz,SiO2,reference,0,0,0.01149295805953443
medium,same_formula,alpha_cristobalite::lattice_noise_0.020,alpha_cristobalite,alpha_cristobalite,SiO2,lattice_noise_0.020,lattice_perturbation,alpha_cristobalite::reference,alpha_cristobalite,alpha_cristobalite,SiO2,reference,1,1,0.019986000028438866
medium,same_formula,alpha_cristobalite::lattice_noise_0.020,alpha_cristobalite,alpha_cristobalite,SiO2,lattice_noise_0.020,lattice_perturbation,coesite::reference,coesite,coesite,SiO2,reference,0,0,0.02148541691713035
medium,same_formula,alpha_cristobalite::lattice_noise_0.050,alpha_cristobalite,alpha_cristobalite,SiO2,lattice_noise_0.050,lattice_perturbation,alpha_quartz::reference,alpha_quartz,alpha_quartz,SiO2,reference,0,0,0.032608125009573996
medium,same_formula,alpha_cristobalite::lattice_noise_0.050,alpha_cristobalite,alpha_cristobalite,SiO2,lattice_noise_0.050,lattice_perturbation,alpha_cristobalite::reference,alpha_cristobalite,alpha_cristobalite,SiO2,reference,1,1,0.026384124998003244
medium,same_formula,alpha_cristobalite::lattice_noise_0.050,alpha_cristobalite,alpha_cristobalite,SiO2,lattice_noise_0.050,lattice_perturbation,coesite::reference,coesite,coesite,SiO2,reference,0,0,0.028541583102196455
medium,same_formula,alpha_cristobalite::combined_noise_0.020A_0.010,alpha_cristobalite,alpha_cristobalite,SiO2,combined_noise_0.020A_0.010,combined_perturbation,alpha_quartz::reference,alpha_quartz,alpha_quartz,SiO2,reference,0,0,0.013056624913588166
medium,same_formula,alpha_cristobalite::combined_noise_0.020A_0.010,alpha_cristobalite,alpha_cristobalite,SiO2,combined_noise_0.020A_0.010,combined_perturbation,alpha_cristobalite::reference,alpha_cristobalite,alpha_cristobalite,SiO2,reference,1,1,0.021335957921110094
medium,same_formula,alpha_cristobalite::combined_noise_0.020A_0.010,alpha_cristobalite,alpha_cristobalite,SiO2,combined_noise_0.020A_0.010,combined_perturbation,coesite::reference,coesite,coesite,SiO2,reference,0,0,0.021952833980321884
medium,same_formula,alpha_cristobalite::combined_noise_0.050A_0.020,alpha_cristobalite,alpha_cristobalite,SiO2,combined_noise_0.050A_0.020,combined_perturbation,alpha_quartz::reference,alpha_quartz,alpha_quartz,SiO2,reference,0,0,0.014124208013527095
medium,same_formula,alpha_cristobalite::combined_noise_0.050A_0.020,alpha_cristobalite,alpha_cristobalite,SiO2,combined_noise_0.050A_0.020,combined_perturbation,alpha_cristobalite::reference,alpha_cristobalite,alpha_cristobalite,SiO2,reference,1,1,0.017323249951004982
medium,same_formula,alpha_cristobalite::combined_noise_0.050A_0.020,alpha_cristobalite,alpha_cristobalite,SiO2,combined_noise_0.050A_0.020,combined_perturbation,coesite::reference,coesite,coesite,SiO2,reference,0,0,0.017834250000305474
medium,same_formula,alpha_cristobalite::combined_noise_0.100A_0.050,alpha_cristobalite,alpha_cristobalite,SiO2,combined_noise_0.100A_0.050,combined_perturbation,alpha_quartz::reference,alpha_quartz,alpha_quartz,SiO2,reference,0,0,0.014173500007018447
medium,same_formula,alpha_cristobalite::combined_noise_0.100A_0.050,alpha_cristobalite,alpha_cristobalite,SiO2,combined_noise_0.100A_0.050,combined_perturbation,alpha_cristobalite::reference,alpha_cristobalite,alpha_cristobalite,SiO2,reference,1,1,0.020658458000980318
medium,same_formula,alpha_cristobalite::combined_noise_0.100A_0.050,alpha_cristobalite,alpha_cristobalite,SiO2,combined_noise_0.100A_0.050,combined_perturbation,coesite::reference,coesite,coesite,SiO2,reference,0,0,0.01903891598340124
medium,same_formula,coesite::conventional_standard,coesite,coesite,SiO2,conventional_standard,equivalent_transform,alpha_quartz::reference,alpha_quartz,alpha_quartz,SiO2,reference,0,0,0.08641433308366686
medium,same_formula,coesite::conventional_standard,coesite,coesite,SiO2,conventional_standard,equivalent_transform,alpha_cristobalite::reference,alpha_cristobalite,alpha_cristobalite,SiO2,reference,0,0,0.14298445906024426
medium,same_formula,coesite::conventional_standard,coesite,coesite,SiO2,conventional_standard,equivalent_transform,coesite::reference,coesite,coesite,SiO2,reference,1,1,0.045142500079236925
medium,same_formula,coesite::niggli_reduced,coesite,coesite,SiO2,niggli_reduced,equivalent_transform,alpha_quartz::reference,alpha_quartz,alpha_quartz,SiO2,reference,0,0,0.038703916943632066
medium,same_formula,coesite::niggli_reduced,coesite,coesite,SiO2,niggli_reduced,equivalent_transform,alpha_cristobalite::reference,alpha_cristobalite,alpha_cristobalite,SiO2,reference,0,0,0.015002790954895318
medium,same_formula,coesite::niggli_reduced,coesite,coesite,SiO2,niggli_reduced,equivalent_transform,coesite::reference,coesite,coesite,SiO2,reference,1,1,0.018776999902911484
medium,same_formula,coesite::origin_shifted,coesite,coesite,SiO2,origin_shifted,equivalent_transform,alpha_quartz::reference,alpha_quartz,alpha_quartz,SiO2,reference,0,0,0.09549641597550362
medium,same_formula,coesite::origin_shifted,coesite,coesite,SiO2,origin_shifted,equivalent_transform,alpha_cristobalite::reference,alpha_cristobalite,alpha_cristobalite,SiO2,reference,0,0,0.012637792038731277
medium,same_formula,coesite::origin_shifted,coesite,coesite,SiO2,origin_shifted,equivalent_transform,coesite::reference,coesite,coesite,SiO2,reference,1,1,0.01970995799638331
medium,same_formula,coesite::permuted_sites,coesite,coesite,SiO2,permuted_sites,equivalent_transform,alpha_quartz::reference,alpha_quartz,alpha_quartz,SiO2,reference,0,0,0.042731915949843824
medium,same_formula,coesite::permuted_sites,coesite,coesite,SiO2,permuted_sites,equivalent_transform,alpha_cristobalite::reference,alpha_cristobalite,alpha_cristobalite,SiO2,reference,0,0,0.024486458976753056
medium,same_formula,coesite::permuted_sites,coesite,coesite,SiO2,permuted_sites,equivalent_transform,coesite::reference,coesite,coesite,SiO2,reference,1,1,0.02730533294379711
medium,same_formula,coesite::supercell_2x1x1,coesite,coesite,SiO2,supercell_2x1x1,equivalent_transform,alpha_quartz::reference,alpha_quartz,alpha_quartz,SiO2,reference,0,0,0.048267707927152514
medium,same_formula,coesite::supercell_2x1x1,coesite,coesite,SiO2,supercell_2x1x1,equivalent_transform,alpha_cristobalite::reference,alpha_cristobalite,alpha_cristobalite,SiO2,reference,0,0,0.02921987499576062
medium,same_formula,coesite::supercell_2x1x1,coesite,coesite,SiO2,supercell_2x1x1,equivalent_transform,coesite::reference,coesite,coesite,SiO2,reference,1,1,0.033750792033970356
medium,same_formula,coesite::coord_noise_0.020A,coesite,coesite,SiO2,coord_noise_0.020A,coordinate_perturbation,alpha_quartz::reference,alpha_quartz,alpha_quartz,SiO2,reference,0,0,0.031530332984402776
medium,same_formula,coesite::coord_noise_0.020A,coesite,coesite,SiO2,coord_noise_0.020A,coordinate_perturbation,alpha_cristobalite::reference,alpha_cristobalite,alpha_cristobalite,SiO2,reference,0,0,0.013422416988760233
medium,same_formula,coesite::coord_noise_0.020A,coesite,coesite,SiO2,coord_noise_0.020A,coordinate_perturbation,coesite::reference,coesite,coesite,SiO2,reference,1,1,0.018299999996088445
medium,same_formula,coesite::coord_noise_0.050A,coesite,coesite,SiO2,coord_noise_0.050A,coordinate_perturbation,alpha_quartz::reference,alpha_quartz,alpha_quartz,SiO2,reference,0,0,0.03141083300579339
medium,same_formula,coesite::coord_noise_0.050A,coesite,coesite,SiO2,coord_noise_0.050A,coordinate_perturbation,alpha_cristobalite::reference,alpha_cristobalite,alpha_cristobalite,SiO2,reference,0,0,0.014675082988105714
medium,same_formula,coesite::coord_noise_0.050A,coesite,coesite,SiO2,coord_noise_0.050A,coordinate_perturbation,coesite::reference,coesite,coesite,SiO2,reference,1,1,0.018351292004808784
medium,same_formula,coesite::coord_noise_0.100A,coesite,coesite,SiO2,coord_noise_0.100A,coordinate_perturbation,alpha_quartz::reference,alpha_quartz,alpha_quartz,SiO2,reference,0,0,0.02823820896446705
medium,same_formula,coesite::coord_noise_0.100A,coesite,coesite,SiO2,coord_noise_0.100A,coordinate_perturbation,alpha_cristobalite::reference,alpha_cristobalite,alpha_cristobalite,SiO2,reference,0,0,0.01345375005621463
medium,same_formula,coesite::coord_noise_0.100A,coesite,coesite,SiO2,coord_noise_0.100A,coordinate_perturbation,coesite::reference,coesite,coesite,SiO2,reference,1,1,0.016011750092729926
medium,same_formula,coesite::lattice_noise_0.010,coesite,coesite,SiO2,lattice_noise_0.010,lattice_perturbation,alpha_quartz::reference,alpha_quartz,alpha_quartz,SiO2,reference,0,0,0.027181750047020614
medium,same_formula,coesite::lattice_noise_0.010,coesite,coesite,SiO2,lattice_noise_0.010,lattice_perturbation,alpha_cristobalite::reference,alpha_cristobalite,alpha_cristobalite,SiO2,reference,0,0,0.06001641694456339
medium,same_formula,coesite::lattice_noise_0.010,coesite,coesite,SiO2,lattice_noise_0.010,lattice_perturbation,coesite::reference,coesite,coesite,SiO2,reference,1,1,0.022073500091210008
medium,same_formula,coesite::lattice_noise_0.020,coesite,coesite,SiO2,lattice_noise_0.020,lattice_perturbation,alpha_quartz::reference,alpha_quartz,alpha_quartz,SiO2,reference,0,0,0.032023083069361746
medium,same_formula,coesite::lattice_noise_0.020,coesite,coesite,SiO2,lattice_noise_0.020,lattice_perturbation,alpha_cristobalite::reference,alpha_cristobalite,alpha_cristobalite,SiO2,reference,0,0,0.011607416905462742
medium,same_formula,coesite::lattice_noise_0.020,coesite,coesite,SiO2,lattice_noise_0.020,lattice_perturbation,coesite::reference,coesite,coesite,SiO2,reference,1,1,0.01741366705391556
medium,same_formula,coesite::lattice_noise_0.050,coesite,coesite,SiO2,lattice_noise_0.050,lattice_perturbation,alpha_quartz::reference,alpha_quartz,alpha_quartz,SiO2,reference,0,0,0.03243441693484783
medium,same_formula,coesite::lattice_noise_0.050,coesite,coesite,SiO2,lattice_noise_0.050,lattice_perturbation,alpha_cristobalite::reference,alpha_cristobalite,alpha_cristobalite,SiO2,reference,0,0,0.014354458078742027
medium,same_formula,coesite::lattice_noise_0.050,coesite,coesite,SiO2,lattice_noise_0.050,lattice_perturbation,coesite::reference,coesite,coesite,SiO2,reference,1,1,0.017643957980908453
medium,same_formula,coesite::combined_noise_0.020A_0.010,coesite,coesite,SiO2,combined_noise_0.020A_0.010,combined_perturbation,alpha_quartz::reference,alpha_quartz,alpha_quartz,SiO2,reference,0,0,0.03156637493520975
medium,same_formula,coesite::combined_noise_0.020A_0.010,coesite,coesite,SiO2,combined_noise_0.020A_0.010,combined_perturbation,alpha_cristobalite::reference,alpha_cristobalite,alpha_cristobalite,SiO2,reference,0,0,0.012820000061765313
medium,same_formula,coesite::combined_noise_0.020A_0.010,coesite,coesite,SiO2,combined_noise_0.020A_0.010,combined_perturbation,coesite::reference,coesite,coesite,SiO2,reference,1,1,0.017429874977096915
medium,same_formula,coesite::combined_noise_0.050A_0.020,coesite,coesite,SiO2,combined_noise_0.050A_0.020,combined_perturbation,alpha_quartz::reference,alpha_quartz,alpha_quartz,SiO2,reference,0,0,0.029790707980282605
medium,same_formula,coesite::combined_noise_0.050A_0.020,coesite,coesite,SiO2,combined_noise_0.050A_0.020,combined_perturbation,alpha_cristobalite::reference,alpha_cristobalite,alpha_cristobalite,SiO2,reference,0,0,0.011688583064824343
medium,same_formula,coesite::combined_noise_0.050A_0.020,coesite,coesite,SiO2,combined_noise_0.050A_0.020,combined_perturbation,coesite::reference,coesite,coesite,SiO2,reference,1,1,0.01741512503940612
medium,same_formula,coesite::combined_noise_0.100A_0.050,coesite,coesite,SiO2,combined_noise_0.100A_0.050,combined_perturbation,alpha_quartz::reference,alpha_quartz,alpha_quartz,SiO2,reference,0,0,0.05054362502414733
medium,same_formula,coesite::combined_noise_0.100A_0.050,coesite,coesite,SiO2,combined_noise_0.100A_0.050,combined_perturbation,alpha_cristobalite::reference,alpha_cristobalite,alpha_cristobalite,SiO2,reference,0,0,0.021282708970829844
medium,same_formula,coesite::combined_noise_0.100A_0.050,coesite,coesite,SiO2,combined_noise_0.100A_0.050,combined_perturbation,coesite::reference,coesite,coesite,SiO2,reference,1,1,0.025859291898086667
medium,same_formula,anatase::conventional_standard,anatase,anatase,TiO2,conventional_standard,equivalent_transform,anatase::reference,anatase,anatase,TiO2,reference,1,1,0.010835374938324094
medium,same_formula,anatase::conventional_standard,anatase,anatase,TiO2,conventional_standard,equivalent_transform,rutile::reference,rutile,rutile,TiO2,reference,0,0,0.011666375095956028
medium,same_formula,anatase::conventional_standard,anatase,anatase,TiO2,conventional_standard,equivalent_transform,brookite::reference,brookite,brookite,TiO2,reference,0,0,0.07580595801118761
medium,same_formula,anatase::niggli_reduced,anatase,anatase,TiO2,niggli_reduced,equivalent_transform,anatase::reference,anatase,anatase,TiO2,reference,1,1,0.006229249993339181
medium,same_formula,anatase::niggli_reduced,anatase,anatase,TiO2,niggli_reduced,equivalent_transform,rutile::reference,rutile,rutile,TiO2,reference,0,0,0.007233832962810993
medium,same_formula,anatase::niggli_reduced,anatase,anatase,TiO2,niggli_reduced,equivalent_transform,brookite::reference,brookite,brookite,TiO2,reference,0,0,0.207767374929972
medium,same_formula,anatase::origin_shifted,anatase,anatase,TiO2,origin_shifted,equivalent_transform,anatase::reference,anatase,anatase,TiO2,reference,1,1,0.006421874975785613
medium,same_formula,anatase::origin_shifted,anatase,anatase,TiO2,origin_shifted,equivalent_transform,rutile::reference,rutile,rutile,TiO2,reference,0,0,0.0046919999876990914
medium,same_formula,anatase::origin_shifted,anatase,anatase,TiO2,origin_shifted,equivalent_transform,brookite::reference,brookite,brookite,TiO2,reference,0,0,0.06976812507491559
medium,same_formula,anatase::permuted_sites,anatase,anatase,TiO2,permuted_sites,equivalent_transform,anatase::reference,anatase,anatase,TiO2,reference,1,1,0.008509084000252187
medium,same_formula,anatase::permuted_sites,anatase,anatase,TiO2,permuted_sites,equivalent_transform,rutile::reference,rutile,rutile,TiO2,reference,0,0,0.005980208981782198
medium,same_formula,anatase::permuted_sites,anatase,anatase,TiO2,permuted_sites,equivalent_transform,brookite::reference,brookite,brookite,TiO2,reference,0,0,0.08120504207909107
medium,same_formula,anatase::supercell_2x1x1,anatase,anatase,TiO2,supercell_2x1x1,equivalent_transform,anatase::reference,anatase,anatase,TiO2,reference,1,1,0.012670250027440488
medium,same_formula,anatase::supercell_2x1x1,anatase,anatase,TiO2,supercell_2x1x1,equivalent_transform,rutile::reference,rutile,rutile,TiO2,reference,0,0,0.009170333039946854
medium,same_formula,anatase::supercell_2x1x1,anatase,anatase,TiO2,supercell_2x1x1,equivalent_transform,brookite::reference,brookite,brookite,TiO2,reference,0,0,0.07770841696765274
medium,same_formula,anatase::coord_noise_0.020A,anatase,anatase,TiO2,coord_noise_0.020A,coordinate_perturbation,anatase::reference,anatase,anatase,TiO2,reference,1,1,0.006606625043787062
medium,same_formula,anatase::coord_noise_0.020A,anatase,anatase,TiO2,coord_noise_0.020A,coordinate_perturbation,rutile::reference,rutile,rutile,TiO2,reference,0,0,0.005793374963104725
medium,same_formula,anatase::coord_noise_0.020A,anatase,anatase,TiO2,coord_noise_0.020A,coordinate_perturbation,brookite::reference,brookite,brookite,TiO2,reference,0,0,0.06920054194051772
medium,same_formula,anatase::coord_noise_0.050A,anatase,anatase,TiO2,coord_noise_0.050A,coordinate_perturbation,anatase::reference,anatase,anatase,TiO2,reference,1,1,0.006457249983213842
medium,same_formula,anatase::coord_noise_0.050A,anatase,anatase,TiO2,coord_noise_0.050A,coordinate_perturbation,rutile::reference,rutile,rutile,TiO2,reference,0,0,0.006616833037696779
medium,same_formula,anatase::coord_noise_0.050A,anatase,anatase,TiO2,coord_noise_0.050A,coordinate_perturbation,brookite::reference,brookite,brookite,TiO2,reference,0,0,0.06901962496340275
medium,same_formula,anatase::coord_noise_0.100A,anatase,anatase,TiO2,coord_noise_0.100A,coordinate_perturbation,anatase::reference,anatase,anatase,TiO2,reference,1,1,0.006726666004396975
medium,same_formula,anatase::coord_noise_0.100A,anatase,anatase,TiO2,coord_noise_0.100A,coordinate_perturbation,rutile::reference,rutile,rutile,TiO2,reference,0,0,0.006636417005211115
medium,same_formula,anatase::coord_noise_0.100A,anatase,anatase,TiO2,coord_noise_0.100A,coordinate_perturbation,brookite::reference,brookite,brookite,TiO2,reference,0,0,0.10945062490645796
medium,same_formula,anatase::lattice_noise_0.010,anatase,anatase,TiO2,lattice_noise_0.010,lattice_perturbation,anatase::reference,anatase,anatase,TiO2,reference,1,1,0.006618999992497265
medium,same_formula,anatase::lattice_noise_0.010,anatase,anatase,TiO2,lattice_noise_0.010,lattice_perturbation,rutile::reference,rutile,rutile,TiO2,reference,0,0,0.005368290934711695
medium,same_formula,anatase::lattice_noise_0.010,anatase,anatase,TiO2,lattice_noise_0.010,lattice_perturbation,brookite::reference,brookite,brookite,TiO2,reference,0,0,0.0688034170307219
medium,same_formula,anatase::lattice_noise_0.020,anatase,anatase,TiO2,lattice_noise_0.020,lattice_perturbation,anatase::reference,anatase,anatase,TiO2,reference,1,1,0.006875541992485523
medium,same_formula,anatase::lattice_noise_0.020,anatase,anatase,TiO2,lattice_noise_0.020,lattice_perturbation,rutile::reference,rutile,rutile,TiO2,reference,0,0,0.005292083020322025
medium,same_formula,anatase::lattice_noise_0.020,anatase,anatase,TiO2,lattice_noise_0.020,lattice_perturbation,brookite::reference,brookite,brookite,TiO2,reference,0,0,0.0688683750340715
medium,same_formula,anatase::lattice_noise_0.050,anatase,anatase,TiO2,lattice_noise_0.050,lattice_perturbation,anatase::reference,anatase,anatase,TiO2,reference,1,1,0.006422167061828077
medium,same_formula,anatase::lattice_noise_0.050,anatase,anatase,TiO2,lattice_noise_0.050,lattice_perturbation,rutile::reference,rutile,rutile,TiO2,reference,0,0,0.006464499980211258
medium,same_formula,anatase::lattice_noise_0.050,anatase,anatase,TiO2,lattice_noise_0.050,lattice_perturbation,brookite::reference,brookite,brookite,TiO2,reference,0,0,0.0677964580245316
medium,same_formula,anatase::combined_noise_0.020A_0.010,anatase,anatase,TiO2,combined_noise_0.020A_0.010,combined_perturbation,anatase::reference,anatase,anatase,TiO2,reference,1,1,0.006208084058016539
medium,same_formula,anatase::combined_noise_0.020A_0.010,anatase,anatase,TiO2,combined_noise_0.020A_0.010,combined_perturbation,rutile::reference,rutile,rutile,TiO2,reference,0,0,0.007386042037978768
medium,same_formula,anatase::combined_noise_0.020A_0.010,anatase,anatase,TiO2,combined_noise_0.020A_0.010,combined_perturbation,brookite::reference,brookite,brookite,TiO2,reference,0,0,0.07560320803895593
medium,same_formula,anatase::combined_noise_0.050A_0.020,anatase,anatase,TiO2,combined_noise_0.050A_0.020,combined_perturbation,anatase::reference,anatase,anatase,TiO2,reference,1,1,0.007507332949899137
medium,same_formula,anatase::combined_noise_0.050A_0.020,anatase,anatase,TiO2,combined_noise_0.050A_0.020,combined_perturbation,rutile::reference,rutile,rutile,TiO2,reference,0,0,0.006840583053417504
medium,same_formula,anatase::combined_noise_0.050A_0.020,anatase,anatase,TiO2,combined_noise_0.050A_0.020,combined_perturbation,brookite::reference,brookite,brookite,TiO2,reference,0,0,0.07974424993153661
medium,same_formula,anatase::combined_noise_0.100A_0.050,anatase,anatase,TiO2,combined_noise_0.100A_0.050,combined_perturbation,anatase::reference,anatase,anatase,TiO2,reference,1,1,0.007596790906973183
medium,same_formula,anatase::combined_noise_0.100A_0.050,anatase,anatase,TiO2,combined_noise_0.100A_0.050,combined_perturbation,rutile::reference,rutile,rutile,TiO2,reference,0,0,0.006346459034830332
medium,same_formula,anatase::combined_noise_0.100A_0.050,anatase,anatase,TiO2,combined_noise_0.100A_0.050,combined_perturbation,brookite::reference,brookite,brookite,TiO2,reference,0,0,0.07891925005242229
medium,same_formula,rutile::conventional_standard,rutile,rutile,TiO2,conventional_standard,equivalent_transform,anatase::reference,anatase,anatase,TiO2,reference,0,0,0.012212959001772106
medium,same_formula,rutile::conventional_standard,rutile,rutile,TiO2,conventional_standard,equivalent_transform,rutile::reference,rutile,rutile,TiO2,reference,1,1,0.016660583089105785
medium,same_formula,rutile::conventional_standard,rutile,rutile,TiO2,conventional_standard,equivalent_transform,brookite::reference,brookite,brookite,TiO2,reference,0,0,0.0983307909918949
medium,same_formula,rutile::niggli_reduced,rutile,rutile,TiO2,niggli_reduced,equivalent_transform,anatase::reference,anatase,anatase,TiO2,reference,0,0,0.005305666010826826
medium,same_formula,rutile::niggli_reduced,rutile,rutile,TiO2,niggli_reduced,equivalent_transform,rutile::reference,rutile,rutile,TiO2,reference,1,1,0.007468166062608361
medium,same_formula,rutile::niggli_reduced,rutile,rutile,TiO2,niggli_reduced,equivalent_transform,brookite::reference,brookite,brookite,TiO2,reference,0,0,0.04636687505990267
medium,same_formula,rutile::origin_shifted,rutile,rutile,TiO2,origin_shifted,equivalent_transform,anatase::reference,anatase,anatase,TiO2,reference,0,0,0.006723625003360212
medium,same_formula,rutile::origin_shifted,rutile,rutile,TiO2,origin_shifted,equivalent_transform,rutile::reference,rutile,rutile,TiO2,reference,1,1,0.006845625001005828
medium,same_formula,rutile::origin_shifted,rutile,rutile,TiO2,origin_shifted,equivalent_transform,brookite::reference,brookite,brookite,TiO2,reference,0,0,0.03372324991505593
medium,same_formula,rutile::permuted_sites,rutile,rutile,TiO2,permuted_sites,equivalent_transform,anatase::reference,anatase,anatase,TiO2,reference,0,0,0.00856654194649309
medium,same_formula,rutile::permuted_sites,rutile,rutile,TiO2,permuted_sites,equivalent_transform,rutile::reference,rutile,rutile,TiO2,reference,1,1,0.010037666070275009
medium,same_formula,rutile::permuted_sites,rutile,rutile,TiO2,permuted_sites,equivalent_transform,brookite::reference,brookite,brookite,TiO2,reference,0,0,0.03672587499022484
medium,same_formula,rutile::supercell_2x1x1,rutile,rutile,TiO2,supercell_2x1x1,equivalent_transform,anatase::reference,anatase,anatase,TiO2,reference,0,0,0.006107083987444639
medium,same_formula,rutile::supercell_2x1x1,rutile,rutile,TiO2,supercell_2x1x1,equivalent_transform,rutile::reference,rutile,rutile,TiO2,reference,1,1,0.007716791937127709
medium,same_formula,rutile::supercell_2x1x1,rutile,rutile,TiO2,supercell_2x1x1,equivalent_transform,brookite::reference,brookite,brookite,TiO2,reference,0,0,0.03714066697284579
medium,same_formula,rutile::coord_noise_0.020A,rutile,rutile,TiO2,coord_noise_0.020A,coordinate_perturbation,anatase::reference,anatase,anatase,TiO2,reference,0,0,0.007210792042315006
medium,same_formula,rutile::coord_noise_0.020A,rutile,rutile,TiO2,coord_noise_0.020A,coordinate_perturbation,rutile::reference,rutile,rutile,TiO2,reference,1,1,0.006662375060841441
medium,same_formula,rutile::coord_noise_0.020A,rutile,rutile,TiO2,coord_noise_0.020A,coordinate_perturbation,brookite::reference,brookite,brookite,TiO2,reference,0,0,0.03550412505865097
medium,same_formula,rutile::coord_noise_0.050A,rutile,rutile,TiO2,coord_noise_0.050A,coordinate_perturbation,anatase::reference,anatase,anatase,TiO2,reference,0,0,0.00556275004055351
medium,same_formula,rutile::coord_noise_0.050A,rutile,rutile,TiO2,coord_noise_0.050A,coordinate_perturbation,rutile::reference,rutile,rutile,TiO2,reference,1,1,0.006068833987228572
medium,same_formula,rutile::coord_noise_0.050A,rutile,rutile,TiO2,coord_noise_0.050A,coordinate_perturbation,brookite::reference,brookite,brookite,TiO2,reference,0,0,0.03580395795870572
medium,same_formula,rutile::coord_noise_0.100A,rutile,rutile,TiO2,coord_noise_0.100A,coordinate_perturbation,anatase::reference,anatase,anatase,TiO2,reference,0,0,0.007682541967369616
medium,same_formula,rutile::coord_noise_0.100A,rutile,rutile,TiO2,coord_noise_0.100A,coordinate_perturbation,rutile::reference,rutile,rutile,TiO2,reference,1,1,0.00922166695818305
medium,same_formula,rutile::coord_noise_0.100A,rutile,rutile,TiO2,coord_noise_0.100A,coordinate_perturbation,brookite::reference,brookite,brookite,TiO2,reference,0,0,0.07628475001547486
medium,same_formula,rutile::lattice_noise_0.010,rutile,rutile,TiO2,lattice_noise_0.010,lattice_perturbation,anatase::reference,anatase,anatase,TiO2,reference,0,0,0.045012959046289325
medium,same_formula,rutile::lattice_noise_0.010,rutile,rutile,TiO2,lattice_noise_0.010,lattice_perturbation,rutile::reference,rutile,rutile,TiO2,reference,1,1,0.009648915962316096
medium,same_formula,rutile::lattice_noise_0.010,rutile,rutile,TiO2,lattice_noise_0.010,lattice_perturbation,brookite::reference,brookite,brookite,TiO2,reference,0,0,0.07012499996926636
medium,same_formula,rutile::lattice_noise_0.020,rutile,rutile,TiO2,lattice_noise_0.020,lattice_perturbation,anatase::reference,anatase,anatase,TiO2,reference,0,0,0.008418875047937036
medium,same_formula,rutile::lattice_noise_0.020,rutile,rutile,TiO2,lattice_noise_0.020,lattice_perturbation,rutile::reference,rutile,rutile,TiO2,reference,1,1,0.009352333028800786
medium,same_formula,rutile::lattice_noise_0.020,rutile,rutile,TiO2,lattice_noise_0.020,lattice_perturbation,brookite::reference,brookite,brookite,TiO2,reference,0,0,0.04731662501581013
medium,same_formula,rutile::lattice_noise_0.050,rutile,rutile,TiO2,lattice_noise_0.050,lattice_perturbation,anatase::reference,anatase,anatase,TiO2,reference,0,0,0.006816542008891702
medium,same_formula,rutile::lattice_noise_0.050,rutile,rutile,TiO2,lattice_noise_0.050,lattice_perturbation,rutile::reference,rutile,rutile,TiO2,reference,1,1,0.007079542032442987
medium,same_formula,rutile::lattice_noise_0.050,rutile,rutile,TiO2,lattice_noise_0.050,lattice_perturbation,brookite::reference,brookite,brookite,TiO2,reference,0,0,0.04311574995517731
medium,same_formula,rutile::combined_noise_0.020A_0.010,rutile,rutile,TiO2,combined_noise_0.020A_0.010,combined_perturbation,anatase::reference,anatase,anatase,TiO2,reference,0,0,0.006016208091750741
medium,same_formula,rutile::combined_noise_0.020A_0.010,rutile,rutile,TiO2,combined_noise_0.020A_0.010,combined_perturbation,rutile::reference,rutile,rutile,TiO2,reference,1,1,0.0087407500250265
medium,same_formula,rutile::combined_noise_0.020A_0.010,rutile,rutile,TiO2,combined_noise_0.020A_0.010,combined_perturbation,brookite::reference,brookite,brookite,TiO2,reference,0,0,0.09858404193073511
medium,same_formula,rutile::combined_noise_0.050A_0.020,rutile,rutile,TiO2,combined_noise_0.050A_0.020,combined_perturbation,anatase::reference,anatase,anatase,TiO2,reference,0,0,0.006299667060375214
medium,same_formula,rutile::combined_noise_0.050A_0.020,rutile,rutile,TiO2,combined_noise_0.050A_0.020,combined_perturbation,rutile::reference,rutile,rutile,TiO2,reference,1,1,0.008320083026774228
medium,same_formula,rutile::combined_noise_0.050A_0.020,rutile,rutile,TiO2,combined_noise_0.050A_0.020,combined_perturbation,brookite::reference,brookite,brookite,TiO2,reference,0,0,0.04779041698202491
medium,same_formula,rutile::combined_noise_0.100A_0.050,rutile,rutile,TiO2,combined_noise_0.100A_0.050,combined_perturbation,anatase::reference,anatase,anatase,TiO2,reference,0,0,0.006778042064979672
medium,same_formula,rutile::combined_noise_0.100A_0.050,rutile,rutile,TiO2,combined_noise_0.100A_0.050,combined_perturbation,rutile::reference,rutile,rutile,TiO2,reference,1,1,0.005514124990440905
medium,same_formula,rutile::combined_noise_0.100A_0.050,rutile,rutile,TiO2,combined_noise_0.100A_0.050,combined_perturbation,brookite::reference,brookite,brookite,TiO2,reference,0,0,0.07996091700624675
medium,same_formula,brookite::conventional_standard,brookite,brookite,TiO2,conventional_standard,equivalent_transform,anatase::reference,anatase,anatase,TiO2,reference,0,0,0.06247424997854978
medium,same_formula,brookite::conventional_standard,brookite,brookite,TiO2,conventional_standard,equivalent_transform,rutile::reference,rutile,rutile,TiO2,reference,0,0,0.03995587502140552
medium,same_formula,brookite::conventional_standard,brookite,brookite,TiO2,conventional_standard,equivalent_transform,brookite::reference,brookite,brookite,TiO2,reference,1,1,0.040238458081148565
medium,same_formula,brookite::niggli_reduced,brookite,brookite,TiO2,niggli_reduced,equivalent_transform,anatase::reference,anatase,anatase,TiO2,reference,0,0,0.07828558294568211
medium,same_formula,brookite::niggli_reduced,brookite,brookite,TiO2,niggli_reduced,equivalent_transform,rutile::reference,rutile,rutile,TiO2,reference,0,0,0.043465583003126085
medium,same_formula,brookite::niggli_reduced,brookite,brookite,TiO2,niggli_reduced,equivalent_transform,brookite::reference,brookite,brookite,TiO2,reference,1,1,0.032877375022508204
medium,same_formula,brookite::origin_shifted,brookite,brookite,TiO2,origin_shifted,equivalent_transform,anatase::reference,anatase,anatase,TiO2,reference,0,0,0.07080812507774681
medium,same_formula,brookite::origin_shifted,brookite,brookite,TiO2,origin_shifted,equivalent_transform,rutile::reference,rutile,rutile,TiO2,reference,0,0,0.09605091600678861
medium,same_formula,brookite::origin_shifted,brookite,brookite,TiO2,origin_shifted,equivalent_transform,brookite::reference,brookite,brookite,TiO2,reference,1,1,0.028604957973584533
medium,same_formula,brookite::permuted_sites,brookite,brookite,TiO2,permuted_sites,equivalent_transform,anatase::reference,anatase,anatase,TiO2,reference,0,0,0.07651699997950345
medium,same_formula,brookite::permuted_sites,brookite,brookite,TiO2,permuted_sites,equivalent_transform,rutile::reference,rutile,rutile,TiO2,reference,0,0,0.047044208040460944
medium,same_formula,brookite::permuted_sites,brookite,brookite,TiO2,permuted_sites,equivalent_transform,brookite::reference,brookite,brookite,TiO2,reference,1,1,0.03732141701038927
medium,same_formula,brookite::supercell_2x1x1,brookite,brookite,TiO2,supercell_2x1x1,equivalent_transform,anatase::reference,anatase,anatase,TiO2,reference,0,0,0.09148345794528723
medium,same_formula,brookite::supercell_2x1x1,brookite,brookite,TiO2,supercell_2x1x1,equivalent_transform,rutile::reference,rutile,rutile,TiO2,reference,0,0,0.06381062499713153
medium,same_formula,brookite::supercell_2x1x1,brookite,brookite,TiO2,supercell_2x1x1,equivalent_transform,brookite::reference,brookite,brookite,TiO2,reference,1,1,0.06062279106117785
medium,same_formula,brookite::coord_noise_0.020A,brookite,brookite,TiO2,coord_noise_0.020A,coordinate_perturbation,anatase::reference,anatase,anatase,TiO2,reference,0,0,0.19316558295395225
medium,same_formula,brookite::coord_noise_0.020A,brookite,brookite,TiO2,coord_noise_0.020A,coordinate_perturbation,rutile::reference,rutile,rutile,TiO2,reference,0,0,0.036778417066670954
medium,same_formula,brookite::coord_noise_0.020A,brookite,brookite,TiO2,coord_noise_0.020A,coordinate_perturbation,brookite::reference,brookite,brookite,TiO2,reference,1,1,0.028571208007633686
medium,same_formula,brookite::coord_noise_0.050A,brookite,brookite,TiO2,coord_noise_0.050A,coordinate_perturbation,anatase::reference,anatase,anatase,TiO2,reference,0,0,0.0642810839926824
medium,same_formula,brookite::coord_noise_0.050A,brookite,brookite,TiO2,coord_noise_0.050A,coordinate_perturbation,rutile::reference,rutile,rutile,TiO2,reference,0,0,0.0392317920923233
medium,same_formula,brookite::coord_noise_0.050A,brookite,brookite,TiO2,coord_noise_0.050A,coordinate_perturbation,brookite::reference,brookite,brookite,TiO2,reference,1,1,0.03050837491173297
medium,same_formula,brookite::coord_noise_0.100A,brookite,brookite,TiO2,coord_noise_0.100A,coordinate_perturbation,anatase::reference,anatase,anatase,TiO2,reference,0,0,0.06448020809330046
medium,same_formula,brookite::coord_noise_0.100A,brookite,brookite,TiO2,coord_noise_0.100A,coordinate_perturbation,rutile::reference,rutile,rutile,TiO2,reference,0,0,0.04004779190290719
medium,same_formula,brookite::coord_noise_0.100A,brookite,brookite,TiO2,coord_noise_0.100A,coordinate_perturbation,brookite::reference,brookite,brookite,TiO2,reference,1,1,0.031043707975186408
medium,same_formula,brookite::lattice_noise_0.010,brookite,brookite,TiO2,lattice_noise_0.010,lattice_perturbation,anatase::reference,anatase,anatase,TiO2,reference,0,0,0.06291891704313457
medium,same_formula,brookite::lattice_noise_0.010,brookite,brookite,TiO2,lattice_noise_0.010,lattice_perturbation,rutile::reference,rutile,rutile,TiO2,reference,0,0,0.07348925003316253
medium,same_formula,brookite::lattice_noise_0.010,brookite,brookite,TiO2,lattice_noise_0.010,lattice_perturbation,brookite::reference,brookite,brookite,TiO2,reference,1,1,0.04912837489973754
medium,same_formula,brookite::lattice_noise_0.020,brookite,brookite,TiO2,lattice_noise_0.020,lattice_perturbation,anatase::reference,anatase,anatase,TiO2,reference,0,0,0.09338704100809991
medium,same_formula,brookite::lattice_noise_0.020,brookite,brookite,TiO2,lattice_noise_0.020,lattice_perturbation,rutile::reference,rutile,rutile,TiO2,reference,0,0,0.03550945897586644
medium,same_formula,brookite::lattice_noise_0.020,brookite,brookite,TiO2,lattice_noise_0.020,lattice_perturbation,brookite::reference,brookite,brookite,TiO2,reference,1,1,0.03049858403392136
medium,same_formula,brookite::lattice_noise_0.050,brookite,brookite,TiO2,lattice_noise_0.050,lattice_perturbation,anatase::reference,anatase,anatase,TiO2,reference,0,0,0.061607624986208975
medium,same_formula,brookite::lattice_noise_0.050,brookite,brookite,TiO2,lattice_noise_0.050,lattice_perturbation,rutile::reference,rutile,rutile,TiO2,reference,0,0,0.02682241692673415
medium,same_formula,brookite::lattice_noise_0.050,brookite,brookite,TiO2,lattice_noise_0.050,lattice_perturbation,brookite::reference,brookite,brookite,TiO2,reference,1,1,0.027553499909117818
medium,same_formula,brookite::combined_noise_0.020A_0.010,brookite,brookite,TiO2,combined_noise_0.020A_0.010,combined_perturbation,anatase::reference,anatase,anatase,TiO2,reference,0,0,0.06280104198958725
medium,same_formula,brookite::combined_noise_0.020A_0.010,brookite,brookite,TiO2,combined_noise_0.020A_0.010,combined_perturbation,rutile::reference,rutile,rutile,TiO2,reference,0,0,0.03637120791245252
medium,same_formula,brookite::combined_noise_0.020A_0.010,brookite,brookite,TiO2,combined_noise_0.020A_0.010,combined_perturbation,brookite::reference,brookite,brookite,TiO2,reference,1,1,0.026165916002355516
medium,same_formula,brookite::combined_noise_0.050A_0.020,brookite,brookite,TiO2,combined_noise_0.050A_0.020,combined_perturbation,anatase::reference,anatase,anatase,TiO2,reference,0,0,0.06012016604654491
medium,same_formula,brookite::combined_noise_0.050A_0.020,brookite,brookite,TiO2,combined_noise_0.050A_0.020,combined_perturbation,rutile::reference,rutile,rutile,TiO2,reference,0,0,0.08684424997773021
medium,same_formula,brookite::combined_noise_0.050A_0.020,brookite,brookite,TiO2,combined_noise_0.050A_0.020,combined_perturbation,brookite::reference,brookite,brookite,TiO2,reference,1,1,0.029981959029100835
medium,same_formula,brookite::combined_noise_0.100A_0.050,brookite,brookite,TiO2,combined_noise_0.100A_0.050,combined_perturbation,anatase::reference,anatase,anatase,TiO2,reference,0,0,0.06037554203066975
medium,same_formula,brookite::combined_noise_0.100A_0.050,brookite,brookite,TiO2,combined_noise_0.100A_0.050,combined_perturbation,rutile::reference,rutile,rutile,TiO2,reference,0,0,0.027697333018295467
medium,same_formula,brookite::combined_noise_0.100A_0.050,brookite,brookite,TiO2,combined_noise_0.100A_0.050,combined_perturbation,brookite::reference,brookite,brookite,TiO2,reference,1,1,0.027979540987871587
loose,same_formula,diamond::conventional_standard,diamond,diamond,C,conventional_standard,equivalent_transform,diamond::reference,diamond,diamond,C,reference,1,1,0.0048234169371426105
loose,same_formula,diamond::conventional_standard,diamond,diamond,C,conventional_standard,equivalent_transform,graphite::reference,graphite,graphite,C,reference,0,0,0.00884129200130701
loose,same_formula,diamond::niggli_reduced,diamond,diamond,C,niggli_reduced,equivalent_transform,diamond::reference,diamond,diamond,C,reference,1,1,0.002972249989397824
loose,same_formula,diamond::niggli_reduced,diamond,diamond,C,niggli_reduced,equivalent_transform,graphite::reference,graphite,graphite,C,reference,0,0,0.006166875013150275
loose,same_formula,diamond::origin_shifted,diamond,diamond,C,origin_shifted,equivalent_transform,diamond::reference,diamond,diamond,C,reference,1,1,0.00277629098854959
loose,same_formula,diamond::origin_shifted,diamond,diamond,C,origin_shifted,equivalent_transform,graphite::reference,graphite,graphite,C,reference,0,0,0.007007666048593819
loose,same_formula,diamond::permuted_sites,diamond,diamond,C,permuted_sites,equivalent_transform,diamond::reference,diamond,diamond,C,reference,1,1,0.0029546249425038695
loose,same_formula,diamond::permuted_sites,diamond,diamond,C,permuted_sites,equivalent_transform,graphite::reference,graphite,graphite,C,reference,0,0,0.006125541985966265
loose,same_formula,diamond::supercell_2x1x1,diamond,diamond,C,supercell_2x1x1,equivalent_transform,diamond::reference,diamond,diamond,C,reference,1,1,0.0031121670035645366
loose,same_formula,diamond::supercell_2x1x1,diamond,diamond,C,supercell_2x1x1,equivalent_transform,graphite::reference,graphite,graphite,C,reference,0,0,0.008148333989083767
loose,same_formula,diamond::coord_noise_0.020A,diamond,diamond,C,coord_noise_0.020A,coordinate_perturbation,diamond::reference,diamond,diamond,C,reference,1,1,0.002952000009827316
loose,same_formula,diamond::coord_noise_0.020A,diamond,diamond,C,coord_noise_0.020A,coordinate_perturbation,graphite::reference,graphite,graphite,C,reference,0,0,0.006206750054843724
loose,same_formula,diamond::coord_noise_0.050A,diamond,diamond,C,coord_noise_0.050A,coordinate_perturbation,diamond::reference,diamond,diamond,C,reference,1,1,0.003772708005271852
loose,same_formula,diamond::coord_noise_0.050A,diamond,diamond,C,coord_noise_0.050A,coordinate_perturbation,graphite::reference,graphite,graphite,C,reference,0,0,0.06902962503954768
loose,same_formula,diamond::coord_noise_0.100A,diamond,diamond,C,coord_noise_0.100A,coordinate_perturbation,diamond::reference,diamond,diamond,C,reference,1,1,0.003780208993703127
loose,same_formula,diamond::coord_noise_0.100A,diamond,diamond,C,coord_noise_0.100A,coordinate_perturbation,graphite::reference,graphite,graphite,C,reference,0,0,0.02176412509288639
loose,same_formula,diamond::lattice_noise_0.010,diamond,diamond,C,lattice_noise_0.010,lattice_perturbation,diamond::reference,diamond,diamond,C,reference,1,1,0.004591582925058901
loose,same_formula,diamond::lattice_noise_0.010,diamond,diamond,C,lattice_noise_0.010,lattice_perturbation,graphite::reference,graphite,graphite,C,reference,0,0,0.006888499949127436
loose,same_formula,diamond::lattice_noise_0.020,diamond,diamond,C,lattice_noise_0.020,lattice_perturbation,diamond::reference,diamond,diamond,C,reference,1,1,0.002961292047984898
loose,same_formula,diamond::lattice_noise_0.020,diamond,diamond,C,lattice_noise_0.020,lattice_perturbation,graphite::reference,graphite,graphite,C,reference,0,0,0.00764358404558152
loose,same_formula,diamond::lattice_noise_0.050,diamond,diamond,C,lattice_noise_0.050,lattice_perturbation,diamond::reference,diamond,diamond,C,reference,1,1,0.0028065830701962113
loose,same_formula,diamond::lattice_noise_0.050,diamond,diamond,C,lattice_noise_0.050,lattice_perturbation,graphite::reference,graphite,graphite,C,reference,0,0,0.009494832949712873
loose,same_formula,diamond::combined_noise_0.020A_0.010,diamond,diamond,C,combined_noise_0.020A_0.010,combined_perturbation,diamond::reference,diamond,diamond,C,reference,1,1,0.0037563330261036754
loose,same_formula,diamond::combined_noise_0.020A_0.010,diamond,diamond,C,combined_noise_0.020A_0.010,combined_perturbation,graphite::reference,graphite,graphite,C,reference,0,0,0.007240124978125095
loose,same_formula,diamond::combined_noise_0.050A_0.020,diamond,diamond,C,combined_noise_0.050A_0.020,combined_perturbation,diamond::reference,diamond,diamond,C,reference,1,1,0.0031116659520193934
loose,same_formula,diamond::combined_noise_0.050A_0.020,diamond,diamond,C,combined_noise_0.050A_0.020,combined_perturbation,graphite::reference,graphite,graphite,C,reference,0,0,0.0074241249822080135
loose,same_formula,diamond::combined_noise_0.100A_0.050,diamond,diamond,C,combined_noise_0.100A_0.050,combined_perturbation,diamond::reference,diamond,diamond,C,reference,1,1,0.003069666912779212
loose,same_formula,diamond::combined_noise_0.100A_0.050,diamond,diamond,C,combined_noise_0.100A_0.050,combined_perturbation,graphite::reference,graphite,graphite,C,reference,0,0,0.010152084054425359
loose,same_formula,graphite::conventional_standard,graphite,graphite,C,conventional_standard,equivalent_transform,diamond::reference,diamond,diamond,C,reference,0,0,0.007822833023965359
loose,same_formula,graphite::conventional_standard,graphite,graphite,C,conventional_standard,equivalent_transform,graphite::reference,graphite,graphite,C,reference,1,1,0.004799875081516802
loose,same_formula,graphite::niggli_reduced,graphite,graphite,C,niggli_reduced,equivalent_transform,diamond::reference,diamond,diamond,C,reference,0,0,0.0073053749511018395
loose,same_formula,graphite::niggli_reduced,graphite,graphite,C,niggli_reduced,equivalent_transform,graphite::reference,graphite,graphite,C,reference,1,1,0.0038198749534785748
loose,same_formula,graphite::origin_shifted,graphite,graphite,C,origin_shifted,equivalent_transform,diamond::reference,diamond,diamond,C,reference,0,0,0.006885541952215135
loose,same_formula,graphite::origin_shifted,graphite,graphite,C,origin_shifted,equivalent_transform,graphite::reference,graphite,graphite,C,reference,1,1,0.00512800004798919
loose,same_formula,graphite::permuted_sites,graphite,graphite,C,permuted_sites,equivalent_transform,diamond::reference,diamond,diamond,C,reference,0,0,0.007698083994910121
loose,same_formula,graphite::permuted_sites,graphite,graphite,C,permuted_sites,equivalent_transform,graphite::reference,graphite,graphite,C,reference,1,1,0.00528641592245549
loose,same_formula,graphite::supercell_2x1x1,graphite,graphite,C,supercell_2x1x1,equivalent_transform,diamond::reference,diamond,diamond,C,reference,0,0,0.008438459015451372
loose,same_formula,graphite::supercell_2x1x1,graphite,graphite,C,supercell_2x1x1,equivalent_transform,graphite::reference,graphite,graphite,C,reference,1,1,0.005378416972234845
loose,same_formula,graphite::coord_noise_0.020A,graphite,graphite,C,coord_noise_0.020A,coordinate_perturbation,diamond::reference,diamond,diamond,C,reference,0,0,0.007945000077597797
loose,same_formula,graphite::coord_noise_0.020A,graphite,graphite,C,coord_noise_0.020A,coordinate_perturbation,graphite::reference,graphite,graphite,C,reference,1,1,0.0047525420086458325
loose,same_formula,graphite::coord_noise_0.050A,graphite,graphite,C,coord_noise_0.050A,coordinate_perturbation,diamond::reference,diamond,diamond,C,reference,0,0,0.00784412503708154
loose,same_formula,graphite::coord_noise_0.050A,graphite,graphite,C,coord_noise_0.050A,coordinate_perturbation,graphite::reference,graphite,graphite,C,reference,1,1,0.005630082916468382
loose,same_formula,graphite::coord_noise_0.100A,graphite,graphite,C,coord_noise_0.100A,coordinate_perturbation,diamond::reference,diamond,diamond,C,reference,0,0,0.007598374970257282
loose,same_formula,graphite::coord_noise_0.100A,graphite,graphite,C,coord_noise_0.100A,coordinate_perturbation,graphite::reference,graphite,graphite,C,reference,1,1,0.006101625040173531
loose,same_formula,graphite::lattice_noise_0.010,graphite,graphite,C,lattice_noise_0.010,lattice_perturbation,diamond::reference,diamond,diamond,C,reference,0,0,0.0063113749492913485
loose,same_formula,graphite::lattice_noise_0.010,graphite,graphite,C,lattice_noise_0.010,lattice_perturbation,graphite::reference,graphite,graphite,C,reference,1,1,0.004248041077516973
loose,same_formula,graphite::lattice_noise_0.020,graphite,graphite,C,lattice_noise_0.020,lattice_perturbation,diamond::reference,diamond,diamond,C,reference,0,0,0.008116457960568368
loose,same_formula,graphite::lattice_noise_0.020,graphite,graphite,C,lattice_noise_0.020,lattice_perturbation,graphite::reference,graphite,graphite,C,reference,1,1,0.004250209080055356
loose,same_formula,graphite::lattice_noise_0.050,graphite,graphite,C,lattice_noise_0.050,lattice_perturbation,diamond::reference,diamond,diamond,C,reference,0,0,0.00268491602037102
loose,same_formula,graphite::lattice_noise_0.050,graphite,graphite,C,lattice_noise_0.050,lattice_perturbation,graphite::reference,graphite,graphite,C,reference,1,1,0.004171791952103376
loose,same_formula,graphite::combined_noise_0.020A_0.010,graphite,graphite,C,combined_noise_0.020A_0.010,combined_perturbation,diamond::reference,diamond,diamond,C,reference,0,0,0.007563750026747584
loose,same_formula,graphite::combined_noise_0.020A_0.010,graphite,graphite,C,combined_noise_0.020A_0.010,combined_perturbation,graphite::reference,graphite,graphite,C,reference,1,1,0.004185165977105498
loose,same_formula,graphite::combined_noise_0.050A_0.020,graphite,graphite,C,combined_noise_0.050A_0.020,combined_perturbation,diamond::reference,diamond,diamond,C,reference,0,0,0.0067580839386209846
loose,same_formula,graphite::combined_noise_0.050A_0.020,graphite,graphite,C,combined_noise_0.050A_0.020,combined_perturbation,graphite::reference,graphite,graphite,C,reference,1,1,0.004996458068490028
loose,same_formula,graphite::combined_noise_0.100A_0.050,graphite,graphite,C,combined_noise_0.100A_0.050,combined_perturbation,diamond::reference,diamond,diamond,C,reference,0,0,0.002805458032526076
loose,same_formula,graphite::combined_noise_0.100A_0.050,graphite,graphite,C,combined_noise_0.100A_0.050,combined_perturbation,graphite::reference,graphite,graphite,C,reference,1,1,0.006092082941904664
loose,same_formula,alpha_quartz::conventional_standard,alpha_quartz,alpha_quartz,SiO2,conventional_standard,equivalent_transform,alpha_quartz::reference,alpha_quartz,alpha_quartz,SiO2,reference,1,1,0.04642691696062684
loose,same_formula,alpha_quartz::conventional_standard,alpha_quartz,alpha_quartz,SiO2,conventional_standard,equivalent_transform,alpha_cristobalite::reference,alpha_cristobalite,alpha_cristobalite,SiO2,reference,0,0,0.014498832984827459
loose,same_formula,alpha_quartz::conventional_standard,alpha_quartz,alpha_quartz,SiO2,conventional_standard,equivalent_transform,coesite::reference,coesite,coesite,SiO2,reference,0,0,0.04325858305674046
loose,same_formula,alpha_quartz::niggli_reduced,alpha_quartz,alpha_quartz,SiO2,niggli_reduced,equivalent_transform,alpha_quartz::reference,alpha_quartz,alpha_quartz,SiO2,reference,1,1,0.008151291985996068
loose,same_formula,alpha_quartz::niggli_reduced,alpha_quartz,alpha_quartz,SiO2,niggli_reduced,equivalent_transform,alpha_cristobalite::reference,alpha_cristobalite,alpha_cristobalite,SiO2,reference,0,0,0.006347749964334071
loose,same_formula,alpha_quartz::niggli_reduced,alpha_quartz,alpha_quartz,SiO2,niggli_reduced,equivalent_transform,coesite::reference,coesite,coesite,SiO2,reference,0,0,0.04468758392613381
loose,same_formula,alpha_quartz::origin_shifted,alpha_quartz,alpha_quartz,SiO2,origin_shifted,equivalent_transform,alpha_quartz::reference,alpha_quartz,alpha_quartz,SiO2,reference,1,1,0.01056541595607996
loose,same_formula,alpha_quartz::origin_shifted,alpha_quartz,alpha_quartz,SiO2,origin_shifted,equivalent_transform,alpha_cristobalite::reference,alpha_cristobalite,alpha_cristobalite,SiO2,reference,0,0,0.006545750075019896
loose,same_formula,alpha_quartz::origin_shifted,alpha_quartz,alpha_quartz,SiO2,origin_shifted,equivalent_transform,coesite::reference,coesite,coesite,SiO2,reference,0,0,0.0440237500006333
loose,same_formula,alpha_quartz::permuted_sites,alpha_quartz,alpha_quartz,SiO2,permuted_sites,equivalent_transform,alpha_quartz::reference,alpha_quartz,alpha_quartz,SiO2,reference,1,1,0.01198720803949982
loose,same_formula,alpha_quartz::permuted_sites,alpha_quartz,alpha_quartz,SiO2,permuted_sites,equivalent_transform,alpha_cristobalite::reference,alpha_cristobalite,alpha_cristobalite,SiO2,reference,0,0,0.008966249995864928
loose,same_formula,alpha_quartz::permuted_sites,alpha_quartz,alpha_quartz,SiO2,permuted_sites,equivalent_transform,coesite::reference,coesite,coesite,SiO2,reference,0,0,0.04806370800361037
loose,same_formula,alpha_quartz::supercell_2x1x1,alpha_quartz,alpha_quartz,SiO2,supercell_2x1x1,equivalent_transform,alpha_quartz::reference,alpha_quartz,alpha_quartz,SiO2,reference,1,1,0.013656790950335562
loose,same_formula,alpha_quartz::supercell_2x1x1,alpha_quartz,alpha_quartz,SiO2,supercell_2x1x1,equivalent_transform,alpha_cristobalite::reference,alpha_cristobalite,alpha_cristobalite,SiO2,reference,0,0,0.014452375005930662
loose,same_formula,alpha_quartz::supercell_2x1x1,alpha_quartz,alpha_quartz,SiO2,supercell_2x1x1,equivalent_transform,coesite::reference,coesite,coesite,SiO2,reference,0,0,0.05931170901749283
loose,same_formula,alpha_quartz::coord_noise_0.020A,alpha_quartz,alpha_quartz,SiO2,coord_noise_0.020A,coordinate_perturbation,alpha_quartz::reference,alpha_quartz,alpha_quartz,SiO2,reference,1,1,0.012145042070187628
loose,same_formula,alpha_quartz::coord_noise_0.020A,alpha_quartz,alpha_quartz,SiO2,coord_noise_0.020A,coordinate_perturbation,alpha_cristobalite::reference,alpha_cristobalite,alpha_cristobalite,SiO2,reference,0,0,0.007165707997046411
loose,same_formula,alpha_quartz::coord_noise_0.020A,alpha_quartz,alpha_quartz,SiO2,coord_noise_0.020A,coordinate_perturbation,coesite::reference,coesite,coesite,SiO2,reference,0,0,0.047138541005551815
loose,same_formula,alpha_quartz::coord_noise_0.050A,alpha_quartz,alpha_quartz,SiO2,coord_noise_0.050A,coordinate_perturbation,alpha_quartz::reference,alpha_quartz,alpha_quartz,SiO2,reference,1,1,0.010579459019936621
loose,same_formula,alpha_quartz::coord_noise_0.050A,alpha_quartz,alpha_quartz,SiO2,coord_noise_0.050A,coordinate_perturbation,alpha_cristobalite::reference,alpha_cristobalite,alpha_cristobalite,SiO2,reference,0,0,0.007254249998368323
loose,same_formula,alpha_quartz::coord_noise_0.050A,alpha_quartz,alpha_quartz,SiO2,coord_noise_0.050A,coordinate_perturbation,coesite::reference,coesite,coesite,SiO2,reference,0,0,0.047378541086800396
loose,same_formula,alpha_quartz::coord_noise_0.100A,alpha_quartz,alpha_quartz,SiO2,coord_noise_0.100A,coordinate_perturbation,alpha_quartz::reference,alpha_quartz,alpha_quartz,SiO2,reference,1,1,0.01051366701722145
loose,same_formula,alpha_quartz::coord_noise_0.100A,alpha_quartz,alpha_quartz,SiO2,coord_noise_0.100A,coordinate_perturbation,alpha_cristobalite::reference,alpha_cristobalite,alpha_cristobalite,SiO2,reference,0,0,0.00738220801576972
loose,same_formula,alpha_quartz::coord_noise_0.100A,alpha_quartz,alpha_quartz,SiO2,coord_noise_0.100A,coordinate_perturbation,coesite::reference,coesite,coesite,SiO2,reference,0,0,0.09782183298375458
loose,same_formula,alpha_quartz::lattice_noise_0.010,alpha_quartz,alpha_quartz,SiO2,lattice_noise_0.010,lattice_perturbation,alpha_quartz::reference,alpha_quartz,alpha_quartz,SiO2,reference,1,1,0.010000083944760263
loose,same_formula,alpha_quartz::lattice_noise_0.010,alpha_quartz,alpha_quartz,SiO2,lattice_noise_0.010,lattice_perturbation,alpha_cristobalite::reference,alpha_cristobalite,alpha_cristobalite,SiO2,reference,0,0,0.006562083028256893
loose,same_formula,alpha_quartz::lattice_noise_0.010,alpha_quartz,alpha_quartz,SiO2,lattice_noise_0.010,lattice_perturbation,coesite::reference,coesite,coesite,SiO2,reference,0,0,0.04482079099398106
loose,same_formula,alpha_quartz::lattice_noise_0.020,alpha_quartz,alpha_quartz,SiO2,lattice_noise_0.020,lattice_perturbation,alpha_quartz::reference,alpha_quartz,alpha_quartz,SiO2,reference,1,1,0.00837175000924617
loose,same_formula,alpha_quartz::lattice_noise_0.020,alpha_quartz,alpha_quartz,SiO2,lattice_noise_0.020,lattice_perturbation,alpha_cristobalite::reference,alpha_cristobalite,alpha_cristobalite,SiO2,reference,0,0,0.007242667023092508
loose,same_formula,alpha_quartz::lattice_noise_0.020,alpha_quartz,alpha_quartz,SiO2,lattice_noise_0.020,lattice_perturbation,coesite::reference,coesite,coesite,SiO2,reference,0,0,0.04178020905237645
loose,same_formula,alpha_quartz::lattice_noise_0.050,alpha_quartz,alpha_quartz,SiO2,lattice_noise_0.050,lattice_perturbation,alpha_quartz::reference,alpha_quartz,alpha_quartz,SiO2,reference,1,1,0.00981999991927296
loose,same_formula,alpha_quartz::lattice_noise_0.050,alpha_quartz,alpha_quartz,SiO2,lattice_noise_0.050,lattice_perturbation,alpha_cristobalite::reference,alpha_cristobalite,alpha_cristobalite,SiO2,reference,0,0,0.006412582937628031
loose,same_formula,alpha_quartz::lattice_noise_0.050,alpha_quartz,alpha_quartz,SiO2,lattice_noise_0.050,lattice_perturbation,coesite::reference,coesite,coesite,SiO2,reference,0,0,0.04190145805478096
loose,same_formula,alpha_quartz::combined_noise_0.020A_0.010,alpha_quartz,alpha_quartz,SiO2,combined_noise_0.020A_0.010,combined_perturbation,alpha_quartz::reference,alpha_quartz,alpha_quartz,SiO2,reference,1,1,0.00745791697409004
loose,same_formula,alpha_quartz::combined_noise_0.020A_0.010,alpha_quartz,alpha_quartz,SiO2,combined_noise_0.020A_0.010,combined_perturbation,alpha_cristobalite::reference,alpha_cristobalite,alpha_cristobalite,SiO2,reference,0,0,0.005932374973781407
loose,same_formula,alpha_quartz::combined_noise_0.020A_0.010,alpha_quartz,alpha_quartz,SiO2,combined_noise_0.020A_0.010,combined_perturbation,coesite::reference,coesite,coesite,SiO2,reference,0,0,0.04187783400993794
loose,same_formula,alpha_quartz::combined_noise_0.050A_0.020,alpha_quartz,alpha_quartz,SiO2,combined_noise_0.050A_0.020,combined_perturbation,alpha_quartz::reference,alpha_quartz,alpha_quartz,SiO2,reference,1,1,0.007258875062689185
loose,same_formula,alpha_quartz::combined_noise_0.050A_0.020,alpha_quartz,alpha_quartz,SiO2,combined_noise_0.050A_0.020,combined_perturbation,alpha_cristobalite::reference,alpha_cristobalite,alpha_cristobalite,SiO2,reference,0,0,0.006117000011727214
loose,same_formula,alpha_quartz::combined_noise_0.050A_0.020,alpha_quartz,alpha_quartz,SiO2,combined_noise_0.050A_0.020,combined_perturbation,coesite::reference,coesite,coesite,SiO2,reference,0,0,0.03750662493985146
loose,same_formula,alpha_quartz::combined_noise_0.100A_0.050,alpha_quartz,alpha_quartz,SiO2,combined_noise_0.100A_0.050,combined_perturbation,alpha_quartz::reference,alpha_quartz,alpha_quartz,SiO2,reference,1,1,0.00894912495277822
loose,same_formula,alpha_quartz::combined_noise_0.100A_0.050,alpha_quartz,alpha_quartz,SiO2,combined_noise_0.100A_0.050,combined_perturbation,alpha_cristobalite::reference,alpha_cristobalite,alpha_cristobalite,SiO2,reference,0,0,0.00602633401285857
loose,same_formula,alpha_quartz::combined_noise_0.100A_0.050,alpha_quartz,alpha_quartz,SiO2,combined_noise_0.100A_0.050,combined_perturbation,coesite::reference,coesite,coesite,SiO2,reference,0,0,0.03706729190889746
loose,same_formula,alpha_cristobalite::conventional_standard,alpha_cristobalite,alpha_cristobalite,SiO2,conventional_standard,equivalent_transform,alpha_quartz::reference,alpha_quartz,alpha_quartz,SiO2,reference,0,0,0.014326582895591855
loose,same_formula,alpha_cristobalite::conventional_standard,alpha_cristobalite,alpha_cristobalite,SiO2,conventional_standard,equivalent_transform,alpha_cristobalite::reference,alpha_cristobalite,alpha_cristobalite,SiO2,reference,1,1,0.06881966697983444
loose,same_formula,alpha_cristobalite::conventional_standard,alpha_cristobalite,alpha_cristobalite,SiO2,conventional_standard,equivalent_transform,coesite::reference,coesite,coesite,SiO2,reference,0,0,0.017860917025245726
loose,same_formula,alpha_cristobalite::niggli_reduced,alpha_cristobalite,alpha_cristobalite,SiO2,niggli_reduced,equivalent_transform,alpha_quartz::reference,alpha_quartz,alpha_quartz,SiO2,reference,0,0,0.012457959004677832
loose,same_formula,alpha_cristobalite::niggli_reduced,alpha_cristobalite,alpha_cristobalite,SiO2,niggli_reduced,equivalent_transform,alpha_cristobalite::reference,alpha_cristobalite,alpha_cristobalite,SiO2,reference,1,1,0.009767750045284629
loose,same_formula,alpha_cristobalite::niggli_reduced,alpha_cristobalite,alpha_cristobalite,SiO2,niggli_reduced,equivalent_transform,coesite::reference,coesite,coesite,SiO2,reference,0,0,0.01106504094786942
loose,same_formula,alpha_cristobalite::origin_shifted,alpha_cristobalite,alpha_cristobalite,SiO2,origin_shifted,equivalent_transform,alpha_quartz::reference,alpha_quartz,alpha_quartz,SiO2,reference,0,0,0.00864349992480129
loose,same_formula,alpha_cristobalite::origin_shifted,alpha_cristobalite,alpha_cristobalite,SiO2,origin_shifted,equivalent_transform,alpha_cristobalite::reference,alpha_cristobalite,alpha_cristobalite,SiO2,reference,1,1,0.009204833069816232
loose,same_formula,alpha_cristobalite::origin_shifted,alpha_cristobalite,alpha_cristobalite,SiO2,origin_shifted,equivalent_transform,coesite::reference,coesite,coesite,SiO2,reference,0,0,0.01134466694202274
loose,same_formula,alpha_cristobalite::permuted_sites,alpha_cristobalite,alpha_cristobalite,SiO2,permuted_sites,equivalent_transform,alpha_quartz::reference,alpha_quartz,alpha_quartz,SiO2,reference,0,0,0.026741083012893796
loose,same_formula,alpha_cristobalite::permuted_sites,alpha_cristobalite,alpha_cristobalite,SiO2,permuted_sites,equivalent_transform,alpha_cristobalite::reference,alpha_cristobalite,alpha_cristobalite,SiO2,reference,1,1,0.03336195810697973
loose,same_formula,alpha_cristobalite::permuted_sites,alpha_cristobalite,alpha_cristobalite,SiO2,permuted_sites,equivalent_transform,coesite::reference,coesite,coesite,SiO2,reference,0,0,0.020892459084279835
loose,same_formula,alpha_cristobalite::supercell_2x1x1,alpha_cristobalite,alpha_cristobalite,SiO2,supercell_2x1x1,equivalent_transform,alpha_quartz::reference,alpha_quartz,alpha_quartz,SiO2,reference,0,0,0.01674479094799608
loose,same_formula,alpha_cristobalite::supercell_2x1x1,alpha_cristobalite,alpha_cristobalite,SiO2,supercell_2x1x1,equivalent_transform,alpha_cristobalite::reference,alpha_cristobalite,alpha_cristobalite,SiO2,reference,1,1,0.017422708100639284
loose,same_formula,alpha_cristobalite::supercell_2x1x1,alpha_cristobalite,alpha_cristobalite,SiO2,supercell_2x1x1,equivalent_transform,coesite::reference,coesite,coesite,SiO2,reference,0,0,0.018596499925479293
loose,same_formula,alpha_cristobalite::coord_noise_0.020A,alpha_cristobalite,alpha_cristobalite,SiO2,coord_noise_0.020A,coordinate_perturbation,alpha_quartz::reference,alpha_quartz,alpha_quartz,SiO2,reference,0,0,0.009374041925184429
loose,same_formula,alpha_cristobalite::coord_noise_0.020A,alpha_cristobalite,alpha_cristobalite,SiO2,coord_noise_0.020A,coordinate_perturbation,alpha_cristobalite::reference,alpha_cristobalite,alpha_cristobalite,SiO2,reference,1,1,0.00999120797496289
loose,same_formula,alpha_cristobalite::coord_noise_0.020A,alpha_cristobalite,alpha_cristobalite,SiO2,coord_noise_0.020A,coordinate_perturbation,coesite::reference,coesite,coesite,SiO2,reference,0,0,0.01356624998152256
loose,same_formula,alpha_cristobalite::coord_noise_0.050A,alpha_cristobalite,alpha_cristobalite,SiO2,coord_noise_0.050A,coordinate_perturbation,alpha_quartz::reference,alpha_quartz,alpha_quartz,SiO2,reference,0,0,0.009257707977667451
loose,same_formula,alpha_cristobalite::coord_noise_0.050A,alpha_cristobalite,alpha_cristobalite,SiO2,coord_noise_0.050A,coordinate_perturbation,alpha_cristobalite::reference,alpha_cristobalite,alpha_cristobalite,SiO2,reference,1,1,0.010436624987050891
loose,same_formula,alpha_cristobalite::coord_noise_0.050A,alpha_cristobalite,alpha_cristobalite,SiO2,coord_noise_0.050A,coordinate_perturbation,coesite::reference,coesite,coesite,SiO2,reference,0,0,0.01254737505223602
loose,same_formula,alpha_cristobalite::coord_noise_0.100A,alpha_cristobalite,alpha_cristobalite,SiO2,coord_noise_0.100A,coordinate_perturbation,alpha_quartz::reference,alpha_quartz,alpha_quartz,SiO2,reference,0,0,0.00936949998140335
loose,same_formula,alpha_cristobalite::coord_noise_0.100A,alpha_cristobalite,alpha_cristobalite,SiO2,coord_noise_0.100A,coordinate_perturbation,alpha_cristobalite::reference,alpha_cristobalite,alpha_cristobalite,SiO2,reference,1,1,0.011230209027417004
loose,same_formula,alpha_cristobalite::coord_noise_0.100A,alpha_cristobalite,alpha_cristobalite,SiO2,coord_noise_0.100A,coordinate_perturbation,coesite::reference,coesite,coesite,SiO2,reference,0,0,0.012559541035443544
loose,same_formula,alpha_cristobalite::lattice_noise_0.010,alpha_cristobalite,alpha_cristobalite,SiO2,lattice_noise_0.010,lattice_perturbation,alpha_quartz::reference,alpha_quartz,alpha_quartz,SiO2,reference,0,0,0.007725083967670798
loose,same_formula,alpha_cristobalite::lattice_noise_0.010,alpha_cristobalite,alpha_cristobalite,SiO2,lattice_noise_0.010,lattice_perturbation,alpha_cristobalite::reference,alpha_cristobalite,alpha_cristobalite,SiO2,reference,1,1,0.010116083081811666
loose,same_formula,alpha_cristobalite::lattice_noise_0.010,alpha_cristobalite,alpha_cristobalite,SiO2,lattice_noise_0.010,lattice_perturbation,coesite::reference,coesite,coesite,SiO2,reference,0,0,0.011775874998420477
loose,same_formula,alpha_cristobalite::lattice_noise_0.020,alpha_cristobalite,alpha_cristobalite,SiO2,lattice_noise_0.020,lattice_perturbation,alpha_quartz::reference,alpha_quartz,alpha_quartz,SiO2,reference,0,0,0.00717395800165832
loose,same_formula,alpha_cristobalite::lattice_noise_0.020,alpha_cristobalite,alpha_cristobalite,SiO2,lattice_noise_0.020,lattice_perturbation,alpha_cristobalite::reference,alpha_cristobalite,alpha_cristobalite,SiO2,reference,1,1,0.008872624952346087
loose,same_formula,alpha_cristobalite::lattice_noise_0.020,alpha_cristobalite,alpha_cristobalite,SiO2,lattice_noise_0.020,lattice_perturbation,coesite::reference,coesite,coesite,SiO2,reference,0,0,0.009104207972995937
loose,same_formula,alpha_cristobalite::lattice_noise_0.050,alpha_cristobalite,alpha_cristobalite,SiO2,lattice_noise_0.050,lattice_perturbation,alpha_quartz::reference,alpha_quartz,alpha_quartz,SiO2,reference,0,0,0.007796875084750354
loose,same_formula,alpha_cristobalite::lattice_noise_0.050,alpha_cristobalite,alpha_cristobalite,SiO2,lattice_noise_0.050,lattice_perturbation,alpha_cristobalite::reference,alpha_cristobalite,alpha_cristobalite,SiO2,reference,1,1,0.00799529196228832
loose,same_formula,alpha_cristobalite::lattice_noise_0.050,alpha_cristobalite,alpha_cristobalite,SiO2,lattice_noise_0.050,lattice_perturbation,coesite::reference,coesite,coesite,SiO2,reference,0,0,0.012703708023764193
loose,same_formula,alpha_cristobalite::combined_noise_0.020A_0.010,alpha_cristobalite,alpha_cristobalite,SiO2,combined_noise_0.020A_0.010,combined_perturbation,alpha_quartz::reference,alpha_quartz,alpha_quartz,SiO2,reference,0,0,0.007858957978896797
loose,same_formula,alpha_cristobalite::combined_noise_0.020A_0.010,alpha_cristobalite,alpha_cristobalite,SiO2,combined_noise_0.020A_0.010,combined_perturbation,alpha_cristobalite::reference,alpha_cristobalite,alpha_cristobalite,SiO2,reference,1,1,0.00952475005760789
loose,same_formula,alpha_cristobalite::combined_noise_0.020A_0.010,alpha_cristobalite,alpha_cristobalite,SiO2,combined_noise_0.020A_0.010,combined_perturbation,coesite::reference,coesite,coesite,SiO2,reference,0,0,0.009930708911269903
loose,same_formula,alpha_cristobalite::combined_noise_0.050A_0.020,alpha_cristobalite,alpha_cristobalite,SiO2,combined_noise_0.050A_0.020,combined_perturbation,alpha_quartz::reference,alpha_quartz,alpha_quartz,SiO2,reference,0,0,0.007151291007176042
loose,same_formula,alpha_cristobalite::combined_noise_0.050A_0.020,alpha_cristobalite,alpha_cristobalite,SiO2,combined_noise_0.050A_0.020,combined_perturbation,alpha_cristobalite::reference,alpha_cristobalite,alpha_cristobalite,SiO2,reference,1,1,0.008554416941478848
loose,same_formula,alpha_cristobalite::combined_noise_0.050A_0.020,alpha_cristobalite,alpha_cristobalite,SiO2,combined_noise_0.050A_0.020,combined_perturbation,coesite::reference,coesite,coesite,SiO2,reference,0,0,0.009437124943360686
loose,same_formula,alpha_cristobalite::combined_noise_0.100A_0.050,alpha_cristobalite,alpha_cristobalite,SiO2,combined_noise_0.100A_0.050,combined_perturbation,alpha_quartz::reference,alpha_quartz,alpha_quartz,SiO2,reference,0,0,0.007591499947011471
loose,same_formula,alpha_cristobalite::combined_noise_0.100A_0.050,alpha_cristobalite,alpha_cristobalite,SiO2,combined_noise_0.100A_0.050,combined_perturbation,alpha_cristobalite::reference,alpha_cristobalite,alpha_cristobalite,SiO2,reference,1,1,0.008617124985903502
loose,same_formula,alpha_cristobalite::combined_noise_0.100A_0.050,alpha_cristobalite,alpha_cristobalite,SiO2,combined_noise_0.100A_0.050,combined_perturbation,coesite::reference,coesite,coesite,SiO2,reference,0,0,0.010124624939635396
loose,same_formula,coesite::conventional_standard,coesite,coesite,SiO2,conventional_standard,equivalent_transform,alpha_quartz::reference,alpha_quartz,alpha_quartz,SiO2,reference,0,0,0.06582374998833984
loose,same_formula,coesite::conventional_standard,coesite,coesite,SiO2,conventional_standard,equivalent_transform,alpha_cristobalite::reference,alpha_cristobalite,alpha_cristobalite,SiO2,reference,0,0,0.023717083036899567
loose,same_formula,coesite::conventional_standard,coesite,coesite,SiO2,conventional_standard,equivalent_transform,coesite::reference,coesite,coesite,SiO2,reference,1,1,0.028172458987683058
loose,same_formula,coesite::niggli_reduced,coesite,coesite,SiO2,niggli_reduced,equivalent_transform,alpha_quartz::reference,alpha_quartz,alpha_quartz,SiO2,reference,0,0,0.10250879195518792
loose,same_formula,coesite::niggli_reduced,coesite,coesite,SiO2,niggli_reduced,equivalent_transform,alpha_cristobalite::reference,alpha_cristobalite,alpha_cristobalite,SiO2,reference,0,0,0.010181833058595657
loose,same_formula,coesite::niggli_reduced,coesite,coesite,SiO2,niggli_reduced,equivalent_transform,coesite::reference,coesite,coesite,SiO2,reference,1,1,0.014172208029776812
loose,same_formula,coesite::origin_shifted,coesite,coesite,SiO2,origin_shifted,equivalent_transform,alpha_quartz::reference,alpha_quartz,alpha_quartz,SiO2,reference,0,0,0.05060600000433624
loose,same_formula,coesite::origin_shifted,coesite,coesite,SiO2,origin_shifted,equivalent_transform,alpha_cristobalite::reference,alpha_cristobalite,alpha_cristobalite,SiO2,reference,0,0,0.010576165979728103
loose,same_formula,coesite::origin_shifted,coesite,coesite,SiO2,origin_shifted,equivalent_transform,coesite::reference,coesite,coesite,SiO2,reference,1,1,0.014481000020168722
loose,same_formula,coesite::permuted_sites,coesite,coesite,SiO2,permuted_sites,equivalent_transform,alpha_quartz::reference,alpha_quartz,alpha_quartz,SiO2,reference,0,0,0.0616394579410553
loose,same_formula,coesite::permuted_sites,coesite,coesite,SiO2,permuted_sites,equivalent_transform,alpha_cristobalite::reference,alpha_cristobalite,alpha_cristobalite,SiO2,reference,0,0,0.019660167046822608
loose,same_formula,coesite::permuted_sites,coesite,coesite,SiO2,permuted_sites,equivalent_transform,coesite::reference,coesite,coesite,SiO2,reference,1,1,0.02397020801436156
loose,same_formula,coesite::supercell_2x1x1,coesite,coesite,SiO2,supercell_2x1x1,equivalent_transform,alpha_quartz::reference,alpha_quartz,alpha_quartz,SiO2,reference,0,0,0.06666304206009954
loose,same_formula,coesite::supercell_2x1x1,coesite,coesite,SiO2,supercell_2x1x1,equivalent_transform,alpha_cristobalite::reference,alpha_cristobalite,alpha_cristobalite,SiO2,reference,0,0,0.023888207972049713
loose,same_formula,coesite::supercell_2x1x1,coesite,coesite,SiO2,supercell_2x1x1,equivalent_transform,coesite::reference,coesite,coesite,SiO2,reference,1,1,0.027161041973158717
loose,same_formula,coesite::coord_noise_0.020A,coesite,coesite,SiO2,coord_noise_0.020A,coordinate_perturbation,alpha_quartz::reference,alpha_quartz,alpha_quartz,SiO2,reference,0,0,0.14781437499914318
loose,same_formula,coesite::coord_noise_0.020A,coesite,coesite,SiO2,coord_noise_0.020A,coordinate_perturbation,alpha_cristobalite::reference,alpha_cristobalite,alpha_cristobalite,SiO2,reference,0,0,0.020699333981610835
loose,same_formula,coesite::coord_noise_0.020A,coesite,coesite,SiO2,coord_noise_0.020A,coordinate_perturbation,coesite::reference,coesite,coesite,SiO2,reference,1,1,0.015364291029982269
loose,same_formula,coesite::coord_noise_0.050A,coesite,coesite,SiO2,coord_noise_0.050A,coordinate_perturbation,alpha_quartz::reference,alpha_quartz,alpha_quartz,SiO2,reference,0,0,0.05166266695596278
loose,same_formula,coesite::coord_noise_0.050A,coesite,coesite,SiO2,coord_noise_0.050A,coordinate_perturbation,alpha_cristobalite::reference,alpha_cristobalite,alpha_cristobalite,SiO2,reference,0,0,0.012167916051112115
loose,same_formula,coesite::coord_noise_0.050A,coesite,coesite,SiO2,coord_noise_0.050A,coordinate_perturbation,coesite::reference,coesite,coesite,SiO2,reference,1,1,0.015432375017553568
loose,same_formula,coesite::coord_noise_0.100A,coesite,coesite,SiO2,coord_noise_0.100A,coordinate_perturbation,alpha_quartz::reference,alpha_quartz,alpha_quartz,SiO2,reference,0,0,0.050868666963651776
loose,same_formula,coesite::coord_noise_0.100A,coesite,coesite,SiO2,coord_noise_0.100A,coordinate_perturbation,alpha_cristobalite::reference,alpha_cristobalite,alpha_cristobalite,SiO2,reference,0,0,0.013310333015397191
loose,same_formula,coesite::coord_noise_0.100A,coesite,coesite,SiO2,coord_noise_0.100A,coordinate_perturbation,coesite::reference,coesite,coesite,SiO2,reference,1,1,0.01530954206828028
loose,same_formula,coesite::lattice_noise_0.010,coesite,coesite,SiO2,lattice_noise_0.010,lattice_perturbation,alpha_quartz::reference,alpha_quartz,alpha_quartz,SiO2,reference,0,0,0.05099158291704953
loose,same_formula,coesite::lattice_noise_0.010,coesite,coesite,SiO2,lattice_noise_0.010,lattice_perturbation,alpha_cristobalite::reference,alpha_cristobalite,alpha_cristobalite,SiO2,reference,0,0,0.009616708033718169
loose,same_formula,coesite::lattice_noise_0.010,coesite,coesite,SiO2,lattice_noise_0.010,lattice_perturbation,coesite::reference,coesite,coesite,SiO2,reference,1,1,0.014404457993805408
loose,same_formula,coesite::lattice_noise_0.020,coesite,coesite,SiO2,lattice_noise_0.020,lattice_perturbation,alpha_quartz::reference,alpha_quartz,alpha_quartz,SiO2,reference,0,0,0.05438558291643858
loose,same_formula,coesite::lattice_noise_0.020,coesite,coesite,SiO2,lattice_noise_0.020,lattice_perturbation,alpha_cristobalite::reference,alpha_cristobalite,alpha_cristobalite,SiO2,reference,0,0,0.009719832916744053
loose,same_formula,coesite::lattice_noise_0.020,coesite,coesite,SiO2,lattice_noise_0.020,lattice_perturbation,coesite::reference,coesite,coesite,SiO2,reference,1,1,0.014361459063366055
loose,same_formula,coesite::lattice_noise_0.050,coesite,coesite,SiO2,lattice_noise_0.050,lattice_perturbation,alpha_quartz::reference,alpha_quartz,alpha_quartz,SiO2,reference,0,0,0.08896062499843538
loose,same_formula,coesite::lattice_noise_0.050,coesite,coesite,SiO2,lattice_noise_0.050,lattice_perturbation,alpha_cristobalite::reference,alpha_cristobalite,alpha_cristobalite,SiO2,reference,0,0,0.016913166968151927
loose,same_formula,coesite::lattice_noise_0.050,coesite,coesite,SiO2,lattice_noise_0.050,lattice_perturbation,coesite::reference,coesite,coesite,SiO2,reference,1,1,0.014911999925971031
loose,same_formula,coesite::combined_noise_0.020A_0.010,coesite,coesite,SiO2,combined_noise_0.020A_0.010,combined_perturbation,alpha_quartz::reference,alpha_quartz,alpha_quartz,SiO2,reference,0,0,0.051575416000559926
loose,same_formula,coesite::combined_noise_0.020A_0.010,coesite,coesite,SiO2,combined_noise_0.020A_0.010,combined_perturbation,alpha_cristobalite::reference,alpha_cristobalite,alpha_cristobalite,SiO2,reference,0,0,0.010496541974134743
loose,same_formula,coesite::combined_noise_0.020A_0.010,coesite,coesite,SiO2,combined_noise_0.020A_0.010,combined_perturbation,coesite::reference,coesite,coesite,SiO2,reference,1,1,0.014745332999154925
loose,same_formula,coesite::combined_noise_0.050A_0.020,coesite,coesite,SiO2,combined_noise_0.050A_0.020,combined_perturbation,alpha_quartz::reference,alpha_quartz,alpha_quartz,SiO2,reference,0,0,0.05243895901367068
loose,same_formula,coesite::combined_noise_0.050A_0.020,coesite,coesite,SiO2,combined_noise_0.050A_0.020,combined_perturbation,alpha_cristobalite::reference,alpha_cristobalite,alpha_cristobalite,SiO2,reference,0,0,0.01039725006558001
loose,same_formula,coesite::combined_noise_0.050A_0.020,coesite,coesite,SiO2,combined_noise_0.050A_0.020,combined_perturbation,coesite::reference,coesite,coesite,SiO2,reference,1,1,0.01383729197550565
loose,same_formula,coesite::combined_noise_0.100A_0.050,coesite,coesite,SiO2,combined_noise_0.100A_0.050,combined_perturbation,alpha_quartz::reference,alpha_quartz,alpha_quartz,SiO2,reference,0,0,0.050658667110837996
loose,same_formula,coesite::combined_noise_0.100A_0.050,coesite,coesite,SiO2,combined_noise_0.100A_0.050,combined_perturbation,alpha_cristobalite::reference,alpha_cristobalite,alpha_cristobalite,SiO2,reference,0,0,0.010457457974553108
loose,same_formula,coesite::combined_noise_0.100A_0.050,coesite,coesite,SiO2,combined_noise_0.100A_0.050,combined_perturbation,coesite::reference,coesite,coesite,SiO2,reference,1,1,0.014602791052311659
loose,same_formula,anatase::conventional_standard,anatase,anatase,TiO2,conventional_standard,equivalent_transform,anatase::reference,anatase,anatase,TiO2,reference,1,1,0.0076148329535499215
loose,same_formula,anatase::conventional_standard,anatase,anatase,TiO2,conventional_standard,equivalent_transform,rutile::reference,rutile,rutile,TiO2,reference,0,0,0.005535540985874832
loose,same_formula,anatase::conventional_standard,anatase,anatase,TiO2,conventional_standard,equivalent_transform,brookite::reference,brookite,brookite,TiO2,reference,0,0,0.06988829199690372
loose,same_formula,anatase::niggli_reduced,anatase,anatase,TiO2,niggli_reduced,equivalent_transform,anatase::reference,anatase,anatase,TiO2,reference,1,1,0.003868208033964038
loose,same_formula,anatase::niggli_reduced,anatase,anatase,TiO2,niggli_reduced,equivalent_transform,rutile::reference,rutile,rutile,TiO2,reference,0,0,0.003217124962247908
loose,same_formula,anatase::niggli_reduced,anatase,anatase,TiO2,niggli_reduced,equivalent_transform,brookite::reference,brookite,brookite,TiO2,reference,0,0,0.1186806249897927
loose,same_formula,anatase::origin_shifted,anatase,anatase,TiO2,origin_shifted,equivalent_transform,anatase::reference,anatase,anatase,TiO2,reference,1,1,0.004035625024698675
loose,same_formula,anatase::origin_shifted,anatase,anatase,TiO2,origin_shifted,equivalent_transform,rutile::reference,rutile,rutile,TiO2,reference,0,0,0.003183458000421524
loose,same_formula,anatase::origin_shifted,anatase,anatase,TiO2,origin_shifted,equivalent_transform,brookite::reference,brookite,brookite,TiO2,reference,0,0,0.07024683395866305
loose,same_formula,anatase::permuted_sites,anatase,anatase,TiO2,permuted_sites,equivalent_transform,anatase::reference,anatase,anatase,TiO2,reference,1,1,0.005922790965996683
loose,same_formula,anatase::permuted_sites,anatase,anatase,TiO2,permuted_sites,equivalent_transform,rutile::reference,rutile,rutile,TiO2,reference,0,0,0.005779125029221177
loose,same_formula,anatase::permuted_sites,anatase,anatase,TiO2,permuted_sites,equivalent_transform,brookite::reference,brookite,brookite,TiO2,reference,0,0,0.07313704199623317
loose,same_formula,anatase::supercell_2x1x1,anatase,anatase,TiO2,supercell_2x1x1,equivalent_transform,anatase::reference,anatase,anatase,TiO2,reference,1,1,0.006914291996508837
loose,same_formula,anatase::supercell_2x1x1,anatase,anatase,TiO2,supercell_2x1x1,equivalent_transform,rutile::reference,rutile,rutile,TiO2,reference,0,0,0.004918750026263297
loose,same_formula,anatase::supercell_2x1x1,anatase,anatase,TiO2,supercell_2x1x1,equivalent_transform,brookite::reference,brookite,brookite,TiO2,reference,0,0,0.07356729102320969
loose,same_formula,anatase::coord_noise_0.020A,anatase,anatase,TiO2,coord_noise_0.020A,coordinate_perturbation,anatase::reference,anatase,anatase,TiO2,reference,1,1,0.0071056250017136335
loose,same_formula,anatase::coord_noise_0.020A,anatase,anatase,TiO2,coord_noise_0.020A,coordinate_perturbation,rutile::reference,rutile,rutile,TiO2,reference,0,0,0.06170766695868224
loose,same_formula,anatase::coord_noise_0.020A,anatase,anatase,TiO2,coord_noise_0.020A,coordinate_perturbation,brookite::reference,brookite,brookite,TiO2,reference,0,0,0.10504062508698553
loose,same_formula,anatase::coord_noise_0.050A,anatase,anatase,TiO2,coord_noise_0.050A,coordinate_perturbation,anatase::reference,anatase,anatase,TiO2,reference,1,1,0.022697417065501213
loose,same_formula,anatase::coord_noise_0.050A,anatase,anatase,TiO2,coord_noise_0.050A,coordinate_perturbation,rutile::reference,rutile,rutile,TiO2,reference,0,0,0.012804833007976413
loose,same_formula,anatase::coord_noise_0.050A,anatase,anatase,TiO2,coord_noise_0.050A,coordinate_perturbation,brookite::reference,brookite,brookite,TiO2,reference,0,0,0.06997620791662484
loose,same_formula,anatase::coord_noise_0.100A,anatase,anatase,TiO2,coord_noise_0.100A,coordinate_perturbation,anatase::reference,anatase,anatase,TiO2,reference,1,1,0.007613375084474683
loose,same_formula,anatase::coord_noise_0.100A,anatase,anatase,TiO2,coord_noise_0.100A,coordinate_perturbation,rutile::reference,rutile,rutile,TiO2,reference,0,0,0.003915584064088762
loose,same_formula,anatase::coord_noise_0.100A,anatase,anatase,TiO2,coord_noise_0.100A,coordinate_perturbation,brookite::reference,brookite,brookite,TiO2,reference,0,0,0.12465391692239791
loose,same_formula,anatase::lattice_noise_0.010,anatase,anatase,TiO2,lattice_noise_0.010,lattice_perturbation,anatase::reference,anatase,anatase,TiO2,reference,1,1,0.005355707951821387
loose,same_formula,anatase::lattice_noise_0.010,anatase,anatase,TiO2,lattice_noise_0.010,lattice_perturbation,rutile::reference,rutile,rutile,TiO2,reference,0,0,0.0034607499837875366
loose,same_formula,anatase::lattice_noise_0.010,anatase,anatase,TiO2,lattice_noise_0.010,lattice_perturbation,brookite::reference,brookite,brookite,TiO2,reference,0,0,0.07420387491583824
loose,same_formula,anatase::lattice_noise_0.020,anatase,anatase,TiO2,lattice_noise_0.020,lattice_perturbation,anatase::reference,anatase,anatase,TiO2,reference,1,1,0.005739832995459437
loose,same_formula,anatase::lattice_noise_0.020,anatase,anatase,TiO2,lattice_noise_0.020,lattice_perturbation,rutile::reference,rutile,rutile,TiO2,reference,0,0,0.0033917080145329237
loose,same_formula,anatase::lattice_noise_0.020,anatase,anatase,TiO2,lattice_noise_0.020,lattice_perturbation,brookite::reference,brookite,brookite,TiO2,reference,0,0,0.07382245792541653
loose,same_formula,anatase::lattice_noise_0.050,anatase,anatase,TiO2,lattice_noise_0.050,lattice_perturbation,anatase::reference,anatase,anatase,TiO2,reference,1,1,0.0055199580965563655
loose,same_formula,anatase::lattice_noise_0.050,anatase,anatase,TiO2,lattice_noise_0.050,lattice_perturbation,rutile::reference,rutile,rutile,TiO2,reference,0,0,0.0037620830116793513
loose,same_formula,anatase::lattice_noise_0.050,anatase,anatase,TiO2,lattice_noise_0.050,lattice_perturbation,brookite::reference,brookite,brookite,TiO2,reference,0,0,0.12197862495668232
loose,same_formula,anatase::combined_noise_0.020A_0.010,anatase,anatase,TiO2,combined_noise_0.020A_0.010,combined_perturbation,anatase::reference,anatase,anatase,TiO2,reference,1,1,0.004536332911811769
loose,same_formula,anatase::combined_noise_0.020A_0.010,anatase,anatase,TiO2,combined_noise_0.020A_0.010,combined_perturbation,rutile::reference,rutile,rutile,TiO2,reference,0,0,0.00483750004786998
loose,same_formula,anatase::combined_noise_0.020A_0.010,anatase,anatase,TiO2,combined_noise_0.020A_0.010,combined_perturbation,brookite::reference,brookite,brookite,TiO2,reference,0,0,0.07494837499689311
loose,same_formula,anatase::combined_noise_0.050A_0.020,anatase,anatase,TiO2,combined_noise_0.050A_0.020,combined_perturbation,anatase::reference,anatase,anatase,TiO2,reference,1,1,0.005235917051322758
loose,same_formula,anatase::combined_noise_0.050A_0.020,anatase,anatase,TiO2,combined_noise_0.050A_0.020,combined_perturbation,rutile::reference,rutile,rutile,TiO2,reference,0,0,0.004886707989498973
loose,same_formula,anatase::combined_noise_0.050A_0.020,anatase,anatase,TiO2,combined_noise_0.050A_0.020,combined_perturbation,brookite::reference,brookite,brookite,TiO2,reference,0,0,0.08138712495565414
loose,same_formula,anatase::combined_noise_0.100A_0.050,anatase,anatase,TiO2,combined_noise_0.100A_0.050,combined_perturbation,anatase::reference,anatase,anatase,TiO2,reference,1,1,0.004868209012784064
loose,same_formula,anatase::combined_noise_0.100A_0.050,anatase,anatase,TiO2,combined_noise_0.100A_0.050,combined_perturbation,rutile::reference,rutile,rutile,TiO2,reference,0,0,0.0037420419976115227
loose,same_formula,anatase::combined_noise_0.100A_0.050,anatase,anatase,TiO2,combined_noise_0.100A_0.050,combined_perturbation,brookite::reference,brookite,brookite,TiO2,reference,0,0,0.09478995797690004
loose,same_formula,rutile::conventional_standard,rutile,rutile,TiO2,conventional_standard,equivalent_transform,anatase::reference,anatase,anatase,TiO2,reference,0,0,0.007258374942466617
loose,same_formula,rutile::conventional_standard,rutile,rutile,TiO2,conventional_standard,equivalent_transform,rutile::reference,rutile,rutile,TiO2,reference,1,1,0.009472290985286236
loose,same_formula,rutile::conventional_standard,rutile,rutile,TiO2,conventional_standard,equivalent_transform,brookite::reference,brookite,brookite,TiO2,reference,0,0,0.15160891704726964
loose,same_formula,rutile::niggli_reduced,rutile,rutile,TiO2,niggli_reduced,equivalent_transform,anatase::reference,anatase,anatase,TiO2,reference,0,0,0.005032874993048608
loose,same_formula,rutile::niggli_reduced,rutile,rutile,TiO2,niggli_reduced,equivalent_transform,rutile::reference,rutile,rutile,TiO2,reference,1,1,0.00614308298099786
loose,same_formula,rutile::niggli_reduced,rutile,rutile,TiO2,niggli_reduced,equivalent_transform,brookite::reference,brookite,brookite,TiO2,reference,0,0,0.18569254106841981
loose,same_formula,rutile::origin_shifted,rutile,rutile,TiO2,origin_shifted,equivalent_transform,anatase::reference,anatase,anatase,TiO2,reference,0,0,0.005255666910670698
loose,same_formula,rutile::origin_shifted,rutile,rutile,TiO2,origin_shifted,equivalent_transform,rutile::reference,rutile,rutile,TiO2,reference,1,1,0.006496540969237685
loose,same_formula,rutile::origin_shifted,rutile,rutile,TiO2,origin_shifted,equivalent_transform,brookite::reference,brookite,brookite,TiO2,reference,0,0,0.11493433301802725
loose,same_formula,rutile::permuted_sites,rutile,rutile,TiO2,permuted_sites,equivalent_transform,anatase::reference,anatase,anatase,TiO2,reference,0,0,0.01048937498126179
loose,same_formula,rutile::permuted_sites,rutile,rutile,TiO2,permuted_sites,equivalent_transform,rutile::reference,rutile,rutile,TiO2,reference,1,1,0.011883832979947329
loose,same_formula,rutile::permuted_sites,rutile,rutile,TiO2,permuted_sites,equivalent_transform,brookite::reference,brookite,brookite,TiO2,reference,0,0,0.11785008397419006
loose,same_formula,rutile::supercell_2x1x1,rutile,rutile,TiO2,supercell_2x1x1,equivalent_transform,anatase::reference,anatase,anatase,TiO2,reference,0,0,0.006240457994863391
loose,same_formula,rutile::supercell_2x1x1,rutile,rutile,TiO2,supercell_2x1x1,equivalent_transform,rutile::reference,rutile,rutile,TiO2,reference,1,1,0.007549624890089035
loose,same_formula,rutile::supercell_2x1x1,rutile,rutile,TiO2,supercell_2x1x1,equivalent_transform,brookite::reference,brookite,brookite,TiO2,reference,0,0,0.17152320896275342
loose,same_formula,rutile::coord_noise_0.020A,rutile,rutile,TiO2,coord_noise_0.020A,coordinate_perturbation,anatase::reference,anatase,anatase,TiO2,reference,0,0,0.00539545901119709
loose,same_formula,rutile::coord_noise_0.020A,rutile,rutile,TiO2,coord_noise_0.020A,coordinate_perturbation,rutile::reference,rutile,rutile,TiO2,reference,1,1,0.0072677499847486615
loose,same_formula,rutile::coord_noise_0.020A,rutile,rutile,TiO2,coord_noise_0.020A,coordinate_perturbation,brookite::reference,brookite,brookite,TiO2,reference,0,0,0.10223183396738023
loose,same_formula,rutile::coord_noise_0.050A,rutile,rutile,TiO2,coord_noise_0.050A,coordinate_perturbation,anatase::reference,anatase,anatase,TiO2,reference,0,0,0.005024917074479163
loose,same_formula,rutile::coord_noise_0.050A,rutile,rutile,TiO2,coord_noise_0.050A,coordinate_perturbation,rutile::reference,rutile,rutile,TiO2,reference,1,1,0.00639416603371501
loose,same_formula,rutile::coord_noise_0.050A,rutile,rutile,TiO2,coord_noise_0.050A,coordinate_perturbation,brookite::reference,brookite,brookite,TiO2,reference,0,0,0.10655999998562038
loose,same_formula,rutile::coord_noise_0.100A,rutile,rutile,TiO2,coord_noise_0.100A,coordinate_perturbation,anatase::reference,anatase,anatase,TiO2,reference,0,0,0.006378374993801117
loose,same_formula,rutile::coord_noise_0.100A,rutile,rutile,TiO2,coord_noise_0.100A,coordinate_perturbation,rutile::reference,rutile,rutile,TiO2,reference,1,1,0.007737500010989606
loose,same_formula,rutile::coord_noise_0.100A,rutile,rutile,TiO2,coord_noise_0.100A,coordinate_perturbation,brookite::reference,brookite,brookite,TiO2,reference,0,0,0.10373500001151115
loose,same_formula,rutile::lattice_noise_0.010,rutile,rutile,TiO2,lattice_noise_0.010,lattice_perturbation,anatase::reference,anatase,anatase,TiO2,reference,0,0,0.006388708017766476
loose,same_formula,rutile::lattice_noise_0.010,rutile,rutile,TiO2,lattice_noise_0.010,lattice_perturbation,rutile::reference,rutile,rutile,TiO2,reference,1,1,0.006921916035935283
loose,same_formula,rutile::lattice_noise_0.010,rutile,rutile,TiO2,lattice_noise_0.010,lattice_perturbation,brookite::reference,brookite,brookite,TiO2,reference,0,0,0.1831075829686597
loose,same_formula,rutile::lattice_noise_0.020,rutile,rutile,TiO2,lattice_noise_0.020,lattice_perturbation,anatase::reference,anatase,anatase,TiO2,reference,0,0,0.010009834077209234
loose,same_formula,rutile::lattice_noise_0.020,rutile,rutile,TiO2,lattice_noise_0.020,lattice_perturbation,rutile::reference,rutile,rutile,TiO2,reference,1,1,0.009047625004313886
loose,same_formula,rutile::lattice_noise_0.020,rutile,rutile,TiO2,lattice_noise_0.020,lattice_perturbation,brookite::reference,brookite,brookite,TiO2,reference,0,0,0.11254687490873039
loose,same_formula,rutile::lattice_noise_0.050,rutile,rutile,TiO2,lattice_noise_0.050,lattice_perturbation,anatase::reference,anatase,anatase,TiO2,reference,0,0,0.005461125052534044
loose,same_formula,rutile::lattice_noise_0.050,rutile,rutile,TiO2,lattice_noise_0.050,lattice_perturbation,rutile::reference,rutile,rutile,TiO2,reference,1,1,0.0062384160701185465
loose,same_formula,rutile::lattice_noise_0.050,rutile,rutile,TiO2,lattice_noise_0.050,lattice_perturbation,brookite::reference,brookite,brookite,TiO2,reference,0,0,0.22838125005364418
loose,same_formula,rutile::combined_noise_0.020A_0.010,rutile,rutile,TiO2,combined_noise_0.020A_0.010,combined_perturbation,anatase::reference,anatase,anatase,TiO2,reference,0,0,0.0060614170506596565
loose,same_formula,rutile::combined_noise_0.020A_0.010,rutile,rutile,TiO2,combined_noise_0.020A_0.010,combined_perturbation,rutile::reference,rutile,rutile,TiO2,reference,1,1,0.00685262493789196
loose,same_formula,rutile::combined_noise_0.020A_0.010,rutile,rutile,TiO2,combined_noise_0.020A_0.010,combined_perturbation,brookite::reference,brookite,brookite,TiO2,reference,0,0,0.19184116600081325
loose,same_formula,rutile::combined_noise_0.050A_0.020,rutile,rutile,TiO2,combined_noise_0.050A_0.020,combined_perturbation,anatase::reference,anatase,anatase,TiO2,reference,0,0,0.006367875030264258
loose,same_formula,rutile::combined_noise_0.050A_0.020,rutile,rutile,TiO2,combined_noise_0.050A_0.020,combined_perturbation,rutile::reference,rutile,rutile,TiO2,reference,1,1,0.006060083047486842
loose,same_formula,rutile::combined_noise_0.050A_0.020,rutile,rutile,TiO2,combined_noise_0.050A_0.020,combined_perturbation,brookite::reference,brookite,brookite,TiO2,reference,0,0,0.11631924996618181
loose,same_formula,rutile::combined_noise_0.100A_0.050,rutile,rutile,TiO2,combined_noise_0.100A_0.050,combined_perturbation,anatase::reference,anatase,anatase,TiO2,reference,0,0,0.005657917005009949
loose,same_formula,rutile::combined_noise_0.100A_0.050,rutile,rutile,TiO2,combined_noise_0.100A_0.050,combined_perturbation,rutile::reference,rutile,rutile,TiO2,reference,1,1,0.007408500066958368
loose,same_formula,rutile::combined_noise_0.100A_0.050,rutile,rutile,TiO2,combined_noise_0.100A_0.050,combined_perturbation,brookite::reference,brookite,brookite,TiO2,reference,0,0,0.1116989579750225
loose,same_formula,brookite::conventional_standard,brookite,brookite,TiO2,conventional_standard,equivalent_transform,anatase::reference,anatase,anatase,TiO2,reference,0,0,0.14570916700176895
loose,same_formula,brookite::conventional_standard,brookite,brookite,TiO2,conventional_standard,equivalent_transform,rutile::reference,rutile,rutile,TiO2,reference,0,0,0.2741679579485208
loose,same_formula,brookite::conventional_standard,brookite,brookite,TiO2,conventional_standard,equivalent_transform,brookite::reference,brookite,brookite,TiO2,reference,1,1,0.04004658292979002
loose,same_formula,brookite::niggli_reduced,brookite,brookite,TiO2,niggli_reduced,equivalent_transform,anatase::reference,anatase,anatase,TiO2,reference,0,0,0.16124279191717505
loose,same_formula,brookite::niggli_reduced,brookite,brookite,TiO2,niggli_reduced,equivalent_transform,rutile::reference,rutile,rutile,TiO2,reference,0,0,0.34236387501005083
loose,same_formula,brookite::niggli_reduced,brookite,brookite,TiO2,niggli_reduced,equivalent_transform,brookite::reference,brookite,brookite,TiO2,reference,1,1,0.027732708025723696
loose,same_formula,brookite::origin_shifted,brookite,brookite,TiO2,origin_shifted,equivalent_transform,anatase::reference,anatase,anatase,TiO2,reference,0,0,0.1876521660014987
loose,same_formula,brookite::origin_shifted,brookite,brookite,TiO2,origin_shifted,equivalent_transform,rutile::reference,rutile,rutile,TiO2,reference,0,0,0.3680824999464676
loose,same_formula,brookite::origin_shifted,brookite,brookite,TiO2,origin_shifted,equivalent_transform,brookite::reference,brookite,brookite,TiO2,reference,1,1,0.040426791994832456
loose,same_formula,brookite::permuted_sites,brookite,brookite,TiO2,permuted_sites,equivalent_transform,anatase::reference,anatase,anatase,TiO2,reference,0,0,0.35836420801933855
loose,same_formula,brookite::permuted_sites,brookite,brookite,TiO2,permuted_sites,equivalent_transform,rutile::reference,rutile,rutile,TiO2,reference,0,0,0.36012874997686595
loose,same_formula,brookite::permuted_sites,brookite,brookite,TiO2,permuted_sites,equivalent_transform,brookite::reference,brookite,brookite,TiO2,reference,1,1,0.050211334018968046
loose,same_formula,brookite::supercell_2x1x1,brookite,brookite,TiO2,supercell_2x1x1,equivalent_transform,anatase::reference,anatase,anatase,TiO2,reference,0,0,0.4857852909481153
loose,same_formula,brookite::supercell_2x1x1,brookite,brookite,TiO2,supercell_2x1x1,equivalent_transform,rutile::reference,rutile,rutile,TiO2,reference,0,0,0.41201716603245586
loose,same_formula,brookite::supercell_2x1x1,brookite,brookite,TiO2,supercell_2x1x1,equivalent_transform,brookite::reference,brookite,brookite,TiO2,reference,1,1,0.28933154104743153
loose,same_formula,brookite::coord_noise_0.020A,brookite,brookite,TiO2,coord_noise_0.020A,coordinate_perturbation,anatase::reference,anatase,anatase,TiO2,reference,0,0,0.3604061669902876
loose,same_formula,brookite::coord_noise_0.020A,brookite,brookite,TiO2,coord_noise_0.020A,coordinate_perturbation,rutile::reference,rutile,rutile,TiO2,reference,0,0,0.1936323749832809
loose,same_formula,brookite::coord_noise_0.020A,brookite,brookite,TiO2,coord_noise_0.020A,coordinate_perturbation,brookite::reference,brookite,brookite,TiO2,reference,1,1,0.0367033330257982
loose,same_formula,brookite::coord_noise_0.050A,brookite,brookite,TiO2,coord_noise_0.050A,coordinate_perturbation,anatase::reference,anatase,anatase,TiO2,reference,0,0,0.16763162496499717
loose,same_formula,brookite::coord_noise_0.050A,brookite,brookite,TiO2,coord_noise_0.050A,coordinate_perturbation,rutile::reference,rutile,rutile,TiO2,reference,0,0,0.5654979998944327
loose,same_formula,brookite::coord_noise_0.050A,brookite,brookite,TiO2,coord_noise_0.050A,coordinate_perturbation,brookite::reference,brookite,brookite,TiO2,reference,1,1,0.03684237494599074
loose,same_formula,brookite::coord_noise_0.100A,brookite,brookite,TiO2,coord_noise_0.100A,coordinate_perturbation,anatase::reference,anatase,anatase,TiO2,reference,0,0,0.258099333033897
loose,same_formula,brookite::coord_noise_0.100A,brookite,brookite,TiO2,coord_noise_0.100A,coordinate_perturbation,rutile::reference,rutile,rutile,TiO2,reference,0,0,0.2782420419389382
loose,same_formula,brookite::coord_noise_0.100A,brookite,brookite,TiO2,coord_noise_0.100A,coordinate_perturbation,brookite::reference,brookite,brookite,TiO2,reference,1,1,0.030948208062909544
loose,same_formula,brookite::lattice_noise_0.010,brookite,brookite,TiO2,lattice_noise_0.010,lattice_perturbation,anatase::reference,anatase,anatase,TiO2,reference,0,0,0.1418435829691589
loose,same_formula,brookite::lattice_noise_0.010,brookite,brookite,TiO2,lattice_noise_0.010,lattice_perturbation,rutile::reference,rutile,rutile,TiO2,reference,0,0,0.34501141705550253
loose,same_formula,brookite::lattice_noise_0.010,brookite,brookite,TiO2,lattice_noise_0.010,lattice_perturbation,brookite::reference,brookite,brookite,TiO2,reference,1,1,0.03238712495658547
loose,same_formula,brookite::lattice_noise_0.020,brookite,brookite,TiO2,lattice_noise_0.020,lattice_perturbation,anatase::reference,anatase,anatase,TiO2,reference,0,0,0.15172470803372562
loose,same_formula,brookite::lattice_noise_0.020,brookite,brookite,TiO2,lattice_noise_0.020,lattice_perturbation,rutile::reference,rutile,rutile,TiO2,reference,0,0,0.3298369999974966
loose,same_formula,brookite::lattice_noise_0.020,brookite,brookite,TiO2,lattice_noise_0.020,lattice_perturbation,brookite::reference,brookite,brookite,TiO2,reference,1,1,0.04069612501189113
loose,same_formula,brookite::lattice_noise_0.050,brookite,brookite,TiO2,lattice_noise_0.050,lattice_perturbation,anatase::reference,anatase,anatase,TiO2,reference,0,0,0.17063362488988787
loose,same_formula,brookite::lattice_noise_0.050,brookite,brookite,TiO2,lattice_noise_0.050,lattice_perturbation,rutile::reference,rutile,rutile,TiO2,reference,0,0,0.18284358398523182
loose,same_formula,brookite::lattice_noise_0.050,brookite,brookite,TiO2,lattice_noise_0.050,lattice_perturbation,brookite::reference,brookite,brookite,TiO2,reference,1,1,0.02870512497611344
loose,same_formula,brookite::combined_noise_0.020A_0.010,brookite,brookite,TiO2,combined_noise_0.020A_0.010,combined_perturbation,anatase::reference,anatase,anatase,TiO2,reference,0,0,0.20316745794843882
loose,same_formula,brookite::combined_noise_0.020A_0.010,brookite,brookite,TiO2,combined_noise_0.020A_0.010,combined_perturbation,rutile::reference,rutile,rutile,TiO2,reference,0,0,0.16372125002089888
loose,same_formula,brookite::combined_noise_0.020A_0.010,brookite,brookite,TiO2,combined_noise_0.020A_0.010,combined_perturbation,brookite::reference,brookite,brookite,TiO2,reference,1,1,0.02392129204235971
loose,same_formula,brookite::combined_noise_0.050A_0.020,brookite,brookite,TiO2,combined_noise_0.050A_0.020,combined_perturbation,anatase::reference,anatase,anatase,TiO2,reference,0,0,0.2860780420014635
loose,same_formula,brookite::combined_noise_0.050A_0.020,brookite,brookite,TiO2,combined_noise_0.050A_0.020,combined_perturbation,rutile::reference,rutile,rutile,TiO2,reference,0,0,0.18321479205042124
loose,same_formula,brookite::combined_noise_0.050A_0.020,brookite,brookite,TiO2,combined_noise_0.050A_0.020,combined_perturbation,brookite::reference,brookite,brookite,TiO2,reference,1,1,0.025086125009693205
loose,same_formula,brookite::combined_noise_0.100A_0.050,brookite,brookite,TiO2,combined_noise_0.100A_0.050,combined_perturbation,anatase::reference,anatase,anatase,TiO2,reference,0,0,0.4240907500497997
loose,same_formula,brookite::combined_noise_0.100A_0.050,brookite,brookite,TiO2,combined_noise_0.100A_0.050,combined_perturbation,rutile::reference,rutile,rutile,TiO2,reference,0,0,0.2993720839731395
loose,same_formula,brookite::combined_noise_0.100A_0.050,brookite,brookite,TiO2,combined_noise_0.100A_0.050,combined_perturbation,brookite::reference,brookite,brookite,TiO2,reference,1,1,0.030816999962553382
