setting,bucket,query_id,query_parent_id,query_display_name,query_family_name,query_variant,query_variant_family,query_noise_group,true_parent_matched,candidate_count,num_matches,timeout_count,false_positives,false_negatives,matched_reference_ids,query_runtime_seconds
strict,small,small::mp-1008374::conventional_standard,mp-1008374,mp-1008374,C,conventional_standard,equivalent_transform,no_noise,1,20,1,0,0,0,small::mp-1008374::reference,0.1224098764359951
strict,small,small::mp-1008374::niggli_reduced,mp-1008374,mp-1008374,C,niggli_reduced,equivalent_transform,no_noise,1,20,1,0,0,0,small::mp-1008374::reference,0.03354813531041145
strict,small,small::mp-1008374::origin_shifted,mp-1008374,mp-1008374,C,origin_shifted,equivalent_transform,no_noise,1,20,1,0,0,0,small::mp-1008374::reference,0.03565182909369469
strict,small,small::mp-1008374::permuted_sites,mp-1008374,mp-1008374,C,permuted_sites,equivalent_transform,no_noise,1,20,1,0,0,0,small::mp-1008374::reference,0.041371116414666176
strict,small,small::mp-1008374::combined_noise_0.002A_0.003,mp-1008374,mp-1008374,C,combined_noise_0.002A_0.003,combined_perturbation,noise,1,20,1,0,0,0,small::mp-1008374::reference,0.034342944622039795
strict,small,small::mp-1008374::combined_noise_0.015A_0.003,mp-1008374,mp-1008374,C,combined_noise_0.015A_0.003,combined_perturbation,noise,1,20,1,0,0,0,small::mp-1008374::reference,0.03522445820271969
strict,small,small::mp-1008374::combined_noise_0.050A_0.003,mp-1008374,mp-1008374,C,combined_noise_0.050A_0.003,combined_perturbation,noise,1,20,1,0,0,0,small::mp-1008374::reference,0.03550048917531967
strict,small,small::mp-1008374::combined_noise_0.002A_0.010,mp-1008374,mp-1008374,C,combined_noise_0.002A_0.010,combined_perturbation,noise,1,20,1,0,0,0,small::mp-1008374::reference,0.03656046651303768
strict,small,small::mp-1008374::combined_noise_0.015A_0.010,mp-1008374,mp-1008374,C,combined_noise_0.015A_0.010,combined_perturbation,noise,1,20,1,0,0,0,small::mp-1008374::reference,0.03541538678109646
strict,small,small::mp-1008374::combined_noise_0.050A_0.010,mp-1008374,mp-1008374,C,combined_noise_0.050A_0.010,combined_perturbation,noise,1,20,1,0,0,0,small::mp-1008374::reference,0.03537613898515701
strict,small,small::mp-1008374::combined_noise_0.002A_0.030,mp-1008374,mp-1008374,C,combined_noise_0.002A_0.030,combined_perturbation,noise,1,20,1,0,0,0,small::mp-1008374::reference,0.035961199551820755
strict,small,small::mp-1008374::combined_noise_0.015A_0.030,mp-1008374,mp-1008374,C,combined_noise_0.015A_0.030,combined_perturbation,noise,1,20,1,0,0,0,small::mp-1008374::reference,0.0362103097140789
strict,small,small::mp-1008374::combined_noise_0.050A_0.030,mp-1008374,mp-1008374,C,combined_noise_0.050A_0.030,combined_perturbation,noise,1,20,1,0,0,0,small::mp-1008374::reference,0.0373324416577816
strict,small,small::mp-1008395::conventional_standard,mp-1008395,mp-1008395,C,conventional_standard,equivalent_transform,no_noise,1,20,1,0,0,0,small::mp-1008395::reference,0.04600667208433151
strict,small,small::mp-1008395::niggli_reduced,mp-1008395,mp-1008395,C,niggli_reduced,equivalent_transform,no_noise,1,20,1,0,0,0,small::mp-1008395::reference,0.039671143516898155
strict,small,small::mp-1008395::origin_shifted,mp-1008395,mp-1008395,C,origin_shifted,equivalent_transform,no_noise,1,20,1,0,0,0,small::mp-1008395::reference,0.044571200385689735
strict,small,small::mp-1008395::permuted_sites,mp-1008395,mp-1008395,C,permuted_sites,equivalent_transform,no_noise,1,20,1,0,0,0,small::mp-1008395::reference,0.05429608374834061
strict,small,small::mp-1008395::combined_noise_0.002A_0.003,mp-1008395,mp-1008395,C,combined_noise_0.002A_0.003,combined_perturbation,noise,1,20,1,0,0,0,small::mp-1008395::reference,0.04163565672934055
strict,small,small::mp-1008395::combined_noise_0.015A_0.003,mp-1008395,mp-1008395,C,combined_noise_0.015A_0.003,combined_perturbation,noise,1,20,1,0,0,0,small::mp-1008395::reference,0.04221149906516075
strict,small,small::mp-1008395::combined_noise_0.050A_0.003,mp-1008395,mp-1008395,C,combined_noise_0.050A_0.003,combined_perturbation,noise,1,20,1,0,0,0,small::mp-1008395::reference,0.042177606374025345
strict,small,small::mp-1008395::combined_noise_0.002A_0.010,mp-1008395,mp-1008395,C,combined_noise_0.002A_0.010,combined_perturbation,noise,1,20,1,0,0,0,small::mp-1008395::reference,0.042178068310022354
strict,small,small::mp-1008395::combined_noise_0.015A_0.010,mp-1008395,mp-1008395,C,combined_noise_0.015A_0.010,combined_perturbation,noise,1,20,1,0,0,0,small::mp-1008395::reference,0.04175164736807346
strict,small,small::mp-1008395::combined_noise_0.050A_0.010,mp-1008395,mp-1008395,C,combined_noise_0.050A_0.010,combined_perturbation,noise,1,20,1,0,0,0,small::mp-1008395::reference,0.04164687544107437
strict,small,small::mp-1008395::combined_noise_0.002A_0.030,mp-1008395,mp-1008395,C,combined_noise_0.002A_0.030,combined_perturbation,noise,1,20,1,0,0,0,small::mp-1008395::reference,0.04218025505542755
strict,small,small::mp-1008395::combined_noise_0.015A_0.030,mp-1008395,mp-1008395,C,combined_noise_0.015A_0.030,combined_perturbation,noise,1,20,1,0,0,0,small::mp-1008395::reference,0.041973017156124115
strict,small,small::mp-1008395::combined_noise_0.050A_0.030,mp-1008395,mp-1008395,C,combined_noise_0.050A_0.030,combined_perturbation,noise,1,20,1,0,0,0,small::mp-1008395::reference,0.04196552745997906
strict,small,small::mp-1018088::conventional_standard,mp-1018088,mp-1018088,C,conventional_standard,equivalent_transform,no_noise,1,20,1,0,0,0,small::mp-1018088::reference,0.04239785671234131
strict,small,small::mp-1018088::niggli_reduced,mp-1018088,mp-1018088,C,niggli_reduced,equivalent_transform,no_noise,1,20,1,0,0,0,small::mp-1018088::reference,0.04058440960943699
strict,small,small::mp-1018088::origin_shifted,mp-1018088,mp-1018088,C,origin_shifted,equivalent_transform,no_noise,1,20,1,0,0,0,small::mp-1018088::reference,0.04283546097576618
strict,small,small::mp-1018088::permuted_sites,mp-1018088,mp-1018088,C,permuted_sites,equivalent_transform,no_noise,1,20,1,0,0,0,small::mp-1018088::reference,0.04876240715384483
strict,small,small::mp-1018088::combined_noise_0.002A_0.003,mp-1018088,mp-1018088,C,combined_noise_0.002A_0.003,combined_perturbation,noise,1,20,1,0,0,0,small::mp-1018088::reference,0.04032369516789913
strict,small,small::mp-1018088::combined_noise_0.015A_0.003,mp-1018088,mp-1018088,C,combined_noise_0.015A_0.003,combined_perturbation,noise,1,20,1,0,0,0,small::mp-1018088::reference,0.0399056039750576
strict,small,small::mp-1018088::combined_noise_0.050A_0.003,mp-1018088,mp-1018088,C,combined_noise_0.050A_0.003,combined_perturbation,noise,1,20,1,0,0,0,small::mp-1018088::reference,0.03999445587396622
strict,small,small::mp-1018088::combined_noise_0.002A_0.010,mp-1018088,mp-1018088,C,combined_noise_0.002A_0.010,combined_perturbation,noise,1,20,1,0,0,0,small::mp-1018088::reference,0.04003790393471718
strict,small,small::mp-1018088::combined_noise_0.015A_0.010,mp-1018088,mp-1018088,C,combined_noise_0.015A_0.010,combined_perturbation,noise,1,20,1,0,0,0,small::mp-1018088::reference,0.04035589657723904
strict,small,small::mp-1018088::combined_noise_0.050A_0.010,mp-1018088,mp-1018088,C,combined_noise_0.050A_0.010,combined_perturbation,noise,1,20,1,0,0,0,small::mp-1018088::reference,0.040616974234580994
strict,small,small::mp-1018088::combined_noise_0.002A_0.030,mp-1018088,mp-1018088,C,combined_noise_0.002A_0.030,combined_perturbation,noise,0,20,0,0,0,1,,0.04276681877672672
strict,small,small::mp-1018088::combined_noise_0.015A_0.030,mp-1018088,mp-1018088,C,combined_noise_0.015A_0.030,combined_perturbation,noise,1,20,1,0,0,0,small::mp-1018088::reference,0.042394328862428665
strict,small,small::mp-1018088::combined_noise_0.050A_0.030,mp-1018088,mp-1018088,C,combined_noise_0.050A_0.030,combined_perturbation,noise,1,20,1,0,0,0,small::mp-1018088::reference,0.04388554021716118
strict,small,small::mp-1040425::conventional_standard,mp-1040425,mp-1040425,C,conventional_standard,equivalent_transform,no_noise,1,20,1,0,0,0,small::mp-1040425::reference,0.04008975438773632
strict,small,small::mp-1040425::niggli_reduced,mp-1040425,mp-1040425,C,niggli_reduced,equivalent_transform,no_noise,1,20,1,0,0,0,small::mp-1040425::reference,0.035089489072561264
strict,small,small::mp-1040425::origin_shifted,mp-1040425,mp-1040425,C,origin_shifted,equivalent_transform,no_noise,1,20,1,0,0,0,small::mp-1040425::reference,0.03999338485300541
strict,small,small::mp-1040425::permuted_sites,mp-1040425,mp-1040425,C,permuted_sites,equivalent_transform,no_noise,1,20,1,0,0,0,small::mp-1040425::reference,0.03945517726242542
strict,small,small::mp-1040425::combined_noise_0.002A_0.003,mp-1040425,mp-1040425,C,combined_noise_0.002A_0.003,combined_perturbation,noise,1,20,1,0,0,0,small::mp-1040425::reference,0.03871072456240654
strict,small,small::mp-1040425::combined_noise_0.015A_0.003,mp-1040425,mp-1040425,C,combined_noise_0.015A_0.003,combined_perturbation,noise,1,20,1,0,0,0,small::mp-1040425::reference,0.03817613236606121
strict,small,small::mp-1040425::combined_noise_0.050A_0.003,mp-1040425,mp-1040425,C,combined_noise_0.050A_0.003,combined_perturbation,noise,1,20,1,0,0,0,small::mp-1040425::reference,0.03846467286348343
strict,small,small::mp-1040425::combined_noise_0.002A_0.010,mp-1040425,mp-1040425,C,combined_noise_0.002A_0.010,combined_perturbation,noise,1,20,1,0,0,0,small::mp-1040425::reference,0.03923645243048668
strict,small,small::mp-1040425::combined_noise_0.015A_0.010,mp-1040425,mp-1040425,C,combined_noise_0.015A_0.010,combined_perturbation,noise,1,20,1,0,0,0,small::mp-1040425::reference,0.03932560421526432
strict,small,small::mp-1040425::combined_noise_0.050A_0.010,mp-1040425,mp-1040425,C,combined_noise_0.050A_0.010,combined_perturbation,noise,1,20,1,0,0,0,small::mp-1040425::reference,0.040153564885258675
strict,small,small::mp-1040425::combined_noise_0.002A_0.030,mp-1040425,mp-1040425,C,combined_noise_0.002A_0.030,combined_perturbation,noise,0,20,0,0,0,1,,0.03758608177304268
strict,small,small::mp-1040425::combined_noise_0.015A_0.030,mp-1040425,mp-1040425,C,combined_noise_0.015A_0.030,combined_perturbation,noise,1,20,1,0,0,0,small::mp-1040425::reference,0.040700215846300125
strict,small,small::mp-1040425::combined_noise_0.050A_0.030,mp-1040425,mp-1040425,C,combined_noise_0.050A_0.030,combined_perturbation,noise,1,20,1,0,0,0,small::mp-1040425::reference,0.04005052335560322
strict,small,small::mp-1056957::conventional_standard,mp-1056957,mp-1056957,C,conventional_standard,equivalent_transform,no_noise,1,20,1,0,0,0,small::mp-1056957::reference,0.04959491826593876
strict,small,small::mp-1056957::niggli_reduced,mp-1056957,mp-1056957,C,niggli_reduced,equivalent_transform,no_noise,1,20,1,0,0,0,small::mp-1056957::reference,0.043888410553336143
strict,small,small::mp-1056957::origin_shifted,mp-1056957,mp-1056957,C,origin_shifted,equivalent_transform,no_noise,1,20,1,0,0,0,small::mp-1056957::reference,0.0448470413684845
strict,small,small::mp-1056957::permuted_sites,mp-1056957,mp-1056957,C,permuted_sites,equivalent_transform,no_noise,1,20,1,0,0,0,small::mp-1056957::reference,0.04841168597340584
strict,small,small::mp-1056957::combined_noise_0.002A_0.003,mp-1056957,mp-1056957,C,combined_noise_0.002A_0.003,combined_perturbation,noise,1,20,1,0,0,0,small::mp-1056957::reference,0.04221172817051411
strict,small,small::mp-1056957::combined_noise_0.015A_0.003,mp-1056957,mp-1056957,C,combined_noise_0.015A_0.003,combined_perturbation,noise,1,20,1,0,0,0,small::mp-1056957::reference,0.039473630487918854
strict,small,small::mp-1056957::combined_noise_0.050A_0.003,mp-1056957,mp-1056957,C,combined_noise_0.050A_0.003,combined_perturbation,noise,1,20,1,0,0,0,small::mp-1056957::reference,0.03919185698032379
strict,small,small::mp-1056957::combined_noise_0.002A_0.010,mp-1056957,mp-1056957,C,combined_noise_0.002A_0.010,combined_perturbation,noise,1,20,1,0,0,0,small::mp-1056957::reference,0.042914388701319695
strict,small,small::mp-1056957::combined_noise_0.015A_0.010,mp-1056957,mp-1056957,C,combined_noise_0.015A_0.010,combined_perturbation,noise,1,20,1,0,0,0,small::mp-1056957::reference,0.04326450079679489
strict,small,small::mp-1056957::combined_noise_0.050A_0.010,mp-1056957,mp-1056957,C,combined_noise_0.050A_0.010,combined_perturbation,noise,1,20,1,0,0,0,small::mp-1056957::reference,0.03991856426000595
strict,small,small::mp-1056957::combined_noise_0.002A_0.030,mp-1056957,mp-1056957,C,combined_noise_0.002A_0.030,combined_perturbation,noise,1,20,1,0,0,0,small::mp-1056957::reference,0.0438035000115633
strict,small,small::mp-1056957::combined_noise_0.015A_0.030,mp-1056957,mp-1056957,C,combined_noise_0.015A_0.030,combined_perturbation,noise,0,20,0,0,0,1,,0.03803582303225994
strict,small,small::mp-1056957::combined_noise_0.050A_0.030,mp-1056957,mp-1056957,C,combined_noise_0.050A_0.030,combined_perturbation,noise,0,20,0,0,0,1,,0.03801345266401768
strict,small,small::mp-1078845::conventional_standard,mp-1078845,mp-1078845,C,conventional_standard,equivalent_transform,no_noise,1,20,1,0,0,0,small::mp-1078845::reference,0.06917240470647812
strict,small,small::mp-1078845::niggli_reduced,mp-1078845,mp-1078845,C,niggli_reduced,equivalent_transform,no_noise,1,20,1,0,0,0,small::mp-1078845::reference,0.04488435201346874
strict,small,small::mp-1078845::origin_shifted,mp-1078845,mp-1078845,C,origin_shifted,equivalent_transform,no_noise,1,20,1,0,0,0,small::mp-1078845::reference,0.04930783435702324
strict,small,small::mp-1078845::permuted_sites,mp-1078845,mp-1078845,C,permuted_sites,equivalent_transform,no_noise,1,20,1,0,0,0,small::mp-1078845::reference,0.06731620244681835
strict,small,small::mp-1078845::combined_noise_0.002A_0.003,mp-1078845,mp-1078845,C,combined_noise_0.002A_0.003,combined_perturbation,noise,1,20,1,0,0,0,small::mp-1078845::reference,0.045705804601311684
strict,small,small::mp-1078845::combined_noise_0.015A_0.003,mp-1078845,mp-1078845,C,combined_noise_0.015A_0.003,combined_perturbation,noise,1,20,1,0,0,0,small::mp-1078845::reference,0.045717671513557434
strict,small,small::mp-1078845::combined_noise_0.050A_0.003,mp-1078845,mp-1078845,C,combined_noise_0.050A_0.003,combined_perturbation,noise,1,20,1,0,0,0,small::mp-1078845::reference,0.04602468200027943
strict,small,small::mp-1078845::combined_noise_0.002A_0.010,mp-1078845,mp-1078845,C,combined_noise_0.002A_0.010,combined_perturbation,noise,1,20,1,0,0,0,small::mp-1078845::reference,0.045999983325600624
strict,small,small::mp-1078845::combined_noise_0.015A_0.010,mp-1078845,mp-1078845,C,combined_noise_0.015A_0.010,combined_perturbation,noise,1,20,1,0,0,0,small::mp-1078845::reference,0.045954905450344086
strict,small,small::mp-1078845::combined_noise_0.050A_0.010,mp-1078845,mp-1078845,C,combined_noise_0.050A_0.010,combined_perturbation,noise,1,20,1,0,0,0,small::mp-1078845::reference,0.047071803361177444
strict,small,small::mp-1078845::combined_noise_0.002A_0.030,mp-1078845,mp-1078845,C,combined_noise_0.002A_0.030,combined_perturbation,noise,1,20,1,0,0,0,small::mp-1078845::reference,0.04810696467757225
strict,small,small::mp-1078845::combined_noise_0.015A_0.030,mp-1078845,mp-1078845,C,combined_noise_0.015A_0.030,combined_perturbation,noise,1,20,1,0,0,0,small::mp-1078845::reference,0.04948032833635807
strict,small,small::mp-1078845::combined_noise_0.050A_0.030,mp-1078845,mp-1078845,C,combined_noise_0.050A_0.030,combined_perturbation,noise,1,20,1,0,0,0,small::mp-1078845::reference,0.046619903296232224
strict,small,small::mp-1080826::conventional_standard,mp-1080826,mp-1080826,C,conventional_standard,equivalent_transform,no_noise,1,20,1,0,0,0,small::mp-1080826::reference,0.06763672456145287
strict,small,small::mp-1080826::niggli_reduced,mp-1080826,mp-1080826,C,niggli_reduced,equivalent_transform,no_noise,1,20,1,0,0,0,small::mp-1080826::reference,0.045949604362249374
strict,small,small::mp-1080826::origin_shifted,mp-1080826,mp-1080826,C,origin_shifted,equivalent_transform,no_noise,1,20,1,0,0,0,small::mp-1080826::reference,0.05365611054003239
strict,small,small::mp-1080826::permuted_sites,mp-1080826,mp-1080826,C,permuted_sites,equivalent_transform,no_noise,1,20,1,0,0,0,small::mp-1080826::reference,0.0839344933629036
strict,small,small::mp-1080826::combined_noise_0.002A_0.003,mp-1080826,mp-1080826,C,combined_noise_0.002A_0.003,combined_perturbation,noise,1,20,1,0,0,0,small::mp-1080826::reference,0.0470865648239851
strict,small,small::mp-1080826::combined_noise_0.015A_0.003,mp-1080826,mp-1080826,C,combined_noise_0.015A_0.003,combined_perturbation,noise,1,20,1,0,0,0,small::mp-1080826::reference,0.0472604651004076
strict,small,small::mp-1080826::combined_noise_0.050A_0.003,mp-1080826,mp-1080826,C,combined_noise_0.050A_0.003,combined_perturbation,noise,1,20,1,0,0,0,small::mp-1080826::reference,0.04719105362892151
strict,small,small::mp-1080826::combined_noise_0.002A_0.010,mp-1080826,mp-1080826,C,combined_noise_0.002A_0.010,combined_perturbation,noise,1,20,1,0,0,0,small::mp-1080826::reference,0.04701411724090576
strict,small,small::mp-1080826::combined_noise_0.015A_0.010,mp-1080826,mp-1080826,C,combined_noise_0.015A_0.010,combined_perturbation,noise,1,20,1,0,0,0,small::mp-1080826::reference,0.047308314591646194
strict,small,small::mp-1080826::combined_noise_0.050A_0.010,mp-1080826,mp-1080826,C,combined_noise_0.050A_0.010,combined_perturbation,noise,1,20,1,0,0,0,small::mp-1080826::reference,0.04724617302417755
strict,small,small::mp-1080826::combined_noise_0.002A_0.030,mp-1080826,mp-1080826,C,combined_noise_0.002A_0.030,combined_perturbation,noise,1,20,1,0,0,0,small::mp-1080826::reference,0.04791479371488094
strict,small,small::mp-1080826::combined_noise_0.015A_0.030,mp-1080826,mp-1080826,C,combined_noise_0.015A_0.030,combined_perturbation,noise,1,20,1,0,0,0,small::mp-1080826::reference,0.04815024696290493
strict,small,small::mp-1080826::combined_noise_0.050A_0.030,mp-1080826,mp-1080826,C,combined_noise_0.050A_0.030,combined_perturbation,noise,1,20,1,0,0,0,small::mp-1080826::reference,0.048999207094311714
strict,small,small::mp-1095534::conventional_standard,mp-1095534,mp-1095534,C,conventional_standard,equivalent_transform,no_noise,1,20,1,0,0,0,small::mp-1095534::reference,0.11235104501247406
strict,small,small::mp-1095534::niggli_reduced,mp-1095534,mp-1095534,C,niggli_reduced,equivalent_transform,no_noise,1,20,1,0,0,0,small::mp-1095534::reference,0.05769193917512894
strict,small,small::mp-1095534::origin_shifted,mp-1095534,mp-1095534,C,origin_shifted,equivalent_transform,no_noise,1,20,1,0,0,0,small::mp-1095534::reference,0.06717964261770248
strict,small,small::mp-1095534::permuted_sites,mp-1095534,mp-1095534,C,permuted_sites,equivalent_transform,no_noise,1,20,1,0,0,0,small::mp-1095534::reference,0.13817763701081276
strict,small,small::mp-1095534::combined_noise_0.002A_0.003,mp-1095534,mp-1095534,C,combined_noise_0.002A_0.003,combined_perturbation,noise,1,20,1,0,0,0,small::mp-1095534::reference,0.058268919587135315
strict,small,small::mp-1095534::combined_noise_0.015A_0.003,mp-1095534,mp-1095534,C,combined_noise_0.015A_0.003,combined_perturbation,noise,1,20,1,0,0,0,small::mp-1095534::reference,0.05844599008560181
strict,small,small::mp-1095534::combined_noise_0.050A_0.003,mp-1095534,mp-1095534,C,combined_noise_0.050A_0.003,combined_perturbation,noise,1,20,1,0,0,0,small::mp-1095534::reference,0.05947179161012173
strict,small,small::mp-1095534::combined_noise_0.002A_0.010,mp-1095534,mp-1095534,C,combined_noise_0.002A_0.010,combined_perturbation,noise,1,20,1,0,0,0,small::mp-1095534::reference,0.06060764193534851
strict,small,small::mp-1095534::combined_noise_0.015A_0.010,mp-1095534,mp-1095534,C,combined_noise_0.015A_0.010,combined_perturbation,noise,1,20,1,0,0,0,small::mp-1095534::reference,0.058601219207048416
strict,small,small::mp-1095534::combined_noise_0.050A_0.010,mp-1095534,mp-1095534,C,combined_noise_0.050A_0.010,combined_perturbation,noise,1,20,1,0,0,0,small::mp-1095534::reference,0.0597476102411747
strict,small,small::mp-1095534::combined_noise_0.002A_0.030,mp-1095534,mp-1095534,C,combined_noise_0.002A_0.030,combined_perturbation,noise,0,20,0,0,0,1,,0.06325928866863251
strict,small,small::mp-1095534::combined_noise_0.015A_0.030,mp-1095534,mp-1095534,C,combined_noise_0.015A_0.030,combined_perturbation,noise,0,20,0,0,0,1,,0.058677470311522484
strict,small,small::mp-1095534::combined_noise_0.050A_0.030,mp-1095534,mp-1095534,C,combined_noise_0.050A_0.030,combined_perturbation,noise,0,20,0,0,0,1,,0.060281332582235336
strict,small,small::mp-1095633::conventional_standard,mp-1095633,mp-1095633,C,conventional_standard,equivalent_transform,no_noise,1,20,1,0,0,0,small::mp-1095633::reference,0.11400257609784603
strict,small,small::mp-1095633::niggli_reduced,mp-1095633,mp-1095633,C,niggli_reduced,equivalent_transform,no_noise,1,20,1,0,0,0,small::mp-1095633::reference,0.06032160297036171
strict,small,small::mp-1095633::origin_shifted,mp-1095633,mp-1095633,C,origin_shifted,equivalent_transform,no_noise,1,20,1,0,0,0,small::mp-1095633::reference,0.06413542851805687
strict,small,small::mp-1095633::permuted_sites,mp-1095633,mp-1095633,C,permuted_sites,equivalent_transform,no_noise,1,20,1,0,0,0,small::mp-1095633::reference,0.09964270517230034
strict,small,small::mp-1095633::combined_noise_0.002A_0.003,mp-1095633,mp-1095633,C,combined_noise_0.002A_0.003,combined_perturbation,noise,1,20,1,0,0,0,small::mp-1095633::reference,0.059798721224069595
strict,small,small::mp-1095633::combined_noise_0.015A_0.003,mp-1095633,mp-1095633,C,combined_noise_0.015A_0.003,combined_perturbation,noise,1,20,1,0,0,0,small::mp-1095633::reference,0.05990482307970524
strict,small,small::mp-1095633::combined_noise_0.050A_0.003,mp-1095633,mp-1095633,C,combined_noise_0.050A_0.003,combined_perturbation,noise,1,20,1,0,0,0,small::mp-1095633::reference,0.060544321313500404
strict,small,small::mp-1095633::combined_noise_0.002A_0.010,mp-1095633,mp-1095633,C,combined_noise_0.002A_0.010,combined_perturbation,noise,1,20,1,0,0,0,small::mp-1095633::reference,0.06120901368558407
strict,small,small::mp-1095633::combined_noise_0.015A_0.010,mp-1095633,mp-1095633,C,combined_noise_0.015A_0.010,combined_perturbation,noise,1,20,1,0,0,0,small::mp-1095633::reference,0.060240281745791435
strict,small,small::mp-1095633::combined_noise_0.050A_0.010,mp-1095633,mp-1095633,C,combined_noise_0.050A_0.010,combined_perturbation,noise,1,20,1,0,0,0,small::mp-1095633::reference,0.06075633130967617
strict,small,small::mp-1095633::combined_noise_0.002A_0.030,mp-1095633,mp-1095633,C,combined_noise_0.002A_0.030,combined_perturbation,noise,1,20,1,0,0,0,small::mp-1095633::reference,0.06052626296877861
strict,small,small::mp-1095633::combined_noise_0.015A_0.030,mp-1095633,mp-1095633,C,combined_noise_0.015A_0.030,combined_perturbation,noise,1,20,1,0,0,0,small::mp-1095633::reference,0.06131354346871376
strict,small,small::mp-1095633::combined_noise_0.050A_0.030,mp-1095633,mp-1095633,C,combined_noise_0.050A_0.030,combined_perturbation,noise,0,20,0,0,0,1,,0.06251582689583302
strict,small,small::mp-1097832::conventional_standard,mp-1097832,mp-1097832,C,conventional_standard,equivalent_transform,no_noise,1,20,1,0,0,0,small::mp-1097832::reference,0.04697383567690849
strict,small,small::mp-1097832::niggli_reduced,mp-1097832,mp-1097832,C,niggli_reduced,equivalent_transform,no_noise,1,20,1,0,0,0,small::mp-1097832::reference,0.04264198802411556
strict,small,small::mp-1097832::origin_shifted,mp-1097832,mp-1097832,C,origin_shifted,equivalent_transform,no_noise,1,20,1,0,0,0,small::mp-1097832::reference,0.04255959764122963
strict,small,small::mp-1097832::permuted_sites,mp-1097832,mp-1097832,C,permuted_sites,equivalent_transform,no_noise,1,20,1,0,0,0,small::mp-1097832::reference,0.041969118639826775
strict,small,small::mp-1097832::combined_noise_0.002A_0.003,mp-1097832,mp-1097832,C,combined_noise_0.002A_0.003,combined_perturbation,noise,1,20,1,0,0,0,small::mp-1097832::reference,0.04139317572116852
strict,small,small::mp-1097832::combined_noise_0.015A_0.003,mp-1097832,mp-1097832,C,combined_noise_0.015A_0.003,combined_perturbation,noise,1,20,1,0,0,0,small::mp-1097832::reference,0.0413487758487463
strict,small,small::mp-1097832::combined_noise_0.050A_0.003,mp-1097832,mp-1097832,C,combined_noise_0.050A_0.003,combined_perturbation,noise,1,20,1,0,0,0,small::mp-1097832::reference,0.042049648240208626
strict,small,small::mp-1097832::combined_noise_0.002A_0.010,mp-1097832,mp-1097832,C,combined_noise_0.002A_0.010,combined_perturbation,noise,1,20,1,0,0,0,small::mp-1097832::reference,0.041902508586645126
strict,small,small::mp-1097832::combined_noise_0.015A_0.010,mp-1097832,mp-1097832,C,combined_noise_0.015A_0.010,combined_perturbation,noise,1,20,1,0,0,0,small::mp-1097832::reference,0.04194498620927334
strict,small,small::mp-1097832::combined_noise_0.050A_0.010,mp-1097832,mp-1097832,C,combined_noise_0.050A_0.010,combined_perturbation,noise,1,20,1,0,0,0,small::mp-1097832::reference,0.04225255735218525
strict,small,small::mp-1097832::combined_noise_0.002A_0.030,mp-1097832,mp-1097832,C,combined_noise_0.002A_0.030,combined_perturbation,noise,1,20,1,0,0,0,small::mp-1097832::reference,0.0420448686927557
strict,small,small::mp-1097832::combined_noise_0.015A_0.030,mp-1097832,mp-1097832,C,combined_noise_0.015A_0.030,combined_perturbation,noise,0,20,0,0,0,1,,0.041949449107050896
strict,small,small::mp-1097832::combined_noise_0.050A_0.030,mp-1097832,mp-1097832,C,combined_noise_0.050A_0.030,combined_perturbation,noise,1,20,1,0,0,0,small::mp-1097832::reference,0.04424185864627361
strict,small,small::mp-1181996::conventional_standard,mp-1181996,mp-1181996,C,conventional_standard,equivalent_transform,no_noise,1,20,1,0,0,0,small::mp-1181996::reference,0.05888589099049568
strict,small,small::mp-1181996::niggli_reduced,mp-1181996,mp-1181996,C,niggli_reduced,equivalent_transform,no_noise,1,20,1,0,0,0,small::mp-1181996::reference,0.0482120867818594
strict,small,small::mp-1181996::origin_shifted,mp-1181996,mp-1181996,C,origin_shifted,equivalent_transform,no_noise,1,20,1,0,0,0,small::mp-1181996::reference,0.0500082578510046
strict,small,small::mp-1181996::permuted_sites,mp-1181996,mp-1181996,C,permuted_sites,equivalent_transform,no_noise,1,20,1,0,0,0,small::mp-1181996::reference,0.044019829481840134
strict,small,small::mp-1181996::combined_noise_0.002A_0.003,mp-1181996,mp-1181996,C,combined_noise_0.002A_0.003,combined_perturbation,noise,1,20,1,0,0,0,small::mp-1181996::reference,0.04930196888744831
strict,small,small::mp-1181996::combined_noise_0.015A_0.003,mp-1181996,mp-1181996,C,combined_noise_0.015A_0.003,combined_perturbation,noise,1,20,1,0,0,0,small::mp-1181996::reference,0.04855772480368614
strict,small,small::mp-1181996::combined_noise_0.050A_0.003,mp-1181996,mp-1181996,C,combined_noise_0.050A_0.003,combined_perturbation,noise,1,20,1,0,0,0,small::mp-1181996::reference,0.048150425776839256
strict,small,small::mp-1181996::combined_noise_0.002A_0.010,mp-1181996,mp-1181996,C,combined_noise_0.002A_0.010,combined_perturbation,noise,1,20,1,0,0,0,small::mp-1181996::reference,0.048435986042022705
strict,small,small::mp-1181996::combined_noise_0.015A_0.010,mp-1181996,mp-1181996,C,combined_noise_0.015A_0.010,combined_perturbation,noise,1,20,1,0,0,0,small::mp-1181996::reference,0.04917530715465546
strict,small,small::mp-1181996::combined_noise_0.050A_0.010,mp-1181996,mp-1181996,C,combined_noise_0.050A_0.010,combined_perturbation,noise,1,20,1,0,0,0,small::mp-1181996::reference,0.050452956929802895
strict,small,small::mp-1181996::combined_noise_0.002A_0.030,mp-1181996,mp-1181996,C,combined_noise_0.002A_0.030,combined_perturbation,noise,1,20,1,0,0,0,small::mp-1181996::reference,0.05004133842885494
strict,small,small::mp-1181996::combined_noise_0.015A_0.030,mp-1181996,mp-1181996,C,combined_noise_0.015A_0.030,combined_perturbation,noise,1,20,1,0,0,0,small::mp-1181996::reference,0.04842669703066349
strict,small,small::mp-1181996::combined_noise_0.050A_0.030,mp-1181996,mp-1181996,C,combined_noise_0.050A_0.030,combined_perturbation,noise,1,20,1,0,0,0,small::mp-1181996::reference,0.04660753346979618
strict,small,small::mp-1182029::conventional_standard,mp-1182029,mp-1182029,C,conventional_standard,equivalent_transform,no_noise,1,20,1,0,0,0,small::mp-1182029::reference,0.03627843037247658
strict,small,small::mp-1182029::niggli_reduced,mp-1182029,mp-1182029,C,niggli_reduced,equivalent_transform,no_noise,1,20,1,0,0,0,small::mp-1182029::reference,0.04423554055392742
strict,small,small::mp-1182029::origin_shifted,mp-1182029,mp-1182029,C,origin_shifted,equivalent_transform,no_noise,1,20,1,0,0,0,small::mp-1182029::reference,0.043775830417871475
strict,small,small::mp-1182029::permuted_sites,mp-1182029,mp-1182029,C,permuted_sites,equivalent_transform,no_noise,1,20,1,0,0,0,small::mp-1182029::reference,0.03613493777811527
strict,small,small::mp-1182029::combined_noise_0.002A_0.003,mp-1182029,mp-1182029,C,combined_noise_0.002A_0.003,combined_perturbation,noise,1,20,1,0,0,0,small::mp-1182029::reference,0.043209441006183624
strict,small,small::mp-1182029::combined_noise_0.015A_0.003,mp-1182029,mp-1182029,C,combined_noise_0.015A_0.003,combined_perturbation,noise,1,20,1,0,0,0,small::mp-1182029::reference,0.043760620057582855
strict,small,small::mp-1182029::combined_noise_0.050A_0.003,mp-1182029,mp-1182029,C,combined_noise_0.050A_0.003,combined_perturbation,noise,1,20,1,0,0,0,small::mp-1182029::reference,0.0439036600291729
strict,small,small::mp-1182029::combined_noise_0.002A_0.010,mp-1182029,mp-1182029,C,combined_noise_0.002A_0.010,combined_perturbation,noise,1,20,1,0,0,0,small::mp-1182029::reference,0.04598499275743961
strict,small,small::mp-1182029::combined_noise_0.015A_0.010,mp-1182029,mp-1182029,C,combined_noise_0.015A_0.010,combined_perturbation,noise,1,20,1,0,0,0,small::mp-1182029::reference,0.045394863933324814
strict,small,small::mp-1182029::combined_noise_0.050A_0.010,mp-1182029,mp-1182029,C,combined_noise_0.050A_0.010,combined_perturbation,noise,1,20,1,0,0,0,small::mp-1182029::reference,0.04603024199604988
strict,small,small::mp-1182029::combined_noise_0.002A_0.030,mp-1182029,mp-1182029,C,combined_noise_0.002A_0.030,combined_perturbation,noise,1,20,1,0,0,0,small::mp-1182029::reference,0.04773120395839214
strict,small,small::mp-1182029::combined_noise_0.015A_0.030,mp-1182029,mp-1182029,C,combined_noise_0.015A_0.030,combined_perturbation,noise,1,20,1,0,0,0,small::mp-1182029::reference,0.04999339580535889
strict,small,small::mp-1182029::combined_noise_0.050A_0.030,mp-1182029,mp-1182029,C,combined_noise_0.050A_0.030,combined_perturbation,noise,1,20,1,0,0,0,small::mp-1182029::reference,0.05023453012108803
strict,small,small::mp-1188817::conventional_standard,mp-1188817,mp-1188817,C,conventional_standard,equivalent_transform,no_noise,1,20,1,0,0,0,small::mp-1188817::reference,0.12865163572132587
strict,small,small::mp-1188817::niggli_reduced,mp-1188817,mp-1188817,C,niggli_reduced,equivalent_transform,no_noise,1,20,1,0,0,0,small::mp-1188817::reference,0.13026512786746025
strict,small,small::mp-1188817::origin_shifted,mp-1188817,mp-1188817,C,origin_shifted,equivalent_transform,no_noise,1,20,1,0,0,0,small::mp-1188817::reference,0.10576238483190536
strict,small,small::mp-1188817::permuted_sites,mp-1188817,mp-1188817,C,permuted_sites,equivalent_transform,no_noise,1,20,1,0,0,0,small::mp-1188817::reference,0.20173860527575016
strict,small,small::mp-1188817::combined_noise_0.002A_0.003,mp-1188817,mp-1188817,C,combined_noise_0.002A_0.003,combined_perturbation,noise,1,20,1,0,0,0,small::mp-1188817::reference,0.09474433772265911
strict,small,small::mp-1188817::combined_noise_0.015A_0.003,mp-1188817,mp-1188817,C,combined_noise_0.015A_0.003,combined_perturbation,noise,1,20,1,0,0,0,small::mp-1188817::reference,0.09730636328458786
strict,small,small::mp-1188817::combined_noise_0.050A_0.003,mp-1188817,mp-1188817,C,combined_noise_0.050A_0.003,combined_perturbation,noise,1,20,1,0,0,0,small::mp-1188817::reference,0.09733879193663597
strict,small,small::mp-1188817::combined_noise_0.002A_0.010,mp-1188817,mp-1188817,C,combined_noise_0.002A_0.010,combined_perturbation,noise,1,20,1,0,0,0,small::mp-1188817::reference,0.09608709998428822
strict,small,small::mp-1188817::combined_noise_0.015A_0.010,mp-1188817,mp-1188817,C,combined_noise_0.015A_0.010,combined_perturbation,noise,1,20,1,0,0,0,small::mp-1188817::reference,0.09489575028419495
strict,small,small::mp-1188817::combined_noise_0.050A_0.010,mp-1188817,mp-1188817,C,combined_noise_0.050A_0.010,combined_perturbation,noise,1,20,1,0,0,0,small::mp-1188817::reference,0.09646984376013279
strict,small,small::mp-1188817::combined_noise_0.002A_0.030,mp-1188817,mp-1188817,C,combined_noise_0.002A_0.030,combined_perturbation,noise,1,20,1,0,0,0,small::mp-1188817::reference,0.1497530248016119
strict,small,small::mp-1188817::combined_noise_0.015A_0.030,mp-1188817,mp-1188817,C,combined_noise_0.015A_0.030,combined_perturbation,noise,1,20,1,0,0,0,small::mp-1188817::reference,0.09716362319886684
strict,small,small::mp-1188817::combined_noise_0.050A_0.030,mp-1188817,mp-1188817,C,combined_noise_0.050A_0.030,combined_perturbation,noise,1,20,1,0,0,0,small::mp-1188817::reference,0.09626325219869614
strict,small,small::mp-1190171::conventional_standard,mp-1190171,mp-1190171,C,conventional_standard,equivalent_transform,no_noise,1,20,1,0,0,0,small::mp-1190171::reference,0.10693518444895744
strict,small,small::mp-1190171::niggli_reduced,mp-1190171,mp-1190171,C,niggli_reduced,equivalent_transform,no_noise,1,20,1,0,0,0,small::mp-1190171::reference,0.1070533562451601
strict,small,small::mp-1190171::origin_shifted,mp-1190171,mp-1190171,C,origin_shifted,equivalent_transform,no_noise,1,20,1,0,0,0,small::mp-1190171::reference,0.09619681909680367
strict,small,small::mp-1190171::permuted_sites,mp-1190171,mp-1190171,C,permuted_sites,equivalent_transform,no_noise,1,20,1,0,0,0,small::mp-1190171::reference,0.16050623916089535
strict,small,small::mp-1190171::combined_noise_0.002A_0.003,mp-1190171,mp-1190171,C,combined_noise_0.002A_0.003,combined_perturbation,noise,1,20,1,0,0,0,small::mp-1190171::reference,0.08991089276969433
strict,small,small::mp-1190171::combined_noise_0.015A_0.003,mp-1190171,mp-1190171,C,combined_noise_0.015A_0.003,combined_perturbation,noise,1,20,1,0,0,0,small::mp-1190171::reference,0.08847296051681042
strict,small,small::mp-1190171::combined_noise_0.050A_0.003,mp-1190171,mp-1190171,C,combined_noise_0.050A_0.003,combined_perturbation,noise,1,20,1,0,0,0,small::mp-1190171::reference,0.08885901980102062
strict,small,small::mp-1190171::combined_noise_0.002A_0.010,mp-1190171,mp-1190171,C,combined_noise_0.002A_0.010,combined_perturbation,noise,1,20,1,0,0,0,small::mp-1190171::reference,0.09079666435718536
strict,small,small::mp-1190171::combined_noise_0.015A_0.010,mp-1190171,mp-1190171,C,combined_noise_0.015A_0.010,combined_perturbation,noise,1,20,1,0,0,0,small::mp-1190171::reference,0.09032859653234482
strict,small,small::mp-1190171::combined_noise_0.050A_0.010,mp-1190171,mp-1190171,C,combined_noise_0.050A_0.010,combined_perturbation,noise,1,20,1,0,0,0,small::mp-1190171::reference,0.09079184383153915
strict,small,small::mp-1190171::combined_noise_0.002A_0.030,mp-1190171,mp-1190171,C,combined_noise_0.002A_0.030,combined_perturbation,noise,1,20,1,0,0,0,small::mp-1190171::reference,0.09046951495110989
strict,small,small::mp-1190171::combined_noise_0.015A_0.030,mp-1190171,mp-1190171,C,combined_noise_0.015A_0.030,combined_perturbation,noise,1,20,1,0,0,0,small::mp-1190171::reference,0.08913426287472248
strict,small,small::mp-1190171::combined_noise_0.050A_0.030,mp-1190171,mp-1190171,C,combined_noise_0.050A_0.030,combined_perturbation,noise,1,20,1,0,0,0,small::mp-1190171::reference,0.0893117431551218
strict,small,small::mp-1192619::conventional_standard,mp-1192619,mp-1192619,C,conventional_standard,equivalent_transform,no_noise,1,20,1,0,0,0,small::mp-1192619::reference,0.44366117753088474
strict,small,small::mp-1192619::niggli_reduced,mp-1192619,mp-1192619,C,niggli_reduced,equivalent_transform,no_noise,1,20,1,0,0,0,small::mp-1192619::reference,0.1697902325540781
strict,small,small::mp-1192619::origin_shifted,mp-1192619,mp-1192619,C,origin_shifted,equivalent_transform,no_noise,1,20,1,0,0,0,small::mp-1192619::reference,0.17857687547802925
strict,small,small::mp-1192619::permuted_sites,mp-1192619,mp-1192619,C,permuted_sites,equivalent_transform,no_noise,1,20,1,0,0,0,small::mp-1192619::reference,0.37905479595065117
strict,small,small::mp-1192619::combined_noise_0.002A_0.003,mp-1192619,mp-1192619,C,combined_noise_0.002A_0.003,combined_perturbation,noise,1,20,1,0,0,0,small::mp-1192619::reference,0.15207849815487862
strict,small,small::mp-1192619::combined_noise_0.015A_0.003,mp-1192619,mp-1192619,C,combined_noise_0.015A_0.003,combined_perturbation,noise,1,20,1,0,0,0,small::mp-1192619::reference,0.15255500003695488
strict,small,small::mp-1192619::combined_noise_0.050A_0.003,mp-1192619,mp-1192619,C,combined_noise_0.050A_0.003,combined_perturbation,noise,1,20,1,0,0,0,small::mp-1192619::reference,0.15373007953166962
strict,small,small::mp-1192619::combined_noise_0.002A_0.010,mp-1192619,mp-1192619,C,combined_noise_0.002A_0.010,combined_perturbation,noise,1,20,1,0,0,0,small::mp-1192619::reference,0.1507596354931593
strict,small,small::mp-1192619::combined_noise_0.015A_0.010,mp-1192619,mp-1192619,C,combined_noise_0.015A_0.010,combined_perturbation,noise,1,20,1,0,0,0,small::mp-1192619::reference,0.15365642122924328
strict,small,small::mp-1192619::combined_noise_0.050A_0.010,mp-1192619,mp-1192619,C,combined_noise_0.050A_0.010,combined_perturbation,noise,1,20,1,0,0,0,small::mp-1192619::reference,0.15305746719241142
strict,small,small::mp-1192619::combined_noise_0.002A_0.030,mp-1192619,mp-1192619,C,combined_noise_0.002A_0.030,combined_perturbation,noise,0,20,0,0,0,1,,0.1566641442477703
strict,small,small::mp-1192619::combined_noise_0.015A_0.030,mp-1192619,mp-1192619,C,combined_noise_0.015A_0.030,combined_perturbation,noise,0,20,0,0,0,1,,0.15739667415618896
strict,small,small::mp-1192619::combined_noise_0.050A_0.030,mp-1192619,mp-1192619,C,combined_noise_0.050A_0.030,combined_perturbation,noise,1,20,1,0,0,0,small::mp-1192619::reference,0.15969206020236015
strict,small,small::mp-1205417::conventional_standard,mp-1205417,mp-1205417,C,conventional_standard,equivalent_transform,no_noise,1,20,1,0,0,0,small::mp-1205417::reference,0.2466515675187111
strict,small,small::mp-1205417::niggli_reduced,mp-1205417,mp-1205417,C,niggli_reduced,equivalent_transform,no_noise,1,20,1,0,0,0,small::mp-1205417::reference,0.10288325883448124
strict,small,small::mp-1205417::origin_shifted,mp-1205417,mp-1205417,C,origin_shifted,equivalent_transform,no_noise,1,20,1,0,0,0,small::mp-1205417::reference,0.11046689003705978
strict,small,small::mp-1205417::permuted_sites,mp-1205417,mp-1205417,C,permuted_sites,equivalent_transform,no_noise,1,20,1,0,0,0,small::mp-1205417::reference,0.211134048178792
strict,small,small::mp-1205417::combined_noise_0.002A_0.003,mp-1205417,mp-1205417,C,combined_noise_0.002A_0.003,combined_perturbation,noise,1,20,1,0,0,0,small::mp-1205417::reference,0.09977642633020878
strict,small,small::mp-1205417::combined_noise_0.015A_0.003,mp-1205417,mp-1205417,C,combined_noise_0.015A_0.003,combined_perturbation,noise,1,20,1,0,0,0,small::mp-1205417::reference,0.1011444590985775
strict,small,small::mp-1205417::combined_noise_0.050A_0.003,mp-1205417,mp-1205417,C,combined_noise_0.050A_0.003,combined_perturbation,noise,1,20,1,0,0,0,small::mp-1205417::reference,0.10077848471701145
strict,small,small::mp-1205417::combined_noise_0.002A_0.010,mp-1205417,mp-1205417,C,combined_noise_0.002A_0.010,combined_perturbation,noise,1,20,1,0,0,0,small::mp-1205417::reference,0.09849084541201591
strict,small,small::mp-1205417::combined_noise_0.015A_0.010,mp-1205417,mp-1205417,C,combined_noise_0.015A_0.010,combined_perturbation,noise,1,20,1,0,0,0,small::mp-1205417::reference,0.09788726270198822
strict,small,small::mp-1205417::combined_noise_0.050A_0.010,mp-1205417,mp-1205417,C,combined_noise_0.050A_0.010,combined_perturbation,noise,1,20,1,0,0,0,small::mp-1205417::reference,0.09864211641252041
strict,small,small::mp-1205417::combined_noise_0.002A_0.030,mp-1205417,mp-1205417,C,combined_noise_0.002A_0.030,combined_perturbation,noise,1,20,1,0,0,0,small::mp-1205417::reference,0.10299877263605595
strict,small,small::mp-1205417::combined_noise_0.015A_0.030,mp-1205417,mp-1205417,C,combined_noise_0.015A_0.030,combined_perturbation,noise,1,20,1,0,0,0,small::mp-1205417::reference,0.10268998891115189
strict,small,small::mp-1205417::combined_noise_0.050A_0.030,mp-1205417,mp-1205417,C,combined_noise_0.050A_0.030,combined_perturbation,noise,0,20,0,0,0,1,,0.10245874151587486
strict,small,small::mp-169::conventional_standard,mp-169,mp-169,C,conventional_standard,equivalent_transform,no_noise,1,20,1,0,0,0,small::mp-169::reference,0.05412678420543671
strict,small,small::mp-169::niggli_reduced,mp-169,mp-169,C,niggli_reduced,equivalent_transform,no_noise,1,20,1,0,0,0,small::mp-169::reference,0.050575898960232735
strict,small,small::mp-169::origin_shifted,mp-169,mp-169,C,origin_shifted,equivalent_transform,no_noise,1,20,1,0,0,0,small::mp-169::reference,0.05341689474880695
strict,small,small::mp-169::permuted_sites,mp-169,mp-169,C,permuted_sites,equivalent_transform,no_noise,1,20,1,0,0,0,small::mp-169::reference,0.03751800209283829
strict,small,small::mp-169::combined_noise_0.002A_0.003,mp-169,mp-169,C,combined_noise_0.002A_0.003,combined_perturbation,noise,1,20,1,0,0,0,small::mp-169::reference,0.05283499136567116
strict,small,small::mp-169::combined_noise_0.015A_0.003,mp-169,mp-169,C,combined_noise_0.015A_0.003,combined_perturbation,noise,1,20,1,0,0,0,small::mp-169::reference,0.05253513157367706
strict,small,small::mp-169::combined_noise_0.050A_0.003,mp-169,mp-169,C,combined_noise_0.050A_0.003,combined_perturbation,noise,1,20,1,0,0,0,small::mp-169::reference,0.05330605432391167
strict,small,small::mp-169::combined_noise_0.002A_0.010,mp-169,mp-169,C,combined_noise_0.002A_0.010,combined_perturbation,noise,1,20,1,0,0,0,small::mp-169::reference,0.05143164098262787
strict,small,small::mp-169::combined_noise_0.015A_0.010,mp-169,mp-169,C,combined_noise_0.015A_0.010,combined_perturbation,noise,1,20,1,0,0,0,small::mp-169::reference,0.05177725851535797
strict,small,small::mp-169::combined_noise_0.050A_0.010,mp-169,mp-169,C,combined_noise_0.050A_0.010,combined_perturbation,noise,1,20,1,0,0,0,small::mp-169::reference,0.05274989269673824
strict,small,small::mp-169::combined_noise_0.002A_0.030,mp-169,mp-169,C,combined_noise_0.002A_0.030,combined_perturbation,noise,1,20,1,0,0,0,small::mp-169::reference,0.0543684046715498
strict,small,small::mp-169::combined_noise_0.015A_0.030,mp-169,mp-169,C,combined_noise_0.015A_0.030,combined_perturbation,noise,1,20,1,0,0,0,small::mp-169::reference,0.05365213379263878
strict,small,small::mp-169::combined_noise_0.050A_0.030,mp-169,mp-169,C,combined_noise_0.050A_0.030,combined_perturbation,noise,1,20,1,0,0,0,small::mp-169::reference,0.05350712314248085
strict,small,small::mp-2049878::conventional_standard,mp-2049878,mp-2049878,C,conventional_standard,equivalent_transform,no_noise,1,20,1,0,0,0,small::mp-2049878::reference,0.052660321816802025
strict,small,small::mp-2049878::niggli_reduced,mp-2049878,mp-2049878,C,niggli_reduced,equivalent_transform,no_noise,1,20,1,0,0,0,small::mp-2049878::reference,0.03291339427232742
strict,small,small::mp-2049878::origin_shifted,mp-2049878,mp-2049878,C,origin_shifted,equivalent_transform,no_noise,1,20,1,0,0,0,small::mp-2049878::reference,0.05199565179646015
strict,small,small::mp-2049878::permuted_sites,mp-2049878,mp-2049878,C,permuted_sites,equivalent_transform,no_noise,1,20,1,0,0,0,small::mp-2049878::reference,0.04947841912508011
strict,small,small::mp-2049878::combined_noise_0.002A_0.003,mp-2049878,mp-2049878,C,combined_noise_0.002A_0.003,combined_perturbation,noise,1,20,1,0,0,0,small::mp-2049878::reference,0.0490917656570673
strict,small,small::mp-2049878::combined_noise_0.015A_0.003,mp-2049878,mp-2049878,C,combined_noise_0.015A_0.003,combined_perturbation,noise,1,20,1,0,0,0,small::mp-2049878::reference,0.049268826842308044
strict,small,small::mp-2049878::combined_noise_0.050A_0.003,mp-2049878,mp-2049878,C,combined_noise_0.050A_0.003,combined_perturbation,noise,1,20,1,0,0,0,small::mp-2049878::reference,0.049651239067316055
strict,small,small::mp-2049878::combined_noise_0.002A_0.010,mp-2049878,mp-2049878,C,combined_noise_0.002A_0.010,combined_perturbation,noise,1,20,1,0,0,0,small::mp-2049878::reference,0.05058574862778187
strict,small,small::mp-2049878::combined_noise_0.015A_0.010,mp-2049878,mp-2049878,C,combined_noise_0.015A_0.010,combined_perturbation,noise,1,20,1,0,0,0,small::mp-2049878::reference,0.0502183772623539
strict,small,small::mp-2049878::combined_noise_0.050A_0.010,mp-2049878,mp-2049878,C,combined_noise_0.050A_0.010,combined_perturbation,noise,1,20,1,0,0,0,small::mp-2049878::reference,0.05072471871972084
strict,small,small::mp-2049878::combined_noise_0.002A_0.030,mp-2049878,mp-2049878,C,combined_noise_0.002A_0.030,combined_perturbation,noise,1,20,1,0,0,0,small::mp-2049878::reference,0.051257239654660225
strict,small,small::mp-2049878::combined_noise_0.015A_0.030,mp-2049878,mp-2049878,C,combined_noise_0.015A_0.030,combined_perturbation,noise,1,20,1,0,0,0,small::mp-2049878::reference,0.052777545526623726
strict,small,small::mp-2049878::combined_noise_0.050A_0.030,mp-2049878,mp-2049878,C,combined_noise_0.050A_0.030,combined_perturbation,noise,1,20,1,0,0,0,small::mp-2049878::reference,0.052434490993618965
strict,small,small::mp-24::conventional_standard,mp-24,mp-24,C,conventional_standard,equivalent_transform,no_noise,1,20,1,0,0,0,small::mp-24::reference,0.07914079912006855
strict,small,small::mp-24::niggli_reduced,mp-24,mp-24,C,niggli_reduced,equivalent_transform,no_noise,1,20,1,0,0,0,small::mp-24::reference,0.06004726327955723
strict,small,small::mp-24::origin_shifted,mp-24,mp-24,C,origin_shifted,equivalent_transform,no_noise,1,20,1,0,0,0,small::mp-24::reference,0.06375497579574585
strict,small,small::mp-24::permuted_sites,mp-24,mp-24,C,permuted_sites,equivalent_transform,no_noise,1,20,1,0,0,0,small::mp-24::reference,0.08298987336456776
strict,small,small::mp-24::combined_noise_0.002A_0.003,mp-24,mp-24,C,combined_noise_0.002A_0.003,combined_perturbation,noise,1,20,1,0,0,0,small::mp-24::reference,0.05747076869010925
strict,small,small::mp-24::combined_noise_0.015A_0.003,mp-24,mp-24,C,combined_noise_0.015A_0.003,combined_perturbation,noise,1,20,1,0,0,0,small::mp-24::reference,0.05822870880365372
strict,small,small::mp-24::combined_noise_0.050A_0.003,mp-24,mp-24,C,combined_noise_0.050A_0.003,combined_perturbation,noise,0,20,0,0,0,1,,0.06681350991129875
strict,small,small::mp-24::combined_noise_0.002A_0.010,mp-24,mp-24,C,combined_noise_0.002A_0.010,combined_perturbation,noise,1,20,1,0,0,0,small::mp-24::reference,0.058086879551410675
strict,small,small::mp-24::combined_noise_0.015A_0.010,mp-24,mp-24,C,combined_noise_0.015A_0.010,combined_perturbation,noise,1,20,1,0,0,0,small::mp-24::reference,0.05781399831175804
strict,small,small::mp-24::combined_noise_0.050A_0.010,mp-24,mp-24,C,combined_noise_0.050A_0.010,combined_perturbation,noise,1,20,1,0,0,0,small::mp-24::reference,0.057779308408498764
strict,small,small::mp-24::combined_noise_0.002A_0.030,mp-24,mp-24,C,combined_noise_0.002A_0.030,combined_perturbation,noise,0,20,0,0,0,1,,0.058020299300551414
strict,small,small::mp-24::combined_noise_0.015A_0.030,mp-24,mp-24,C,combined_noise_0.015A_0.030,combined_perturbation,noise,0,20,0,0,0,1,,0.058219270780682564
strict,small,small::mp-24::combined_noise_0.050A_0.030,mp-24,mp-24,C,combined_noise_0.050A_0.030,combined_perturbation,noise,1,20,1,0,0,0,small::mp-24::reference,0.05853419192135334
strict,small,small::mp-2516584::conventional_standard,mp-2516584,mp-2516584,C,conventional_standard,equivalent_transform,no_noise,1,20,1,0,0,0,small::mp-2516584::reference,0.0689971037209034
strict,small,small::mp-2516584::niggli_reduced,mp-2516584,mp-2516584,C,niggli_reduced,equivalent_transform,no_noise,1,20,1,0,0,0,small::mp-2516584::reference,0.053354693576693535
strict,small,small::mp-2516584::origin_shifted,mp-2516584,mp-2516584,C,origin_shifted,equivalent_transform,no_noise,1,20,1,0,0,0,small::mp-2516584::reference,0.05609837733209133
strict,small,small::mp-2516584::permuted_sites,mp-2516584,mp-2516584,C,permuted_sites,equivalent_transform,no_noise,1,20,1,0,0,0,small::mp-2516584::reference,0.060673754662275314
strict,small,small::mp-2516584::combined_noise_0.002A_0.003,mp-2516584,mp-2516584,C,combined_noise_0.002A_0.003,combined_perturbation,noise,1,20,1,0,0,0,small::mp-2516584::reference,0.0541291031986475
strict,small,small::mp-2516584::combined_noise_0.015A_0.003,mp-2516584,mp-2516584,C,combined_noise_0.015A_0.003,combined_perturbation,noise,1,20,1,0,0,0,small::mp-2516584::reference,0.05375787429511547
strict,small,small::mp-2516584::combined_noise_0.050A_0.003,mp-2516584,mp-2516584,C,combined_noise_0.050A_0.003,combined_perturbation,noise,1,20,1,0,0,0,small::mp-2516584::reference,0.05378664284944534
strict,small,small::mp-2516584::combined_noise_0.002A_0.010,mp-2516584,mp-2516584,C,combined_noise_0.002A_0.010,combined_perturbation,noise,1,20,1,0,0,0,small::mp-2516584::reference,0.05409950390458107
strict,small,small::mp-2516584::combined_noise_0.015A_0.010,mp-2516584,mp-2516584,C,combined_noise_0.015A_0.010,combined_perturbation,noise,1,20,1,0,0,0,small::mp-2516584::reference,0.054647576063871384
strict,small,small::mp-2516584::combined_noise_0.050A_0.010,mp-2516584,mp-2516584,C,combined_noise_0.050A_0.010,combined_perturbation,noise,1,20,1,0,0,0,small::mp-2516584::reference,0.05401158332824707
strict,small,small::mp-2516584::combined_noise_0.002A_0.030,mp-2516584,mp-2516584,C,combined_noise_0.002A_0.030,combined_perturbation,noise,1,20,1,0,0,0,small::mp-2516584::reference,0.055518535897135735
strict,small,small::mp-2516584::combined_noise_0.015A_0.030,mp-2516584,mp-2516584,C,combined_noise_0.015A_0.030,combined_perturbation,noise,1,20,1,0,0,0,small::mp-2516584::reference,0.055137306451797485
strict,small,small::mp-2516584::combined_noise_0.050A_0.030,mp-2516584,mp-2516584,C,combined_noise_0.050A_0.030,combined_perturbation,noise,1,20,1,0,0,0,small::mp-2516584::reference,0.05546131543815136
strict,small,small::mp-10064::conventional_standard,mp-10064,mp-10064,SiO2,conventional_standard,equivalent_transform,no_noise,1,20,1,0,0,0,small::mp-10064::reference,0.08522911928594112
strict,small,small::mp-10064::niggli_reduced,mp-10064,mp-10064,SiO2,niggli_reduced,equivalent_transform,no_noise,1,20,1,0,0,0,small::mp-10064::reference,0.07810552790760994
strict,small,small::mp-10064::origin_shifted,mp-10064,mp-10064,SiO2,origin_shifted,equivalent_transform,no_noise,1,20,1,0,0,0,small::mp-10064::reference,0.07837410643696785
strict,small,small::mp-10064::permuted_sites,mp-10064,mp-10064,SiO2,permuted_sites,equivalent_transform,no_noise,1,20,1,0,0,0,small::mp-10064::reference,0.07637529633939266
strict,small,small::mp-10064::combined_noise_0.002A_0.003,mp-10064,mp-10064,SiO2,combined_noise_0.002A_0.003,combined_perturbation,noise,1,20,1,0,0,0,small::mp-10064::reference,0.0760708749294281
strict,small,small::mp-10064::combined_noise_0.015A_0.003,mp-10064,mp-10064,SiO2,combined_noise_0.015A_0.003,combined_perturbation,noise,1,20,1,0,0,0,small::mp-10064::reference,0.07678897678852081
strict,small,small::mp-10064::combined_noise_0.050A_0.003,mp-10064,mp-10064,SiO2,combined_noise_0.050A_0.003,combined_perturbation,noise,1,20,1,0,0,0,small::mp-10064::reference,0.07726064510643482
strict,small,small::mp-10064::combined_noise_0.002A_0.010,mp-10064,mp-10064,SiO2,combined_noise_0.002A_0.010,combined_perturbation,noise,1,20,1,0,0,0,small::mp-10064::reference,0.07768719643354416
strict,small,small::mp-10064::combined_noise_0.015A_0.010,mp-10064,mp-10064,SiO2,combined_noise_0.015A_0.010,combined_perturbation,noise,1,20,1,0,0,0,small::mp-10064::reference,0.07692419551312923
strict,small,small::mp-10064::combined_noise_0.050A_0.010,mp-10064,mp-10064,SiO2,combined_noise_0.050A_0.010,combined_perturbation,noise,1,20,1,0,0,0,small::mp-10064::reference,0.07810241729021072
strict,small,small::mp-10064::combined_noise_0.002A_0.030,mp-10064,mp-10064,SiO2,combined_noise_0.002A_0.030,combined_perturbation,noise,0,20,0,0,0,1,,0.07170494832098484
strict,small,small::mp-10064::combined_noise_0.015A_0.030,mp-10064,mp-10064,SiO2,combined_noise_0.015A_0.030,combined_perturbation,noise,0,20,0,0,0,1,,0.07132528722286224
strict,small,small::mp-10064::combined_noise_0.050A_0.030,mp-10064,mp-10064,SiO2,combined_noise_0.050A_0.030,combined_perturbation,noise,1,20,1,0,0,0,small::mp-10064::reference,0.08157450892031193
strict,small,small::mp-1021503::conventional_standard,mp-1021503,mp-1021503,SiO2,conventional_standard,equivalent_transform,no_noise,1,20,1,0,0,0,small::mp-1021503::reference,0.08008338883519173
strict,small,small::mp-1021503::niggli_reduced,mp-1021503,mp-1021503,SiO2,niggli_reduced,equivalent_transform,no_noise,1,20,1,0,0,0,small::mp-1021503::reference,0.08042934723198414
strict,small,small::mp-1021503::origin_shifted,mp-1021503,mp-1021503,SiO2,origin_shifted,equivalent_transform,no_noise,1,20,1,0,0,0,small::mp-1021503::reference,0.07877182774245739
strict,small,small::mp-1021503::permuted_sites,mp-1021503,mp-1021503,SiO2,permuted_sites,equivalent_transform,no_noise,1,20,1,0,0,0,small::mp-1021503::reference,0.08762644045054913
strict,small,small::mp-1021503::combined_noise_0.002A_0.003,mp-1021503,mp-1021503,SiO2,combined_noise_0.002A_0.003,combined_perturbation,noise,1,20,1,0,0,0,small::mp-1021503::reference,0.07619454339146614
strict,small,small::mp-1021503::combined_noise_0.015A_0.003,mp-1021503,mp-1021503,SiO2,combined_noise_0.015A_0.003,combined_perturbation,noise,1,20,1,0,0,0,small::mp-1021503::reference,0.07357614114880562
strict,small,small::mp-1021503::combined_noise_0.050A_0.003,mp-1021503,mp-1021503,SiO2,combined_noise_0.050A_0.003,combined_perturbation,noise,1,20,1,0,0,0,small::mp-1021503::reference,0.07529963180422783
strict,small,small::mp-1021503::combined_noise_0.002A_0.010,mp-1021503,mp-1021503,SiO2,combined_noise_0.002A_0.010,combined_perturbation,noise,1,20,1,0,0,0,small::mp-1021503::reference,0.0740616824477911
strict,small,small::mp-1021503::combined_noise_0.015A_0.010,mp-1021503,mp-1021503,SiO2,combined_noise_0.015A_0.010,combined_perturbation,noise,1,20,1,0,0,0,small::mp-1021503::reference,0.07480801083147526
strict,small,small::mp-1021503::combined_noise_0.050A_0.010,mp-1021503,mp-1021503,SiO2,combined_noise_0.050A_0.010,combined_perturbation,noise,1,20,1,0,0,0,small::mp-1021503::reference,0.07486763224005699
strict,small,small::mp-1021503::combined_noise_0.002A_0.030,mp-1021503,mp-1021503,SiO2,combined_noise_0.002A_0.030,combined_perturbation,noise,1,20,1,0,0,0,small::mp-1021503::reference,0.07419867254793644
strict,small,small::mp-1021503::combined_noise_0.015A_0.030,mp-1021503,mp-1021503,SiO2,combined_noise_0.015A_0.030,combined_perturbation,noise,1,20,1,0,0,0,small::mp-1021503::reference,0.07384967245161533
strict,small,small::mp-1021503::combined_noise_0.050A_0.030,mp-1021503,mp-1021503,SiO2,combined_noise_0.050A_0.030,combined_perturbation,noise,1,20,1,0,0,0,small::mp-1021503::reference,0.07434073090553284
strict,small,small::mp-1071820::conventional_standard,mp-1071820,mp-1071820,SiO2,conventional_standard,equivalent_transform,no_noise,1,20,1,0,0,0,small::mp-1071820::reference,0.08237989246845245
strict,small,small::mp-1071820::niggli_reduced,mp-1071820,mp-1071820,SiO2,niggli_reduced,equivalent_transform,no_noise,1,20,1,0,0,0,small::mp-1071820::reference,0.07393058948218822
strict,small,small::mp-1071820::origin_shifted,mp-1071820,mp-1071820,SiO2,origin_shifted,equivalent_transform,no_noise,1,20,1,0,0,0,small::mp-1071820::reference,0.07757058553397655
strict,small,small::mp-1071820::permuted_sites,mp-1071820,mp-1071820,SiO2,permuted_sites,equivalent_transform,no_noise,1,20,1,0,0,0,small::mp-1071820::reference,0.09090173430740833
strict,small,small::mp-1071820::combined_noise_0.002A_0.003,mp-1071820,mp-1071820,SiO2,combined_noise_0.002A_0.003,combined_perturbation,noise,1,20,1,0,0,0,small::mp-1071820::reference,0.07587313279509544
strict,small,small::mp-1071820::combined_noise_0.015A_0.003,mp-1071820,mp-1071820,SiO2,combined_noise_0.015A_0.003,combined_perturbation,noise,1,20,1,0,0,0,small::mp-1071820::reference,0.07567778415977955
strict,small,small::mp-1071820::combined_noise_0.050A_0.003,mp-1071820,mp-1071820,SiO2,combined_noise_0.050A_0.003,combined_perturbation,noise,1,20,1,0,0,0,small::mp-1071820::reference,0.07671322487294674
strict,small,small::mp-1071820::combined_noise_0.002A_0.010,mp-1071820,mp-1071820,SiO2,combined_noise_0.002A_0.010,combined_perturbation,noise,1,20,1,0,0,0,small::mp-1071820::reference,0.07973024807870388
strict,small,small::mp-1071820::combined_noise_0.015A_0.010,mp-1071820,mp-1071820,SiO2,combined_noise_0.015A_0.010,combined_perturbation,noise,1,20,1,0,0,0,small::mp-1071820::reference,0.07981836795806885
strict,small,small::mp-1071820::combined_noise_0.050A_0.010,mp-1071820,mp-1071820,SiO2,combined_noise_0.050A_0.010,combined_perturbation,noise,1,20,1,0,0,0,small::mp-1071820::reference,0.07959110848605633
strict,small,small::mp-1071820::combined_noise_0.002A_0.030,mp-1071820,mp-1071820,SiO2,combined_noise_0.002A_0.030,combined_perturbation,noise,1,20,1,0,0,0,small::mp-1071820::reference,0.08062313124537468
strict,small,small::mp-1071820::combined_noise_0.015A_0.030,mp-1071820,mp-1071820,SiO2,combined_noise_0.015A_0.030,combined_perturbation,noise,1,20,1,0,0,0,small::mp-1071820::reference,0.08229176327586174
strict,small,small::mp-1071820::combined_noise_0.050A_0.030,mp-1071820,mp-1071820,SiO2,combined_noise_0.050A_0.030,combined_perturbation,noise,1,20,1,0,0,0,small::mp-1071820::reference,0.07964674010872841
strict,small,small::mp-10851::conventional_standard,mp-10851,mp-10851,SiO2,conventional_standard,equivalent_transform,no_noise,1,20,1,0,0,0,small::mp-10851::reference,0.09606239944696426
strict,small,small::mp-10851::niggli_reduced,mp-10851,mp-10851,SiO2,niggli_reduced,equivalent_transform,no_noise,1,20,1,0,0,0,small::mp-10851::reference,0.08545577898621559
strict,small,small::mp-10851::origin_shifted,mp-10851,mp-10851,SiO2,origin_shifted,equivalent_transform,no_noise,1,20,1,0,0,0,small::mp-10851::reference,0.08709433861076832
strict,small,small::mp-10851::permuted_sites,mp-10851,mp-10851,SiO2,permuted_sites,equivalent_transform,no_noise,1,20,1,0,0,0,small::mp-10851::reference,0.11689694970846176
strict,small,small::mp-10851::combined_noise_0.002A_0.003,mp-10851,mp-10851,SiO2,combined_noise_0.002A_0.003,combined_perturbation,noise,1,20,1,0,0,0,small::mp-10851::reference,0.08266008086502552
strict,small,small::mp-10851::combined_noise_0.015A_0.003,mp-10851,mp-10851,SiO2,combined_noise_0.015A_0.003,combined_perturbation,noise,1,20,1,0,0,0,small::mp-10851::reference,0.08377344533801079
strict,small,small::mp-10851::combined_noise_0.050A_0.003,mp-10851,mp-10851,SiO2,combined_noise_0.050A_0.003,combined_perturbation,noise,1,20,1,0,0,0,small::mp-10851::reference,0.08299621380865574
strict,small,small::mp-10851::combined_noise_0.002A_0.010,mp-10851,mp-10851,SiO2,combined_noise_0.002A_0.010,combined_perturbation,noise,1,20,1,0,0,0,small::mp-10851::reference,0.07893016934394836
strict,small,small::mp-10851::combined_noise_0.015A_0.010,mp-10851,mp-10851,SiO2,combined_noise_0.015A_0.010,combined_perturbation,noise,1,20,1,0,0,0,small::mp-10851::reference,0.07877964898943901
strict,small,small::mp-10851::combined_noise_0.050A_0.010,mp-10851,mp-10851,SiO2,combined_noise_0.050A_0.010,combined_perturbation,noise,1,20,1,0,0,0,small::mp-10851::reference,0.08198809251189232
strict,small,small::mp-10851::combined_noise_0.002A_0.030,mp-10851,mp-10851,SiO2,combined_noise_0.002A_0.030,combined_perturbation,noise,1,20,1,0,0,0,small::mp-10851::reference,0.08105028048157692
strict,small,small::mp-10851::combined_noise_0.015A_0.030,mp-10851,mp-10851,SiO2,combined_noise_0.015A_0.030,combined_perturbation,noise,0,20,0,0,0,1,,0.07473624125123024
strict,small,small::mp-10851::combined_noise_0.050A_0.030,mp-10851,mp-10851,SiO2,combined_noise_0.050A_0.030,combined_perturbation,noise,1,20,1,0,0,0,small::mp-10851::reference,0.08041387051343918
strict,small,small::mp-10948::conventional_standard,mp-10948,mp-10948,SiO2,conventional_standard,equivalent_transform,no_noise,1,20,1,0,0,0,small::mp-10948::reference,0.08423930406570435
strict,small,small::mp-10948::niggli_reduced,mp-10948,mp-10948,SiO2,niggli_reduced,equivalent_transform,no_noise,1,20,1,0,0,0,small::mp-10948::reference,0.09067592211067677
strict,small,small::mp-10948::origin_shifted,mp-10948,mp-10948,SiO2,origin_shifted,equivalent_transform,no_noise,1,20,1,0,0,0,small::mp-10948::reference,0.08950699307024479
strict,small,small::mp-10948::permuted_sites,mp-10948,mp-10948,SiO2,permuted_sites,equivalent_transform,no_noise,1,20,1,0,0,0,small::mp-10948::reference,0.11445210315287113
strict,small,small::mp-10948::combined_noise_0.002A_0.003,mp-10948,mp-10948,SiO2,combined_noise_0.002A_0.003,combined_perturbation,noise,1,20,1,0,0,0,small::mp-10948::reference,0.08367527648806572
strict,small,small::mp-10948::combined_noise_0.015A_0.003,mp-10948,mp-10948,SiO2,combined_noise_0.015A_0.003,combined_perturbation,noise,1,20,1,0,0,0,small::mp-10948::reference,0.08304542489349842
strict,small,small::mp-10948::combined_noise_0.050A_0.003,mp-10948,mp-10948,SiO2,combined_noise_0.050A_0.003,combined_perturbation,noise,1,20,1,0,0,0,small::mp-10948::reference,0.08355218358337879
strict,small,small::mp-10948::combined_noise_0.002A_0.010,mp-10948,mp-10948,SiO2,combined_noise_0.002A_0.010,combined_perturbation,noise,1,20,1,0,0,0,small::mp-10948::reference,0.08410883508622646
strict,small,small::mp-10948::combined_noise_0.015A_0.010,mp-10948,mp-10948,SiO2,combined_noise_0.015A_0.010,combined_perturbation,noise,1,20,1,0,0,0,small::mp-10948::reference,0.08385292626917362
strict,small,small::mp-10948::combined_noise_0.050A_0.010,mp-10948,mp-10948,SiO2,combined_noise_0.050A_0.010,combined_perturbation,noise,1,20,1,0,0,0,small::mp-10948::reference,0.085239227861166
strict,small,small::mp-10948::combined_noise_0.002A_0.030,mp-10948,mp-10948,SiO2,combined_noise_0.002A_0.030,combined_perturbation,noise,1,20,1,0,0,0,small::mp-10948::reference,0.08521275594830513
strict,small,small::mp-10948::combined_noise_0.015A_0.030,mp-10948,mp-10948,SiO2,combined_noise_0.015A_0.030,combined_perturbation,noise,1,20,1,0,0,0,small::mp-10948::reference,0.08556565456092358
strict,small,small::mp-10948::combined_noise_0.050A_0.030,mp-10948,mp-10948,SiO2,combined_noise_0.050A_0.030,combined_perturbation,noise,1,20,1,0,0,0,small::mp-10948::reference,0.08578204736113548
strict,small,small::mp-11684::conventional_standard,mp-11684,mp-11684,SiO2,conventional_standard,equivalent_transform,no_noise,1,20,1,0,0,0,small::mp-11684::reference,0.25341828539967537
strict,small,small::mp-11684::niggli_reduced,mp-11684,mp-11684,SiO2,niggli_reduced,equivalent_transform,no_noise,1,20,1,0,0,0,small::mp-11684::reference,0.11975414305925369
strict,small,small::mp-11684::origin_shifted,mp-11684,mp-11684,SiO2,origin_shifted,equivalent_transform,no_noise,1,20,1,0,0,0,small::mp-11684::reference,0.126801036298275
strict,small,small::mp-11684::permuted_sites,mp-11684,mp-11684,SiO2,permuted_sites,equivalent_transform,no_noise,1,20,1,0,0,0,small::mp-11684::reference,0.2124762311577797
strict,small,small::mp-11684::combined_noise_0.002A_0.003,mp-11684,mp-11684,SiO2,combined_noise_0.002A_0.003,combined_perturbation,noise,1,20,1,0,0,0,small::mp-11684::reference,0.12311778031289577
strict,small,small::mp-11684::combined_noise_0.015A_0.003,mp-11684,mp-11684,SiO2,combined_noise_0.015A_0.003,combined_perturbation,noise,1,20,1,0,0,0,small::mp-11684::reference,0.12165777571499348
strict,small,small::mp-11684::combined_noise_0.050A_0.003,mp-11684,mp-11684,SiO2,combined_noise_0.050A_0.003,combined_perturbation,noise,1,20,1,0,0,0,small::mp-11684::reference,0.12202498503029346
strict,small,small::mp-11684::combined_noise_0.002A_0.010,mp-11684,mp-11684,SiO2,combined_noise_0.002A_0.010,combined_perturbation,noise,1,20,1,0,0,0,small::mp-11684::reference,0.12150402553379536
strict,small,small::mp-11684::combined_noise_0.015A_0.010,mp-11684,mp-11684,SiO2,combined_noise_0.015A_0.010,combined_perturbation,noise,1,20,1,0,0,0,small::mp-11684::reference,0.12303191795945168
strict,small,small::mp-11684::combined_noise_0.050A_0.010,mp-11684,mp-11684,SiO2,combined_noise_0.050A_0.010,combined_perturbation,noise,1,20,1,0,0,0,small::mp-11684::reference,0.12243613786995411
strict,small,small::mp-11684::combined_noise_0.002A_0.030,mp-11684,mp-11684,SiO2,combined_noise_0.002A_0.030,combined_perturbation,noise,1,20,1,0,0,0,small::mp-11684::reference,0.12103480473160744
strict,small,small::mp-11684::combined_noise_0.015A_0.030,mp-11684,mp-11684,SiO2,combined_noise_0.015A_0.030,combined_perturbation,noise,1,20,1,0,0,0,small::mp-11684::reference,0.1233979482203722
strict,small,small::mp-11684::combined_noise_0.050A_0.030,mp-11684,mp-11684,SiO2,combined_noise_0.050A_0.030,combined_perturbation,noise,1,20,1,0,0,0,small::mp-11684::reference,0.12497813254594803
strict,small,small::mp-1179447::conventional_standard,mp-1179447,mp-1179447,SiO2,conventional_standard,equivalent_transform,no_noise,1,20,1,0,0,0,small::mp-1179447::reference,0.2650930229574442
strict,small,small::mp-1179447::niggli_reduced,mp-1179447,mp-1179447,SiO2,niggli_reduced,equivalent_transform,no_noise,1,20,1,0,0,0,small::mp-1179447::reference,0.13194982707500458
strict,small,small::mp-1179447::origin_shifted,mp-1179447,mp-1179447,SiO2,origin_shifted,equivalent_transform,no_noise,1,20,1,0,0,0,small::mp-1179447::reference,0.1374103482812643
strict,small,small::mp-1179447::permuted_sites,mp-1179447,mp-1179447,SiO2,permuted_sites,equivalent_transform,no_noise,1,20,1,0,0,0,small::mp-1179447::reference,0.22127491235733032
strict,small,small::mp-1179447::combined_noise_0.002A_0.003,mp-1179447,mp-1179447,SiO2,combined_noise_0.002A_0.003,combined_perturbation,noise,1,20,1,0,0,0,small::mp-1179447::reference,0.13270936906337738
strict,small,small::mp-1179447::combined_noise_0.015A_0.003,mp-1179447,mp-1179447,SiO2,combined_noise_0.015A_0.003,combined_perturbation,noise,1,20,1,0,0,0,small::mp-1179447::reference,0.12493363209068775
strict,small,small::mp-1179447::combined_noise_0.050A_0.003,mp-1179447,mp-1179447,SiO2,combined_noise_0.050A_0.003,combined_perturbation,noise,1,20,1,0,0,0,small::mp-1179447::reference,0.13655013777315617
strict,small,small::mp-1179447::combined_noise_0.002A_0.010,mp-1179447,mp-1179447,SiO2,combined_noise_0.002A_0.010,combined_perturbation,noise,1,20,1,0,0,0,small::mp-1179447::reference,0.12423761747777462
strict,small,small::mp-1179447::combined_noise_0.015A_0.010,mp-1179447,mp-1179447,SiO2,combined_noise_0.015A_0.010,combined_perturbation,noise,1,20,1,0,0,0,small::mp-1179447::reference,0.1246865727007389
strict,small,small::mp-1179447::combined_noise_0.050A_0.010,mp-1179447,mp-1179447,SiO2,combined_noise_0.050A_0.010,combined_perturbation,noise,1,20,1,0,0,0,small::mp-1179447::reference,0.1246600542217493
strict,small,small::mp-1179447::combined_noise_0.002A_0.030,mp-1179447,mp-1179447,SiO2,combined_noise_0.002A_0.030,combined_perturbation,noise,1,20,1,0,0,0,small::mp-1179447::reference,0.12408889085054398
strict,small,small::mp-1179447::combined_noise_0.015A_0.030,mp-1179447,mp-1179447,SiO2,combined_noise_0.015A_0.030,combined_perturbation,noise,1,20,1,0,0,0,small::mp-1179447::reference,0.1251672338694334
strict,small,small::mp-1179447::combined_noise_0.050A_0.030,mp-1179447,mp-1179447,SiO2,combined_noise_0.050A_0.030,combined_perturbation,noise,1,20,1,0,0,0,small::mp-1179447::reference,0.12633175402879715
strict,small,small::mp-1179454::conventional_standard,mp-1179454,mp-1179454,SiO2,conventional_standard,equivalent_transform,no_noise,1,20,1,0,0,0,small::mp-1179454::reference,0.12782684713602066
strict,small,small::mp-1179454::niggli_reduced,mp-1179454,mp-1179454,SiO2,niggli_reduced,equivalent_transform,no_noise,1,20,1,0,0,0,small::mp-1179454::reference,0.08691359497606754
strict,small,small::mp-1179454::origin_shifted,mp-1179454,mp-1179454,SiO2,origin_shifted,equivalent_transform,no_noise,1,20,1,0,0,0,small::mp-1179454::reference,0.08953161910176277
strict,small,small::mp-1179454::permuted_sites,mp-1179454,mp-1179454,SiO2,permuted_sites,equivalent_transform,no_noise,1,20,1,0,0,0,small::mp-1179454::reference,0.11623021215200424
strict,small,small::mp-1179454::combined_noise_0.002A_0.003,mp-1179454,mp-1179454,SiO2,combined_noise_0.002A_0.003,combined_perturbation,noise,1,20,1,0,0,0,small::mp-1179454::reference,0.08906146511435509
strict,small,small::mp-1179454::combined_noise_0.015A_0.003,mp-1179454,mp-1179454,SiO2,combined_noise_0.015A_0.003,combined_perturbation,noise,1,20,1,0,0,0,small::mp-1179454::reference,0.08983746729791164
strict,small,small::mp-1179454::combined_noise_0.050A_0.003,mp-1179454,mp-1179454,SiO2,combined_noise_0.050A_0.003,combined_perturbation,noise,1,20,1,0,0,0,small::mp-1179454::reference,0.08932747691869736
strict,small,small::mp-1179454::combined_noise_0.002A_0.010,mp-1179454,mp-1179454,SiO2,combined_noise_0.002A_0.010,combined_perturbation,noise,1,20,1,0,0,0,small::mp-1179454::reference,0.0909135676920414
strict,small,small::mp-1179454::combined_noise_0.015A_0.010,mp-1179454,mp-1179454,SiO2,combined_noise_0.015A_0.010,combined_perturbation,noise,1,20,1,0,0,0,small::mp-1179454::reference,0.08928845636546612
strict,small,small::mp-1179454::combined_noise_0.050A_0.010,mp-1179454,mp-1179454,SiO2,combined_noise_0.050A_0.010,combined_perturbation,noise,1,20,1,0,0,0,small::mp-1179454::reference,0.09007488004863262
strict,small,small::mp-1179454::combined_noise_0.002A_0.030,mp-1179454,mp-1179454,SiO2,combined_noise_0.002A_0.030,combined_perturbation,noise,0,20,0,0,0,1,,0.08818180672824383
strict,small,small::mp-1179454::combined_noise_0.015A_0.030,mp-1179454,mp-1179454,SiO2,combined_noise_0.015A_0.030,combined_perturbation,noise,1,20,1,0,0,0,small::mp-1179454::reference,0.08952655643224716
strict,small,small::mp-1179454::combined_noise_0.050A_0.030,mp-1179454,mp-1179454,SiO2,combined_noise_0.050A_0.030,combined_perturbation,noise,1,20,1,0,0,0,small::mp-1179454::reference,0.08913514763116837
strict,small,small::mp-1179529::conventional_standard,mp-1179529,mp-1179529,SiO2,conventional_standard,equivalent_transform,no_noise,1,20,2,0,1,0,small::mp-1179529::reference|small::mp-1353259::reference,0.26802914030849934
strict,small,small::mp-1179529::niggli_reduced,mp-1179529,mp-1179529,SiO2,niggli_reduced,equivalent_transform,no_noise,1,20,2,0,1,0,small::mp-1179529::reference|small::mp-1353259::reference,0.2701779827475548
strict,small,small::mp-1179529::origin_shifted,mp-1179529,mp-1179529,SiO2,origin_shifted,equivalent_transform,no_noise,1,20,2,0,1,0,small::mp-1179529::reference|small::mp-1353259::reference,0.20482517778873444
strict,small,small::mp-1179529::permuted_sites,mp-1179529,mp-1179529,SiO2,permuted_sites,equivalent_transform,no_noise,1,20,2,0,1,0,small::mp-1179529::reference|small::mp-1353259::reference,0.39167087338864803
strict,small,small::mp-1179529::combined_noise_0.002A_0.003,mp-1179529,mp-1179529,SiO2,combined_noise_0.002A_0.003,combined_perturbation,noise,1,20,2,0,1,0,small::mp-1179529::reference|small::mp-1353259::reference,0.19773050025105476
strict,small,small::mp-1179529::combined_noise_0.015A_0.003,mp-1179529,mp-1179529,SiO2,combined_noise_0.015A_0.003,combined_perturbation,noise,1,20,2,0,1,0,small::mp-1179529::reference|small::mp-1353259::reference,0.1977731380611658
strict,small,small::mp-1179529::combined_noise_0.050A_0.003,mp-1179529,mp-1179529,SiO2,combined_noise_0.050A_0.003,combined_perturbation,noise,1,20,2,0,1,0,small::mp-1179529::reference|small::mp-1353259::reference,0.1996014006435871
strict,small,small::mp-1179529::combined_noise_0.002A_0.010,mp-1179529,mp-1179529,SiO2,combined_noise_0.002A_0.010,combined_perturbation,noise,1,20,2,0,1,0,small::mp-1179529::reference|small::mp-1353259::reference,0.20718842931091785
strict,small,small::mp-1179529::combined_noise_0.015A_0.010,mp-1179529,mp-1179529,SiO2,combined_noise_0.015A_0.010,combined_perturbation,noise,1,20,2,0,1,0,small::mp-1179529::reference|small::mp-1353259::reference,0.20328110456466675
strict,small,small::mp-1179529::combined_noise_0.050A_0.010,mp-1179529,mp-1179529,SiO2,combined_noise_0.050A_0.010,combined_perturbation,noise,1,20,2,0,1,0,small::mp-1179529::reference|small::mp-1353259::reference,0.20525251887738705
strict,small,small::mp-1179529::combined_noise_0.002A_0.030,mp-1179529,mp-1179529,SiO2,combined_noise_0.002A_0.030,combined_perturbation,noise,1,20,2,0,1,0,small::mp-1179529::reference|small::mp-1353259::reference,0.2027067057788372
strict,small,small::mp-1179529::combined_noise_0.015A_0.030,mp-1179529,mp-1179529,SiO2,combined_noise_0.015A_0.030,combined_perturbation,noise,1,20,2,0,1,0,small::mp-1179529::reference|small::mp-1353259::reference,0.20765998028218746
strict,small,small::mp-1179529::combined_noise_0.050A_0.030,mp-1179529,mp-1179529,SiO2,combined_noise_0.050A_0.030,combined_perturbation,noise,1,20,2,0,1,0,small::mp-1179529::reference|small::mp-1353259::reference,0.20720307156443596
strict,small,small::mp-1188220::conventional_standard,mp-1188220,mp-1188220,SiO2,conventional_standard,equivalent_transform,no_noise,1,20,1,0,0,0,small::mp-1188220::reference,0.19988642446696758
strict,small,small::mp-1188220::niggli_reduced,mp-1188220,mp-1188220,SiO2,niggli_reduced,equivalent_transform,no_noise,1,20,1,0,0,0,small::mp-1188220::reference,0.13836362212896347
strict,small,small::mp-1188220::origin_shifted,mp-1188220,mp-1188220,SiO2,origin_shifted,equivalent_transform,no_noise,1,20,1,0,0,0,small::mp-1188220::reference,0.12564149498939514
strict,small,small::mp-1188220::permuted_sites,mp-1188220,mp-1188220,SiO2,permuted_sites,equivalent_transform,no_noise,1,20,1,0,0,0,small::mp-1188220::reference,0.18699794448912144
strict,small,small::mp-1188220::combined_noise_0.002A_0.003,mp-1188220,mp-1188220,SiO2,combined_noise_0.002A_0.003,combined_perturbation,noise,1,20,1,0,0,0,small::mp-1188220::reference,0.11957268603146076
strict,small,small::mp-1188220::combined_noise_0.015A_0.003,mp-1188220,mp-1188220,SiO2,combined_noise_0.015A_0.003,combined_perturbation,noise,1,20,1,0,0,0,small::mp-1188220::reference,0.12078774720430374
strict,small,small::mp-1188220::combined_noise_0.050A_0.003,mp-1188220,mp-1188220,SiO2,combined_noise_0.050A_0.003,combined_perturbation,noise,1,20,1,0,0,0,small::mp-1188220::reference,0.11967240646481514
strict,small,small::mp-1188220::combined_noise_0.002A_0.010,mp-1188220,mp-1188220,SiO2,combined_noise_0.002A_0.010,combined_perturbation,noise,1,20,1,0,0,0,small::mp-1188220::reference,0.12123079970479012
strict,small,small::mp-1188220::combined_noise_0.015A_0.010,mp-1188220,mp-1188220,SiO2,combined_noise_0.015A_0.010,combined_perturbation,noise,1,20,1,0,0,0,small::mp-1188220::reference,0.11839615553617477
strict,small,small::mp-1188220::combined_noise_0.050A_0.010,mp-1188220,mp-1188220,SiO2,combined_noise_0.050A_0.010,combined_perturbation,noise,1,20,1,0,0,0,small::mp-1188220::reference,0.12112223729491234
strict,small,small::mp-1188220::combined_noise_0.002A_0.030,mp-1188220,mp-1188220,SiO2,combined_noise_0.002A_0.030,combined_perturbation,noise,1,20,1,0,0,0,small::mp-1188220::reference,0.12060875818133354
strict,small,small::mp-1188220::combined_noise_0.015A_0.030,mp-1188220,mp-1188220,SiO2,combined_noise_0.015A_0.030,combined_perturbation,noise,1,20,1,0,0,0,small::mp-1188220::reference,0.12074501812458038
strict,small,small::mp-1188220::combined_noise_0.050A_0.030,mp-1188220,mp-1188220,SiO2,combined_noise_0.050A_0.030,combined_perturbation,noise,1,20,1,0,0,0,small::mp-1188220::reference,0.12109315767884254
strict,small,small::mp-12350::conventional_standard,mp-12350,mp-12350,SiO2,conventional_standard,equivalent_transform,no_noise,1,20,1,0,0,0,small::mp-12350::reference,0.7689532786607742
strict,small,small::mp-12350::niggli_reduced,mp-12350,mp-12350,SiO2,niggli_reduced,equivalent_transform,no_noise,1,20,1,0,0,0,small::mp-12350::reference,0.141128895804286
strict,small,small::mp-12350::origin_shifted,mp-12350,mp-12350,SiO2,origin_shifted,equivalent_transform,no_noise,1,20,1,0,0,0,small::mp-12350::reference,0.14678532257676125
strict,small,small::mp-12350::permuted_sites,mp-12350,mp-12350,SiO2,permuted_sites,equivalent_transform,no_noise,1,20,1,0,0,0,small::mp-12350::reference,0.23187885247170925
strict,small,small::mp-12350::combined_noise_0.002A_0.003,mp-12350,mp-12350,SiO2,combined_noise_0.002A_0.003,combined_perturbation,noise,1,20,1,0,0,0,small::mp-12350::reference,0.13929474353790283
strict,small,small::mp-12350::combined_noise_0.015A_0.003,mp-12350,mp-12350,SiO2,combined_noise_0.015A_0.003,combined_perturbation,noise,1,20,1,0,0,0,small::mp-12350::reference,0.14116131700575352
strict,small,small::mp-12350::combined_noise_0.050A_0.003,mp-12350,mp-12350,SiO2,combined_noise_0.050A_0.003,combined_perturbation,noise,1,20,1,0,0,0,small::mp-12350::reference,0.13929568231105804
strict,small,small::mp-12350::combined_noise_0.002A_0.010,mp-12350,mp-12350,SiO2,combined_noise_0.002A_0.010,combined_perturbation,noise,1,20,1,0,0,0,small::mp-12350::reference,0.13756386935710907
strict,small,small::mp-12350::combined_noise_0.015A_0.010,mp-12350,mp-12350,SiO2,combined_noise_0.015A_0.010,combined_perturbation,noise,1,20,1,0,0,0,small::mp-12350::reference,0.13995798118412495
strict,small,small::mp-12350::combined_noise_0.050A_0.010,mp-12350,mp-12350,SiO2,combined_noise_0.050A_0.010,combined_perturbation,noise,1,20,1,0,0,0,small::mp-12350::reference,0.13962989300489426
strict,small,small::mp-12350::combined_noise_0.002A_0.030,mp-12350,mp-12350,SiO2,combined_noise_0.002A_0.030,combined_perturbation,noise,1,20,1,0,0,0,small::mp-12350::reference,0.13023840263485909
strict,small,small::mp-12350::combined_noise_0.015A_0.030,mp-12350,mp-12350,SiO2,combined_noise_0.015A_0.030,combined_perturbation,noise,0,20,0,0,0,1,,0.13177880086004734
strict,small,small::mp-12350::combined_noise_0.050A_0.030,mp-12350,mp-12350,SiO2,combined_noise_0.050A_0.030,combined_perturbation,noise,1,20,1,0,0,0,small::mp-12350::reference,0.13095089234411716
strict,small,small::mp-1265115::conventional_standard,mp-1265115,mp-1265115,SiO2,conventional_standard,equivalent_transform,no_noise,1,20,1,0,0,0,small::mp-1265115::reference,0.15686727687716484
strict,small,small::mp-1265115::niggli_reduced,mp-1265115,mp-1265115,SiO2,niggli_reduced,equivalent_transform,no_noise,1,20,1,0,0,0,small::mp-1265115::reference,0.13403877429664135
strict,small,small::mp-1265115::origin_shifted,mp-1265115,mp-1265115,SiO2,origin_shifted,equivalent_transform,no_noise,1,20,1,0,0,0,small::mp-1265115::reference,0.1367645412683487
strict,small,small::mp-1265115::permuted_sites,mp-1265115,mp-1265115,SiO2,permuted_sites,equivalent_transform,no_noise,1,20,1,0,0,0,small::mp-1265115::reference,0.22022064961493015
strict,small,small::mp-1265115::combined_noise_0.002A_0.003,mp-1265115,mp-1265115,SiO2,combined_noise_0.002A_0.003,combined_perturbation,noise,1,20,1,0,0,0,small::mp-1265115::reference,0.13066112250089645
strict,small,small::mp-1265115::combined_noise_0.015A_0.003,mp-1265115,mp-1265115,SiO2,combined_noise_0.015A_0.003,combined_perturbation,noise,1,20,1,0,0,0,small::mp-1265115::reference,0.13166850246489048
strict,small,small::mp-1265115::combined_noise_0.050A_0.003,mp-1265115,mp-1265115,SiO2,combined_noise_0.050A_0.003,combined_perturbation,noise,1,20,1,0,0,0,small::mp-1265115::reference,0.13304674625396729
strict,small,small::mp-1265115::combined_noise_0.002A_0.010,mp-1265115,mp-1265115,SiO2,combined_noise_0.002A_0.010,combined_perturbation,noise,1,20,1,0,0,0,small::mp-1265115::reference,0.13420183397829533
strict,small,small::mp-1265115::combined_noise_0.015A_0.010,mp-1265115,mp-1265115,SiO2,combined_noise_0.015A_0.010,combined_perturbation,noise,1,20,1,0,0,0,small::mp-1265115::reference,0.13285516388714314
strict,small,small::mp-1265115::combined_noise_0.050A_0.010,mp-1265115,mp-1265115,SiO2,combined_noise_0.050A_0.010,combined_perturbation,noise,1,20,1,0,0,0,small::mp-1265115::reference,0.13156060315668583
strict,small,small::mp-1265115::combined_noise_0.002A_0.030,mp-1265115,mp-1265115,SiO2,combined_noise_0.002A_0.030,combined_perturbation,noise,1,20,1,0,0,0,small::mp-1265115::reference,0.2502367068082094
strict,small,small::mp-1265115::combined_noise_0.015A_0.030,mp-1265115,mp-1265115,SiO2,combined_noise_0.015A_0.030,combined_perturbation,noise,1,20,1,0,0,0,small::mp-1265115::reference,0.13431506417691708
strict,small,small::mp-1265115::combined_noise_0.050A_0.030,mp-1265115,mp-1265115,SiO2,combined_noise_0.050A_0.030,combined_perturbation,noise,1,20,1,0,0,0,small::mp-1265115::reference,0.132993184030056
strict,small,small::mp-12787::conventional_standard,mp-12787,mp-12787,SiO2,conventional_standard,equivalent_transform,no_noise,1,20,1,0,0,0,small::mp-12787::reference,0.188873628154397
strict,small,small::mp-12787::niggli_reduced,mp-12787,mp-12787,SiO2,niggli_reduced,equivalent_transform,no_noise,1,20,1,0,0,0,small::mp-12787::reference,0.10969353467226028
strict,small,small::mp-12787::origin_shifted,mp-12787,mp-12787,SiO2,origin_shifted,equivalent_transform,no_noise,1,20,1,0,0,0,small::mp-12787::reference,0.11415787041187286
strict,small,small::mp-12787::permuted_sites,mp-12787,mp-12787,SiO2,permuted_sites,equivalent_transform,no_noise,1,20,1,0,0,0,small::mp-12787::reference,0.16563788801431656
strict,small,small::mp-12787::combined_noise_0.002A_0.003,mp-12787,mp-12787,SiO2,combined_noise_0.002A_0.003,combined_perturbation,noise,1,20,1,0,0,0,small::mp-12787::reference,0.10929429344832897
strict,small,small::mp-12787::combined_noise_0.015A_0.003,mp-12787,mp-12787,SiO2,combined_noise_0.015A_0.003,combined_perturbation,noise,1,20,1,0,0,0,small::mp-12787::reference,0.11097578518092632
strict,small,small::mp-12787::combined_noise_0.050A_0.003,mp-12787,mp-12787,SiO2,combined_noise_0.050A_0.003,combined_perturbation,noise,1,20,1,0,0,0,small::mp-12787::reference,0.1149156503379345
strict,small,small::mp-12787::combined_noise_0.002A_0.010,mp-12787,mp-12787,SiO2,combined_noise_0.002A_0.010,combined_perturbation,noise,1,20,1,0,0,0,small::mp-12787::reference,0.11080564372241497
strict,small,small::mp-12787::combined_noise_0.015A_0.010,mp-12787,mp-12787,SiO2,combined_noise_0.015A_0.010,combined_perturbation,noise,1,20,1,0,0,0,small::mp-12787::reference,0.10589584894478321
strict,small,small::mp-12787::combined_noise_0.050A_0.010,mp-12787,mp-12787,SiO2,combined_noise_0.050A_0.010,combined_perturbation,noise,1,20,1,0,0,0,small::mp-12787::reference,0.11280158720910549
strict,small,small::mp-12787::combined_noise_0.002A_0.030,mp-12787,mp-12787,SiO2,combined_noise_0.002A_0.030,combined_perturbation,noise,1,20,1,0,0,0,small::mp-12787::reference,0.11506153270602226
strict,small,small::mp-12787::combined_noise_0.015A_0.030,mp-12787,mp-12787,SiO2,combined_noise_0.015A_0.030,combined_perturbation,noise,1,20,1,0,0,0,small::mp-12787::reference,0.11504457145929337
strict,small,small::mp-12787::combined_noise_0.050A_0.030,mp-12787,mp-12787,SiO2,combined_noise_0.050A_0.030,combined_perturbation,noise,1,20,1,0,0,0,small::mp-12787::reference,0.11067857220768929
strict,small,small::mp-1353259::conventional_standard,mp-1353259,mp-1353259,SiO2,conventional_standard,equivalent_transform,no_noise,1,20,2,0,1,0,small::mp-1179529::reference|small::mp-1353259::reference,0.20980222336947918
strict,small,small::mp-1353259::niggli_reduced,mp-1353259,mp-1353259,SiO2,niggli_reduced,equivalent_transform,no_noise,1,20,2,0,1,0,small::mp-1179529::reference|small::mp-1353259::reference,0.19779017753899097
strict,small,small::mp-1353259::origin_shifted,mp-1353259,mp-1353259,SiO2,origin_shifted,equivalent_transform,no_noise,1,20,2,0,1,0,small::mp-1179529::reference|small::mp-1353259::reference,0.21369933150708675
strict,small,small::mp-1353259::permuted_sites,mp-1353259,mp-1353259,SiO2,permuted_sites,equivalent_transform,no_noise,1,20,2,0,1,0,small::mp-1179529::reference|small::mp-1353259::reference,0.4001537747681141
strict,small,small::mp-1353259::combined_noise_0.002A_0.003,mp-1353259,mp-1353259,SiO2,combined_noise_0.002A_0.003,combined_perturbation,noise,1,20,2,0,1,0,small::mp-1179529::reference|small::mp-1353259::reference,0.1987341307103634
strict,small,small::mp-1353259::combined_noise_0.015A_0.003,mp-1353259,mp-1353259,SiO2,combined_noise_0.015A_0.003,combined_perturbation,noise,1,20,2,0,1,0,small::mp-1179529::reference|small::mp-1353259::reference,0.20061273127794266
strict,small,small::mp-1353259::combined_noise_0.050A_0.003,mp-1353259,mp-1353259,SiO2,combined_noise_0.050A_0.003,combined_perturbation,noise,1,20,2,0,1,0,small::mp-1179529::reference|small::mp-1353259::reference,0.19915211014449596
strict,small,small::mp-1353259::combined_noise_0.002A_0.010,mp-1353259,mp-1353259,SiO2,combined_noise_0.002A_0.010,combined_perturbation,noise,1,20,2,0,1,0,small::mp-1179529::reference|small::mp-1353259::reference,0.20204850658774376
strict,small,small::mp-1353259::combined_noise_0.015A_0.010,mp-1353259,mp-1353259,SiO2,combined_noise_0.015A_0.010,combined_perturbation,noise,1,20,2,0,1,0,small::mp-1179529::reference|small::mp-1353259::reference,0.2005588598549366
strict,small,small::mp-1353259::combined_noise_0.050A_0.010,mp-1353259,mp-1353259,SiO2,combined_noise_0.050A_0.010,combined_perturbation,noise,1,20,2,0,1,0,small::mp-1179529::reference|small::mp-1353259::reference,0.2062556091696024
strict,small,small::mp-1353259::combined_noise_0.002A_0.030,mp-1353259,mp-1353259,SiO2,combined_noise_0.002A_0.030,combined_perturbation,noise,1,20,2,0,1,0,small::mp-1179529::reference|small::mp-1353259::reference,0.20196071453392506
strict,small,small::mp-1353259::combined_noise_0.015A_0.030,mp-1353259,mp-1353259,SiO2,combined_noise_0.015A_0.030,combined_perturbation,noise,1,20,2,0,1,0,small::mp-1179529::reference|small::mp-1353259::reference,0.2004100438207388
strict,small,small::mp-1353259::combined_noise_0.050A_0.030,mp-1353259,mp-1353259,SiO2,combined_noise_0.050A_0.030,combined_perturbation,noise,1,20,2,0,1,0,small::mp-1179529::reference|small::mp-1353259::reference,0.20038471929728985
strict,small,small::mp-1398433::conventional_standard,mp-1398433,mp-1398433,SiO2,conventional_standard,equivalent_transform,no_noise,1,20,1,0,0,0,small::mp-1398433::reference,0.09112918749451637
strict,small,small::mp-1398433::niggli_reduced,mp-1398433,mp-1398433,SiO2,niggli_reduced,equivalent_transform,no_noise,1,20,1,0,0,0,small::mp-1398433::reference,0.09532488510012627
strict,small,small::mp-1398433::origin_shifted,mp-1398433,mp-1398433,SiO2,origin_shifted,equivalent_transform,no_noise,1,20,1,0,0,0,small::mp-1398433::reference,0.08237764798104763
strict,small,small::mp-1398433::permuted_sites,mp-1398433,mp-1398433,SiO2,permuted_sites,equivalent_transform,no_noise,1,20,1,0,0,0,small::mp-1398433::reference,0.12030809558928013
strict,small,small::mp-1398433::combined_noise_0.002A_0.003,mp-1398433,mp-1398433,SiO2,combined_noise_0.002A_0.003,combined_perturbation,noise,1,20,1,0,0,0,small::mp-1398433::reference,0.09504996426403522
strict,small,small::mp-1398433::combined_noise_0.015A_0.003,mp-1398433,mp-1398433,SiO2,combined_noise_0.015A_0.003,combined_perturbation,noise,1,20,1,0,0,0,small::mp-1398433::reference,0.09465843252837658
strict,small,small::mp-1398433::combined_noise_0.050A_0.003,mp-1398433,mp-1398433,SiO2,combined_noise_0.050A_0.003,combined_perturbation,noise,1,20,1,0,0,0,small::mp-1398433::reference,0.0945455115288496
strict,small,small::mp-1398433::combined_noise_0.002A_0.010,mp-1398433,mp-1398433,SiO2,combined_noise_0.002A_0.010,combined_perturbation,noise,1,20,1,0,0,0,small::mp-1398433::reference,0.0956781692802906
strict,small,small::mp-1398433::combined_noise_0.015A_0.010,mp-1398433,mp-1398433,SiO2,combined_noise_0.015A_0.010,combined_perturbation,noise,1,20,1,0,0,0,small::mp-1398433::reference,0.09687790833413601
strict,small,small::mp-1398433::combined_noise_0.050A_0.010,mp-1398433,mp-1398433,SiO2,combined_noise_0.050A_0.010,combined_perturbation,noise,1,20,1,0,0,0,small::mp-1398433::reference,0.09729909710586071
strict,small,small::mp-1398433::combined_noise_0.002A_0.030,mp-1398433,mp-1398433,SiO2,combined_noise_0.002A_0.030,combined_perturbation,noise,1,20,1,0,0,0,small::mp-1398433::reference,0.09520193375647068
strict,small,small::mp-1398433::combined_noise_0.015A_0.030,mp-1398433,mp-1398433,SiO2,combined_noise_0.015A_0.030,combined_perturbation,noise,1,20,1,0,0,0,small::mp-1398433::reference,0.09447323344647884
strict,small,small::mp-1398433::combined_noise_0.050A_0.030,mp-1398433,mp-1398433,SiO2,combined_noise_0.050A_0.030,combined_perturbation,noise,1,20,1,0,0,0,small::mp-1398433::reference,0.0958117451518774
strict,small,small::mp-16964::conventional_standard,mp-16964,mp-16964,SiO2,conventional_standard,equivalent_transform,no_noise,1,20,1,0,0,0,small::mp-16964::reference,0.4760562442243099
strict,small,small::mp-16964::niggli_reduced,mp-16964,mp-16964,SiO2,niggli_reduced,equivalent_transform,no_noise,1,20,1,0,0,0,small::mp-16964::reference,0.20378918759524822
strict,small,small::mp-16964::origin_shifted,mp-16964,mp-16964,SiO2,origin_shifted,equivalent_transform,no_noise,1,20,1,0,0,0,small::mp-16964::reference,0.2023031134158373
strict,small,small::mp-16964::permuted_sites,mp-16964,mp-16964,SiO2,permuted_sites,equivalent_transform,no_noise,1,20,1,0,0,0,small::mp-16964::reference,0.38406219333410263
strict,small,small::mp-16964::combined_noise_0.002A_0.003,mp-16964,mp-16964,SiO2,combined_noise_0.002A_0.003,combined_perturbation,noise,1,20,1,0,0,0,small::mp-16964::reference,0.19270078279078007
strict,small,small::mp-16964::combined_noise_0.015A_0.003,mp-16964,mp-16964,SiO2,combined_noise_0.015A_0.003,combined_perturbation,noise,1,20,1,0,0,0,small::mp-16964::reference,0.19465862400829792
strict,small,small::mp-16964::combined_noise_0.050A_0.003,mp-16964,mp-16964,SiO2,combined_noise_0.050A_0.003,combined_perturbation,noise,1,20,1,0,0,0,small::mp-16964::reference,0.1992581319063902
strict,small,small::mp-16964::combined_noise_0.002A_0.010,mp-16964,mp-16964,SiO2,combined_noise_0.002A_0.010,combined_perturbation,noise,1,20,1,0,0,0,small::mp-16964::reference,0.19589448906481266
strict,small,small::mp-16964::combined_noise_0.015A_0.010,mp-16964,mp-16964,SiO2,combined_noise_0.015A_0.010,combined_perturbation,noise,1,20,1,0,0,0,small::mp-16964::reference,0.19685275480151176
strict,small,small::mp-16964::combined_noise_0.050A_0.010,mp-16964,mp-16964,SiO2,combined_noise_0.050A_0.010,combined_perturbation,noise,1,20,1,0,0,0,small::mp-16964::reference,0.19666997902095318
strict,small,small::mp-16964::combined_noise_0.002A_0.030,mp-16964,mp-16964,SiO2,combined_noise_0.002A_0.030,combined_perturbation,noise,1,20,1,0,0,0,small::mp-16964::reference,0.19831708073616028
strict,small,small::mp-16964::combined_noise_0.015A_0.030,mp-16964,mp-16964,SiO2,combined_noise_0.015A_0.030,combined_perturbation,noise,0,20,0,0,0,1,,0.19436784461140633
strict,small,small::mp-16964::combined_noise_0.050A_0.030,mp-16964,mp-16964,SiO2,combined_noise_0.050A_0.030,combined_perturbation,noise,0,20,0,0,0,1,,0.19529037550091743
strict,small,small::mp-17909::conventional_standard,mp-17909,mp-17909,SiO2,conventional_standard,equivalent_transform,no_noise,1,20,1,0,0,0,small::mp-17909::reference,0.9414028935134411
strict,small,small::mp-17909::niggli_reduced,mp-17909,mp-17909,SiO2,niggli_reduced,equivalent_transform,no_noise,1,20,1,0,0,0,small::mp-17909::reference,0.39531044848263264
strict,small,small::mp-17909::origin_shifted,mp-17909,mp-17909,SiO2,origin_shifted,equivalent_transform,no_noise,1,20,1,0,0,0,small::mp-17909::reference,0.210606025531888
strict,small,small::mp-17909::permuted_sites,mp-17909,mp-17909,SiO2,permuted_sites,equivalent_transform,no_noise,1,20,1,0,0,0,small::mp-17909::reference,0.5740318410098553
strict,small,small::mp-17909::combined_noise_0.002A_0.003,mp-17909,mp-17909,SiO2,combined_noise_0.002A_0.003,combined_perturbation,noise,1,20,1,0,0,0,small::mp-17909::reference,0.20214850455522537
strict,small,small::mp-17909::combined_noise_0.015A_0.003,mp-17909,mp-17909,SiO2,combined_noise_0.015A_0.003,combined_perturbation,noise,1,20,1,0,0,0,small::mp-17909::reference,0.19684326648712158
strict,small,small::mp-17909::combined_noise_0.050A_0.003,mp-17909,mp-17909,SiO2,combined_noise_0.050A_0.003,combined_perturbation,noise,1,20,1,0,0,0,small::mp-17909::reference,0.19562434405088425
strict,small,small::mp-17909::combined_noise_0.002A_0.010,mp-17909,mp-17909,SiO2,combined_noise_0.002A_0.010,combined_perturbation,noise,1,20,1,0,0,0,small::mp-17909::reference,0.19824195094406605
strict,small,small::mp-17909::combined_noise_0.015A_0.010,mp-17909,mp-17909,SiO2,combined_noise_0.015A_0.010,combined_perturbation,noise,1,20,1,0,0,0,small::mp-17909::reference,0.20057284086942673
strict,small,small::mp-17909::combined_noise_0.050A_0.010,mp-17909,mp-17909,SiO2,combined_noise_0.050A_0.010,combined_perturbation,noise,1,20,1,0,0,0,small::mp-17909::reference,0.2011532112956047
strict,small,small::mp-17909::combined_noise_0.002A_0.030,mp-17909,mp-17909,SiO2,combined_noise_0.002A_0.030,combined_perturbation,noise,0,20,0,0,0,1,,0.20064585283398628
strict,small,small::mp-17909::combined_noise_0.015A_0.030,mp-17909,mp-17909,SiO2,combined_noise_0.015A_0.030,combined_perturbation,noise,0,20,0,0,0,1,,0.19718508794903755
strict,small,small::mp-17909::combined_noise_0.050A_0.030,mp-17909,mp-17909,SiO2,combined_noise_0.050A_0.030,combined_perturbation,noise,0,20,0,0,0,1,,0.19753220863640308
strict,small,small::mp-18280::conventional_standard,mp-18280,mp-18280,SiO2,conventional_standard,equivalent_transform,no_noise,1,20,1,0,0,0,small::mp-18280::reference,0.4708860982209444
strict,small,small::mp-18280::niggli_reduced,mp-18280,mp-18280,SiO2,niggli_reduced,equivalent_transform,no_noise,1,20,1,0,0,0,small::mp-18280::reference,0.19908913038671017
strict,small,small::mp-18280::origin_shifted,mp-18280,mp-18280,SiO2,origin_shifted,equivalent_transform,no_noise,1,20,1,0,0,0,small::mp-18280::reference,0.20645762979984283
strict,small,small::mp-18280::permuted_sites,mp-18280,mp-18280,SiO2,permuted_sites,equivalent_transform,no_noise,1,20,1,0,0,0,small::mp-18280::reference,0.3953599091619253
strict,small,small::mp-18280::combined_noise_0.002A_0.003,mp-18280,mp-18280,SiO2,combined_noise_0.002A_0.003,combined_perturbation,noise,1,20,1,0,0,0,small::mp-18280::reference,0.1975561399012804
strict,small,small::mp-18280::combined_noise_0.015A_0.003,mp-18280,mp-18280,SiO2,combined_noise_0.015A_0.003,combined_perturbation,noise,1,20,1,0,0,0,small::mp-18280::reference,0.19910287111997604
strict,small,small::mp-18280::combined_noise_0.050A_0.003,mp-18280,mp-18280,SiO2,combined_noise_0.050A_0.003,combined_perturbation,noise,1,20,1,0,0,0,small::mp-18280::reference,0.19880042970180511
strict,small,small::mp-18280::combined_noise_0.002A_0.010,mp-18280,mp-18280,SiO2,combined_noise_0.002A_0.010,combined_perturbation,noise,1,20,1,0,0,0,small::mp-18280::reference,0.20026735216379166
strict,small,small::mp-18280::combined_noise_0.015A_0.010,mp-18280,mp-18280,SiO2,combined_noise_0.015A_0.010,combined_perturbation,noise,1,20,1,0,0,0,small::mp-18280::reference,0.20292208343744278
strict,small,small::mp-18280::combined_noise_0.050A_0.010,mp-18280,mp-18280,SiO2,combined_noise_0.050A_0.010,combined_perturbation,noise,1,20,1,0,0,0,small::mp-18280::reference,0.2030213475227356
strict,small,small::mp-18280::combined_noise_0.002A_0.030,mp-18280,mp-18280,SiO2,combined_noise_0.002A_0.030,combined_perturbation,noise,0,20,0,0,0,1,,0.21038278378546238
strict,small,small::mp-18280::combined_noise_0.015A_0.030,mp-18280,mp-18280,SiO2,combined_noise_0.015A_0.030,combined_perturbation,noise,1,20,1,0,0,0,small::mp-18280::reference,0.20244724303483963
strict,small,small::mp-18280::combined_noise_0.050A_0.030,mp-18280,mp-18280,SiO2,combined_noise_0.050A_0.030,combined_perturbation,noise,1,20,1,0,0,0,small::mp-18280::reference,0.2025608066469431
strict,small,small::mp-32667::conventional_standard,mp-32667,mp-32667,SiO2,conventional_standard,equivalent_transform,no_noise,1,20,1,0,0,0,small::mp-32667::reference,0.11750901490449905
strict,small,small::mp-32667::niggli_reduced,mp-32667,mp-32667,SiO2,niggli_reduced,equivalent_transform,no_noise,1,20,1,0,0,0,small::mp-32667::reference,0.11159186251461506
strict,small,small::mp-32667::origin_shifted,mp-32667,mp-32667,SiO2,origin_shifted,equivalent_transform,no_noise,1,20,1,0,0,0,small::mp-32667::reference,0.11539878509938717
strict,small,small::mp-32667::permuted_sites,mp-32667,mp-32667,SiO2,permuted_sites,equivalent_transform,no_noise,1,20,1,0,0,0,small::mp-32667::reference,0.16384298354387283
strict,small,small::mp-32667::combined_noise_0.002A_0.003,mp-32667,mp-32667,SiO2,combined_noise_0.002A_0.003,combined_perturbation,noise,1,20,1,0,0,0,small::mp-32667::reference,0.11016491614282131
strict,small,small::mp-32667::combined_noise_0.015A_0.003,mp-32667,mp-32667,SiO2,combined_noise_0.015A_0.003,combined_perturbation,noise,1,20,1,0,0,0,small::mp-32667::reference,0.10989496111869812
strict,small,small::mp-32667::combined_noise_0.050A_0.003,mp-32667,mp-32667,SiO2,combined_noise_0.050A_0.003,combined_perturbation,noise,1,20,1,0,0,0,small::mp-32667::reference,0.11127262748777866
strict,small,small::mp-32667::combined_noise_0.002A_0.010,mp-32667,mp-32667,SiO2,combined_noise_0.002A_0.010,combined_perturbation,noise,1,20,1,0,0,0,small::mp-32667::reference,0.1110337171703577
strict,small,small::mp-32667::combined_noise_0.015A_0.010,mp-32667,mp-32667,SiO2,combined_noise_0.015A_0.010,combined_perturbation,noise,1,20,1,0,0,0,small::mp-32667::reference,0.11053355224430561
strict,small,small::mp-32667::combined_noise_0.050A_0.010,mp-32667,mp-32667,SiO2,combined_noise_0.050A_0.010,combined_perturbation,noise,1,20,1,0,0,0,small::mp-32667::reference,0.11201477609574795
strict,small,small::mp-32667::combined_noise_0.002A_0.030,mp-32667,mp-32667,SiO2,combined_noise_0.002A_0.030,combined_perturbation,noise,1,20,1,0,0,0,small::mp-32667::reference,0.11425016075372696
strict,small,small::mp-32667::combined_noise_0.015A_0.030,mp-32667,mp-32667,SiO2,combined_noise_0.015A_0.030,combined_perturbation,noise,1,20,1,0,0,0,small::mp-32667::reference,0.0981307178735733
strict,small,small::mp-32667::combined_noise_0.050A_0.030,mp-32667,mp-32667,SiO2,combined_noise_0.050A_0.030,combined_perturbation,noise,1,20,1,0,0,0,small::mp-32667::reference,0.11306258104741573
strict,small,small::mp-545488::conventional_standard,mp-545488,mp-545488,SiO2,conventional_standard,equivalent_transform,no_noise,1,20,1,0,0,0,small::mp-545488::reference,0.12085888721048832
strict,small,small::mp-545488::niggli_reduced,mp-545488,mp-545488,SiO2,niggli_reduced,equivalent_transform,no_noise,1,20,1,0,0,0,small::mp-545488::reference,0.0994197204709053
strict,small,small::mp-545488::origin_shifted,mp-545488,mp-545488,SiO2,origin_shifted,equivalent_transform,no_noise,1,20,1,0,0,0,small::mp-545488::reference,0.10919357277452946
strict,small,small::mp-545488::permuted_sites,mp-545488,mp-545488,SiO2,permuted_sites,equivalent_transform,no_noise,1,20,1,0,0,0,small::mp-545488::reference,0.15422677248716354
strict,small,small::mp-545488::combined_noise_0.002A_0.003,mp-545488,mp-545488,SiO2,combined_noise_0.002A_0.003,combined_perturbation,noise,1,20,1,0,0,0,small::mp-545488::reference,0.1006885003298521
strict,small,small::mp-545488::combined_noise_0.015A_0.003,mp-545488,mp-545488,SiO2,combined_noise_0.015A_0.003,combined_perturbation,noise,1,20,1,0,0,0,small::mp-545488::reference,0.10307280346751213
strict,small,small::mp-545488::combined_noise_0.050A_0.003,mp-545488,mp-545488,SiO2,combined_noise_0.050A_0.003,combined_perturbation,noise,1,20,1,0,0,0,small::mp-545488::reference,0.0983432587236166
strict,small,small::mp-545488::combined_noise_0.002A_0.010,mp-545488,mp-545488,SiO2,combined_noise_0.002A_0.010,combined_perturbation,noise,1,20,1,0,0,0,small::mp-545488::reference,0.09897888079285622
strict,small,small::mp-545488::combined_noise_0.015A_0.010,mp-545488,mp-545488,SiO2,combined_noise_0.015A_0.010,combined_perturbation,noise,1,20,1,0,0,0,small::mp-545488::reference,0.09876259788870811
strict,small,small::mp-545488::combined_noise_0.050A_0.010,mp-545488,mp-545488,SiO2,combined_noise_0.050A_0.010,combined_perturbation,noise,1,20,1,0,0,0,small::mp-545488::reference,0.10086734034121037
strict,small,small::mp-545488::combined_noise_0.002A_0.030,mp-545488,mp-545488,SiO2,combined_noise_0.002A_0.030,combined_perturbation,noise,1,20,1,0,0,0,small::mp-545488::reference,0.10270046442747116
strict,small,small::mp-545488::combined_noise_0.015A_0.030,mp-545488,mp-545488,SiO2,combined_noise_0.015A_0.030,combined_perturbation,noise,1,20,1,0,0,0,small::mp-545488::reference,0.10220852494239807
strict,small,small::mp-545488::combined_noise_0.050A_0.030,mp-545488,mp-545488,SiO2,combined_noise_0.050A_0.030,combined_perturbation,noise,1,20,1,0,0,0,small::mp-545488::reference,0.10025138035416603
strict,small,small::mp-1008677::conventional_standard,mp-1008677,mp-1008677,TiO2,conventional_standard,equivalent_transform,no_noise,1,20,1,0,0,0,small::mp-1008677::reference,0.10287011414766312
strict,small,small::mp-1008677::niggli_reduced,mp-1008677,mp-1008677,TiO2,niggli_reduced,equivalent_transform,no_noise,1,20,1,0,0,0,small::mp-1008677::reference,0.08452696911990643
strict,small,small::mp-1008677::origin_shifted,mp-1008677,mp-1008677,TiO2,origin_shifted,equivalent_transform,no_noise,1,20,1,0,0,0,small::mp-1008677::reference,0.08435770124197006
strict,small,small::mp-1008677::permuted_sites,mp-1008677,mp-1008677,TiO2,permuted_sites,equivalent_transform,no_noise,1,20,1,0,0,0,small::mp-1008677::reference,0.08538925088942051
strict,small,small::mp-1008677::combined_noise_0.002A_0.003,mp-1008677,mp-1008677,TiO2,combined_noise_0.002A_0.003,combined_perturbation,noise,1,20,1,0,0,0,small::mp-1008677::reference,0.07631037943065166
strict,small,small::mp-1008677::combined_noise_0.015A_0.003,mp-1008677,mp-1008677,TiO2,combined_noise_0.015A_0.003,combined_perturbation,noise,1,20,1,0,0,0,small::mp-1008677::reference,0.07611772790551186
strict,small,small::mp-1008677::combined_noise_0.050A_0.003,mp-1008677,mp-1008677,TiO2,combined_noise_0.050A_0.003,combined_perturbation,noise,1,20,1,0,0,0,small::mp-1008677::reference,0.0773413609713316
strict,small,small::mp-1008677::combined_noise_0.002A_0.010,mp-1008677,mp-1008677,TiO2,combined_noise_0.002A_0.010,combined_perturbation,noise,1,20,1,0,0,0,small::mp-1008677::reference,0.08198866620659828
strict,small,small::mp-1008677::combined_noise_0.015A_0.010,mp-1008677,mp-1008677,TiO2,combined_noise_0.015A_0.010,combined_perturbation,noise,1,20,1,0,0,0,small::mp-1008677::reference,0.0806154478341341
strict,small,small::mp-1008677::combined_noise_0.050A_0.010,mp-1008677,mp-1008677,TiO2,combined_noise_0.050A_0.010,combined_perturbation,noise,1,20,1,0,0,0,small::mp-1008677::reference,0.08649972081184387
strict,small,small::mp-1008677::combined_noise_0.002A_0.030,mp-1008677,mp-1008677,TiO2,combined_noise_0.002A_0.030,combined_perturbation,noise,1,20,1,0,0,0,small::mp-1008677::reference,0.08583333157002926
strict,small,small::mp-1008677::combined_noise_0.015A_0.030,mp-1008677,mp-1008677,TiO2,combined_noise_0.015A_0.030,combined_perturbation,noise,1,20,1,0,0,0,small::mp-1008677::reference,0.081003088504076
strict,small,small::mp-1008677::combined_noise_0.050A_0.030,mp-1008677,mp-1008677,TiO2,combined_noise_0.050A_0.030,combined_perturbation,noise,1,20,1,0,0,0,small::mp-1008677::reference,0.07961970381438732
strict,small,small::mp-1041565::conventional_standard,mp-1041565,mp-1041565,TiO2,conventional_standard,equivalent_transform,no_noise,1,20,1,0,0,0,small::mp-1041565::reference,0.10859064385294914
strict,small,small::mp-1041565::niggli_reduced,mp-1041565,mp-1041565,TiO2,niggli_reduced,equivalent_transform,no_noise,1,20,1,0,0,0,small::mp-1041565::reference,0.07098072580993176
strict,small,small::mp-1041565::origin_shifted,mp-1041565,mp-1041565,TiO2,origin_shifted,equivalent_transform,no_noise,1,20,1,0,0,0,small::mp-1041565::reference,0.07357712648808956
strict,small,small::mp-1041565::permuted_sites,mp-1041565,mp-1041565,TiO2,permuted_sites,equivalent_transform,no_noise,1,20,1,0,0,0,small::mp-1041565::reference,0.0996800996363163
strict,small,small::mp-1041565::combined_noise_0.002A_0.003,mp-1041565,mp-1041565,TiO2,combined_noise_0.002A_0.003,combined_perturbation,noise,1,20,1,0,0,0,small::mp-1041565::reference,0.07184942625463009
strict,small,small::mp-1041565::combined_noise_0.015A_0.003,mp-1041565,mp-1041565,TiO2,combined_noise_0.015A_0.003,combined_perturbation,noise,1,20,1,0,0,0,small::mp-1041565::reference,0.07322638668119907
strict,small,small::mp-1041565::combined_noise_0.050A_0.003,mp-1041565,mp-1041565,TiO2,combined_noise_0.050A_0.003,combined_perturbation,noise,1,20,1,0,0,0,small::mp-1041565::reference,0.07226060517132282
strict,small,small::mp-1041565::combined_noise_0.002A_0.010,mp-1041565,mp-1041565,TiO2,combined_noise_0.002A_0.010,combined_perturbation,noise,1,20,1,0,0,0,small::mp-1041565::reference,0.07265429385006428
strict,small,small::mp-1041565::combined_noise_0.015A_0.010,mp-1041565,mp-1041565,TiO2,combined_noise_0.015A_0.010,combined_perturbation,noise,1,20,1,0,0,0,small::mp-1041565::reference,0.07392124645411968
strict,small,small::mp-1041565::combined_noise_0.050A_0.010,mp-1041565,mp-1041565,TiO2,combined_noise_0.050A_0.010,combined_perturbation,noise,1,20,1,0,0,0,small::mp-1041565::reference,0.06709868833422661
strict,small,small::mp-1041565::combined_noise_0.002A_0.030,mp-1041565,mp-1041565,TiO2,combined_noise_0.002A_0.030,combined_perturbation,noise,0,20,0,0,0,1,,0.0697425827383995
strict,small,small::mp-1041565::combined_noise_0.015A_0.030,mp-1041565,mp-1041565,TiO2,combined_noise_0.015A_0.030,combined_perturbation,noise,1,20,1,0,0,0,small::mp-1041565::reference,0.07503075897693634
strict,small,small::mp-1041565::combined_noise_0.050A_0.030,mp-1041565,mp-1041565,TiO2,combined_noise_0.050A_0.030,combined_perturbation,noise,1,20,1,0,0,0,small::mp-1041565::reference,0.06743464805185795
strict,small,small::mp-1044853::conventional_standard,mp-1044853,mp-1044853,TiO2,conventional_standard,equivalent_transform,no_noise,1,20,1,0,0,0,small::mp-1044853::reference,0.30796423368155956
strict,small,small::mp-1044853::niggli_reduced,mp-1044853,mp-1044853,TiO2,niggli_reduced,equivalent_transform,no_noise,1,20,1,0,0,0,small::mp-1044853::reference,0.23552951775491238
strict,small,small::mp-1044853::origin_shifted,mp-1044853,mp-1044853,TiO2,origin_shifted,equivalent_transform,no_noise,1,20,1,0,0,0,small::mp-1044853::reference,0.24226152710616589
strict,small,small::mp-1044853::permuted_sites,mp-1044853,mp-1044853,TiO2,permuted_sites,equivalent_transform,no_noise,1,20,1,0,0,0,small::mp-1044853::reference,0.44086826778948307
strict,small,small::mp-1044853::combined_noise_0.002A_0.003,mp-1044853,mp-1044853,TiO2,combined_noise_0.002A_0.003,combined_perturbation,noise,1,20,1,0,0,0,small::mp-1044853::reference,0.23645810037851334
strict,small,small::mp-1044853::combined_noise_0.015A_0.003,mp-1044853,mp-1044853,TiO2,combined_noise_0.015A_0.003,combined_perturbation,noise,1,20,1,0,0,0,small::mp-1044853::reference,0.2346529085189104
strict,small,small::mp-1044853::combined_noise_0.050A_0.003,mp-1044853,mp-1044853,TiO2,combined_noise_0.050A_0.003,combined_perturbation,noise,1,20,1,0,0,0,small::mp-1044853::reference,0.23979944363236427
strict,small,small::mp-1044853::combined_noise_0.002A_0.010,mp-1044853,mp-1044853,TiO2,combined_noise_0.002A_0.010,combined_perturbation,noise,1,20,1,0,0,0,small::mp-1044853::reference,0.23457401804625988
strict,small,small::mp-1044853::combined_noise_0.015A_0.010,mp-1044853,mp-1044853,TiO2,combined_noise_0.015A_0.010,combined_perturbation,noise,1,20,1,0,0,0,small::mp-1044853::reference,0.23175315372645855
strict,small,small::mp-1044853::combined_noise_0.050A_0.010,mp-1044853,mp-1044853,TiO2,combined_noise_0.050A_0.010,combined_perturbation,noise,1,20,1,0,0,0,small::mp-1044853::reference,0.23408613540232182
strict,small,small::mp-1044853::combined_noise_0.002A_0.030,mp-1044853,mp-1044853,TiO2,combined_noise_0.002A_0.030,combined_perturbation,noise,1,20,1,0,0,0,small::mp-1044853::reference,0.17699247226119041
strict,small,small::mp-1044853::combined_noise_0.015A_0.030,mp-1044853,mp-1044853,TiO2,combined_noise_0.015A_0.030,combined_perturbation,noise,0,20,0,0,0,1,,0.17118219286203384
strict,small,small::mp-1044853::combined_noise_0.050A_0.030,mp-1044853,mp-1044853,TiO2,combined_noise_0.050A_0.030,combined_perturbation,noise,1,20,1,0,0,0,small::mp-1044853::reference,0.23247259482741356
strict,small,small::mp-1079207::conventional_standard,mp-1079207,mp-1079207,TiO2,conventional_standard,equivalent_transform,no_noise,1,20,1,0,0,0,small::mp-1079207::reference,0.06617398373782635
strict,small,small::mp-1079207::niggli_reduced,mp-1079207,mp-1079207,TiO2,niggli_reduced,equivalent_transform,no_noise,1,20,1,0,0,0,small::mp-1079207::reference,0.0613112598657608
strict,small,small::mp-1079207::origin_shifted,mp-1079207,mp-1079207,TiO2,origin_shifted,equivalent_transform,no_noise,1,20,1,0,0,0,small::mp-1079207::reference,0.06306114420294762
strict,small,small::mp-1079207::permuted_sites,mp-1079207,mp-1079207,TiO2,permuted_sites,equivalent_transform,no_noise,1,20,1,0,0,0,small::mp-1079207::reference,0.07846706174314022
strict,small,small::mp-1079207::combined_noise_0.002A_0.003,mp-1079207,mp-1079207,TiO2,combined_noise_0.002A_0.003,combined_perturbation,noise,1,20,1,0,0,0,small::mp-1079207::reference,0.06248690374195576
strict,small,small::mp-1079207::combined_noise_0.015A_0.003,mp-1079207,mp-1079207,TiO2,combined_noise_0.015A_0.003,combined_perturbation,noise,1,20,1,0,0,0,small::mp-1079207::reference,0.06264619156718254
strict,small,small::mp-1079207::combined_noise_0.050A_0.003,mp-1079207,mp-1079207,TiO2,combined_noise_0.050A_0.003,combined_perturbation,noise,1,20,1,0,0,0,small::mp-1079207::reference,0.0650116465985775
strict,small,small::mp-1079207::combined_noise_0.002A_0.010,mp-1079207,mp-1079207,TiO2,combined_noise_0.002A_0.010,combined_perturbation,noise,1,20,1,0,0,0,small::mp-1079207::reference,0.06480265595018864
strict,small,small::mp-1079207::combined_noise_0.015A_0.010,mp-1079207,mp-1079207,TiO2,combined_noise_0.015A_0.010,combined_perturbation,noise,1,20,1,0,0,0,small::mp-1079207::reference,0.06434867717325687
strict,small,small::mp-1079207::combined_noise_0.050A_0.010,mp-1079207,mp-1079207,TiO2,combined_noise_0.050A_0.010,combined_perturbation,noise,1,20,1,0,0,0,small::mp-1079207::reference,0.0658340472728014
strict,small,small::mp-1079207::combined_noise_0.002A_0.030,mp-1079207,mp-1079207,TiO2,combined_noise_0.002A_0.030,combined_perturbation,noise,1,20,1,0,0,0,small::mp-1079207::reference,0.06211887113749981
strict,small,small::mp-1079207::combined_noise_0.015A_0.030,mp-1079207,mp-1079207,TiO2,combined_noise_0.015A_0.030,combined_perturbation,noise,1,20,1,0,0,0,small::mp-1079207::reference,0.06255831196904182
strict,small,small::mp-1079207::combined_noise_0.050A_0.030,mp-1079207,mp-1079207,TiO2,combined_noise_0.050A_0.030,combined_perturbation,noise,1,20,1,0,0,0,small::mp-1079207::reference,0.06275562010705471
strict,small,small::mp-1101022::conventional_standard,mp-1101022,mp-1101022,TiO2,conventional_standard,equivalent_transform,no_noise,1,20,1,0,0,0,small::mp-1101022::reference,0.10168345272541046
strict,small,small::mp-1101022::niggli_reduced,mp-1101022,mp-1101022,TiO2,niggli_reduced,equivalent_transform,no_noise,1,20,1,0,0,0,small::mp-1101022::reference,0.06178484298288822
strict,small,small::mp-1101022::origin_shifted,mp-1101022,mp-1101022,TiO2,origin_shifted,equivalent_transform,no_noise,1,20,1,0,0,0,small::mp-1101022::reference,0.07012553326785564
strict,small,small::mp-1101022::permuted_sites,mp-1101022,mp-1101022,TiO2,permuted_sites,equivalent_transform,no_noise,1,20,1,0,0,0,small::mp-1101022::reference,0.09496569633483887
strict,small,small::mp-1101022::combined_noise_0.002A_0.003,mp-1101022,mp-1101022,TiO2,combined_noise_0.002A_0.003,combined_perturbation,noise,1,20,1,0,0,0,small::mp-1101022::reference,0.06811666116118431
strict,small,small::mp-1101022::combined_noise_0.015A_0.003,mp-1101022,mp-1101022,TiO2,combined_noise_0.015A_0.003,combined_perturbation,noise,1,20,1,0,0,0,small::mp-1101022::reference,0.06861962005496025
strict,small,small::mp-1101022::combined_noise_0.050A_0.003,mp-1101022,mp-1101022,TiO2,combined_noise_0.050A_0.003,combined_perturbation,noise,1,20,1,0,0,0,small::mp-1101022::reference,0.06950139254331589
strict,small,small::mp-1101022::combined_noise_0.002A_0.010,mp-1101022,mp-1101022,TiO2,combined_noise_0.002A_0.010,combined_perturbation,noise,1,20,1,0,0,0,small::mp-1101022::reference,0.06983977183699608
strict,small,small::mp-1101022::combined_noise_0.015A_0.010,mp-1101022,mp-1101022,TiO2,combined_noise_0.015A_0.010,combined_perturbation,noise,1,20,1,0,0,0,small::mp-1101022::reference,0.07076382450759411
strict,small,small::mp-1101022::combined_noise_0.050A_0.010,mp-1101022,mp-1101022,TiO2,combined_noise_0.050A_0.010,combined_perturbation,noise,1,20,1,0,0,0,small::mp-1101022::reference,0.07126066274940968
strict,small,small::mp-1101022::combined_noise_0.002A_0.030,mp-1101022,mp-1101022,TiO2,combined_noise_0.002A_0.030,combined_perturbation,noise,1,20,1,0,0,0,small::mp-1101022::reference,0.07017493061721325
strict,small,small::mp-1101022::combined_noise_0.015A_0.030,mp-1101022,mp-1101022,TiO2,combined_noise_0.015A_0.030,combined_perturbation,noise,1,20,1,0,0,0,small::mp-1101022::reference,0.07361105643212795
strict,small,small::mp-1101022::combined_noise_0.050A_0.030,mp-1101022,mp-1101022,TiO2,combined_noise_0.050A_0.030,combined_perturbation,noise,0,20,0,0,0,1,,0.0711472649127245
strict,small,small::mp-1102255::conventional_standard,mp-1102255,mp-1102255,TiO2,conventional_standard,equivalent_transform,no_noise,1,20,1,0,0,0,small::mp-1102255::reference,0.07329652830958366
strict,small,small::mp-1102255::niggli_reduced,mp-1102255,mp-1102255,TiO2,niggli_reduced,equivalent_transform,no_noise,1,20,1,0,0,0,small::mp-1102255::reference,0.07259569503366947
strict,small,small::mp-1102255::origin_shifted,mp-1102255,mp-1102255,TiO2,origin_shifted,equivalent_transform,no_noise,1,20,1,0,0,0,small::mp-1102255::reference,0.07516504637897015
strict,small,small::mp-1102255::permuted_sites,mp-1102255,mp-1102255,TiO2,permuted_sites,equivalent_transform,no_noise,1,20,1,0,0,0,small::mp-1102255::reference,0.09950942173600197
strict,small,small::mp-1102255::combined_noise_0.002A_0.003,mp-1102255,mp-1102255,TiO2,combined_noise_0.002A_0.003,combined_perturbation,noise,1,20,1,0,0,0,small::mp-1102255::reference,0.07194209285080433
strict,small,small::mp-1102255::combined_noise_0.015A_0.003,mp-1102255,mp-1102255,TiO2,combined_noise_0.015A_0.003,combined_perturbation,noise,1,20,1,0,0,0,small::mp-1102255::reference,0.0720511432737112
strict,small,small::mp-1102255::combined_noise_0.050A_0.003,mp-1102255,mp-1102255,TiO2,combined_noise_0.050A_0.003,combined_perturbation,noise,1,20,1,0,0,0,small::mp-1102255::reference,0.07365765608847141
strict,small,small::mp-1102255::combined_noise_0.002A_0.010,mp-1102255,mp-1102255,TiO2,combined_noise_0.002A_0.010,combined_perturbation,noise,1,20,1,0,0,0,small::mp-1102255::reference,0.07294062711298466
strict,small,small::mp-1102255::combined_noise_0.015A_0.010,mp-1102255,mp-1102255,TiO2,combined_noise_0.015A_0.010,combined_perturbation,noise,1,20,1,0,0,0,small::mp-1102255::reference,0.07458638772368431
strict,small,small::mp-1102255::combined_noise_0.050A_0.010,mp-1102255,mp-1102255,TiO2,combined_noise_0.050A_0.010,combined_perturbation,noise,1,20,1,0,0,0,small::mp-1102255::reference,0.07369877584278584
strict,small,small::mp-1102255::combined_noise_0.002A_0.030,mp-1102255,mp-1102255,TiO2,combined_noise_0.002A_0.030,combined_perturbation,noise,1,20,1,0,0,0,small::mp-1102255::reference,0.08498848229646683
strict,small,small::mp-1102255::combined_noise_0.015A_0.030,mp-1102255,mp-1102255,TiO2,combined_noise_0.015A_0.030,combined_perturbation,noise,1,20,1,0,0,0,small::mp-1102255::reference,0.0820009745657444
strict,small,small::mp-1102255::combined_noise_0.050A_0.030,mp-1102255,mp-1102255,TiO2,combined_noise_0.050A_0.030,combined_perturbation,noise,1,20,1,0,0,0,small::mp-1102255::reference,0.08746306411921978
strict,small,small::mp-1102591::conventional_standard,mp-1102591,mp-1102591,TiO2,conventional_standard,equivalent_transform,no_noise,1,20,1,0,0,0,small::mp-1102591::reference,0.10718074068427086
strict,small,small::mp-1102591::niggli_reduced,mp-1102591,mp-1102591,TiO2,niggli_reduced,equivalent_transform,no_noise,1,20,1,0,0,0,small::mp-1102591::reference,0.10780076868832111
strict,small,small::mp-1102591::origin_shifted,mp-1102591,mp-1102591,TiO2,origin_shifted,equivalent_transform,no_noise,1,20,1,0,0,0,small::mp-1102591::reference,0.1123174075037241
strict,small,small::mp-1102591::permuted_sites,mp-1102591,mp-1102591,TiO2,permuted_sites,equivalent_transform,no_noise,1,20,1,0,0,0,small::mp-1102591::reference,0.13688278943300247
strict,small,small::mp-1102591::combined_noise_0.002A_0.003,mp-1102591,mp-1102591,TiO2,combined_noise_0.002A_0.003,combined_perturbation,noise,1,20,1,0,0,0,small::mp-1102591::reference,0.10603994689881802
strict,small,small::mp-1102591::combined_noise_0.015A_0.003,mp-1102591,mp-1102591,TiO2,combined_noise_0.015A_0.003,combined_perturbation,noise,1,20,1,0,0,0,small::mp-1102591::reference,0.10919005423784256
strict,small,small::mp-1102591::combined_noise_0.050A_0.003,mp-1102591,mp-1102591,TiO2,combined_noise_0.050A_0.003,combined_perturbation,noise,1,20,1,0,0,0,small::mp-1102591::reference,0.10875165276229382
strict,small,small::mp-1102591::combined_noise_0.002A_0.010,mp-1102591,mp-1102591,TiO2,combined_noise_0.002A_0.010,combined_perturbation,noise,1,20,1,0,0,0,small::mp-1102591::reference,0.10818703100085258
strict,small,small::mp-1102591::combined_noise_0.015A_0.010,mp-1102591,mp-1102591,TiO2,combined_noise_0.015A_0.010,combined_perturbation,noise,1,20,1,0,0,0,small::mp-1102591::reference,0.10809732042253017
strict,small,small::mp-1102591::combined_noise_0.050A_0.010,mp-1102591,mp-1102591,TiO2,combined_noise_0.050A_0.010,combined_perturbation,noise,1,20,1,0,0,0,small::mp-1102591::reference,0.1043468676507473
strict,small,small::mp-1102591::combined_noise_0.002A_0.030,mp-1102591,mp-1102591,TiO2,combined_noise_0.002A_0.030,combined_perturbation,noise,1,20,1,0,0,0,small::mp-1102591::reference,0.10729512013494968
strict,small,small::mp-1102591::combined_noise_0.015A_0.030,mp-1102591,mp-1102591,TiO2,combined_noise_0.015A_0.030,combined_perturbation,noise,1,20,1,0,0,0,small::mp-1102591::reference,0.10623935982584953
strict,small,small::mp-1102591::combined_noise_0.050A_0.030,mp-1102591,mp-1102591,TiO2,combined_noise_0.050A_0.030,combined_perturbation,noise,1,20,1,0,0,0,small::mp-1102591::reference,0.10325835645198822
strict,small,small::mp-1190753::conventional_standard,mp-1190753,mp-1190753,TiO2,conventional_standard,equivalent_transform,no_noise,1,20,1,0,0,0,small::mp-1190753::reference,0.13455159589648247
strict,small,small::mp-1190753::niggli_reduced,mp-1190753,mp-1190753,TiO2,niggli_reduced,equivalent_transform,no_noise,1,20,1,0,0,0,small::mp-1190753::reference,0.16454373486340046
strict,small,small::mp-1190753::origin_shifted,mp-1190753,mp-1190753,TiO2,origin_shifted,equivalent_transform,no_noise,1,20,1,0,0,0,small::mp-1190753::reference,0.14423850737512112
strict,small,small::mp-1190753::permuted_sites,mp-1190753,mp-1190753,TiO2,permuted_sites,equivalent_transform,no_noise,1,20,1,0,0,0,small::mp-1190753::reference,0.228701900690794
strict,small,small::mp-1190753::combined_noise_0.002A_0.003,mp-1190753,mp-1190753,TiO2,combined_noise_0.002A_0.003,combined_perturbation,noise,1,20,1,0,0,0,small::mp-1190753::reference,0.13189176470041275
strict,small,small::mp-1190753::combined_noise_0.015A_0.003,mp-1190753,mp-1190753,TiO2,combined_noise_0.015A_0.003,combined_perturbation,noise,1,20,1,0,0,0,small::mp-1190753::reference,0.13284554332494736
strict,small,small::mp-1190753::combined_noise_0.050A_0.003,mp-1190753,mp-1190753,TiO2,combined_noise_0.050A_0.003,combined_perturbation,noise,1,20,1,0,0,0,small::mp-1190753::reference,0.1420670859515667
strict,small,small::mp-1190753::combined_noise_0.002A_0.010,mp-1190753,mp-1190753,TiO2,combined_noise_0.002A_0.010,combined_perturbation,noise,1,20,1,0,0,0,small::mp-1190753::reference,0.1410190463066101
strict,small,small::mp-1190753::combined_noise_0.015A_0.010,mp-1190753,mp-1190753,TiO2,combined_noise_0.015A_0.010,combined_perturbation,noise,1,20,1,0,0,0,small::mp-1190753::reference,0.13478839583694935
strict,small,small::mp-1190753::combined_noise_0.050A_0.010,mp-1190753,mp-1190753,TiO2,combined_noise_0.050A_0.010,combined_perturbation,noise,1,20,1,0,0,0,small::mp-1190753::reference,0.13929626159369946
strict,small,small::mp-1190753::combined_noise_0.002A_0.030,mp-1190753,mp-1190753,TiO2,combined_noise_0.002A_0.030,combined_perturbation,noise,1,20,1,0,0,0,small::mp-1190753::reference,0.1303081400692463
strict,small,small::mp-1190753::combined_noise_0.015A_0.030,mp-1190753,mp-1190753,TiO2,combined_noise_0.015A_0.030,combined_perturbation,noise,1,20,1,0,0,0,small::mp-1190753::reference,0.13006770983338356
strict,small,small::mp-1190753::combined_noise_0.050A_0.030,mp-1190753,mp-1190753,TiO2,combined_noise_0.050A_0.030,combined_perturbation,noise,1,20,1,0,0,0,small::mp-1190753::reference,0.1385807190090418
strict,small,small::mp-1341203::conventional_standard,mp-1341203,mp-1341203,TiO2,conventional_standard,equivalent_transform,no_noise,1,20,1,0,0,0,small::mp-1341203::reference,0.1746260579675436
strict,small,small::mp-1341203::niggli_reduced,mp-1341203,mp-1341203,TiO2,niggli_reduced,equivalent_transform,no_noise,1,20,1,0,0,0,small::mp-1341203::reference,0.17567680776119232
strict,small,small::mp-1341203::origin_shifted,mp-1341203,mp-1341203,TiO2,origin_shifted,equivalent_transform,no_noise,1,20,1,0,0,0,small::mp-1341203::reference,0.15081536024808884
strict,small,small::mp-1341203::permuted_sites,mp-1341203,mp-1341203,TiO2,permuted_sites,equivalent_transform,no_noise,1,20,1,0,0,0,small::mp-1341203::reference,0.23677307181060314
strict,small,small::mp-1341203::combined_noise_0.002A_0.003,mp-1341203,mp-1341203,TiO2,combined_noise_0.002A_0.003,combined_perturbation,noise,1,20,1,0,0,0,small::mp-1341203::reference,0.14598917216062546
strict,small,small::mp-1341203::combined_noise_0.015A_0.003,mp-1341203,mp-1341203,TiO2,combined_noise_0.015A_0.003,combined_perturbation,noise,1,20,1,0,0,0,small::mp-1341203::reference,0.143780417740345
strict,small,small::mp-1341203::combined_noise_0.050A_0.003,mp-1341203,mp-1341203,TiO2,combined_noise_0.050A_0.003,combined_perturbation,noise,1,20,1,0,0,0,small::mp-1341203::reference,0.1441051196306944
strict,small,small::mp-1341203::combined_noise_0.002A_0.010,mp-1341203,mp-1341203,TiO2,combined_noise_0.002A_0.010,combined_perturbation,noise,1,20,1,0,0,0,small::mp-1341203::reference,0.14529918879270554
strict,small,small::mp-1341203::combined_noise_0.015A_0.010,mp-1341203,mp-1341203,TiO2,combined_noise_0.015A_0.010,combined_perturbation,noise,1,20,1,0,0,0,small::mp-1341203::reference,0.14370782859623432
strict,small,small::mp-1341203::combined_noise_0.050A_0.010,mp-1341203,mp-1341203,TiO2,combined_noise_0.050A_0.010,combined_perturbation,noise,1,20,1,0,0,0,small::mp-1341203::reference,0.1457114890217781
strict,small,small::mp-1341203::combined_noise_0.002A_0.030,mp-1341203,mp-1341203,TiO2,combined_noise_0.002A_0.030,combined_perturbation,noise,1,20,1,0,0,0,small::mp-1341203::reference,0.14337928779423237
strict,small,small::mp-1341203::combined_noise_0.015A_0.030,mp-1341203,mp-1341203,TiO2,combined_noise_0.015A_0.030,combined_perturbation,noise,1,20,1,0,0,0,small::mp-1341203::reference,0.13408947549760342
strict,small,small::mp-1341203::combined_noise_0.050A_0.030,mp-1341203,mp-1341203,TiO2,combined_noise_0.050A_0.030,combined_perturbation,noise,1,20,1,0,0,0,small::mp-1341203::reference,0.12235249951481819
strict,small,small::mp-1380335::conventional_standard,mp-1380335,mp-1380335,TiO2,conventional_standard,equivalent_transform,no_noise,1,20,1,0,0,0,small::mp-1380335::reference,0.308351032435894
strict,small,small::mp-1380335::niggli_reduced,mp-1380335,mp-1380335,TiO2,niggli_reduced,equivalent_transform,no_noise,1,20,1,0,0,0,small::mp-1380335::reference,0.24420008063316345
strict,small,small::mp-1380335::origin_shifted,mp-1380335,mp-1380335,TiO2,origin_shifted,equivalent_transform,no_noise,1,20,1,0,0,0,small::mp-1380335::reference,0.2514221090823412
strict,small,small::mp-1380335::permuted_sites,mp-1380335,mp-1380335,TiO2,permuted_sites,equivalent_transform,no_noise,1,20,1,0,0,0,small::mp-1380335::reference,0.44954120740294456
strict,small,small::mp-1380335::combined_noise_0.002A_0.003,mp-1380335,mp-1380335,TiO2,combined_noise_0.002A_0.003,combined_perturbation,noise,1,20,1,0,0,0,small::mp-1380335::reference,0.24720599502325058
strict,small,small::mp-1380335::combined_noise_0.015A_0.003,mp-1380335,mp-1380335,TiO2,combined_noise_0.015A_0.003,combined_perturbation,noise,1,20,1,0,0,0,small::mp-1380335::reference,0.2403902243822813
strict,small,small::mp-1380335::combined_noise_0.050A_0.003,mp-1380335,mp-1380335,TiO2,combined_noise_0.050A_0.003,combined_perturbation,noise,1,20,1,0,0,0,small::mp-1380335::reference,0.24581594206392765
strict,small,small::mp-1380335::combined_noise_0.002A_0.010,mp-1380335,mp-1380335,TiO2,combined_noise_0.002A_0.010,combined_perturbation,noise,1,20,1,0,0,0,small::mp-1380335::reference,0.24662252143025398
strict,small,small::mp-1380335::combined_noise_0.015A_0.010,mp-1380335,mp-1380335,TiO2,combined_noise_0.015A_0.010,combined_perturbation,noise,1,20,1,0,0,0,small::mp-1380335::reference,0.24499385990202427
strict,small,small::mp-1380335::combined_noise_0.050A_0.010,mp-1380335,mp-1380335,TiO2,combined_noise_0.050A_0.010,combined_perturbation,noise,1,20,1,0,0,0,small::mp-1380335::reference,0.24081966280937195
strict,small,small::mp-1380335::combined_noise_0.002A_0.030,mp-1380335,mp-1380335,TiO2,combined_noise_0.002A_0.030,combined_perturbation,noise,1,20,1,0,0,0,small::mp-1380335::reference,0.2369112502783537
strict,small,small::mp-1380335::combined_noise_0.015A_0.030,mp-1380335,mp-1380335,TiO2,combined_noise_0.015A_0.030,combined_perturbation,noise,1,20,1,0,0,0,small::mp-1380335::reference,0.18324526958167553
strict,small,small::mp-1380335::combined_noise_0.050A_0.030,mp-1380335,mp-1380335,TiO2,combined_noise_0.050A_0.030,combined_perturbation,noise,1,20,1,0,0,0,small::mp-1380335::reference,0.24495063163340092
strict,small,small::mp-1386640::conventional_standard,mp-1386640,mp-1386640,TiO2,conventional_standard,equivalent_transform,no_noise,1,20,1,0,0,0,small::mp-1386640::reference,0.11303998716175556
strict,small,small::mp-1386640::niggli_reduced,mp-1386640,mp-1386640,TiO2,niggli_reduced,equivalent_transform,no_noise,1,20,1,0,0,0,small::mp-1386640::reference,0.08350529707968235
strict,small,small::mp-1386640::origin_shifted,mp-1386640,mp-1386640,TiO2,origin_shifted,equivalent_transform,no_noise,1,20,1,0,0,0,small::mp-1386640::reference,0.08700331300497055
strict,small,small::mp-1386640::permuted_sites,mp-1386640,mp-1386640,TiO2,permuted_sites,equivalent_transform,no_noise,1,20,1,0,0,0,small::mp-1386640::reference,0.11094188317656517
strict,small,small::mp-1386640::combined_noise_0.002A_0.003,mp-1386640,mp-1386640,TiO2,combined_noise_0.002A_0.003,combined_perturbation,noise,1,20,1,0,0,0,small::mp-1386640::reference,0.08066510781645775
strict,small,small::mp-1386640::combined_noise_0.015A_0.003,mp-1386640,mp-1386640,TiO2,combined_noise_0.015A_0.003,combined_perturbation,noise,1,20,1,0,0,0,small::mp-1386640::reference,0.08016429468989372
strict,small,small::mp-1386640::combined_noise_0.050A_0.003,mp-1386640,mp-1386640,TiO2,combined_noise_0.050A_0.003,combined_perturbation,noise,1,20,1,0,0,0,small::mp-1386640::reference,0.08228318952023983
strict,small,small::mp-1386640::combined_noise_0.002A_0.010,mp-1386640,mp-1386640,TiO2,combined_noise_0.002A_0.010,combined_perturbation,noise,1,20,1,0,0,0,small::mp-1386640::reference,0.08104583621025085
strict,small,small::mp-1386640::combined_noise_0.015A_0.010,mp-1386640,mp-1386640,TiO2,combined_noise_0.015A_0.010,combined_perturbation,noise,1,20,1,0,0,0,small::mp-1386640::reference,0.08199291490018368
strict,small,small::mp-1386640::combined_noise_0.050A_0.010,mp-1386640,mp-1386640,TiO2,combined_noise_0.050A_0.010,combined_perturbation,noise,1,20,1,0,0,0,small::mp-1386640::reference,0.06535784713923931
strict,small,small::mp-1386640::combined_noise_0.002A_0.030,mp-1386640,mp-1386640,TiO2,combined_noise_0.002A_0.030,combined_perturbation,noise,1,20,1,0,0,0,small::mp-1386640::reference,0.08260500803589821
strict,small,small::mp-1386640::combined_noise_0.015A_0.030,mp-1386640,mp-1386640,TiO2,combined_noise_0.015A_0.030,combined_perturbation,noise,1,20,1,0,0,0,small::mp-1386640::reference,0.08221285976469517
strict,small,small::mp-1386640::combined_noise_0.050A_0.030,mp-1386640,mp-1386640,TiO2,combined_noise_0.050A_0.030,combined_perturbation,noise,1,20,1,0,0,0,small::mp-1386640::reference,0.08296567760407925
strict,small,small::mp-1400963::conventional_standard,mp-1400963,mp-1400963,TiO2,conventional_standard,equivalent_transform,no_noise,1,20,1,0,0,0,small::mp-1400963::reference,0.1133793294429779
strict,small,small::mp-1400963::niggli_reduced,mp-1400963,mp-1400963,TiO2,niggli_reduced,equivalent_transform,no_noise,1,20,1,0,0,0,small::mp-1400963::reference,0.08141660876572132
strict,small,small::mp-1400963::origin_shifted,mp-1400963,mp-1400963,TiO2,origin_shifted,equivalent_transform,no_noise,1,20,1,0,0,0,small::mp-1400963::reference,0.0836925208568573
strict,small,small::mp-1400963::permuted_sites,mp-1400963,mp-1400963,TiO2,permuted_sites,equivalent_transform,no_noise,1,20,1,0,0,0,small::mp-1400963::reference,0.1124804187566042
strict,small,small::mp-1400963::combined_noise_0.002A_0.003,mp-1400963,mp-1400963,TiO2,combined_noise_0.002A_0.003,combined_perturbation,noise,1,20,1,0,0,0,small::mp-1400963::reference,0.08195939660072327
strict,small,small::mp-1400963::combined_noise_0.015A_0.003,mp-1400963,mp-1400963,TiO2,combined_noise_0.015A_0.003,combined_perturbation,noise,1,20,1,0,0,0,small::mp-1400963::reference,0.08275415748357773
strict,small,small::mp-1400963::combined_noise_0.050A_0.003,mp-1400963,mp-1400963,TiO2,combined_noise_0.050A_0.003,combined_perturbation,noise,1,20,1,0,0,0,small::mp-1400963::reference,0.08418958075344563
strict,small,small::mp-1400963::combined_noise_0.002A_0.010,mp-1400963,mp-1400963,TiO2,combined_noise_0.002A_0.010,combined_perturbation,noise,1,20,1,0,0,0,small::mp-1400963::reference,0.08549251221120358
strict,small,small::mp-1400963::combined_noise_0.015A_0.010,mp-1400963,mp-1400963,TiO2,combined_noise_0.015A_0.010,combined_perturbation,noise,1,20,1,0,0,0,small::mp-1400963::reference,0.08339338935911655
strict,small,small::mp-1400963::combined_noise_0.050A_0.010,mp-1400963,mp-1400963,TiO2,combined_noise_0.050A_0.010,combined_perturbation,noise,1,20,1,0,0,0,small::mp-1400963::reference,0.0840702410787344
strict,small,small::mp-1400963::combined_noise_0.002A_0.030,mp-1400963,mp-1400963,TiO2,combined_noise_0.002A_0.030,combined_perturbation,noise,1,20,1,0,0,0,small::mp-1400963::reference,0.08489330299198627
strict,small,small::mp-1400963::combined_noise_0.015A_0.030,mp-1400963,mp-1400963,TiO2,combined_noise_0.015A_0.030,combined_perturbation,noise,0,20,0,0,0,1,,0.08825691230595112
strict,small,small::mp-1400963::combined_noise_0.050A_0.030,mp-1400963,mp-1400963,TiO2,combined_noise_0.050A_0.030,combined_perturbation,noise,0,20,0,0,0,1,,0.08930268697440624
strict,small,small::mp-1408285::conventional_standard,mp-1408285,mp-1408285,TiO2,conventional_standard,equivalent_transform,no_noise,1,20,1,0,0,0,small::mp-1408285::reference,0.22098690830171108
strict,small,small::mp-1408285::niggli_reduced,mp-1408285,mp-1408285,TiO2,niggli_reduced,equivalent_transform,no_noise,1,20,1,0,0,0,small::mp-1408285::reference,0.16208790428936481
strict,small,small::mp-1408285::origin_shifted,mp-1408285,mp-1408285,TiO2,origin_shifted,equivalent_transform,no_noise,1,20,1,0,0,0,small::mp-1408285::reference,0.1468433514237404
strict,small,small::mp-1408285::permuted_sites,mp-1408285,mp-1408285,TiO2,permuted_sites,equivalent_transform,no_noise,1,20,1,0,0,0,small::mp-1408285::reference,0.1904019471257925
strict,small,small::mp-1408285::combined_noise_0.002A_0.003,mp-1408285,mp-1408285,TiO2,combined_noise_0.002A_0.003,combined_perturbation,noise,1,20,1,0,0,0,small::mp-1408285::reference,0.13601620867848396
strict,small,small::mp-1408285::combined_noise_0.015A_0.003,mp-1408285,mp-1408285,TiO2,combined_noise_0.015A_0.003,combined_perturbation,noise,1,20,1,0,0,0,small::mp-1408285::reference,0.1374034322798252
strict,small,small::mp-1408285::combined_noise_0.050A_0.003,mp-1408285,mp-1408285,TiO2,combined_noise_0.050A_0.003,combined_perturbation,noise,1,20,1,0,0,0,small::mp-1408285::reference,0.13700010813772678
strict,small,small::mp-1408285::combined_noise_0.002A_0.010,mp-1408285,mp-1408285,TiO2,combined_noise_0.002A_0.010,combined_perturbation,noise,1,20,1,0,0,0,small::mp-1408285::reference,0.13663741759955883
strict,small,small::mp-1408285::combined_noise_0.015A_0.010,mp-1408285,mp-1408285,TiO2,combined_noise_0.015A_0.010,combined_perturbation,noise,1,20,1,0,0,0,small::mp-1408285::reference,0.13683383911848068
strict,small,small::mp-1408285::combined_noise_0.050A_0.010,mp-1408285,mp-1408285,TiO2,combined_noise_0.050A_0.010,combined_perturbation,noise,1,20,1,0,0,0,small::mp-1408285::reference,0.1376479398459196
strict,small,small::mp-1408285::combined_noise_0.002A_0.030,mp-1408285,mp-1408285,TiO2,combined_noise_0.002A_0.030,combined_perturbation,noise,0,20,0,0,0,1,,0.12163043208420277
strict,small,small::mp-1408285::combined_noise_0.015A_0.030,mp-1408285,mp-1408285,TiO2,combined_noise_0.015A_0.030,combined_perturbation,noise,1,20,1,0,0,0,small::mp-1408285::reference,0.13831257075071335
strict,small,small::mp-1408285::combined_noise_0.050A_0.030,mp-1408285,mp-1408285,TiO2,combined_noise_0.050A_0.030,combined_perturbation,noise,0,20,0,0,0,1,,0.1431464459747076
strict,small,small::mp-1426806::conventional_standard,mp-1426806,mp-1426806,TiO2,conventional_standard,equivalent_transform,no_noise,1,20,1,0,0,0,small::mp-1426806::reference,0.06507385522127151
strict,small,small::mp-1426806::niggli_reduced,mp-1426806,mp-1426806,TiO2,niggli_reduced,equivalent_transform,no_noise,1,20,1,0,0,0,small::mp-1426806::reference,0.05467393063008785
strict,small,small::mp-1426806::origin_shifted,mp-1426806,mp-1426806,TiO2,origin_shifted,equivalent_transform,no_noise,1,20,1,0,0,0,small::mp-1426806::reference,0.058393917977809906
strict,small,small::mp-1426806::permuted_sites,mp-1426806,mp-1426806,TiO2,permuted_sites,equivalent_transform,no_noise,1,20,1,0,0,0,small::mp-1426806::reference,0.05844689533114433
strict,small,small::mp-1426806::combined_noise_0.002A_0.003,mp-1426806,mp-1426806,TiO2,combined_noise_0.002A_0.003,combined_perturbation,noise,1,20,1,0,0,0,small::mp-1426806::reference,0.05508319288492203
strict,small,small::mp-1426806::combined_noise_0.015A_0.003,mp-1426806,mp-1426806,TiO2,combined_noise_0.015A_0.003,combined_perturbation,noise,1,20,1,0,0,0,small::mp-1426806::reference,0.05579374544322491
strict,small,small::mp-1426806::combined_noise_0.050A_0.003,mp-1426806,mp-1426806,TiO2,combined_noise_0.050A_0.003,combined_perturbation,noise,1,20,1,0,0,0,small::mp-1426806::reference,0.05680886656045914
strict,small,small::mp-1426806::combined_noise_0.002A_0.010,mp-1426806,mp-1426806,TiO2,combined_noise_0.002A_0.010,combined_perturbation,noise,1,20,1,0,0,0,small::mp-1426806::reference,0.05687902495265007
strict,small,small::mp-1426806::combined_noise_0.015A_0.010,mp-1426806,mp-1426806,TiO2,combined_noise_0.015A_0.010,combined_perturbation,noise,1,20,1,0,0,0,small::mp-1426806::reference,0.055665502324700356
strict,small,small::mp-1426806::combined_noise_0.050A_0.010,mp-1426806,mp-1426806,TiO2,combined_noise_0.050A_0.010,combined_perturbation,noise,1,20,1,0,0,0,small::mp-1426806::reference,0.05638929456472397
strict,small,small::mp-1426806::combined_noise_0.002A_0.030,mp-1426806,mp-1426806,TiO2,combined_noise_0.002A_0.030,combined_perturbation,noise,1,20,1,0,0,0,small::mp-1426806::reference,0.05638331361114979
strict,small,small::mp-1426806::combined_noise_0.015A_0.030,mp-1426806,mp-1426806,TiO2,combined_noise_0.015A_0.030,combined_perturbation,noise,1,20,1,0,0,0,small::mp-1426806::reference,0.055414021015167236
strict,small,small::mp-1426806::combined_noise_0.050A_0.030,mp-1426806,mp-1426806,TiO2,combined_noise_0.050A_0.030,combined_perturbation,noise,1,20,1,0,0,0,small::mp-1426806::reference,0.0569560956209898
strict,small,small::mp-1439::conventional_standard,mp-1439,mp-1439,TiO2,conventional_standard,equivalent_transform,no_noise,1,20,1,0,0,0,small::mp-1439::reference,0.10373497754335403
strict,small,small::mp-1439::niggli_reduced,mp-1439,mp-1439,TiO2,niggli_reduced,equivalent_transform,no_noise,1,20,1,0,0,0,small::mp-1439::reference,0.08642193302512169
strict,small,small::mp-1439::origin_shifted,mp-1439,mp-1439,TiO2,origin_shifted,equivalent_transform,no_noise,1,20,1,0,0,0,small::mp-1439::reference,0.1087916549295187
strict,small,small::mp-1439::permuted_sites,mp-1439,mp-1439,TiO2,permuted_sites,equivalent_transform,no_noise,1,20,1,0,0,0,small::mp-1439::reference,0.1430298164486885
strict,small,small::mp-1439::combined_noise_0.002A_0.003,mp-1439,mp-1439,TiO2,combined_noise_0.002A_0.003,combined_perturbation,noise,1,20,1,0,0,0,small::mp-1439::reference,0.10510042868554592
strict,small,small::mp-1439::combined_noise_0.015A_0.003,mp-1439,mp-1439,TiO2,combined_noise_0.015A_0.003,combined_perturbation,noise,1,20,1,0,0,0,small::mp-1439::reference,0.10567283816635609
strict,small,small::mp-1439::combined_noise_0.050A_0.003,mp-1439,mp-1439,TiO2,combined_noise_0.050A_0.003,combined_perturbation,noise,1,20,1,0,0,0,small::mp-1439::reference,0.10550833866000175
strict,small,small::mp-1439::combined_noise_0.002A_0.010,mp-1439,mp-1439,TiO2,combined_noise_0.002A_0.010,combined_perturbation,noise,1,20,1,0,0,0,small::mp-1439::reference,0.10651888884603977
strict,small,small::mp-1439::combined_noise_0.015A_0.010,mp-1439,mp-1439,TiO2,combined_noise_0.015A_0.010,combined_perturbation,noise,1,20,1,0,0,0,small::mp-1439::reference,0.10469976626336575
strict,small,small::mp-1439::combined_noise_0.050A_0.010,mp-1439,mp-1439,TiO2,combined_noise_0.050A_0.010,combined_perturbation,noise,1,20,1,0,0,0,small::mp-1439::reference,0.10507234744727612
strict,small,small::mp-1439::combined_noise_0.002A_0.030,mp-1439,mp-1439,TiO2,combined_noise_0.002A_0.030,combined_perturbation,noise,1,20,1,0,0,0,small::mp-1439::reference,0.10703649930655956
strict,small,small::mp-1439::combined_noise_0.015A_0.030,mp-1439,mp-1439,TiO2,combined_noise_0.015A_0.030,combined_perturbation,noise,1,20,1,0,0,0,small::mp-1439::reference,0.10168049298226833
strict,small,small::mp-1439::combined_noise_0.050A_0.030,mp-1439,mp-1439,TiO2,combined_noise_0.050A_0.030,combined_perturbation,noise,1,20,1,0,0,0,small::mp-1439::reference,0.12736771814525127
strict,small,small::mp-1445035::conventional_standard,mp-1445035,mp-1445035,TiO2,conventional_standard,equivalent_transform,no_noise,1,20,1,0,0,0,small::mp-1445035::reference,0.07338352501392365
strict,small,small::mp-1445035::niggli_reduced,mp-1445035,mp-1445035,TiO2,niggli_reduced,equivalent_transform,no_noise,1,20,1,0,0,0,small::mp-1445035::reference,0.06934585981070995
strict,small,small::mp-1445035::origin_shifted,mp-1445035,mp-1445035,TiO2,origin_shifted,equivalent_transform,no_noise,1,20,1,0,0,0,small::mp-1445035::reference,0.0729931965470314
strict,small,small::mp-1445035::permuted_sites,mp-1445035,mp-1445035,TiO2,permuted_sites,equivalent_transform,no_noise,1,20,1,0,0,0,small::mp-1445035::reference,0.08564326167106628
strict,small,small::mp-1445035::combined_noise_0.002A_0.003,mp-1445035,mp-1445035,TiO2,combined_noise_0.002A_0.003,combined_perturbation,noise,1,20,1,0,0,0,small::mp-1445035::reference,0.0671816784888506
strict,small,small::mp-1445035::combined_noise_0.015A_0.003,mp-1445035,mp-1445035,TiO2,combined_noise_0.015A_0.003,combined_perturbation,noise,1,20,1,0,0,0,small::mp-1445035::reference,0.06887980923056602
strict,small,small::mp-1445035::combined_noise_0.050A_0.003,mp-1445035,mp-1445035,TiO2,combined_noise_0.050A_0.003,combined_perturbation,noise,1,20,1,0,0,0,small::mp-1445035::reference,0.06666283868253231
strict,small,small::mp-1445035::combined_noise_0.002A_0.010,mp-1445035,mp-1445035,TiO2,combined_noise_0.002A_0.010,combined_perturbation,noise,1,20,1,0,0,0,small::mp-1445035::reference,0.06927677057683468
strict,small,small::mp-1445035::combined_noise_0.015A_0.010,mp-1445035,mp-1445035,TiO2,combined_noise_0.015A_0.010,combined_perturbation,noise,1,20,1,0,0,0,small::mp-1445035::reference,0.06982986070215702
strict,small,small::mp-1445035::combined_noise_0.050A_0.010,mp-1445035,mp-1445035,TiO2,combined_noise_0.050A_0.010,combined_perturbation,noise,1,20,1,0,0,0,small::mp-1445035::reference,0.06942631863057613
strict,small,small::mp-1445035::combined_noise_0.002A_0.030,mp-1445035,mp-1445035,TiO2,combined_noise_0.002A_0.030,combined_perturbation,noise,1,20,1,0,0,0,small::mp-1445035::reference,0.07232032530009747
strict,small,small::mp-1445035::combined_noise_0.015A_0.030,mp-1445035,mp-1445035,TiO2,combined_noise_0.015A_0.030,combined_perturbation,noise,1,20,1,0,0,0,small::mp-1445035::reference,0.07065304182469845
strict,small,small::mp-1445035::combined_noise_0.050A_0.030,mp-1445035,mp-1445035,TiO2,combined_noise_0.050A_0.030,combined_perturbation,noise,0,20,0,0,0,1,,0.061820199713110924
strict,small,small::mp-1840::conventional_standard,mp-1840,mp-1840,TiO2,conventional_standard,equivalent_transform,no_noise,1,20,1,0,0,0,small::mp-1840::reference,0.1507017482072115
strict,small,small::mp-1840::niggli_reduced,mp-1840,mp-1840,TiO2,niggli_reduced,equivalent_transform,no_noise,1,20,1,0,0,0,small::mp-1840::reference,0.1697287131100893
strict,small,small::mp-1840::origin_shifted,mp-1840,mp-1840,TiO2,origin_shifted,equivalent_transform,no_noise,1,20,1,0,0,0,small::mp-1840::reference,0.15869869850575924
strict,small,small::mp-1840::permuted_sites,mp-1840,mp-1840,TiO2,permuted_sites,equivalent_transform,no_noise,1,20,1,0,0,0,small::mp-1840::reference,0.2581492681056261
strict,small,small::mp-1840::combined_noise_0.002A_0.003,mp-1840,mp-1840,TiO2,combined_noise_0.002A_0.003,combined_perturbation,noise,1,20,1,0,0,0,small::mp-1840::reference,0.14630930125713348
strict,small,small::mp-1840::combined_noise_0.015A_0.003,mp-1840,mp-1840,TiO2,combined_noise_0.015A_0.003,combined_perturbation,noise,1,20,1,0,0,0,small::mp-1840::reference,0.1296537108719349
strict,small,small::mp-1840::combined_noise_0.050A_0.003,mp-1840,mp-1840,TiO2,combined_noise_0.050A_0.003,combined_perturbation,noise,1,20,1,0,0,0,small::mp-1840::reference,0.1294540073722601
strict,small,small::mp-1840::combined_noise_0.002A_0.010,mp-1840,mp-1840,TiO2,combined_noise_0.002A_0.010,combined_perturbation,noise,1,20,1,0,0,0,small::mp-1840::reference,0.15202057920396328
strict,small,small::mp-1840::combined_noise_0.015A_0.010,mp-1840,mp-1840,TiO2,combined_noise_0.015A_0.010,combined_perturbation,noise,1,20,1,0,0,0,small::mp-1840::reference,0.12977362051606178
strict,small,small::mp-1840::combined_noise_0.050A_0.010,mp-1840,mp-1840,TiO2,combined_noise_0.050A_0.010,combined_perturbation,noise,1,20,1,0,0,0,small::mp-1840::reference,0.13728117942810059
strict,small,small::mp-1840::combined_noise_0.002A_0.030,mp-1840,mp-1840,TiO2,combined_noise_0.002A_0.030,combined_perturbation,noise,1,20,1,0,0,0,small::mp-1840::reference,0.15565487556159496
strict,small,small::mp-1840::combined_noise_0.015A_0.030,mp-1840,mp-1840,TiO2,combined_noise_0.015A_0.030,combined_perturbation,noise,1,20,1,0,0,0,small::mp-1840::reference,0.15356728993356228
strict,small,small::mp-1840::combined_noise_0.050A_0.030,mp-1840,mp-1840,TiO2,combined_noise_0.050A_0.030,combined_perturbation,noise,1,20,1,0,0,0,small::mp-1840::reference,0.1581287868320942
strict,small,small::mp-2420244::conventional_standard,mp-2420244,mp-2420244,TiO2,conventional_standard,equivalent_transform,no_noise,1,20,1,0,0,0,small::mp-2420244::reference,0.10029660165309906
strict,small,small::mp-2420244::niggli_reduced,mp-2420244,mp-2420244,TiO2,niggli_reduced,equivalent_transform,no_noise,1,20,1,0,0,0,small::mp-2420244::reference,0.07672044076025486
strict,small,small::mp-2420244::origin_shifted,mp-2420244,mp-2420244,TiO2,origin_shifted,equivalent_transform,no_noise,1,20,1,0,0,0,small::mp-2420244::reference,0.1122753880918026
strict,small,small::mp-2420244::permuted_sites,mp-2420244,mp-2420244,TiO2,permuted_sites,equivalent_transform,no_noise,1,20,1,0,0,0,small::mp-2420244::reference,0.07355054654181004
strict,small,small::mp-2420244::combined_noise_0.002A_0.003,mp-2420244,mp-2420244,TiO2,combined_noise_0.002A_0.003,combined_perturbation,noise,1,20,1,0,0,0,small::mp-2420244::reference,0.10961858369410038
strict,small,small::mp-2420244::combined_noise_0.015A_0.003,mp-2420244,mp-2420244,TiO2,combined_noise_0.015A_0.003,combined_perturbation,noise,1,20,1,0,0,0,small::mp-2420244::reference,0.09501130506396294
strict,small,small::mp-2420244::combined_noise_0.050A_0.003,mp-2420244,mp-2420244,TiO2,combined_noise_0.050A_0.003,combined_perturbation,noise,1,20,1,0,0,0,small::mp-2420244::reference,0.0940083134919405
strict,small,small::mp-2420244::combined_noise_0.002A_0.010,mp-2420244,mp-2420244,TiO2,combined_noise_0.002A_0.010,combined_perturbation,noise,1,20,1,0,0,0,small::mp-2420244::reference,0.09404837340116501
strict,small,small::mp-2420244::combined_noise_0.015A_0.010,mp-2420244,mp-2420244,TiO2,combined_noise_0.015A_0.010,combined_perturbation,noise,1,20,1,0,0,0,small::mp-2420244::reference,0.10460111498832703
strict,small,small::mp-2420244::combined_noise_0.050A_0.010,mp-2420244,mp-2420244,TiO2,combined_noise_0.050A_0.010,combined_perturbation,noise,1,20,1,0,0,0,small::mp-2420244::reference,0.09421066381037235
strict,small,small::mp-2420244::combined_noise_0.002A_0.030,mp-2420244,mp-2420244,TiO2,combined_noise_0.002A_0.030,combined_perturbation,noise,1,20,1,0,0,0,small::mp-2420244::reference,0.09452752210199833
strict,small,small::mp-2420244::combined_noise_0.015A_0.030,mp-2420244,mp-2420244,TiO2,combined_noise_0.015A_0.030,combined_perturbation,noise,1,20,1,0,0,0,small::mp-2420244::reference,0.09677660465240479
strict,small,small::mp-2420244::combined_noise_0.050A_0.030,mp-2420244,mp-2420244,TiO2,combined_noise_0.050A_0.030,combined_perturbation,noise,1,20,1,0,0,0,small::mp-2420244::reference,0.10766736976802349
strict,small,small::mp-25262::conventional_standard,mp-25262,mp-25262,TiO2,conventional_standard,equivalent_transform,no_noise,1,20,1,0,0,0,small::mp-25262::reference,0.29542593844234943
strict,small,small::mp-25262::niggli_reduced,mp-25262,mp-25262,TiO2,niggli_reduced,equivalent_transform,no_noise,1,20,1,0,0,0,small::mp-25262::reference,0.1512315683066845
strict,small,small::mp-25262::origin_shifted,mp-25262,mp-25262,TiO2,origin_shifted,equivalent_transform,no_noise,1,20,1,0,0,0,small::mp-25262::reference,0.15401585213840008
strict,small,small::mp-25262::permuted_sites,mp-25262,mp-25262,TiO2,permuted_sites,equivalent_transform,no_noise,1,20,1,0,0,0,small::mp-25262::reference,0.1833400297909975
strict,small,small::mp-25262::combined_noise_0.002A_0.003,mp-25262,mp-25262,TiO2,combined_noise_0.002A_0.003,combined_perturbation,noise,1,20,1,0,0,0,small::mp-25262::reference,0.15894673019647598
strict,small,small::mp-25262::combined_noise_0.015A_0.003,mp-25262,mp-25262,TiO2,combined_noise_0.015A_0.003,combined_perturbation,noise,1,20,1,0,0,0,small::mp-25262::reference,0.151103088632226
strict,small,small::mp-25262::combined_noise_0.050A_0.003,mp-25262,mp-25262,TiO2,combined_noise_0.050A_0.003,combined_perturbation,noise,1,20,1,0,0,0,small::mp-25262::reference,0.14997714757919312
strict,small,small::mp-25262::combined_noise_0.002A_0.010,mp-25262,mp-25262,TiO2,combined_noise_0.002A_0.010,combined_perturbation,noise,1,20,1,0,0,0,small::mp-25262::reference,0.14368729665875435
strict,small,small::mp-25262::combined_noise_0.015A_0.010,mp-25262,mp-25262,TiO2,combined_noise_0.015A_0.010,combined_perturbation,noise,1,20,1,0,0,0,small::mp-25262::reference,0.1448437198996544
strict,small,small::mp-25262::combined_noise_0.050A_0.010,mp-25262,mp-25262,TiO2,combined_noise_0.050A_0.010,combined_perturbation,noise,1,20,1,0,0,0,small::mp-25262::reference,0.15200389921665192
strict,small,small::mp-25262::combined_noise_0.002A_0.030,mp-25262,mp-25262,TiO2,combined_noise_0.002A_0.030,combined_perturbation,noise,0,20,0,0,0,1,,0.10192232392728329
strict,small,small::mp-25262::combined_noise_0.015A_0.030,mp-25262,mp-25262,TiO2,combined_noise_0.015A_0.030,combined_perturbation,noise,1,20,1,0,0,0,small::mp-25262::reference,0.15145777724683285
strict,small,small::mp-25262::combined_noise_0.050A_0.030,mp-25262,mp-25262,TiO2,combined_noise_0.050A_0.030,combined_perturbation,noise,0,20,0,0,0,1,,0.09997985325753689
strict,small,small::mp-25433::conventional_standard,mp-25433,mp-25433,TiO2,conventional_standard,equivalent_transform,no_noise,1,20,1,0,0,0,small::mp-25433::reference,0.1191343367099762
strict,small,small::mp-25433::niggli_reduced,mp-25433,mp-25433,TiO2,niggli_reduced,equivalent_transform,no_noise,1,20,1,0,0,0,small::mp-25433::reference,0.1135687492787838
strict,small,small::mp-25433::origin_shifted,mp-25433,mp-25433,TiO2,origin_shifted,equivalent_transform,no_noise,1,20,1,0,0,0,small::mp-25433::reference,0.11339681781828403
strict,small,small::mp-25433::permuted_sites,mp-25433,mp-25433,TiO2,permuted_sites,equivalent_transform,no_noise,1,20,1,0,0,0,small::mp-25433::reference,0.09961021319031715
strict,small,small::mp-25433::combined_noise_0.002A_0.003,mp-25433,mp-25433,TiO2,combined_noise_0.002A_0.003,combined_perturbation,noise,1,20,1,0,0,0,small::mp-25433::reference,0.11616211198270321
strict,small,small::mp-25433::combined_noise_0.015A_0.003,mp-25433,mp-25433,TiO2,combined_noise_0.015A_0.003,combined_perturbation,noise,1,20,1,0,0,0,small::mp-25433::reference,0.11555636301636696
strict,small,small::mp-25433::combined_noise_0.050A_0.003,mp-25433,mp-25433,TiO2,combined_noise_0.050A_0.003,combined_perturbation,noise,1,20,1,0,0,0,small::mp-25433::reference,0.11274171806871891
strict,small,small::mp-25433::combined_noise_0.002A_0.010,mp-25433,mp-25433,TiO2,combined_noise_0.002A_0.010,combined_perturbation,noise,1,20,1,0,0,0,small::mp-25433::reference,0.11336231790482998
strict,small,small::mp-25433::combined_noise_0.015A_0.010,mp-25433,mp-25433,TiO2,combined_noise_0.015A_0.010,combined_perturbation,noise,1,20,1,0,0,0,small::mp-25433::reference,0.11227806657552719
strict,small,small::mp-25433::combined_noise_0.050A_0.010,mp-25433,mp-25433,TiO2,combined_noise_0.050A_0.010,combined_perturbation,noise,1,20,1,0,0,0,small::mp-25433::reference,0.11368013918399811
strict,small,small::mp-25433::combined_noise_0.002A_0.030,mp-25433,mp-25433,TiO2,combined_noise_0.002A_0.030,combined_perturbation,noise,1,20,1,0,0,0,small::mp-25433::reference,0.11310375854372978
strict,small,small::mp-25433::combined_noise_0.015A_0.030,mp-25433,mp-25433,TiO2,combined_noise_0.015A_0.030,combined_perturbation,noise,1,20,1,0,0,0,small::mp-25433::reference,0.1131991483271122
strict,small,small::mp-25433::combined_noise_0.050A_0.030,mp-25433,mp-25433,TiO2,combined_noise_0.050A_0.030,combined_perturbation,noise,1,20,1,0,0,0,small::mp-25433::reference,0.1001097597181797
medium,small,small::mp-1008374::conventional_standard,mp-1008374,mp-1008374,C,conventional_standard,equivalent_transform,no_noise,1,20,1,0,0,0,small::mp-1008374::reference,0.11121760681271553
medium,small,small::mp-1008374::niggli_reduced,mp-1008374,mp-1008374,C,niggli_reduced,equivalent_transform,no_noise,1,20,1,0,0,0,small::mp-1008374::reference,0.06160351075232029
medium,small,small::mp-1008374::origin_shifted,mp-1008374,mp-1008374,C,origin_shifted,equivalent_transform,no_noise,1,20,1,0,0,0,small::mp-1008374::reference,0.06478853523731232
medium,small,small::mp-1008374::permuted_sites,mp-1008374,mp-1008374,C,permuted_sites,equivalent_transform,no_noise,1,20,1,0,0,0,small::mp-1008374::reference,0.07139970362186432
medium,small,small::mp-1008374::combined_noise_0.002A_0.003,mp-1008374,mp-1008374,C,combined_noise_0.002A_0.003,combined_perturbation,noise,1,20,1,0,0,0,small::mp-1008374::reference,0.06366229616105556
medium,small,small::mp-1008374::combined_noise_0.015A_0.003,mp-1008374,mp-1008374,C,combined_noise_0.015A_0.003,combined_perturbation,noise,1,20,1,0,0,0,small::mp-1008374::reference,0.0615971926599741
medium,small,small::mp-1008374::combined_noise_0.050A_0.003,mp-1008374,mp-1008374,C,combined_noise_0.050A_0.003,combined_perturbation,noise,1,20,1,0,0,0,small::mp-1008374::reference,0.06434275582432747
medium,small,small::mp-1008374::combined_noise_0.002A_0.010,mp-1008374,mp-1008374,C,combined_noise_0.002A_0.010,combined_perturbation,noise,1,20,1,0,0,0,small::mp-1008374::reference,0.05790475569665432
medium,small,small::mp-1008374::combined_noise_0.015A_0.010,mp-1008374,mp-1008374,C,combined_noise_0.015A_0.010,combined_perturbation,noise,1,20,1,0,0,0,small::mp-1008374::reference,0.06288753263652325
medium,small,small::mp-1008374::combined_noise_0.050A_0.010,mp-1008374,mp-1008374,C,combined_noise_0.050A_0.010,combined_perturbation,noise,1,20,1,0,0,0,small::mp-1008374::reference,0.056243304163217545
medium,small,small::mp-1008374::combined_noise_0.002A_0.030,mp-1008374,mp-1008374,C,combined_noise_0.002A_0.030,combined_perturbation,noise,1,20,1,0,0,0,small::mp-1008374::reference,0.06449383310973644
medium,small,small::mp-1008374::combined_noise_0.015A_0.030,mp-1008374,mp-1008374,C,combined_noise_0.015A_0.030,combined_perturbation,noise,1,20,1,0,0,0,small::mp-1008374::reference,0.07012650184333324
medium,small,small::mp-1008374::combined_noise_0.050A_0.030,mp-1008374,mp-1008374,C,combined_noise_0.050A_0.030,combined_perturbation,noise,1,20,1,0,0,0,small::mp-1008374::reference,0.07488419860601425
medium,small,small::mp-1008395::conventional_standard,mp-1008395,mp-1008395,C,conventional_standard,equivalent_transform,no_noise,1,20,1,0,0,0,small::mp-1008395::reference,0.05010456591844559
medium,small,small::mp-1008395::niggli_reduced,mp-1008395,mp-1008395,C,niggli_reduced,equivalent_transform,no_noise,1,20,1,0,0,0,small::mp-1008395::reference,0.04330408573150635
medium,small,small::mp-1008395::origin_shifted,mp-1008395,mp-1008395,C,origin_shifted,equivalent_transform,no_noise,1,20,1,0,0,0,small::mp-1008395::reference,0.04607649892568588
medium,small,small::mp-1008395::permuted_sites,mp-1008395,mp-1008395,C,permuted_sites,equivalent_transform,no_noise,1,20,1,0,0,0,small::mp-1008395::reference,0.05133969709277153
medium,small,small::mp-1008395::combined_noise_0.002A_0.003,mp-1008395,mp-1008395,C,combined_noise_0.002A_0.003,combined_perturbation,noise,1,20,1,0,0,0,small::mp-1008395::reference,0.04449748620390892
medium,small,small::mp-1008395::combined_noise_0.015A_0.003,mp-1008395,mp-1008395,C,combined_noise_0.015A_0.003,combined_perturbation,noise,1,20,1,0,0,0,small::mp-1008395::reference,0.04517660103738308
medium,small,small::mp-1008395::combined_noise_0.050A_0.003,mp-1008395,mp-1008395,C,combined_noise_0.050A_0.003,combined_perturbation,noise,1,20,1,0,0,0,small::mp-1008395::reference,0.0463666096329689
medium,small,small::mp-1008395::combined_noise_0.002A_0.010,mp-1008395,mp-1008395,C,combined_noise_0.002A_0.010,combined_perturbation,noise,1,20,1,0,0,0,small::mp-1008395::reference,0.045982951298356056
medium,small,small::mp-1008395::combined_noise_0.015A_0.010,mp-1008395,mp-1008395,C,combined_noise_0.015A_0.010,combined_perturbation,noise,1,20,1,0,0,0,small::mp-1008395::reference,0.04642561078071594
medium,small,small::mp-1008395::combined_noise_0.050A_0.010,mp-1008395,mp-1008395,C,combined_noise_0.050A_0.010,combined_perturbation,noise,1,20,1,0,0,0,small::mp-1008395::reference,0.04727810434997082
medium,small,small::mp-1008395::combined_noise_0.002A_0.030,mp-1008395,mp-1008395,C,combined_noise_0.002A_0.030,combined_perturbation,noise,1,20,1,0,0,0,small::mp-1008395::reference,0.047254230827093124
medium,small,small::mp-1008395::combined_noise_0.015A_0.030,mp-1008395,mp-1008395,C,combined_noise_0.015A_0.030,combined_perturbation,noise,1,20,1,0,0,0,small::mp-1008395::reference,0.048617804422974586
medium,small,small::mp-1008395::combined_noise_0.050A_0.030,mp-1008395,mp-1008395,C,combined_noise_0.050A_0.030,combined_perturbation,noise,1,20,1,0,0,0,small::mp-1008395::reference,0.047744883224368095
medium,small,small::mp-1018088::conventional_standard,mp-1018088,mp-1018088,C,conventional_standard,equivalent_transform,no_noise,1,20,1,0,0,0,small::mp-1018088::reference,0.1045664269477129
medium,small,small::mp-1018088::niggli_reduced,mp-1018088,mp-1018088,C,niggli_reduced,equivalent_transform,no_noise,1,20,1,0,0,0,small::mp-1018088::reference,0.10346602275967598
medium,small,small::mp-1018088::origin_shifted,mp-1018088,mp-1018088,C,origin_shifted,equivalent_transform,no_noise,1,20,1,0,0,0,small::mp-1018088::reference,0.1049396675080061
medium,small,small::mp-1018088::permuted_sites,mp-1018088,mp-1018088,C,permuted_sites,equivalent_transform,no_noise,1,20,1,0,0,0,small::mp-1018088::reference,0.11233882047235966
medium,small,small::mp-1018088::combined_noise_0.002A_0.003,mp-1018088,mp-1018088,C,combined_noise_0.002A_0.003,combined_perturbation,noise,1,20,1,0,0,0,small::mp-1018088::reference,0.10242611542344093
medium,small,small::mp-1018088::combined_noise_0.015A_0.003,mp-1018088,mp-1018088,C,combined_noise_0.015A_0.003,combined_perturbation,noise,1,20,1,0,0,0,small::mp-1018088::reference,0.1038172896951437
medium,small,small::mp-1018088::combined_noise_0.050A_0.003,mp-1018088,mp-1018088,C,combined_noise_0.050A_0.003,combined_perturbation,noise,1,20,1,0,0,0,small::mp-1018088::reference,0.1041815634816885
medium,small,small::mp-1018088::combined_noise_0.002A_0.010,mp-1018088,mp-1018088,C,combined_noise_0.002A_0.010,combined_perturbation,noise,1,20,1,0,0,0,small::mp-1018088::reference,0.09021395072340965
medium,small,small::mp-1018088::combined_noise_0.015A_0.010,mp-1018088,mp-1018088,C,combined_noise_0.015A_0.010,combined_perturbation,noise,1,20,1,0,0,0,small::mp-1018088::reference,0.08154207468032837
medium,small,small::mp-1018088::combined_noise_0.050A_0.010,mp-1018088,mp-1018088,C,combined_noise_0.050A_0.010,combined_perturbation,noise,1,20,1,0,0,0,small::mp-1018088::reference,0.10344487614929676
medium,small,small::mp-1018088::combined_noise_0.002A_0.030,mp-1018088,mp-1018088,C,combined_noise_0.002A_0.030,combined_perturbation,noise,1,20,1,0,0,0,small::mp-1018088::reference,0.07556403800845146
medium,small,small::mp-1018088::combined_noise_0.015A_0.030,mp-1018088,mp-1018088,C,combined_noise_0.015A_0.030,combined_perturbation,noise,1,20,1,0,0,0,small::mp-1018088::reference,0.08621001243591309
medium,small,small::mp-1018088::combined_noise_0.050A_0.030,mp-1018088,mp-1018088,C,combined_noise_0.050A_0.030,combined_perturbation,noise,1,20,1,0,0,0,small::mp-1018088::reference,0.07939360290765762
medium,small,small::mp-1040425::conventional_standard,mp-1040425,mp-1040425,C,conventional_standard,equivalent_transform,no_noise,1,20,1,0,0,0,small::mp-1040425::reference,0.049488455057144165
medium,small,small::mp-1040425::niggli_reduced,mp-1040425,mp-1040425,C,niggli_reduced,equivalent_transform,no_noise,1,20,1,0,0,0,small::mp-1040425::reference,0.04448106698691845
medium,small,small::mp-1040425::origin_shifted,mp-1040425,mp-1040425,C,origin_shifted,equivalent_transform,no_noise,1,20,1,0,0,0,small::mp-1040425::reference,0.05008857510983944
medium,small,small::mp-1040425::permuted_sites,mp-1040425,mp-1040425,C,permuted_sites,equivalent_transform,no_noise,1,20,1,0,0,0,small::mp-1040425::reference,0.04852207191288471
medium,small,small::mp-1040425::combined_noise_0.002A_0.003,mp-1040425,mp-1040425,C,combined_noise_0.002A_0.003,combined_perturbation,noise,1,20,1,0,0,0,small::mp-1040425::reference,0.05693199671804905
medium,small,small::mp-1040425::combined_noise_0.015A_0.003,mp-1040425,mp-1040425,C,combined_noise_0.015A_0.003,combined_perturbation,noise,1,20,1,0,0,0,small::mp-1040425::reference,0.047269560396671295
medium,small,small::mp-1040425::combined_noise_0.050A_0.003,mp-1040425,mp-1040425,C,combined_noise_0.050A_0.003,combined_perturbation,noise,1,20,1,0,0,0,small::mp-1040425::reference,0.04687483049929142
medium,small,small::mp-1040425::combined_noise_0.002A_0.010,mp-1040425,mp-1040425,C,combined_noise_0.002A_0.010,combined_perturbation,noise,1,20,1,0,0,0,small::mp-1040425::reference,0.04590979032218456
medium,small,small::mp-1040425::combined_noise_0.015A_0.010,mp-1040425,mp-1040425,C,combined_noise_0.015A_0.010,combined_perturbation,noise,1,20,1,0,0,0,small::mp-1040425::reference,0.0486660934984684
medium,small,small::mp-1040425::combined_noise_0.050A_0.010,mp-1040425,mp-1040425,C,combined_noise_0.050A_0.010,combined_perturbation,noise,1,20,1,0,0,0,small::mp-1040425::reference,0.04849803447723389
medium,small,small::mp-1040425::combined_noise_0.002A_0.030,mp-1040425,mp-1040425,C,combined_noise_0.002A_0.030,combined_perturbation,noise,1,20,1,0,0,0,small::mp-1040425::reference,0.04691479355096817
medium,small,small::mp-1040425::combined_noise_0.015A_0.030,mp-1040425,mp-1040425,C,combined_noise_0.015A_0.030,combined_perturbation,noise,1,20,1,0,0,0,small::mp-1040425::reference,0.046386608853936195
medium,small,small::mp-1040425::combined_noise_0.050A_0.030,mp-1040425,mp-1040425,C,combined_noise_0.050A_0.030,combined_perturbation,noise,1,20,1,0,0,0,small::mp-1040425::reference,0.048145150765776634
medium,small,small::mp-1056957::conventional_standard,mp-1056957,mp-1056957,C,conventional_standard,equivalent_transform,no_noise,1,20,2,0,1,0,small::mp-1056957::reference|small::mp-1181996::reference,0.0861099436879158
medium,small,small::mp-1056957::niggli_reduced,mp-1056957,mp-1056957,C,niggli_reduced,equivalent_transform,no_noise,1,20,2,0,1,0,small::mp-1056957::reference|small::mp-1181996::reference,0.07731973007321358
medium,small,small::mp-1056957::origin_shifted,mp-1056957,mp-1056957,C,origin_shifted,equivalent_transform,no_noise,1,20,2,0,1,0,small::mp-1056957::reference|small::mp-1181996::reference,0.07923988439142704
medium,small,small::mp-1056957::permuted_sites,mp-1056957,mp-1056957,C,permuted_sites,equivalent_transform,no_noise,1,20,2,0,1,0,small::mp-1056957::reference|small::mp-1181996::reference,0.08220702037215233
medium,small,small::mp-1056957::combined_noise_0.002A_0.003,mp-1056957,mp-1056957,C,combined_noise_0.002A_0.003,combined_perturbation,noise,1,20,2,0,1,0,small::mp-1056957::reference|small::mp-1181996::reference,0.08050293289124966
medium,small,small::mp-1056957::combined_noise_0.015A_0.003,mp-1056957,mp-1056957,C,combined_noise_0.015A_0.003,combined_perturbation,noise,1,20,2,0,1,0,small::mp-1056957::reference|small::mp-1181996::reference,0.07990378700196743
medium,small,small::mp-1056957::combined_noise_0.050A_0.003,mp-1056957,mp-1056957,C,combined_noise_0.050A_0.003,combined_perturbation,noise,1,20,2,0,1,0,small::mp-1056957::reference|small::mp-1181996::reference,0.0723638441413641
medium,small,small::mp-1056957::combined_noise_0.002A_0.010,mp-1056957,mp-1056957,C,combined_noise_0.002A_0.010,combined_perturbation,noise,1,20,2,0,1,0,small::mp-1056957::reference|small::mp-1181996::reference,0.07746097072958946
medium,small,small::mp-1056957::combined_noise_0.015A_0.010,mp-1056957,mp-1056957,C,combined_noise_0.015A_0.010,combined_perturbation,noise,1,20,2,0,1,0,small::mp-1056957::reference|small::mp-1181996::reference,0.08298887684941292
medium,small,small::mp-1056957::combined_noise_0.050A_0.010,mp-1056957,mp-1056957,C,combined_noise_0.050A_0.010,combined_perturbation,noise,1,20,2,0,1,0,small::mp-1056957::reference|small::mp-1181996::reference,0.07763229869306087
medium,small,small::mp-1056957::combined_noise_0.002A_0.030,mp-1056957,mp-1056957,C,combined_noise_0.002A_0.030,combined_perturbation,noise,1,20,2,0,1,0,small::mp-1056957::reference|small::mp-1181996::reference,0.08115322887897491
medium,small,small::mp-1056957::combined_noise_0.015A_0.030,mp-1056957,mp-1056957,C,combined_noise_0.015A_0.030,combined_perturbation,noise,1,20,2,0,1,0,small::mp-1056957::reference|small::mp-1181996::reference,0.07985631376504898
medium,small,small::mp-1056957::combined_noise_0.050A_0.030,mp-1056957,mp-1056957,C,combined_noise_0.050A_0.030,combined_perturbation,noise,1,20,2,0,1,0,small::mp-1056957::reference|small::mp-1181996::reference,0.04387898929417133
medium,small,small::mp-1078845::conventional_standard,mp-1078845,mp-1078845,C,conventional_standard,equivalent_transform,no_noise,1,20,1,0,0,0,small::mp-1078845::reference,0.09698179922997952
medium,small,small::mp-1078845::niggli_reduced,mp-1078845,mp-1078845,C,niggli_reduced,equivalent_transform,no_noise,1,20,1,0,0,0,small::mp-1078845::reference,0.07007387094199657
medium,small,small::mp-1078845::origin_shifted,mp-1078845,mp-1078845,C,origin_shifted,equivalent_transform,no_noise,1,20,1,0,0,0,small::mp-1078845::reference,0.0781249962747097
medium,small,small::mp-1078845::permuted_sites,mp-1078845,mp-1078845,C,permuted_sites,equivalent_transform,no_noise,1,20,1,0,0,0,small::mp-1078845::reference,0.11454758793115616
medium,small,small::mp-1078845::combined_noise_0.002A_0.003,mp-1078845,mp-1078845,C,combined_noise_0.002A_0.003,combined_perturbation,noise,1,20,1,0,0,0,small::mp-1078845::reference,0.07173307985067368
medium,small,small::mp-1078845::combined_noise_0.015A_0.003,mp-1078845,mp-1078845,C,combined_noise_0.015A_0.003,combined_perturbation,noise,1,20,1,0,0,0,small::mp-1078845::reference,0.07426420040428638
medium,small,small::mp-1078845::combined_noise_0.050A_0.003,mp-1078845,mp-1078845,C,combined_noise_0.050A_0.003,combined_perturbation,noise,1,20,1,0,0,0,small::mp-1078845::reference,0.07768318615853786
medium,small,small::mp-1078845::combined_noise_0.002A_0.010,mp-1078845,mp-1078845,C,combined_noise_0.002A_0.010,combined_perturbation,noise,1,20,1,0,0,0,small::mp-1078845::reference,0.0762680321931839
medium,small,small::mp-1078845::combined_noise_0.015A_0.010,mp-1078845,mp-1078845,C,combined_noise_0.015A_0.010,combined_perturbation,noise,1,20,1,0,0,0,small::mp-1078845::reference,0.07408431358635426
medium,small,small::mp-1078845::combined_noise_0.050A_0.010,mp-1078845,mp-1078845,C,combined_noise_0.050A_0.010,combined_perturbation,noise,1,20,1,0,0,0,small::mp-1078845::reference,0.07876737602055073
medium,small,small::mp-1078845::combined_noise_0.002A_0.030,mp-1078845,mp-1078845,C,combined_noise_0.002A_0.030,combined_perturbation,noise,1,20,1,0,0,0,small::mp-1078845::reference,0.07588300295174122
medium,small,small::mp-1078845::combined_noise_0.015A_0.030,mp-1078845,mp-1078845,C,combined_noise_0.015A_0.030,combined_perturbation,noise,1,20,1,0,0,0,small::mp-1078845::reference,0.07591510564088821
medium,small,small::mp-1078845::combined_noise_0.050A_0.030,mp-1078845,mp-1078845,C,combined_noise_0.050A_0.030,combined_perturbation,noise,1,20,1,0,0,0,small::mp-1078845::reference,0.0768764466047287
medium,small,small::mp-1080826::conventional_standard,mp-1080826,mp-1080826,C,conventional_standard,equivalent_transform,no_noise,1,20,1,0,0,0,small::mp-1080826::reference,0.07750223577022552
medium,small,small::mp-1080826::niggli_reduced,mp-1080826,mp-1080826,C,niggli_reduced,equivalent_transform,no_noise,1,20,1,0,0,0,small::mp-1080826::reference,0.052424242720007896
medium,small,small::mp-1080826::origin_shifted,mp-1080826,mp-1080826,C,origin_shifted,equivalent_transform,no_noise,1,20,1,0,0,0,small::mp-1080826::reference,0.05884813889861107
medium,small,small::mp-1080826::permuted_sites,mp-1080826,mp-1080826,C,permuted_sites,equivalent_transform,no_noise,1,20,1,0,0,0,small::mp-1080826::reference,0.07743987627327442
medium,small,small::mp-1080826::combined_noise_0.002A_0.003,mp-1080826,mp-1080826,C,combined_noise_0.002A_0.003,combined_perturbation,noise,1,20,1,0,0,0,small::mp-1080826::reference,0.05351662263274193
medium,small,small::mp-1080826::combined_noise_0.015A_0.003,mp-1080826,mp-1080826,C,combined_noise_0.015A_0.003,combined_perturbation,noise,1,20,1,0,0,0,small::mp-1080826::reference,0.05386314354836941
medium,small,small::mp-1080826::combined_noise_0.050A_0.003,mp-1080826,mp-1080826,C,combined_noise_0.050A_0.003,combined_perturbation,noise,1,20,1,0,0,0,small::mp-1080826::reference,0.05330047570168972
medium,small,small::mp-1080826::combined_noise_0.002A_0.010,mp-1080826,mp-1080826,C,combined_noise_0.002A_0.010,combined_perturbation,noise,1,20,1,0,0,0,small::mp-1080826::reference,0.05407261103391647
medium,small,small::mp-1080826::combined_noise_0.015A_0.010,mp-1080826,mp-1080826,C,combined_noise_0.015A_0.010,combined_perturbation,noise,1,20,1,0,0,0,small::mp-1080826::reference,0.05418115667998791
medium,small,small::mp-1080826::combined_noise_0.050A_0.010,mp-1080826,mp-1080826,C,combined_noise_0.050A_0.010,combined_perturbation,noise,1,20,1,0,0,0,small::mp-1080826::reference,0.053760943934321404
medium,small,small::mp-1080826::combined_noise_0.002A_0.030,mp-1080826,mp-1080826,C,combined_noise_0.002A_0.030,combined_perturbation,noise,1,20,1,0,0,0,small::mp-1080826::reference,0.05420861206948757
medium,small,small::mp-1080826::combined_noise_0.015A_0.030,mp-1080826,mp-1080826,C,combined_noise_0.015A_0.030,combined_perturbation,noise,1,20,1,0,0,0,small::mp-1080826::reference,0.05378709174692631
medium,small,small::mp-1080826::combined_noise_0.050A_0.030,mp-1080826,mp-1080826,C,combined_noise_0.050A_0.030,combined_perturbation,noise,1,20,1,0,0,0,small::mp-1080826::reference,0.05336851067841053
medium,small,small::mp-1095534::conventional_standard,mp-1095534,mp-1095534,C,conventional_standard,equivalent_transform,no_noise,1,20,1,0,0,0,small::mp-1095534::reference,0.14940448477864265
medium,small,small::mp-1095534::niggli_reduced,mp-1095534,mp-1095534,C,niggli_reduced,equivalent_transform,no_noise,1,20,1,0,0,0,small::mp-1095534::reference,0.0932703074067831
medium,small,small::mp-1095534::origin_shifted,mp-1095534,mp-1095534,C,origin_shifted,equivalent_transform,no_noise,1,20,1,0,0,0,small::mp-1095534::reference,0.10192520916461945
medium,small,small::mp-1095534::permuted_sites,mp-1095534,mp-1095534,C,permuted_sites,equivalent_transform,no_noise,1,20,1,0,0,0,small::mp-1095534::reference,0.14325936511158943
medium,small,small::mp-1095534::combined_noise_0.002A_0.003,mp-1095534,mp-1095534,C,combined_noise_0.002A_0.003,combined_perturbation,noise,1,20,1,0,0,0,small::mp-1095534::reference,0.10998921282589436
medium,small,small::mp-1095534::combined_noise_0.015A_0.003,mp-1095534,mp-1095534,C,combined_noise_0.015A_0.003,combined_perturbation,noise,1,20,1,0,0,0,small::mp-1095534::reference,0.09581601992249489
medium,small,small::mp-1095534::combined_noise_0.050A_0.003,mp-1095534,mp-1095534,C,combined_noise_0.050A_0.003,combined_perturbation,noise,1,20,1,0,0,0,small::mp-1095534::reference,0.10806664824485779
medium,small,small::mp-1095534::combined_noise_0.002A_0.010,mp-1095534,mp-1095534,C,combined_noise_0.002A_0.010,combined_perturbation,noise,1,20,1,0,0,0,small::mp-1095534::reference,0.09559398144483566
medium,small,small::mp-1095534::combined_noise_0.015A_0.010,mp-1095534,mp-1095534,C,combined_noise_0.015A_0.010,combined_perturbation,noise,1,20,1,0,0,0,small::mp-1095534::reference,0.07247319631278515
medium,small,small::mp-1095534::combined_noise_0.050A_0.010,mp-1095534,mp-1095534,C,combined_noise_0.050A_0.010,combined_perturbation,noise,1,20,1,0,0,0,small::mp-1095534::reference,0.11121727153658867
medium,small,small::mp-1095534::combined_noise_0.002A_0.030,mp-1095534,mp-1095534,C,combined_noise_0.002A_0.030,combined_perturbation,noise,1,20,1,0,0,0,small::mp-1095534::reference,0.11674867197871208
medium,small,small::mp-1095534::combined_noise_0.015A_0.030,mp-1095534,mp-1095534,C,combined_noise_0.015A_0.030,combined_perturbation,noise,1,20,1,0,0,0,small::mp-1095534::reference,0.13424430415034294
medium,small,small::mp-1095534::combined_noise_0.050A_0.030,mp-1095534,mp-1095534,C,combined_noise_0.050A_0.030,combined_perturbation,noise,1,20,1,0,0,0,small::mp-1095534::reference,0.12978551723062992
medium,small,small::mp-1095633::conventional_standard,mp-1095633,mp-1095633,C,conventional_standard,equivalent_transform,no_noise,1,20,1,0,0,0,small::mp-1095633::reference,0.15060349740087986
medium,small,small::mp-1095633::niggli_reduced,mp-1095633,mp-1095633,C,niggli_reduced,equivalent_transform,no_noise,1,20,1,0,0,0,small::mp-1095633::reference,0.09250625781714916
medium,small,small::mp-1095633::origin_shifted,mp-1095633,mp-1095633,C,origin_shifted,equivalent_transform,no_noise,1,20,1,0,0,0,small::mp-1095633::reference,0.09770630300045013
medium,small,small::mp-1095633::permuted_sites,mp-1095633,mp-1095633,C,permuted_sites,equivalent_transform,no_noise,1,20,1,0,0,0,small::mp-1095633::reference,0.13733558915555477
medium,small,small::mp-1095633::combined_noise_0.002A_0.003,mp-1095633,mp-1095633,C,combined_noise_0.002A_0.003,combined_perturbation,noise,1,20,1,0,0,0,small::mp-1095633::reference,0.0927472673356533
medium,small,small::mp-1095633::combined_noise_0.015A_0.003,mp-1095633,mp-1095633,C,combined_noise_0.015A_0.003,combined_perturbation,noise,1,20,1,0,0,0,small::mp-1095633::reference,0.09405050799250603
medium,small,small::mp-1095633::combined_noise_0.050A_0.003,mp-1095633,mp-1095633,C,combined_noise_0.050A_0.003,combined_perturbation,noise,1,20,1,0,0,0,small::mp-1095633::reference,0.09445561282336712
medium,small,small::mp-1095633::combined_noise_0.002A_0.010,mp-1095633,mp-1095633,C,combined_noise_0.002A_0.010,combined_perturbation,noise,1,20,1,0,0,0,small::mp-1095633::reference,0.1268428321927786
medium,small,small::mp-1095633::combined_noise_0.015A_0.010,mp-1095633,mp-1095633,C,combined_noise_0.015A_0.010,combined_perturbation,noise,1,20,1,0,0,0,small::mp-1095633::reference,0.09053650312125683
medium,small,small::mp-1095633::combined_noise_0.050A_0.010,mp-1095633,mp-1095633,C,combined_noise_0.050A_0.010,combined_perturbation,noise,1,20,1,0,0,0,small::mp-1095633::reference,0.08154834061861038
medium,small,small::mp-1095633::combined_noise_0.002A_0.030,mp-1095633,mp-1095633,C,combined_noise_0.002A_0.030,combined_perturbation,noise,1,20,1,0,0,0,small::mp-1095633::reference,0.07862979732453823
medium,small,small::mp-1095633::combined_noise_0.015A_0.030,mp-1095633,mp-1095633,C,combined_noise_0.015A_0.030,combined_perturbation,noise,1,20,1,0,0,0,small::mp-1095633::reference,0.12210566736757755
medium,small,small::mp-1095633::combined_noise_0.050A_0.030,mp-1095633,mp-1095633,C,combined_noise_0.050A_0.030,combined_perturbation,noise,1,20,1,0,0,0,small::mp-1095633::reference,0.126534353941679
medium,small,small::mp-1097832::conventional_standard,mp-1097832,mp-1097832,C,conventional_standard,equivalent_transform,no_noise,1,20,1,0,0,0,small::mp-1097832::reference,0.0551800262182951
medium,small,small::mp-1097832::niggli_reduced,mp-1097832,mp-1097832,C,niggli_reduced,equivalent_transform,no_noise,1,20,1,0,0,0,small::mp-1097832::reference,0.04923386871814728
medium,small,small::mp-1097832::origin_shifted,mp-1097832,mp-1097832,C,origin_shifted,equivalent_transform,no_noise,1,20,1,0,0,0,small::mp-1097832::reference,0.04939025826752186
medium,small,small::mp-1097832::permuted_sites,mp-1097832,mp-1097832,C,permuted_sites,equivalent_transform,no_noise,1,20,1,0,0,0,small::mp-1097832::reference,0.04935373738408089
medium,small,small::mp-1097832::combined_noise_0.002A_0.003,mp-1097832,mp-1097832,C,combined_noise_0.002A_0.003,combined_perturbation,noise,1,20,1,0,0,0,small::mp-1097832::reference,0.04718419350683689
medium,small,small::mp-1097832::combined_noise_0.015A_0.003,mp-1097832,mp-1097832,C,combined_noise_0.015A_0.003,combined_perturbation,noise,1,20,1,0,0,0,small::mp-1097832::reference,0.04782210476696491
medium,small,small::mp-1097832::combined_noise_0.050A_0.003,mp-1097832,mp-1097832,C,combined_noise_0.050A_0.003,combined_perturbation,noise,1,20,1,0,0,0,small::mp-1097832::reference,0.04812513664364815
medium,small,small::mp-1097832::combined_noise_0.002A_0.010,mp-1097832,mp-1097832,C,combined_noise_0.002A_0.010,combined_perturbation,noise,1,20,1,0,0,0,small::mp-1097832::reference,0.051682472229003906
medium,small,small::mp-1097832::combined_noise_0.015A_0.010,mp-1097832,mp-1097832,C,combined_noise_0.015A_0.010,combined_perturbation,noise,1,20,1,0,0,0,small::mp-1097832::reference,0.04800749570131302
medium,small,small::mp-1097832::combined_noise_0.050A_0.010,mp-1097832,mp-1097832,C,combined_noise_0.050A_0.010,combined_perturbation,noise,1,20,1,0,0,0,small::mp-1097832::reference,0.04867583513259888
medium,small,small::mp-1097832::combined_noise_0.002A_0.030,mp-1097832,mp-1097832,C,combined_noise_0.002A_0.030,combined_perturbation,noise,1,20,1,0,0,0,small::mp-1097832::reference,0.060880132019519806
medium,small,small::mp-1097832::combined_noise_0.015A_0.030,mp-1097832,mp-1097832,C,combined_noise_0.015A_0.030,combined_perturbation,noise,1,20,1,0,0,0,small::mp-1097832::reference,0.04767848551273346
medium,small,small::mp-1097832::combined_noise_0.050A_0.030,mp-1097832,mp-1097832,C,combined_noise_0.050A_0.030,combined_perturbation,noise,1,20,1,0,0,0,small::mp-1097832::reference,0.04757487401366234
medium,small,small::mp-1181996::conventional_standard,mp-1181996,mp-1181996,C,conventional_standard,equivalent_transform,no_noise,1,20,2,0,1,0,small::mp-1056957::reference|small::mp-1181996::reference,0.16119973175227642
medium,small,small::mp-1181996::niggli_reduced,mp-1181996,mp-1181996,C,niggli_reduced,equivalent_transform,no_noise,1,20,2,0,1,0,small::mp-1056957::reference|small::mp-1181996::reference,0.15049021877348423
medium,small,small::mp-1181996::origin_shifted,mp-1181996,mp-1181996,C,origin_shifted,equivalent_transform,no_noise,1,20,2,0,1,0,small::mp-1056957::reference|small::mp-1181996::reference,0.15240363776683807
medium,small,small::mp-1181996::permuted_sites,mp-1181996,mp-1181996,C,permuted_sites,equivalent_transform,no_noise,1,20,2,0,1,0,small::mp-1056957::reference|small::mp-1181996::reference,0.14826223254203796
medium,small,small::mp-1181996::combined_noise_0.002A_0.003,mp-1181996,mp-1181996,C,combined_noise_0.002A_0.003,combined_perturbation,noise,1,20,2,0,1,0,small::mp-1056957::reference|small::mp-1181996::reference,0.1545830126851797
medium,small,small::mp-1181996::combined_noise_0.015A_0.003,mp-1181996,mp-1181996,C,combined_noise_0.015A_0.003,combined_perturbation,noise,1,20,2,0,1,0,small::mp-1056957::reference|small::mp-1181996::reference,0.15304848924279213
medium,small,small::mp-1181996::combined_noise_0.050A_0.003,mp-1181996,mp-1181996,C,combined_noise_0.050A_0.003,combined_perturbation,noise,1,20,2,0,1,0,small::mp-1056957::reference|small::mp-1181996::reference,0.154982540756464
medium,small,small::mp-1181996::combined_noise_0.002A_0.010,mp-1181996,mp-1181996,C,combined_noise_0.002A_0.010,combined_perturbation,noise,1,20,2,0,1,0,small::mp-1056957::reference|small::mp-1181996::reference,0.19827157258987427
medium,small,small::mp-1181996::combined_noise_0.015A_0.010,mp-1181996,mp-1181996,C,combined_noise_0.015A_0.010,combined_perturbation,noise,1,20,2,0,1,0,small::mp-1056957::reference|small::mp-1181996::reference,0.17039932124316692
medium,small,small::mp-1181996::combined_noise_0.050A_0.010,mp-1181996,mp-1181996,C,combined_noise_0.050A_0.010,combined_perturbation,noise,1,20,2,0,1,0,small::mp-1056957::reference|small::mp-1181996::reference,0.1495329961180687
medium,small,small::mp-1181996::combined_noise_0.002A_0.030,mp-1181996,mp-1181996,C,combined_noise_0.002A_0.030,combined_perturbation,noise,1,20,2,0,1,0,small::mp-1056957::reference|small::mp-1181996::reference,0.1856302171945572
medium,small,small::mp-1181996::combined_noise_0.015A_0.030,mp-1181996,mp-1181996,C,combined_noise_0.015A_0.030,combined_perturbation,noise,1,20,2,0,1,0,small::mp-1056957::reference|small::mp-1181996::reference,0.1691809594631195
medium,small,small::mp-1181996::combined_noise_0.050A_0.030,mp-1181996,mp-1181996,C,combined_noise_0.050A_0.030,combined_perturbation,noise,1,20,2,0,1,0,small::mp-1056957::reference|small::mp-1181996::reference,0.20586595125496387
medium,small,small::mp-1182029::conventional_standard,mp-1182029,mp-1182029,C,conventional_standard,equivalent_transform,no_noise,1,20,1,0,0,0,small::mp-1182029::reference,0.20407051220536232
medium,small,small::mp-1182029::niggli_reduced,mp-1182029,mp-1182029,C,niggli_reduced,equivalent_transform,no_noise,1,20,1,0,0,0,small::mp-1182029::reference,0.21263944171369076
medium,small,small::mp-1182029::origin_shifted,mp-1182029,mp-1182029,C,origin_shifted,equivalent_transform,no_noise,1,20,1,0,0,0,small::mp-1182029::reference,0.20826827362179756
medium,small,small::mp-1182029::permuted_sites,mp-1182029,mp-1182029,C,permuted_sites,equivalent_transform,no_noise,1,20,1,0,0,0,small::mp-1182029::reference,0.198051692917943
medium,small,small::mp-1182029::combined_noise_0.002A_0.003,mp-1182029,mp-1182029,C,combined_noise_0.002A_0.003,combined_perturbation,noise,1,20,1,0,0,0,small::mp-1182029::reference,0.2091508638113737
medium,small,small::mp-1182029::combined_noise_0.015A_0.003,mp-1182029,mp-1182029,C,combined_noise_0.015A_0.003,combined_perturbation,noise,1,20,1,0,0,0,small::mp-1182029::reference,0.2023339383304119
medium,small,small::mp-1182029::combined_noise_0.050A_0.003,mp-1182029,mp-1182029,C,combined_noise_0.050A_0.003,combined_perturbation,noise,1,20,1,0,0,0,small::mp-1182029::reference,0.2051351796835661
medium,small,small::mp-1182029::combined_noise_0.002A_0.010,mp-1182029,mp-1182029,C,combined_noise_0.002A_0.010,combined_perturbation,noise,1,20,1,0,0,0,small::mp-1182029::reference,0.2056782003492117
medium,small,small::mp-1182029::combined_noise_0.015A_0.010,mp-1182029,mp-1182029,C,combined_noise_0.015A_0.010,combined_perturbation,noise,1,20,1,0,0,0,small::mp-1182029::reference,0.2144552245736122
medium,small,small::mp-1182029::combined_noise_0.050A_0.010,mp-1182029,mp-1182029,C,combined_noise_0.050A_0.010,combined_perturbation,noise,1,20,1,0,0,0,small::mp-1182029::reference,0.21272797137498856
medium,small,small::mp-1182029::combined_noise_0.002A_0.030,mp-1182029,mp-1182029,C,combined_noise_0.002A_0.030,combined_perturbation,noise,1,20,1,0,0,0,small::mp-1182029::reference,0.2226608656346798
medium,small,small::mp-1182029::combined_noise_0.015A_0.030,mp-1182029,mp-1182029,C,combined_noise_0.015A_0.030,combined_perturbation,noise,1,20,1,0,0,0,small::mp-1182029::reference,0.2068514320999384
medium,small,small::mp-1182029::combined_noise_0.050A_0.030,mp-1182029,mp-1182029,C,combined_noise_0.050A_0.030,combined_perturbation,noise,1,20,1,0,0,0,small::mp-1182029::reference,0.18370732106268406
medium,small,small::mp-1188817::conventional_standard,mp-1188817,mp-1188817,C,conventional_standard,equivalent_transform,no_noise,1,20,1,0,0,0,small::mp-1188817::reference,0.4494940936565399
medium,small,small::mp-1188817::niggli_reduced,mp-1188817,mp-1188817,C,niggli_reduced,equivalent_transform,no_noise,1,20,1,0,0,0,small::mp-1188817::reference,0.4486240744590759
medium,small,small::mp-1188817::origin_shifted,mp-1188817,mp-1188817,C,origin_shifted,equivalent_transform,no_noise,1,20,1,0,0,0,small::mp-1188817::reference,0.42099536769092083
medium,small,small::mp-1188817::permuted_sites,mp-1188817,mp-1188817,C,permuted_sites,equivalent_transform,no_noise,1,20,1,0,0,0,small::mp-1188817::reference,0.5195527113974094
medium,small,small::mp-1188817::combined_noise_0.002A_0.003,mp-1188817,mp-1188817,C,combined_noise_0.002A_0.003,combined_perturbation,noise,1,20,1,0,0,0,small::mp-1188817::reference,0.41350262612104416
medium,small,small::mp-1188817::combined_noise_0.015A_0.003,mp-1188817,mp-1188817,C,combined_noise_0.015A_0.003,combined_perturbation,noise,1,20,1,0,0,0,small::mp-1188817::reference,0.41690090112388134
medium,small,small::mp-1188817::combined_noise_0.050A_0.003,mp-1188817,mp-1188817,C,combined_noise_0.050A_0.003,combined_perturbation,noise,1,20,1,0,0,0,small::mp-1188817::reference,0.47750498354434967
medium,small,small::mp-1188817::combined_noise_0.002A_0.010,mp-1188817,mp-1188817,C,combined_noise_0.002A_0.010,combined_perturbation,noise,1,20,1,0,0,0,small::mp-1188817::reference,0.4188834838569164
medium,small,small::mp-1188817::combined_noise_0.015A_0.010,mp-1188817,mp-1188817,C,combined_noise_0.015A_0.010,combined_perturbation,noise,1,20,1,0,0,0,small::mp-1188817::reference,0.41117279417812824
medium,small,small::mp-1188817::combined_noise_0.050A_0.010,mp-1188817,mp-1188817,C,combined_noise_0.050A_0.010,combined_perturbation,noise,1,20,1,0,0,0,small::mp-1188817::reference,0.3507350217550993
medium,small,small::mp-1188817::combined_noise_0.002A_0.030,mp-1188817,mp-1188817,C,combined_noise_0.002A_0.030,combined_perturbation,noise,1,20,1,0,0,0,small::mp-1188817::reference,0.3352005500346422
medium,small,small::mp-1188817::combined_noise_0.015A_0.030,mp-1188817,mp-1188817,C,combined_noise_0.015A_0.030,combined_perturbation,noise,1,20,1,0,0,0,small::mp-1188817::reference,0.3311961945146322
medium,small,small::mp-1188817::combined_noise_0.050A_0.030,mp-1188817,mp-1188817,C,combined_noise_0.050A_0.030,combined_perturbation,noise,1,20,1,0,0,0,small::mp-1188817::reference,0.34034858644008636
medium,small,small::mp-1190171::conventional_standard,mp-1190171,mp-1190171,C,conventional_standard,equivalent_transform,no_noise,1,20,1,0,0,0,small::mp-1190171::reference,0.16653423756361008
medium,small,small::mp-1190171::niggli_reduced,mp-1190171,mp-1190171,C,niggli_reduced,equivalent_transform,no_noise,1,20,1,0,0,0,small::mp-1190171::reference,0.16324189491569996
medium,small,small::mp-1190171::origin_shifted,mp-1190171,mp-1190171,C,origin_shifted,equivalent_transform,no_noise,1,20,1,0,0,0,small::mp-1190171::reference,0.1537510994821787
medium,small,small::mp-1190171::permuted_sites,mp-1190171,mp-1190171,C,permuted_sites,equivalent_transform,no_noise,1,20,1,0,0,0,small::mp-1190171::reference,0.2204792033880949
medium,small,small::mp-1190171::combined_noise_0.002A_0.003,mp-1190171,mp-1190171,C,combined_noise_0.002A_0.003,combined_perturbation,noise,1,20,1,0,0,0,small::mp-1190171::reference,0.15031500346958637
medium,small,small::mp-1190171::combined_noise_0.015A_0.003,mp-1190171,mp-1190171,C,combined_noise_0.015A_0.003,combined_perturbation,noise,1,20,1,0,0,0,small::mp-1190171::reference,0.14865374192595482
medium,small,small::mp-1190171::combined_noise_0.050A_0.003,mp-1190171,mp-1190171,C,combined_noise_0.050A_0.003,combined_perturbation,noise,1,20,1,0,0,0,small::mp-1190171::reference,0.1600104682147503
medium,small,small::mp-1190171::combined_noise_0.002A_0.010,mp-1190171,mp-1190171,C,combined_noise_0.002A_0.010,combined_perturbation,noise,1,20,1,0,0,0,small::mp-1190171::reference,0.14695697277784348
medium,small,small::mp-1190171::combined_noise_0.015A_0.010,mp-1190171,mp-1190171,C,combined_noise_0.015A_0.010,combined_perturbation,noise,1,20,1,0,0,0,small::mp-1190171::reference,0.14310293644666672
medium,small,small::mp-1190171::combined_noise_0.050A_0.010,mp-1190171,mp-1190171,C,combined_noise_0.050A_0.010,combined_perturbation,noise,1,20,1,0,0,0,small::mp-1190171::reference,0.1419167760759592
medium,small,small::mp-1190171::combined_noise_0.002A_0.030,mp-1190171,mp-1190171,C,combined_noise_0.002A_0.030,combined_perturbation,noise,1,20,1,0,0,0,small::mp-1190171::reference,0.1430724561214447
medium,small,small::mp-1190171::combined_noise_0.015A_0.030,mp-1190171,mp-1190171,C,combined_noise_0.015A_0.030,combined_perturbation,noise,1,20,1,0,0,0,small::mp-1190171::reference,0.1590422075241804
medium,small,small::mp-1190171::combined_noise_0.050A_0.030,mp-1190171,mp-1190171,C,combined_noise_0.050A_0.030,combined_perturbation,noise,1,20,1,0,0,0,small::mp-1190171::reference,0.18373478017747402
medium,small,small::mp-1192619::conventional_standard,mp-1192619,mp-1192619,C,conventional_standard,equivalent_transform,no_noise,1,20,1,0,0,0,small::mp-1192619::reference,0.5405158288776875
medium,small,small::mp-1192619::niggli_reduced,mp-1192619,mp-1192619,C,niggli_reduced,equivalent_transform,no_noise,1,20,1,0,0,0,small::mp-1192619::reference,0.2748246882110834
medium,small,small::mp-1192619::origin_shifted,mp-1192619,mp-1192619,C,origin_shifted,equivalent_transform,no_noise,1,20,1,0,0,0,small::mp-1192619::reference,0.2768759187310934
medium,small,small::mp-1192619::permuted_sites,mp-1192619,mp-1192619,C,permuted_sites,equivalent_transform,no_noise,1,20,1,0,0,0,small::mp-1192619::reference,0.4707053229212761
medium,small,small::mp-1192619::combined_noise_0.002A_0.003,mp-1192619,mp-1192619,C,combined_noise_0.002A_0.003,combined_perturbation,noise,1,20,1,0,0,0,small::mp-1192619::reference,0.2530973292887211
medium,small,small::mp-1192619::combined_noise_0.015A_0.003,mp-1192619,mp-1192619,C,combined_noise_0.015A_0.003,combined_perturbation,noise,1,20,1,0,0,0,small::mp-1192619::reference,0.29908339865505695
medium,small,small::mp-1192619::combined_noise_0.050A_0.003,mp-1192619,mp-1192619,C,combined_noise_0.050A_0.003,combined_perturbation,noise,1,20,1,0,0,0,small::mp-1192619::reference,0.2511675525456667
medium,small,small::mp-1192619::combined_noise_0.002A_0.010,mp-1192619,mp-1192619,C,combined_noise_0.002A_0.010,combined_perturbation,noise,1,20,1,0,0,0,small::mp-1192619::reference,0.34534510411322117
medium,small,small::mp-1192619::combined_noise_0.015A_0.010,mp-1192619,mp-1192619,C,combined_noise_0.015A_0.010,combined_perturbation,noise,1,20,1,0,0,0,small::mp-1192619::reference,0.30571269802749157
medium,small,small::mp-1192619::combined_noise_0.050A_0.010,mp-1192619,mp-1192619,C,combined_noise_0.050A_0.010,combined_perturbation,noise,1,20,1,0,0,0,small::mp-1192619::reference,0.30383635498583317
medium,small,small::mp-1192619::combined_noise_0.002A_0.030,mp-1192619,mp-1192619,C,combined_noise_0.002A_0.030,combined_perturbation,noise,0,20,0,0,0,1,,0.4069475866854191
medium,small,small::mp-1192619::combined_noise_0.015A_0.030,mp-1192619,mp-1192619,C,combined_noise_0.015A_0.030,combined_perturbation,noise,1,20,1,0,0,0,small::mp-1192619::reference,0.3362880311906338
medium,small,small::mp-1192619::combined_noise_0.050A_0.030,mp-1192619,mp-1192619,C,combined_noise_0.050A_0.030,combined_perturbation,noise,1,20,1,0,0,0,small::mp-1192619::reference,0.35691243037581444
medium,small,small::mp-1205417::conventional_standard,mp-1205417,mp-1205417,C,conventional_standard,equivalent_transform,no_noise,1,20,1,0,0,0,small::mp-1205417::reference,0.33993030712008476
medium,small,small::mp-1205417::niggli_reduced,mp-1205417,mp-1205417,C,niggli_reduced,equivalent_transform,no_noise,1,20,1,0,0,0,small::mp-1205417::reference,0.19718223065137863
medium,small,small::mp-1205417::origin_shifted,mp-1205417,mp-1205417,C,origin_shifted,equivalent_transform,no_noise,1,20,1,0,0,0,small::mp-1205417::reference,0.20718132331967354
medium,small,small::mp-1205417::permuted_sites,mp-1205417,mp-1205417,C,permuted_sites,equivalent_transform,no_noise,1,20,1,0,0,0,small::mp-1205417::reference,0.30595215782523155
medium,small,small::mp-1205417::combined_noise_0.002A_0.003,mp-1205417,mp-1205417,C,combined_noise_0.002A_0.003,combined_perturbation,noise,1,20,1,0,0,0,small::mp-1205417::reference,0.19603468105196953
medium,small,small::mp-1205417::combined_noise_0.015A_0.003,mp-1205417,mp-1205417,C,combined_noise_0.015A_0.003,combined_perturbation,noise,1,20,1,0,0,0,small::mp-1205417::reference,0.19399555586278439
medium,small,small::mp-1205417::combined_noise_0.050A_0.003,mp-1205417,mp-1205417,C,combined_noise_0.050A_0.003,combined_perturbation,noise,1,20,1,0,0,0,small::mp-1205417::reference,0.19977334327995777
medium,small,small::mp-1205417::combined_noise_0.002A_0.010,mp-1205417,mp-1205417,C,combined_noise_0.002A_0.010,combined_perturbation,noise,1,20,1,0,0,0,small::mp-1205417::reference,0.1950258370488882
medium,small,small::mp-1205417::combined_noise_0.015A_0.010,mp-1205417,mp-1205417,C,combined_noise_0.015A_0.010,combined_perturbation,noise,1,20,1,0,0,0,small::mp-1205417::reference,0.19820364192128181
medium,small,small::mp-1205417::combined_noise_0.050A_0.010,mp-1205417,mp-1205417,C,combined_noise_0.050A_0.010,combined_perturbation,noise,1,20,1,0,0,0,small::mp-1205417::reference,0.1959720067679882
medium,small,small::mp-1205417::combined_noise_0.002A_0.030,mp-1205417,mp-1205417,C,combined_noise_0.002A_0.030,combined_perturbation,noise,1,20,1,0,0,0,small::mp-1205417::reference,0.20439120940864086
medium,small,small::mp-1205417::combined_noise_0.015A_0.030,mp-1205417,mp-1205417,C,combined_noise_0.015A_0.030,combined_perturbation,noise,1,20,1,0,0,0,small::mp-1205417::reference,0.20585429295897484
medium,small,small::mp-1205417::combined_noise_0.050A_0.030,mp-1205417,mp-1205417,C,combined_noise_0.050A_0.030,combined_perturbation,noise,1,20,1,0,0,0,small::mp-1205417::reference,0.1772812344133854
medium,small,small::mp-169::conventional_standard,mp-169,mp-169,C,conventional_standard,equivalent_transform,no_noise,1,20,1,0,0,0,small::mp-169::reference,0.06566048040986061
medium,small,small::mp-169::niggli_reduced,mp-169,mp-169,C,niggli_reduced,equivalent_transform,no_noise,1,20,1,0,0,0,small::mp-169::reference,0.06265383586287498
medium,small,small::mp-169::origin_shifted,mp-169,mp-169,C,origin_shifted,equivalent_transform,no_noise,1,20,1,0,0,0,small::mp-169::reference,0.06446805596351624
medium,small,small::mp-169::permuted_sites,mp-169,mp-169,C,permuted_sites,equivalent_transform,no_noise,1,20,1,0,0,0,small::mp-169::reference,0.0493454672396183
medium,small,small::mp-169::combined_noise_0.002A_0.003,mp-169,mp-169,C,combined_noise_0.002A_0.003,combined_perturbation,noise,1,20,1,0,0,0,small::mp-169::reference,0.06743487156927586
medium,small,small::mp-169::combined_noise_0.015A_0.003,mp-169,mp-169,C,combined_noise_0.015A_0.003,combined_perturbation,noise,1,20,1,0,0,0,small::mp-169::reference,0.0654030591249466
medium,small,small::mp-169::combined_noise_0.050A_0.003,mp-169,mp-169,C,combined_noise_0.050A_0.003,combined_perturbation,noise,1,20,1,0,0,0,small::mp-169::reference,0.06583043932914734
medium,small,small::mp-169::combined_noise_0.002A_0.010,mp-169,mp-169,C,combined_noise_0.002A_0.010,combined_perturbation,noise,1,20,1,0,0,0,small::mp-169::reference,0.06688269227743149
medium,small,small::mp-169::combined_noise_0.015A_0.010,mp-169,mp-169,C,combined_noise_0.015A_0.010,combined_perturbation,noise,1,20,1,0,0,0,small::mp-169::reference,0.06757716462016106
medium,small,small::mp-169::combined_noise_0.050A_0.010,mp-169,mp-169,C,combined_noise_0.050A_0.010,combined_perturbation,noise,1,20,1,0,0,0,small::mp-169::reference,0.05250288546085358
medium,small,small::mp-169::combined_noise_0.002A_0.030,mp-169,mp-169,C,combined_noise_0.002A_0.030,combined_perturbation,noise,1,20,1,0,0,0,small::mp-169::reference,0.06830640509724617
medium,small,small::mp-169::combined_noise_0.015A_0.030,mp-169,mp-169,C,combined_noise_0.015A_0.030,combined_perturbation,noise,1,20,2,0,1,0,small::mp-1008374::reference|small::mp-169::reference,0.0666801705956459
medium,small,small::mp-169::combined_noise_0.050A_0.030,mp-169,mp-169,C,combined_noise_0.050A_0.030,combined_perturbation,noise,1,20,1,0,0,0,small::mp-169::reference,0.06982682645320892
medium,small,small::mp-2049878::conventional_standard,mp-2049878,mp-2049878,C,conventional_standard,equivalent_transform,no_noise,1,20,1,0,0,0,small::mp-2049878::reference,0.06838802248239517
medium,small,small::mp-2049878::niggli_reduced,mp-2049878,mp-2049878,C,niggli_reduced,equivalent_transform,no_noise,1,20,1,0,0,0,small::mp-2049878::reference,0.04657217673957348
medium,small,small::mp-2049878::origin_shifted,mp-2049878,mp-2049878,C,origin_shifted,equivalent_transform,no_noise,1,20,1,0,0,0,small::mp-2049878::reference,0.0690625049173832
medium,small,small::mp-2049878::permuted_sites,mp-2049878,mp-2049878,C,permuted_sites,equivalent_transform,no_noise,1,20,1,0,0,0,small::mp-2049878::reference,0.0692079458385706
medium,small,small::mp-2049878::combined_noise_0.002A_0.003,mp-2049878,mp-2049878,C,combined_noise_0.002A_0.003,combined_perturbation,noise,1,20,1,0,0,0,small::mp-2049878::reference,0.0671940129250288
medium,small,small::mp-2049878::combined_noise_0.015A_0.003,mp-2049878,mp-2049878,C,combined_noise_0.015A_0.003,combined_perturbation,noise,1,20,1,0,0,0,small::mp-2049878::reference,0.07038451544940472
medium,small,small::mp-2049878::combined_noise_0.050A_0.003,mp-2049878,mp-2049878,C,combined_noise_0.050A_0.003,combined_perturbation,noise,1,20,1,0,0,0,small::mp-2049878::reference,0.0662253312766552
medium,small,small::mp-2049878::combined_noise_0.002A_0.010,mp-2049878,mp-2049878,C,combined_noise_0.002A_0.010,combined_perturbation,noise,1,20,1,0,0,0,small::mp-2049878::reference,0.057639239355921745
medium,small,small::mp-2049878::combined_noise_0.015A_0.010,mp-2049878,mp-2049878,C,combined_noise_0.015A_0.010,combined_perturbation,noise,1,20,1,0,0,0,small::mp-2049878::reference,0.04846644774079323
medium,small,small::mp-2049878::combined_noise_0.050A_0.010,mp-2049878,mp-2049878,C,combined_noise_0.050A_0.010,combined_perturbation,noise,1,20,1,0,0,0,small::mp-2049878::reference,0.06800387240946293
medium,small,small::mp-2049878::combined_noise_0.002A_0.030,mp-2049878,mp-2049878,C,combined_noise_0.002A_0.030,combined_perturbation,noise,1,20,1,0,0,0,small::mp-2049878::reference,0.06957587599754333
medium,small,small::mp-2049878::combined_noise_0.015A_0.030,mp-2049878,mp-2049878,C,combined_noise_0.015A_0.030,combined_perturbation,noise,1,20,1,0,0,0,small::mp-2049878::reference,0.07082533836364746
medium,small,small::mp-2049878::combined_noise_0.050A_0.030,mp-2049878,mp-2049878,C,combined_noise_0.050A_0.030,combined_perturbation,noise,1,20,1,0,0,0,small::mp-2049878::reference,0.061235951259732246
medium,small,small::mp-24::conventional_standard,mp-24,mp-24,C,conventional_standard,equivalent_transform,no_noise,1,20,1,0,0,0,small::mp-24::reference,0.08694831095635891
medium,small,small::mp-24::niggli_reduced,mp-24,mp-24,C,niggli_reduced,equivalent_transform,no_noise,1,20,1,0,0,0,small::mp-24::reference,0.06720159202814102
medium,small,small::mp-24::origin_shifted,mp-24,mp-24,C,origin_shifted,equivalent_transform,no_noise,1,20,1,0,0,0,small::mp-24::reference,0.07059086672961712
medium,small,small::mp-24::permuted_sites,mp-24,mp-24,C,permuted_sites,equivalent_transform,no_noise,1,20,1,0,0,0,small::mp-24::reference,0.08839806169271469
medium,small,small::mp-24::combined_noise_0.002A_0.003,mp-24,mp-24,C,combined_noise_0.002A_0.003,combined_perturbation,noise,1,20,1,0,0,0,small::mp-24::reference,0.0626076441258192
medium,small,small::mp-24::combined_noise_0.015A_0.003,mp-24,mp-24,C,combined_noise_0.015A_0.003,combined_perturbation,noise,1,20,1,0,0,0,small::mp-24::reference,0.0607357919216156
medium,small,small::mp-24::combined_noise_0.050A_0.003,mp-24,mp-24,C,combined_noise_0.050A_0.003,combined_perturbation,noise,1,20,1,0,0,0,small::mp-24::reference,0.06078851409256458
medium,small,small::mp-24::combined_noise_0.002A_0.010,mp-24,mp-24,C,combined_noise_0.002A_0.010,combined_perturbation,noise,1,20,1,0,0,0,small::mp-24::reference,0.08532723784446716
medium,small,small::mp-24::combined_noise_0.015A_0.010,mp-24,mp-24,C,combined_noise_0.015A_0.010,combined_perturbation,noise,1,20,1,0,0,0,small::mp-24::reference,0.06159631535410881
medium,small,small::mp-24::combined_noise_0.050A_0.010,mp-24,mp-24,C,combined_noise_0.050A_0.010,combined_perturbation,noise,1,20,1,0,0,0,small::mp-24::reference,0.08412964455783367
medium,small,small::mp-24::combined_noise_0.002A_0.030,mp-24,mp-24,C,combined_noise_0.002A_0.030,combined_perturbation,noise,1,20,1,0,0,0,small::mp-24::reference,0.08632280863821507
medium,small,small::mp-24::combined_noise_0.015A_0.030,mp-24,mp-24,C,combined_noise_0.015A_0.030,combined_perturbation,noise,1,20,1,0,0,0,small::mp-24::reference,0.09851298667490482
medium,small,small::mp-24::combined_noise_0.050A_0.030,mp-24,mp-24,C,combined_noise_0.050A_0.030,combined_perturbation,noise,1,20,1,0,0,0,small::mp-24::reference,0.06369951739907265
medium,small,small::mp-2516584::conventional_standard,mp-2516584,mp-2516584,C,conventional_standard,equivalent_transform,no_noise,1,20,1,0,0,0,small::mp-2516584::reference,0.0872902125120163
medium,small,small::mp-2516584::niggli_reduced,mp-2516584,mp-2516584,C,niggli_reduced,equivalent_transform,no_noise,1,20,1,0,0,0,small::mp-2516584::reference,0.070803077891469
medium,small,small::mp-2516584::origin_shifted,mp-2516584,mp-2516584,C,origin_shifted,equivalent_transform,no_noise,1,20,1,0,0,0,small::mp-2516584::reference,0.07352232933044434
medium,small,small::mp-2516584::permuted_sites,mp-2516584,mp-2516584,C,permuted_sites,equivalent_transform,no_noise,1,20,1,0,0,0,small::mp-2516584::reference,0.08134496212005615
medium,small,small::mp-2516584::combined_noise_0.002A_0.003,mp-2516584,mp-2516584,C,combined_noise_0.002A_0.003,combined_perturbation,noise,1,20,1,0,0,0,small::mp-2516584::reference,0.07345070876181126
medium,small,small::mp-2516584::combined_noise_0.015A_0.003,mp-2516584,mp-2516584,C,combined_noise_0.015A_0.003,combined_perturbation,noise,1,20,1,0,0,0,small::mp-2516584::reference,0.07118176855146885
medium,small,small::mp-2516584::combined_noise_0.050A_0.003,mp-2516584,mp-2516584,C,combined_noise_0.050A_0.003,combined_perturbation,noise,1,20,1,0,0,0,small::mp-2516584::reference,0.07223050855100155
medium,small,small::mp-2516584::combined_noise_0.002A_0.010,mp-2516584,mp-2516584,C,combined_noise_0.002A_0.010,combined_perturbation,noise,1,20,1,0,0,0,small::mp-2516584::reference,0.0721347015351057
medium,small,small::mp-2516584::combined_noise_0.015A_0.010,mp-2516584,mp-2516584,C,combined_noise_0.015A_0.010,combined_perturbation,noise,1,20,1,0,0,0,small::mp-2516584::reference,0.07293851114809513
medium,small,small::mp-2516584::combined_noise_0.050A_0.010,mp-2516584,mp-2516584,C,combined_noise_0.050A_0.010,combined_perturbation,noise,1,20,1,0,0,0,small::mp-2516584::reference,0.07308080978691578
medium,small,small::mp-2516584::combined_noise_0.002A_0.030,mp-2516584,mp-2516584,C,combined_noise_0.002A_0.030,combined_perturbation,noise,1,20,1,0,0,0,small::mp-2516584::reference,0.0678399745374918
medium,small,small::mp-2516584::combined_noise_0.015A_0.030,mp-2516584,mp-2516584,C,combined_noise_0.015A_0.030,combined_perturbation,noise,1,20,1,0,0,0,small::mp-2516584::reference,0.07416503317654133
medium,small,small::mp-2516584::combined_noise_0.050A_0.030,mp-2516584,mp-2516584,C,combined_noise_0.050A_0.030,combined_perturbation,noise,1,20,1,0,0,0,small::mp-2516584::reference,0.06860505416989326
medium,small,small::mp-10064::conventional_standard,mp-10064,mp-10064,SiO2,conventional_standard,equivalent_transform,no_noise,1,20,1,0,0,0,small::mp-10064::reference,0.3140968903899193
medium,small,small::mp-10064::niggli_reduced,mp-10064,mp-10064,SiO2,niggli_reduced,equivalent_transform,no_noise,1,20,1,0,0,0,small::mp-10064::reference,0.29954490065574646
medium,small,small::mp-10064::origin_shifted,mp-10064,mp-10064,SiO2,origin_shifted,equivalent_transform,no_noise,1,20,1,0,0,0,small::mp-10064::reference,0.3033253476023674
medium,small,small::mp-10064::permuted_sites,mp-10064,mp-10064,SiO2,permuted_sites,equivalent_transform,no_noise,1,20,1,0,0,0,small::mp-10064::reference,0.2980279866605997
medium,small,small::mp-10064::combined_noise_0.002A_0.003,mp-10064,mp-10064,SiO2,combined_noise_0.002A_0.003,combined_perturbation,noise,1,20,1,0,0,0,small::mp-10064::reference,0.2994306795299053
medium,small,small::mp-10064::combined_noise_0.015A_0.003,mp-10064,mp-10064,SiO2,combined_noise_0.015A_0.003,combined_perturbation,noise,1,20,1,0,0,0,small::mp-10064::reference,0.30025096982717514
medium,small,small::mp-10064::combined_noise_0.050A_0.003,mp-10064,mp-10064,SiO2,combined_noise_0.050A_0.003,combined_perturbation,noise,1,20,1,0,0,0,small::mp-10064::reference,0.3073989022523165
medium,small,small::mp-10064::combined_noise_0.002A_0.010,mp-10064,mp-10064,SiO2,combined_noise_0.002A_0.010,combined_perturbation,noise,1,20,1,0,0,0,small::mp-10064::reference,0.3020684216171503
medium,small,small::mp-10064::combined_noise_0.015A_0.010,mp-10064,mp-10064,SiO2,combined_noise_0.015A_0.010,combined_perturbation,noise,1,20,1,0,0,0,small::mp-10064::reference,0.3048614878207445
medium,small,small::mp-10064::combined_noise_0.050A_0.010,mp-10064,mp-10064,SiO2,combined_noise_0.050A_0.010,combined_perturbation,noise,1,20,1,0,0,0,small::mp-10064::reference,0.2727989833801985
medium,small,small::mp-10064::combined_noise_0.002A_0.030,mp-10064,mp-10064,SiO2,combined_noise_0.002A_0.030,combined_perturbation,noise,1,20,1,0,0,0,small::mp-10064::reference,0.16045640036463737
medium,small,small::mp-10064::combined_noise_0.015A_0.030,mp-10064,mp-10064,SiO2,combined_noise_0.015A_0.030,combined_perturbation,noise,1,20,1,0,0,0,small::mp-10064::reference,0.15629242360591888
medium,small,small::mp-10064::combined_noise_0.050A_0.030,mp-10064,mp-10064,SiO2,combined_noise_0.050A_0.030,combined_perturbation,noise,1,20,1,0,0,0,small::mp-10064::reference,0.1745330672711134
medium,small,small::mp-1021503::conventional_standard,mp-1021503,mp-1021503,SiO2,conventional_standard,equivalent_transform,no_noise,1,20,1,0,0,0,small::mp-1021503::reference,0.10163556784391403
medium,small,small::mp-1021503::niggli_reduced,mp-1021503,mp-1021503,SiO2,niggli_reduced,equivalent_transform,no_noise,1,20,1,0,0,0,small::mp-1021503::reference,0.09916427545249462
medium,small,small::mp-1021503::origin_shifted,mp-1021503,mp-1021503,SiO2,origin_shifted,equivalent_transform,no_noise,1,20,1,0,0,0,small::mp-1021503::reference,0.10192631185054779
medium,small,small::mp-1021503::permuted_sites,mp-1021503,mp-1021503,SiO2,permuted_sites,equivalent_transform,no_noise,1,20,1,0,0,0,small::mp-1021503::reference,0.11188480257987976
medium,small,small::mp-1021503::combined_noise_0.002A_0.003,mp-1021503,mp-1021503,SiO2,combined_noise_0.002A_0.003,combined_perturbation,noise,1,20,1,0,0,0,small::mp-1021503::reference,0.10211070999503136
medium,small,small::mp-1021503::combined_noise_0.015A_0.003,mp-1021503,mp-1021503,SiO2,combined_noise_0.015A_0.003,combined_perturbation,noise,1,20,1,0,0,0,small::mp-1021503::reference,0.10050352849066257
medium,small,small::mp-1021503::combined_noise_0.050A_0.003,mp-1021503,mp-1021503,SiO2,combined_noise_0.050A_0.003,combined_perturbation,noise,1,20,1,0,0,0,small::mp-1021503::reference,0.1009680200368166
medium,small,small::mp-1021503::combined_noise_0.002A_0.010,mp-1021503,mp-1021503,SiO2,combined_noise_0.002A_0.010,combined_perturbation,noise,1,20,1,0,0,0,small::mp-1021503::reference,0.10880784876644611
medium,small,small::mp-1021503::combined_noise_0.015A_0.010,mp-1021503,mp-1021503,SiO2,combined_noise_0.015A_0.010,combined_perturbation,noise,1,20,1,0,0,0,small::mp-1021503::reference,0.10015199705958366
medium,small,small::mp-1021503::combined_noise_0.050A_0.010,mp-1021503,mp-1021503,SiO2,combined_noise_0.050A_0.010,combined_perturbation,noise,1,20,1,0,0,0,small::mp-1021503::reference,0.10497208312153816
medium,small,small::mp-1021503::combined_noise_0.002A_0.030,mp-1021503,mp-1021503,SiO2,combined_noise_0.002A_0.030,combined_perturbation,noise,1,20,1,0,0,0,small::mp-1021503::reference,0.11636068671941757
medium,small,small::mp-1021503::combined_noise_0.015A_0.030,mp-1021503,mp-1021503,SiO2,combined_noise_0.015A_0.030,combined_perturbation,noise,1,20,1,0,0,0,small::mp-1021503::reference,0.11337559297680855
medium,small,small::mp-1021503::combined_noise_0.050A_0.030,mp-1021503,mp-1021503,SiO2,combined_noise_0.050A_0.030,combined_perturbation,noise,1,20,1,0,0,0,small::mp-1021503::reference,0.11225370317697525
medium,small,small::mp-1071820::conventional_standard,mp-1071820,mp-1071820,SiO2,conventional_standard,equivalent_transform,no_noise,1,20,1,0,0,0,small::mp-1071820::reference,0.10361995175480843
medium,small,small::mp-1071820::niggli_reduced,mp-1071820,mp-1071820,SiO2,niggli_reduced,equivalent_transform,no_noise,1,20,1,0,0,0,small::mp-1071820::reference,0.09491387940943241
medium,small,small::mp-1071820::origin_shifted,mp-1071820,mp-1071820,SiO2,origin_shifted,equivalent_transform,no_noise,1,20,1,0,0,0,small::mp-1071820::reference,0.09515270963311195
medium,small,small::mp-1071820::permuted_sites,mp-1071820,mp-1071820,SiO2,permuted_sites,equivalent_transform,no_noise,1,20,1,0,0,0,small::mp-1071820::reference,0.10311219096183777
medium,small,small::mp-1071820::combined_noise_0.002A_0.003,mp-1071820,mp-1071820,SiO2,combined_noise_0.002A_0.003,combined_perturbation,noise,1,20,1,0,0,0,small::mp-1071820::reference,0.09469347074627876
medium,small,small::mp-1071820::combined_noise_0.015A_0.003,mp-1071820,mp-1071820,SiO2,combined_noise_0.015A_0.003,combined_perturbation,noise,1,20,1,0,0,0,small::mp-1071820::reference,0.09538165107369423
medium,small,small::mp-1071820::combined_noise_0.050A_0.003,mp-1071820,mp-1071820,SiO2,combined_noise_0.050A_0.003,combined_perturbation,noise,1,20,1,0,0,0,small::mp-1071820::reference,0.0954130906611681
medium,small,small::mp-1071820::combined_noise_0.002A_0.010,mp-1071820,mp-1071820,SiO2,combined_noise_0.002A_0.010,combined_perturbation,noise,1,20,1,0,0,0,small::mp-1071820::reference,0.09183696284890175
medium,small,small::mp-1071820::combined_noise_0.015A_0.010,mp-1071820,mp-1071820,SiO2,combined_noise_0.015A_0.010,combined_perturbation,noise,1,20,1,0,0,0,small::mp-1071820::reference,0.09778691455721855
medium,small,small::mp-1071820::combined_noise_0.050A_0.010,mp-1071820,mp-1071820,SiO2,combined_noise_0.050A_0.010,combined_perturbation,noise,1,20,1,0,0,0,small::mp-1071820::reference,0.09986086748540401
medium,small,small::mp-1071820::combined_noise_0.002A_0.030,mp-1071820,mp-1071820,SiO2,combined_noise_0.002A_0.030,combined_perturbation,noise,1,20,1,0,0,0,small::mp-1071820::reference,0.09160748682916164
medium,small,small::mp-1071820::combined_noise_0.015A_0.030,mp-1071820,mp-1071820,SiO2,combined_noise_0.015A_0.030,combined_perturbation,noise,1,20,1,0,0,0,small::mp-1071820::reference,0.09318129532039165
medium,small,small::mp-1071820::combined_noise_0.050A_0.030,mp-1071820,mp-1071820,SiO2,combined_noise_0.050A_0.030,combined_perturbation,noise,1,20,1,0,0,0,small::mp-1071820::reference,0.09721197187900543
medium,small,small::mp-10851::conventional_standard,mp-10851,mp-10851,SiO2,conventional_standard,equivalent_transform,no_noise,1,20,1,0,0,0,small::mp-10851::reference,0.12071695365011692
medium,small,small::mp-10851::niggli_reduced,mp-10851,mp-10851,SiO2,niggli_reduced,equivalent_transform,no_noise,1,20,1,0,0,0,small::mp-10851::reference,0.09816891513764858
medium,small,small::mp-10851::origin_shifted,mp-10851,mp-10851,SiO2,origin_shifted,equivalent_transform,no_noise,1,20,1,0,0,0,small::mp-10851::reference,0.1004575863480568
medium,small,small::mp-10851::permuted_sites,mp-10851,mp-10851,SiO2,permuted_sites,equivalent_transform,no_noise,1,20,1,0,0,0,small::mp-10851::reference,0.1402261834591627
medium,small,small::mp-10851::combined_noise_0.002A_0.003,mp-10851,mp-10851,SiO2,combined_noise_0.002A_0.003,combined_perturbation,noise,1,20,1,0,0,0,small::mp-10851::reference,0.12730717286467552
medium,small,small::mp-10851::combined_noise_0.015A_0.003,mp-10851,mp-10851,SiO2,combined_noise_0.015A_0.003,combined_perturbation,noise,1,20,1,0,0,0,small::mp-10851::reference,0.0945476796478033
medium,small,small::mp-10851::combined_noise_0.050A_0.003,mp-10851,mp-10851,SiO2,combined_noise_0.050A_0.003,combined_perturbation,noise,1,20,1,0,0,0,small::mp-10851::reference,0.09651804156601429
medium,small,small::mp-10851::combined_noise_0.002A_0.010,mp-10851,mp-10851,SiO2,combined_noise_0.002A_0.010,combined_perturbation,noise,1,20,1,0,0,0,small::mp-10851::reference,0.09626999124884605
medium,small,small::mp-10851::combined_noise_0.015A_0.010,mp-10851,mp-10851,SiO2,combined_noise_0.015A_0.010,combined_perturbation,noise,1,20,1,0,0,0,small::mp-10851::reference,0.14354580640792847
medium,small,small::mp-10851::combined_noise_0.050A_0.010,mp-10851,mp-10851,SiO2,combined_noise_0.050A_0.010,combined_perturbation,noise,1,20,1,0,0,0,small::mp-10851::reference,0.12867438793182373
medium,small,small::mp-10851::combined_noise_0.002A_0.030,mp-10851,mp-10851,SiO2,combined_noise_0.002A_0.030,combined_perturbation,noise,1,20,1,0,0,0,small::mp-10851::reference,0.10974632017314434
medium,small,small::mp-10851::combined_noise_0.015A_0.030,mp-10851,mp-10851,SiO2,combined_noise_0.015A_0.030,combined_perturbation,noise,1,20,1,0,0,0,small::mp-10851::reference,0.10766406916081905
medium,small,small::mp-10851::combined_noise_0.050A_0.030,mp-10851,mp-10851,SiO2,combined_noise_0.050A_0.030,combined_perturbation,noise,1,20,1,0,0,0,small::mp-10851::reference,0.14159356243908405
medium,small,small::mp-10948::conventional_standard,mp-10948,mp-10948,SiO2,conventional_standard,equivalent_transform,no_noise,1,20,1,0,0,0,small::mp-10948::reference,0.13881592079997063
medium,small,small::mp-10948::niggli_reduced,mp-10948,mp-10948,SiO2,niggli_reduced,equivalent_transform,no_noise,1,20,1,0,0,0,small::mp-10948::reference,0.14338163658976555
medium,small,small::mp-10948::origin_shifted,mp-10948,mp-10948,SiO2,origin_shifted,equivalent_transform,no_noise,1,20,1,0,0,0,small::mp-10948::reference,0.14279470779001713
medium,small,small::mp-10948::permuted_sites,mp-10948,mp-10948,SiO2,permuted_sites,equivalent_transform,no_noise,1,20,1,0,0,0,small::mp-10948::reference,0.18828692846000195
medium,small,small::mp-10948::combined_noise_0.002A_0.003,mp-10948,mp-10948,SiO2,combined_noise_0.002A_0.003,combined_perturbation,noise,1,20,1,0,0,0,small::mp-10948::reference,0.1356127057224512
medium,small,small::mp-10948::combined_noise_0.015A_0.003,mp-10948,mp-10948,SiO2,combined_noise_0.015A_0.003,combined_perturbation,noise,1,20,1,0,0,0,small::mp-10948::reference,0.1340133734047413
medium,small,small::mp-10948::combined_noise_0.050A_0.003,mp-10948,mp-10948,SiO2,combined_noise_0.050A_0.003,combined_perturbation,noise,1,20,1,0,0,0,small::mp-10948::reference,0.12987150810658932
medium,small,small::mp-10948::combined_noise_0.002A_0.010,mp-10948,mp-10948,SiO2,combined_noise_0.002A_0.010,combined_perturbation,noise,1,20,1,0,0,0,small::mp-10948::reference,0.13882791996002197
medium,small,small::mp-10948::combined_noise_0.015A_0.010,mp-10948,mp-10948,SiO2,combined_noise_0.015A_0.010,combined_perturbation,noise,1,20,1,0,0,0,small::mp-10948::reference,0.13339247554540634
medium,small,small::mp-10948::combined_noise_0.050A_0.010,mp-10948,mp-10948,SiO2,combined_noise_0.050A_0.010,combined_perturbation,noise,1,20,1,0,0,0,small::mp-10948::reference,0.13086104951798916
medium,small,small::mp-10948::combined_noise_0.002A_0.030,mp-10948,mp-10948,SiO2,combined_noise_0.002A_0.030,combined_perturbation,noise,1,20,1,0,0,0,small::mp-10948::reference,0.13707074895501137
medium,small,small::mp-10948::combined_noise_0.015A_0.030,mp-10948,mp-10948,SiO2,combined_noise_0.015A_0.030,combined_perturbation,noise,1,20,1,0,0,0,small::mp-10948::reference,0.13652371801435947
medium,small,small::mp-10948::combined_noise_0.050A_0.030,mp-10948,mp-10948,SiO2,combined_noise_0.050A_0.030,combined_perturbation,noise,1,20,1,0,0,0,small::mp-10948::reference,0.13431246392428875
medium,small,small::mp-11684::conventional_standard,mp-11684,mp-11684,SiO2,conventional_standard,equivalent_transform,no_noise,1,20,1,0,0,0,small::mp-11684::reference,0.26467826403677464
medium,small,small::mp-11684::niggli_reduced,mp-11684,mp-11684,SiO2,niggli_reduced,equivalent_transform,no_noise,1,20,1,0,0,0,small::mp-11684::reference,0.12473107315599918
medium,small,small::mp-11684::origin_shifted,mp-11684,mp-11684,SiO2,origin_shifted,equivalent_transform,no_noise,1,20,1,0,0,0,small::mp-11684::reference,0.13188275136053562
medium,small,small::mp-11684::permuted_sites,mp-11684,mp-11684,SiO2,permuted_sites,equivalent_transform,no_noise,1,20,1,0,0,0,small::mp-11684::reference,0.21868074126541615
medium,small,small::mp-11684::combined_noise_0.002A_0.003,mp-11684,mp-11684,SiO2,combined_noise_0.002A_0.003,combined_perturbation,noise,1,20,1,0,0,0,small::mp-11684::reference,0.1266788523644209
medium,small,small::mp-11684::combined_noise_0.015A_0.003,mp-11684,mp-11684,SiO2,combined_noise_0.015A_0.003,combined_perturbation,noise,1,20,1,0,0,0,small::mp-11684::reference,0.12795263528823853
medium,small,small::mp-11684::combined_noise_0.050A_0.003,mp-11684,mp-11684,SiO2,combined_noise_0.050A_0.003,combined_perturbation,noise,1,20,1,0,0,0,small::mp-11684::reference,0.1287106666713953
medium,small,small::mp-11684::combined_noise_0.002A_0.010,mp-11684,mp-11684,SiO2,combined_noise_0.002A_0.010,combined_perturbation,noise,1,20,1,0,0,0,small::mp-11684::reference,0.12867208570241928
medium,small,small::mp-11684::combined_noise_0.015A_0.010,mp-11684,mp-11684,SiO2,combined_noise_0.015A_0.010,combined_perturbation,noise,1,20,1,0,0,0,small::mp-11684::reference,0.15906714834272861
medium,small,small::mp-11684::combined_noise_0.050A_0.010,mp-11684,mp-11684,SiO2,combined_noise_0.050A_0.010,combined_perturbation,noise,1,20,1,0,0,0,small::mp-11684::reference,0.13020403124392033
medium,small,small::mp-11684::combined_noise_0.002A_0.030,mp-11684,mp-11684,SiO2,combined_noise_0.002A_0.030,combined_perturbation,noise,1,20,1,0,0,0,small::mp-11684::reference,0.14938723668456078
medium,small,small::mp-11684::combined_noise_0.015A_0.030,mp-11684,mp-11684,SiO2,combined_noise_0.015A_0.030,combined_perturbation,noise,1,20,1,0,0,0,small::mp-11684::reference,0.16552730649709702
medium,small,small::mp-11684::combined_noise_0.050A_0.030,mp-11684,mp-11684,SiO2,combined_noise_0.050A_0.030,combined_perturbation,noise,1,20,1,0,0,0,small::mp-11684::reference,0.16901525296270847
medium,small,small::mp-1179447::conventional_standard,mp-1179447,mp-1179447,SiO2,conventional_standard,equivalent_transform,no_noise,1,20,1,0,0,0,small::mp-1179447::reference,0.27179817110300064
medium,small,small::mp-1179447::niggli_reduced,mp-1179447,mp-1179447,SiO2,niggli_reduced,equivalent_transform,no_noise,1,20,1,0,0,0,small::mp-1179447::reference,0.1404324620962143
medium,small,small::mp-1179447::origin_shifted,mp-1179447,mp-1179447,SiO2,origin_shifted,equivalent_transform,no_noise,1,20,1,0,0,0,small::mp-1179447::reference,0.1458230298012495
medium,small,small::mp-1179447::permuted_sites,mp-1179447,mp-1179447,SiO2,permuted_sites,equivalent_transform,no_noise,1,20,1,0,0,0,small::mp-1179447::reference,0.2346478421241045
medium,small,small::mp-1179447::combined_noise_0.002A_0.003,mp-1179447,mp-1179447,SiO2,combined_noise_0.002A_0.003,combined_perturbation,noise,1,20,1,0,0,0,small::mp-1179447::reference,0.14098221249878407
medium,small,small::mp-1179447::combined_noise_0.015A_0.003,mp-1179447,mp-1179447,SiO2,combined_noise_0.015A_0.003,combined_perturbation,noise,1,20,1,0,0,0,small::mp-1179447::reference,0.13954841159284115
medium,small,small::mp-1179447::combined_noise_0.050A_0.003,mp-1179447,mp-1179447,SiO2,combined_noise_0.050A_0.003,combined_perturbation,noise,1,20,1,0,0,0,small::mp-1179447::reference,0.14009804092347622
medium,small,small::mp-1179447::combined_noise_0.002A_0.010,mp-1179447,mp-1179447,SiO2,combined_noise_0.002A_0.010,combined_perturbation,noise,1,20,1,0,0,0,small::mp-1179447::reference,0.1402146928012371
medium,small,small::mp-1179447::combined_noise_0.015A_0.010,mp-1179447,mp-1179447,SiO2,combined_noise_0.015A_0.010,combined_perturbation,noise,1,20,1,0,0,0,small::mp-1179447::reference,0.14252863451838493
medium,small,small::mp-1179447::combined_noise_0.050A_0.010,mp-1179447,mp-1179447,SiO2,combined_noise_0.050A_0.010,combined_perturbation,noise,1,20,1,0,0,0,small::mp-1179447::reference,0.14096906408667564
medium,small,small::mp-1179447::combined_noise_0.002A_0.030,mp-1179447,mp-1179447,SiO2,combined_noise_0.002A_0.030,combined_perturbation,noise,1,20,1,0,0,0,small::mp-1179447::reference,0.14061038196086884
medium,small,small::mp-1179447::combined_noise_0.015A_0.030,mp-1179447,mp-1179447,SiO2,combined_noise_0.015A_0.030,combined_perturbation,noise,1,20,1,0,0,0,small::mp-1179447::reference,0.14044479094445705
medium,small,small::mp-1179447::combined_noise_0.050A_0.030,mp-1179447,mp-1179447,SiO2,combined_noise_0.050A_0.030,combined_perturbation,noise,1,20,1,0,0,0,small::mp-1179447::reference,0.14113431237637997
medium,small,small::mp-1179454::conventional_standard,mp-1179454,mp-1179454,SiO2,conventional_standard,equivalent_transform,no_noise,1,20,1,0,0,0,small::mp-1179454::reference,0.12939729541540146
medium,small,small::mp-1179454::niggli_reduced,mp-1179454,mp-1179454,SiO2,niggli_reduced,equivalent_transform,no_noise,1,20,1,0,0,0,small::mp-1179454::reference,0.09069093503057957
medium,small,small::mp-1179454::origin_shifted,mp-1179454,mp-1179454,SiO2,origin_shifted,equivalent_transform,no_noise,1,20,1,0,0,0,small::mp-1179454::reference,0.09279636852443218
medium,small,small::mp-1179454::permuted_sites,mp-1179454,mp-1179454,SiO2,permuted_sites,equivalent_transform,no_noise,1,20,1,0,0,0,small::mp-1179454::reference,0.1176404319703579
medium,small,small::mp-1179454::combined_noise_0.002A_0.003,mp-1179454,mp-1179454,SiO2,combined_noise_0.002A_0.003,combined_perturbation,noise,1,20,1,0,0,0,small::mp-1179454::reference,0.09072743356227875
medium,small,small::mp-1179454::combined_noise_0.015A_0.003,mp-1179454,mp-1179454,SiO2,combined_noise_0.015A_0.003,combined_perturbation,noise,1,20,1,0,0,0,small::mp-1179454::reference,0.09181619621813297
medium,small,small::mp-1179454::combined_noise_0.050A_0.003,mp-1179454,mp-1179454,SiO2,combined_noise_0.050A_0.003,combined_perturbation,noise,1,20,1,0,0,0,small::mp-1179454::reference,0.09114788472652435
medium,small,small::mp-1179454::combined_noise_0.002A_0.010,mp-1179454,mp-1179454,SiO2,combined_noise_0.002A_0.010,combined_perturbation,noise,1,20,1,0,0,0,small::mp-1179454::reference,0.09078411385416985
medium,small,small::mp-1179454::combined_noise_0.015A_0.010,mp-1179454,mp-1179454,SiO2,combined_noise_0.015A_0.010,combined_perturbation,noise,1,20,1,0,0,0,small::mp-1179454::reference,0.0909325834363699
medium,small,small::mp-1179454::combined_noise_0.050A_0.010,mp-1179454,mp-1179454,SiO2,combined_noise_0.050A_0.010,combined_perturbation,noise,1,20,1,0,0,0,small::mp-1179454::reference,0.09193605557084084
medium,small,small::mp-1179454::combined_noise_0.002A_0.030,mp-1179454,mp-1179454,SiO2,combined_noise_0.002A_0.030,combined_perturbation,noise,1,20,1,0,0,0,small::mp-1179454::reference,0.09149365313351154
medium,small,small::mp-1179454::combined_noise_0.015A_0.030,mp-1179454,mp-1179454,SiO2,combined_noise_0.015A_0.030,combined_perturbation,noise,1,20,1,0,0,0,small::mp-1179454::reference,0.09459001757204533
medium,small,small::mp-1179454::combined_noise_0.050A_0.030,mp-1179454,mp-1179454,SiO2,combined_noise_0.050A_0.030,combined_perturbation,noise,1,20,1,0,0,0,small::mp-1179454::reference,0.09414540976285934
medium,small,small::mp-1179529::conventional_standard,mp-1179529,mp-1179529,SiO2,conventional_standard,equivalent_transform,no_noise,1,20,2,0,1,0,small::mp-1179529::reference|small::mp-1353259::reference,0.3160561937838793
medium,small,small::mp-1179529::niggli_reduced,mp-1179529,mp-1179529,SiO2,niggli_reduced,equivalent_transform,no_noise,1,20,2,0,1,0,small::mp-1179529::reference|small::mp-1353259::reference,0.31672360375523567
medium,small,small::mp-1179529::origin_shifted,mp-1179529,mp-1179529,SiO2,origin_shifted,equivalent_transform,no_noise,1,20,2,0,1,0,small::mp-1179529::reference|small::mp-1353259::reference,0.2484634891152382
medium,small,small::mp-1179529::permuted_sites,mp-1179529,mp-1179529,SiO2,permuted_sites,equivalent_transform,no_noise,1,20,2,0,1,0,small::mp-1179529::reference|small::mp-1353259::reference,0.4442904181778431
medium,small,small::mp-1179529::combined_noise_0.002A_0.003,mp-1179529,mp-1179529,SiO2,combined_noise_0.002A_0.003,combined_perturbation,noise,1,20,2,0,1,0,small::mp-1179529::reference|small::mp-1353259::reference,0.24957827292382717
medium,small,small::mp-1179529::combined_noise_0.015A_0.003,mp-1179529,mp-1179529,SiO2,combined_noise_0.015A_0.003,combined_perturbation,noise,1,20,2,0,1,0,small::mp-1179529::reference|small::mp-1353259::reference,0.2567616533488035
medium,small,small::mp-1179529::combined_noise_0.050A_0.003,mp-1179529,mp-1179529,SiO2,combined_noise_0.050A_0.003,combined_perturbation,noise,1,20,2,0,1,0,small::mp-1179529::reference|small::mp-1353259::reference,0.25793733447790146
medium,small,small::mp-1179529::combined_noise_0.002A_0.010,mp-1179529,mp-1179529,SiO2,combined_noise_0.002A_0.010,combined_perturbation,noise,1,20,2,0,1,0,small::mp-1179529::reference|small::mp-1353259::reference,0.2578534968197346
medium,small,small::mp-1179529::combined_noise_0.015A_0.010,mp-1179529,mp-1179529,SiO2,combined_noise_0.015A_0.010,combined_perturbation,noise,1,20,2,0,1,0,small::mp-1179529::reference|small::mp-1353259::reference,0.2658446133136749
medium,small,small::mp-1179529::combined_noise_0.050A_0.010,mp-1179529,mp-1179529,SiO2,combined_noise_0.050A_0.010,combined_perturbation,noise,1,20,2,0,1,0,small::mp-1179529::reference|small::mp-1353259::reference,0.24569334834814072
medium,small,small::mp-1179529::combined_noise_0.002A_0.030,mp-1179529,mp-1179529,SiO2,combined_noise_0.002A_0.030,combined_perturbation,noise,1,20,2,0,1,0,small::mp-1179529::reference|small::mp-1353259::reference,0.28364061936736107
medium,small,small::mp-1179529::combined_noise_0.015A_0.030,mp-1179529,mp-1179529,SiO2,combined_noise_0.015A_0.030,combined_perturbation,noise,1,20,2,0,1,0,small::mp-1179529::reference|small::mp-1353259::reference,0.2429820206016302
medium,small,small::mp-1179529::combined_noise_0.050A_0.030,mp-1179529,mp-1179529,SiO2,combined_noise_0.050A_0.030,combined_perturbation,noise,1,20,2,0,1,0,small::mp-1179529::reference|small::mp-1353259::reference,0.24602137878537178
medium,small,small::mp-1188220::conventional_standard,mp-1188220,mp-1188220,SiO2,conventional_standard,equivalent_transform,no_noise,1,20,1,0,0,0,small::mp-1188220::reference,0.21092479676008224
medium,small,small::mp-1188220::niggli_reduced,mp-1188220,mp-1188220,SiO2,niggli_reduced,equivalent_transform,no_noise,1,20,1,0,0,0,small::mp-1188220::reference,0.14368398860096931
medium,small,small::mp-1188220::origin_shifted,mp-1188220,mp-1188220,SiO2,origin_shifted,equivalent_transform,no_noise,1,20,1,0,0,0,small::mp-1188220::reference,0.1349368765950203
medium,small,small::mp-1188220::permuted_sites,mp-1188220,mp-1188220,SiO2,permuted_sites,equivalent_transform,no_noise,1,20,1,0,0,0,small::mp-1188220::reference,0.19994931668043137
medium,small,small::mp-1188220::combined_noise_0.002A_0.003,mp-1188220,mp-1188220,SiO2,combined_noise_0.002A_0.003,combined_perturbation,noise,1,20,1,0,0,0,small::mp-1188220::reference,0.1302374955266714
medium,small,small::mp-1188220::combined_noise_0.015A_0.003,mp-1188220,mp-1188220,SiO2,combined_noise_0.015A_0.003,combined_perturbation,noise,1,20,1,0,0,0,small::mp-1188220::reference,0.1308389361947775
medium,small,small::mp-1188220::combined_noise_0.050A_0.003,mp-1188220,mp-1188220,SiO2,combined_noise_0.050A_0.003,combined_perturbation,noise,1,20,1,0,0,0,small::mp-1188220::reference,0.13146241940557957
medium,small,small::mp-1188220::combined_noise_0.002A_0.010,mp-1188220,mp-1188220,SiO2,combined_noise_0.002A_0.010,combined_perturbation,noise,1,20,1,0,0,0,small::mp-1188220::reference,0.1332979928702116
medium,small,small::mp-1188220::combined_noise_0.015A_0.010,mp-1188220,mp-1188220,SiO2,combined_noise_0.015A_0.010,combined_perturbation,noise,1,20,1,0,0,0,small::mp-1188220::reference,0.13184557855129242
medium,small,small::mp-1188220::combined_noise_0.050A_0.010,mp-1188220,mp-1188220,SiO2,combined_noise_0.050A_0.010,combined_perturbation,noise,1,20,1,0,0,0,small::mp-1188220::reference,0.13547483459115028
medium,small,small::mp-1188220::combined_noise_0.002A_0.030,mp-1188220,mp-1188220,SiO2,combined_noise_0.002A_0.030,combined_perturbation,noise,1,20,1,0,0,0,small::mp-1188220::reference,0.13423474319279194
medium,small,small::mp-1188220::combined_noise_0.015A_0.030,mp-1188220,mp-1188220,SiO2,combined_noise_0.015A_0.030,combined_perturbation,noise,1,20,1,0,0,0,small::mp-1188220::reference,0.13035235926508904
medium,small,small::mp-1188220::combined_noise_0.050A_0.030,mp-1188220,mp-1188220,SiO2,combined_noise_0.050A_0.030,combined_perturbation,noise,1,20,1,0,0,0,small::mp-1188220::reference,0.13433429412543774
medium,small,small::mp-12350::conventional_standard,mp-12350,mp-12350,SiO2,conventional_standard,equivalent_transform,no_noise,1,20,1,0,0,0,small::mp-12350::reference,0.7912632338702679
medium,small,small::mp-12350::niggli_reduced,mp-12350,mp-12350,SiO2,niggli_reduced,equivalent_transform,no_noise,1,20,1,0,0,0,small::mp-12350::reference,0.14910722337663174
medium,small,small::mp-12350::origin_shifted,mp-12350,mp-12350,SiO2,origin_shifted,equivalent_transform,no_noise,1,20,1,0,0,0,small::mp-12350::reference,0.15403052233159542
medium,small,small::mp-12350::permuted_sites,mp-12350,mp-12350,SiO2,permuted_sites,equivalent_transform,no_noise,1,20,1,0,0,0,small::mp-12350::reference,0.2415179032832384
medium,small,small::mp-12350::combined_noise_0.002A_0.003,mp-12350,mp-12350,SiO2,combined_noise_0.002A_0.003,combined_perturbation,noise,1,20,1,0,0,0,small::mp-12350::reference,0.1597868986427784
medium,small,small::mp-12350::combined_noise_0.015A_0.003,mp-12350,mp-12350,SiO2,combined_noise_0.015A_0.003,combined_perturbation,noise,1,20,1,0,0,0,small::mp-12350::reference,0.1606470514088869
medium,small,small::mp-12350::combined_noise_0.050A_0.003,mp-12350,mp-12350,SiO2,combined_noise_0.050A_0.003,combined_perturbation,noise,1,20,1,0,0,0,small::mp-12350::reference,0.16224699281156063
medium,small,small::mp-12350::combined_noise_0.002A_0.010,mp-12350,mp-12350,SiO2,combined_noise_0.002A_0.010,combined_perturbation,noise,1,20,1,0,0,0,small::mp-12350::reference,0.16173348017036915
medium,small,small::mp-12350::combined_noise_0.015A_0.010,mp-12350,mp-12350,SiO2,combined_noise_0.015A_0.010,combined_perturbation,noise,1,20,1,0,0,0,small::mp-12350::reference,0.1636810041964054
medium,small,small::mp-12350::combined_noise_0.050A_0.010,mp-12350,mp-12350,SiO2,combined_noise_0.050A_0.010,combined_perturbation,noise,1,20,1,0,0,0,small::mp-12350::reference,0.1628456823527813
medium,small,small::mp-12350::combined_noise_0.002A_0.030,mp-12350,mp-12350,SiO2,combined_noise_0.002A_0.030,combined_perturbation,noise,1,20,1,0,0,0,small::mp-12350::reference,0.16890193335711956
medium,small,small::mp-12350::combined_noise_0.015A_0.030,mp-12350,mp-12350,SiO2,combined_noise_0.015A_0.030,combined_perturbation,noise,1,20,1,0,0,0,small::mp-12350::reference,0.1687583103775978
medium,small,small::mp-12350::combined_noise_0.050A_0.030,mp-12350,mp-12350,SiO2,combined_noise_0.050A_0.030,combined_perturbation,noise,1,20,1,0,0,0,small::mp-12350::reference,0.16623388789594173
medium,small,small::mp-1265115::conventional_standard,mp-1265115,mp-1265115,SiO2,conventional_standard,equivalent_transform,no_noise,1,20,1,0,0,0,small::mp-1265115::reference,0.15557942353188992
medium,small,small::mp-1265115::niggli_reduced,mp-1265115,mp-1265115,SiO2,niggli_reduced,equivalent_transform,no_noise,1,20,1,0,0,0,small::mp-1265115::reference,0.13189543969929218
medium,small,small::mp-1265115::origin_shifted,mp-1265115,mp-1265115,SiO2,origin_shifted,equivalent_transform,no_noise,1,20,1,0,0,0,small::mp-1265115::reference,0.12197613529860973
medium,small,small::mp-1265115::permuted_sites,mp-1265115,mp-1265115,SiO2,permuted_sites,equivalent_transform,no_noise,1,20,1,0,0,0,small::mp-1265115::reference,0.22596131078898907
medium,small,small::mp-1265115::combined_noise_0.002A_0.003,mp-1265115,mp-1265115,SiO2,combined_noise_0.002A_0.003,combined_perturbation,noise,1,20,1,0,0,0,small::mp-1265115::reference,0.13640695624053478
medium,small,small::mp-1265115::combined_noise_0.015A_0.003,mp-1265115,mp-1265115,SiO2,combined_noise_0.015A_0.003,combined_perturbation,noise,1,20,1,0,0,0,small::mp-1265115::reference,0.13267618045210838
medium,small,small::mp-1265115::combined_noise_0.050A_0.003,mp-1265115,mp-1265115,SiO2,combined_noise_0.050A_0.003,combined_perturbation,noise,1,20,1,0,0,0,small::mp-1265115::reference,0.13400972448289394
medium,small,small::mp-1265115::combined_noise_0.002A_0.010,mp-1265115,mp-1265115,SiO2,combined_noise_0.002A_0.010,combined_perturbation,noise,1,20,1,0,0,0,small::mp-1265115::reference,0.2558452431112528
medium,small,small::mp-1265115::combined_noise_0.015A_0.010,mp-1265115,mp-1265115,SiO2,combined_noise_0.015A_0.010,combined_perturbation,noise,1,20,1,0,0,0,small::mp-1265115::reference,0.13619053550064564
medium,small,small::mp-1265115::combined_noise_0.050A_0.010,mp-1265115,mp-1265115,SiO2,combined_noise_0.050A_0.010,combined_perturbation,noise,1,20,1,0,0,0,small::mp-1265115::reference,0.13495392724871635
medium,small,small::mp-1265115::combined_noise_0.002A_0.030,mp-1265115,mp-1265115,SiO2,combined_noise_0.002A_0.030,combined_perturbation,noise,1,20,1,0,0,0,small::mp-1265115::reference,0.13550912775099277
medium,small,small::mp-1265115::combined_noise_0.015A_0.030,mp-1265115,mp-1265115,SiO2,combined_noise_0.015A_0.030,combined_perturbation,noise,1,20,1,0,0,0,small::mp-1265115::reference,0.1368875652551651
medium,small,small::mp-1265115::combined_noise_0.050A_0.030,mp-1265115,mp-1265115,SiO2,combined_noise_0.050A_0.030,combined_perturbation,noise,1,20,1,0,0,0,small::mp-1265115::reference,0.13762672059237957
medium,small,small::mp-12787::conventional_standard,mp-12787,mp-12787,SiO2,conventional_standard,equivalent_transform,no_noise,1,20,1,0,0,0,small::mp-12787::reference,0.19755350053310394
medium,small,small::mp-12787::niggli_reduced,mp-12787,mp-12787,SiO2,niggli_reduced,equivalent_transform,no_noise,1,20,1,0,0,0,small::mp-12787::reference,0.11539209820330143
medium,small,small::mp-12787::origin_shifted,mp-12787,mp-12787,SiO2,origin_shifted,equivalent_transform,no_noise,1,20,1,0,0,0,small::mp-12787::reference,0.1208531055599451
medium,small,small::mp-12787::permuted_sites,mp-12787,mp-12787,SiO2,permuted_sites,equivalent_transform,no_noise,1,20,1,0,0,0,small::mp-12787::reference,0.1739696767181158
medium,small,small::mp-12787::combined_noise_0.002A_0.003,mp-12787,mp-12787,SiO2,combined_noise_0.002A_0.003,combined_perturbation,noise,1,20,1,0,0,0,small::mp-12787::reference,0.11624982953071594
medium,small,small::mp-12787::combined_noise_0.015A_0.003,mp-12787,mp-12787,SiO2,combined_noise_0.015A_0.003,combined_perturbation,noise,1,20,1,0,0,0,small::mp-12787::reference,0.11747137270867825
medium,small,small::mp-12787::combined_noise_0.050A_0.003,mp-12787,mp-12787,SiO2,combined_noise_0.050A_0.003,combined_perturbation,noise,1,20,1,0,0,0,small::mp-12787::reference,0.1167395506054163
medium,small,small::mp-12787::combined_noise_0.002A_0.010,mp-12787,mp-12787,SiO2,combined_noise_0.002A_0.010,combined_perturbation,noise,1,20,1,0,0,0,small::mp-12787::reference,0.1184228416532278
medium,small,small::mp-12787::combined_noise_0.015A_0.010,mp-12787,mp-12787,SiO2,combined_noise_0.015A_0.010,combined_perturbation,noise,1,20,1,0,0,0,small::mp-12787::reference,0.11484787799417973
medium,small,small::mp-12787::combined_noise_0.050A_0.010,mp-12787,mp-12787,SiO2,combined_noise_0.050A_0.010,combined_perturbation,noise,1,20,1,0,0,0,small::mp-12787::reference,0.11503471620380878
medium,small,small::mp-12787::combined_noise_0.002A_0.030,mp-12787,mp-12787,SiO2,combined_noise_0.002A_0.030,combined_perturbation,noise,1,20,1,0,0,0,small::mp-12787::reference,0.1161390170454979
medium,small,small::mp-12787::combined_noise_0.015A_0.030,mp-12787,mp-12787,SiO2,combined_noise_0.015A_0.030,combined_perturbation,noise,1,20,1,0,0,0,small::mp-12787::reference,0.11691756919026375
medium,small,small::mp-12787::combined_noise_0.050A_0.030,mp-12787,mp-12787,SiO2,combined_noise_0.050A_0.030,combined_perturbation,noise,1,20,1,0,0,0,small::mp-12787::reference,0.11790972203016281
medium,small,small::mp-1353259::conventional_standard,mp-1353259,mp-1353259,SiO2,conventional_standard,equivalent_transform,no_noise,1,20,2,0,1,0,small::mp-1179529::reference|small::mp-1353259::reference,0.2985521890223026
medium,small,small::mp-1353259::niggli_reduced,mp-1353259,mp-1353259,SiO2,niggli_reduced,equivalent_transform,no_noise,1,20,2,0,1,0,small::mp-1179529::reference|small::mp-1353259::reference,0.29364759288728237
medium,small,small::mp-1353259::origin_shifted,mp-1353259,mp-1353259,SiO2,origin_shifted,equivalent_transform,no_noise,1,20,2,0,1,0,small::mp-1179529::reference|small::mp-1353259::reference,0.31034890562295914
medium,small,small::mp-1353259::permuted_sites,mp-1353259,mp-1353259,SiO2,permuted_sites,equivalent_transform,no_noise,1,20,2,0,1,0,small::mp-1179529::reference|small::mp-1353259::reference,0.4928561132401228
medium,small,small::mp-1353259::combined_noise_0.002A_0.003,mp-1353259,mp-1353259,SiO2,combined_noise_0.002A_0.003,combined_perturbation,noise,1,20,2,0,1,0,small::mp-1179529::reference|small::mp-1353259::reference,0.2544836066663265
medium,small,small::mp-1353259::combined_noise_0.015A_0.003,mp-1353259,mp-1353259,SiO2,combined_noise_0.015A_0.003,combined_perturbation,noise,1,20,2,0,1,0,small::mp-1179529::reference|small::mp-1353259::reference,0.2548041697591543
medium,small,small::mp-1353259::combined_noise_0.050A_0.003,mp-1353259,mp-1353259,SiO2,combined_noise_0.050A_0.003,combined_perturbation,noise,1,20,2,0,1,0,small::mp-1179529::reference|small::mp-1353259::reference,0.2517855167388916
medium,small,small::mp-1353259::combined_noise_0.002A_0.010,mp-1353259,mp-1353259,SiO2,combined_noise_0.002A_0.010,combined_perturbation,noise,1,20,2,0,1,0,small::mp-1179529::reference|small::mp-1353259::reference,0.2502861116081476
medium,small,small::mp-1353259::combined_noise_0.015A_0.010,mp-1353259,mp-1353259,SiO2,combined_noise_0.015A_0.010,combined_perturbation,noise,1,20,2,0,1,0,small::mp-1179529::reference|small::mp-1353259::reference,0.25210343673825264
medium,small,small::mp-1353259::combined_noise_0.050A_0.010,mp-1353259,mp-1353259,SiO2,combined_noise_0.050A_0.010,combined_perturbation,noise,1,20,2,0,1,0,small::mp-1179529::reference|small::mp-1353259::reference,0.25478826835751534
medium,small,small::mp-1353259::combined_noise_0.002A_0.030,mp-1353259,mp-1353259,SiO2,combined_noise_0.002A_0.030,combined_perturbation,noise,1,20,2,0,1,0,small::mp-1179529::reference|small::mp-1353259::reference,0.28963174670934677
medium,small,small::mp-1353259::combined_noise_0.015A_0.030,mp-1353259,mp-1353259,SiO2,combined_noise_0.015A_0.030,combined_perturbation,noise,1,20,2,0,1,0,small::mp-1179529::reference|small::mp-1353259::reference,0.2729997243732214
medium,small,small::mp-1353259::combined_noise_0.050A_0.030,mp-1353259,mp-1353259,SiO2,combined_noise_0.050A_0.030,combined_perturbation,noise,1,20,2,0,1,0,small::mp-1179529::reference|small::mp-1353259::reference,0.29317987337708473
medium,small,small::mp-1398433::conventional_standard,mp-1398433,mp-1398433,SiO2,conventional_standard,equivalent_transform,no_noise,1,20,1,0,0,0,small::mp-1398433::reference,0.09871124476194382
medium,small,small::mp-1398433::niggli_reduced,mp-1398433,mp-1398433,SiO2,niggli_reduced,equivalent_transform,no_noise,1,20,1,0,0,0,small::mp-1398433::reference,0.10271064005792141
medium,small,small::mp-1398433::origin_shifted,mp-1398433,mp-1398433,SiO2,origin_shifted,equivalent_transform,no_noise,1,20,1,0,0,0,small::mp-1398433::reference,0.1038872916251421
medium,small,small::mp-1398433::permuted_sites,mp-1398433,mp-1398433,SiO2,permuted_sites,equivalent_transform,no_noise,1,20,1,0,0,0,small::mp-1398433::reference,0.12743069604039192
medium,small,small::mp-1398433::combined_noise_0.002A_0.003,mp-1398433,mp-1398433,SiO2,combined_noise_0.002A_0.003,combined_perturbation,noise,1,20,1,0,0,0,small::mp-1398433::reference,0.10256808064877987
medium,small,small::mp-1398433::combined_noise_0.015A_0.003,mp-1398433,mp-1398433,SiO2,combined_noise_0.015A_0.003,combined_perturbation,noise,1,20,1,0,0,0,small::mp-1398433::reference,0.10258464142680168
medium,small,small::mp-1398433::combined_noise_0.050A_0.003,mp-1398433,mp-1398433,SiO2,combined_noise_0.050A_0.003,combined_perturbation,noise,1,20,1,0,0,0,small::mp-1398433::reference,0.101058479398489
medium,small,small::mp-1398433::combined_noise_0.002A_0.010,mp-1398433,mp-1398433,SiO2,combined_noise_0.002A_0.010,combined_perturbation,noise,1,20,1,0,0,0,small::mp-1398433::reference,0.10150329023599625
medium,small,small::mp-1398433::combined_noise_0.015A_0.010,mp-1398433,mp-1398433,SiO2,combined_noise_0.015A_0.010,combined_perturbation,noise,1,20,1,0,0,0,small::mp-1398433::reference,0.10222438909113407
medium,small,small::mp-1398433::combined_noise_0.050A_0.010,mp-1398433,mp-1398433,SiO2,combined_noise_0.050A_0.010,combined_perturbation,noise,1,20,1,0,0,0,small::mp-1398433::reference,0.10261424072086811
medium,small,small::mp-1398433::combined_noise_0.002A_0.030,mp-1398433,mp-1398433,SiO2,combined_noise_0.002A_0.030,combined_perturbation,noise,1,20,1,0,0,0,small::mp-1398433::reference,0.1031422819942236
medium,small,small::mp-1398433::combined_noise_0.015A_0.030,mp-1398433,mp-1398433,SiO2,combined_noise_0.015A_0.030,combined_perturbation,noise,1,20,1,0,0,0,small::mp-1398433::reference,0.10313839092850685
medium,small,small::mp-1398433::combined_noise_0.050A_0.030,mp-1398433,mp-1398433,SiO2,combined_noise_0.050A_0.030,combined_perturbation,noise,1,20,1,0,0,0,small::mp-1398433::reference,0.10430621169507504
medium,small,small::mp-16964::conventional_standard,mp-16964,mp-16964,SiO2,conventional_standard,equivalent_transform,no_noise,1,20,1,0,0,0,small::mp-16964::reference,0.4940878786146641
medium,small,small::mp-16964::niggli_reduced,mp-16964,mp-16964,SiO2,niggli_reduced,equivalent_transform,no_noise,1,20,1,0,0,0,small::mp-16964::reference,0.222656587138772
medium,small,small::mp-16964::origin_shifted,mp-16964,mp-16964,SiO2,origin_shifted,equivalent_transform,no_noise,1,20,1,0,0,0,small::mp-16964::reference,0.21385502442717552
medium,small,small::mp-16964::permuted_sites,mp-16964,mp-16964,SiO2,permuted_sites,equivalent_transform,no_noise,1,20,1,0,0,0,small::mp-16964::reference,0.4099885821342468
medium,small,small::mp-16964::combined_noise_0.002A_0.003,mp-16964,mp-16964,SiO2,combined_noise_0.002A_0.003,combined_perturbation,noise,1,20,1,0,0,0,small::mp-16964::reference,0.2122564185410738
medium,small,small::mp-16964::combined_noise_0.015A_0.003,mp-16964,mp-16964,SiO2,combined_noise_0.015A_0.003,combined_perturbation,noise,1,20,1,0,0,0,small::mp-16964::reference,0.2055785208940506
medium,small,small::mp-16964::combined_noise_0.050A_0.003,mp-16964,mp-16964,SiO2,combined_noise_0.050A_0.003,combined_perturbation,noise,1,20,1,0,0,0,small::mp-16964::reference,0.21015078760683537
medium,small,small::mp-16964::combined_noise_0.002A_0.010,mp-16964,mp-16964,SiO2,combined_noise_0.002A_0.010,combined_perturbation,noise,1,20,1,0,0,0,small::mp-16964::reference,0.24818229116499424
medium,small,small::mp-16964::combined_noise_0.015A_0.010,mp-16964,mp-16964,SiO2,combined_noise_0.015A_0.010,combined_perturbation,noise,1,20,1,0,0,0,small::mp-16964::reference,0.2127876915037632
medium,small,small::mp-16964::combined_noise_0.050A_0.010,mp-16964,mp-16964,SiO2,combined_noise_0.050A_0.010,combined_perturbation,noise,1,20,1,0,0,0,small::mp-16964::reference,0.2516698744148016
medium,small,small::mp-16964::combined_noise_0.002A_0.030,mp-16964,mp-16964,SiO2,combined_noise_0.002A_0.030,combined_perturbation,noise,1,20,1,0,0,0,small::mp-16964::reference,0.2120629195123911
medium,small,small::mp-16964::combined_noise_0.015A_0.030,mp-16964,mp-16964,SiO2,combined_noise_0.015A_0.030,combined_perturbation,noise,1,20,1,0,0,0,small::mp-16964::reference,0.18884852156043053
medium,small,small::mp-16964::combined_noise_0.050A_0.030,mp-16964,mp-16964,SiO2,combined_noise_0.050A_0.030,combined_perturbation,noise,1,20,1,0,0,0,small::mp-16964::reference,0.22120076417922974
medium,small,small::mp-17909::conventional_standard,mp-17909,mp-17909,SiO2,conventional_standard,equivalent_transform,no_noise,1,20,1,0,0,0,small::mp-17909::reference,1.1018237005919218
medium,small,small::mp-17909::niggli_reduced,mp-17909,mp-17909,SiO2,niggli_reduced,equivalent_transform,no_noise,1,20,1,0,0,0,small::mp-17909::reference,0.5453824084252119
medium,small,small::mp-17909::origin_shifted,mp-17909,mp-17909,SiO2,origin_shifted,equivalent_transform,no_noise,1,20,1,0,0,0,small::mp-17909::reference,0.37086925096809864
medium,small,small::mp-17909::permuted_sites,mp-17909,mp-17909,SiO2,permuted_sites,equivalent_transform,no_noise,1,20,1,0,0,0,small::mp-17909::reference,0.7320314683020115
medium,small,small::mp-17909::combined_noise_0.002A_0.003,mp-17909,mp-17909,SiO2,combined_noise_0.002A_0.003,combined_perturbation,noise,1,20,1,0,0,0,small::mp-17909::reference,0.3596559353172779
medium,small,small::mp-17909::combined_noise_0.015A_0.003,mp-17909,mp-17909,SiO2,combined_noise_0.015A_0.003,combined_perturbation,noise,1,20,1,0,0,0,small::mp-17909::reference,0.3552002478390932
medium,small,small::mp-17909::combined_noise_0.050A_0.003,mp-17909,mp-17909,SiO2,combined_noise_0.050A_0.003,combined_perturbation,noise,1,20,1,0,0,0,small::mp-17909::reference,0.3593738842755556
medium,small,small::mp-17909::combined_noise_0.002A_0.010,mp-17909,mp-17909,SiO2,combined_noise_0.002A_0.010,combined_perturbation,noise,1,20,1,0,0,0,small::mp-17909::reference,0.20651592500507832
medium,small,small::mp-17909::combined_noise_0.015A_0.010,mp-17909,mp-17909,SiO2,combined_noise_0.015A_0.010,combined_perturbation,noise,1,20,1,0,0,0,small::mp-17909::reference,0.32138682156801224
medium,small,small::mp-17909::combined_noise_0.050A_0.010,mp-17909,mp-17909,SiO2,combined_noise_0.050A_0.010,combined_perturbation,noise,1,20,1,0,0,0,small::mp-17909::reference,0.28113771602511406
medium,small,small::mp-17909::combined_noise_0.002A_0.030,mp-17909,mp-17909,SiO2,combined_noise_0.002A_0.030,combined_perturbation,noise,1,20,1,0,0,0,small::mp-17909::reference,0.21034562960267067
medium,small,small::mp-17909::combined_noise_0.015A_0.030,mp-17909,mp-17909,SiO2,combined_noise_0.015A_0.030,combined_perturbation,noise,1,20,1,0,0,0,small::mp-17909::reference,0.20290694013237953
medium,small,small::mp-17909::combined_noise_0.050A_0.030,mp-17909,mp-17909,SiO2,combined_noise_0.050A_0.030,combined_perturbation,noise,1,20,1,0,0,0,small::mp-17909::reference,0.2830757386982441
medium,small,small::mp-18280::conventional_standard,mp-18280,mp-18280,SiO2,conventional_standard,equivalent_transform,no_noise,1,20,1,0,0,0,small::mp-18280::reference,0.4926513470709324
medium,small,small::mp-18280::niggli_reduced,mp-18280,mp-18280,SiO2,niggli_reduced,equivalent_transform,no_noise,1,20,1,0,0,0,small::mp-18280::reference,0.21481392346322536
medium,small,small::mp-18280::origin_shifted,mp-18280,mp-18280,SiO2,origin_shifted,equivalent_transform,no_noise,1,20,1,0,0,0,small::mp-18280::reference,0.2240577805787325
medium,small,small::mp-18280::permuted_sites,mp-18280,mp-18280,SiO2,permuted_sites,equivalent_transform,no_noise,1,20,1,0,0,0,small::mp-18280::reference,0.41604270227253437
medium,small,small::mp-18280::combined_noise_0.002A_0.003,mp-18280,mp-18280,SiO2,combined_noise_0.002A_0.003,combined_perturbation,noise,1,20,1,0,0,0,small::mp-18280::reference,0.21950313076376915
medium,small,small::mp-18280::combined_noise_0.015A_0.003,mp-18280,mp-18280,SiO2,combined_noise_0.015A_0.003,combined_perturbation,noise,1,20,1,0,0,0,small::mp-18280::reference,0.22333640605211258
medium,small,small::mp-18280::combined_noise_0.050A_0.003,mp-18280,mp-18280,SiO2,combined_noise_0.050A_0.003,combined_perturbation,noise,1,20,1,0,0,0,small::mp-18280::reference,0.22341769747436047
medium,small,small::mp-18280::combined_noise_0.002A_0.010,mp-18280,mp-18280,SiO2,combined_noise_0.002A_0.010,combined_perturbation,noise,1,20,1,0,0,0,small::mp-18280::reference,0.22971574403345585
medium,small,small::mp-18280::combined_noise_0.015A_0.010,mp-18280,mp-18280,SiO2,combined_noise_0.015A_0.010,combined_perturbation,noise,1,20,1,0,0,0,small::mp-18280::reference,0.22659186087548733
medium,small,small::mp-18280::combined_noise_0.050A_0.010,mp-18280,mp-18280,SiO2,combined_noise_0.050A_0.010,combined_perturbation,noise,1,20,1,0,0,0,small::mp-18280::reference,0.22908776253461838
medium,small,small::mp-18280::combined_noise_0.002A_0.030,mp-18280,mp-18280,SiO2,combined_noise_0.002A_0.030,combined_perturbation,noise,1,20,1,0,0,0,small::mp-18280::reference,0.226668331772089
medium,small,small::mp-18280::combined_noise_0.015A_0.030,mp-18280,mp-18280,SiO2,combined_noise_0.015A_0.030,combined_perturbation,noise,1,20,1,0,0,0,small::mp-18280::reference,0.22164926305413246
medium,small,small::mp-18280::combined_noise_0.050A_0.030,mp-18280,mp-18280,SiO2,combined_noise_0.050A_0.030,combined_perturbation,noise,1,20,1,0,0,0,small::mp-18280::reference,0.21797053888440132
medium,small,small::mp-32667::conventional_standard,mp-32667,mp-32667,SiO2,conventional_standard,equivalent_transform,no_noise,1,20,1,0,0,0,small::mp-32667::reference,0.12138510681688786
medium,small,small::mp-32667::niggli_reduced,mp-32667,mp-32667,SiO2,niggli_reduced,equivalent_transform,no_noise,1,20,1,0,0,0,small::mp-32667::reference,0.11420800536870956
medium,small,small::mp-32667::origin_shifted,mp-32667,mp-32667,SiO2,origin_shifted,equivalent_transform,no_noise,1,20,1,0,0,0,small::mp-32667::reference,0.12012097425758839
medium,small,small::mp-32667::permuted_sites,mp-32667,mp-32667,SiO2,permuted_sites,equivalent_transform,no_noise,1,20,1,0,0,0,small::mp-32667::reference,0.172344658523798
medium,small,small::mp-32667::combined_noise_0.002A_0.003,mp-32667,mp-32667,SiO2,combined_noise_0.002A_0.003,combined_perturbation,noise,1,20,1,0,0,0,small::mp-32667::reference,0.11485331878066063
medium,small,small::mp-32667::combined_noise_0.015A_0.003,mp-32667,mp-32667,SiO2,combined_noise_0.015A_0.003,combined_perturbation,noise,1,20,1,0,0,0,small::mp-32667::reference,0.116093959659338
medium,small,small::mp-32667::combined_noise_0.050A_0.003,mp-32667,mp-32667,SiO2,combined_noise_0.050A_0.003,combined_perturbation,noise,1,20,1,0,0,0,small::mp-32667::reference,0.11814366281032562
medium,small,small::mp-32667::combined_noise_0.002A_0.010,mp-32667,mp-32667,SiO2,combined_noise_0.002A_0.010,combined_perturbation,noise,1,20,1,0,0,0,small::mp-32667::reference,0.11830955184996128
medium,small,small::mp-32667::combined_noise_0.015A_0.010,mp-32667,mp-32667,SiO2,combined_noise_0.015A_0.010,combined_perturbation,noise,1,20,1,0,0,0,small::mp-32667::reference,0.12409047968685627
medium,small,small::mp-32667::combined_noise_0.050A_0.010,mp-32667,mp-32667,SiO2,combined_noise_0.050A_0.010,combined_perturbation,noise,1,20,1,0,0,0,small::mp-32667::reference,0.1251576840877533
medium,small,small::mp-32667::combined_noise_0.002A_0.030,mp-32667,mp-32667,SiO2,combined_noise_0.002A_0.030,combined_perturbation,noise,1,20,1,0,0,0,small::mp-32667::reference,0.1212322860956192
medium,small,small::mp-32667::combined_noise_0.015A_0.030,mp-32667,mp-32667,SiO2,combined_noise_0.015A_0.030,combined_perturbation,noise,1,20,1,0,0,0,small::mp-32667::reference,0.12057462334632874
medium,small,small::mp-32667::combined_noise_0.050A_0.030,mp-32667,mp-32667,SiO2,combined_noise_0.050A_0.030,combined_perturbation,noise,1,20,1,0,0,0,small::mp-32667::reference,0.12194244749844074
medium,small,small::mp-545488::conventional_standard,mp-545488,mp-545488,SiO2,conventional_standard,equivalent_transform,no_noise,1,20,1,0,0,0,small::mp-545488::reference,0.13367679342627525
medium,small,small::mp-545488::niggli_reduced,mp-545488,mp-545488,SiO2,niggli_reduced,equivalent_transform,no_noise,1,20,1,0,0,0,small::mp-545488::reference,0.10666002705693245
medium,small,small::mp-545488::origin_shifted,mp-545488,mp-545488,SiO2,origin_shifted,equivalent_transform,no_noise,1,20,1,0,0,0,small::mp-545488::reference,0.11421436816453934
medium,small,small::mp-545488::permuted_sites,mp-545488,mp-545488,SiO2,permuted_sites,equivalent_transform,no_noise,1,20,1,0,0,0,small::mp-545488::reference,0.1660518478602171
medium,small,small::mp-545488::combined_noise_0.002A_0.003,mp-545488,mp-545488,SiO2,combined_noise_0.002A_0.003,combined_perturbation,noise,1,20,1,0,0,0,small::mp-545488::reference,0.10767989791929722
medium,small,small::mp-545488::combined_noise_0.015A_0.003,mp-545488,mp-545488,SiO2,combined_noise_0.015A_0.003,combined_perturbation,noise,1,20,1,0,0,0,small::mp-545488::reference,0.10473335348069668
medium,small,small::mp-545488::combined_noise_0.050A_0.003,mp-545488,mp-545488,SiO2,combined_noise_0.050A_0.003,combined_perturbation,noise,1,20,1,0,0,0,small::mp-545488::reference,0.10612765699625015
medium,small,small::mp-545488::combined_noise_0.002A_0.010,mp-545488,mp-545488,SiO2,combined_noise_0.002A_0.010,combined_perturbation,noise,1,20,1,0,0,0,small::mp-545488::reference,0.10688630677759647
medium,small,small::mp-545488::combined_noise_0.015A_0.010,mp-545488,mp-545488,SiO2,combined_noise_0.015A_0.010,combined_perturbation,noise,1,20,1,0,0,0,small::mp-545488::reference,0.10603074543178082
medium,small,small::mp-545488::combined_noise_0.050A_0.010,mp-545488,mp-545488,SiO2,combined_noise_0.050A_0.010,combined_perturbation,noise,1,20,1,0,0,0,small::mp-545488::reference,0.10446986183524132
medium,small,small::mp-545488::combined_noise_0.002A_0.030,mp-545488,mp-545488,SiO2,combined_noise_0.002A_0.030,combined_perturbation,noise,1,20,1,0,0,0,small::mp-545488::reference,0.10944518074393272
medium,small,small::mp-545488::combined_noise_0.015A_0.030,mp-545488,mp-545488,SiO2,combined_noise_0.015A_0.030,combined_perturbation,noise,1,20,1,0,0,0,small::mp-545488::reference,0.10700059868395329
medium,small,small::mp-545488::combined_noise_0.050A_0.030,mp-545488,mp-545488,SiO2,combined_noise_0.050A_0.030,combined_perturbation,noise,1,20,1,0,0,0,small::mp-545488::reference,0.10772884078323841
medium,small,small::mp-1008677::conventional_standard,mp-1008677,mp-1008677,TiO2,conventional_standard,equivalent_transform,no_noise,1,20,1,0,0,0,small::mp-1008677::reference,0.20109051652252674
medium,small,small::mp-1008677::niggli_reduced,mp-1008677,mp-1008677,TiO2,niggli_reduced,equivalent_transform,no_noise,1,20,1,0,0,0,small::mp-1008677::reference,0.18057376891374588
medium,small,small::mp-1008677::origin_shifted,mp-1008677,mp-1008677,TiO2,origin_shifted,equivalent_transform,no_noise,1,20,1,0,0,0,small::mp-1008677::reference,0.1812436580657959
medium,small,small::mp-1008677::permuted_sites,mp-1008677,mp-1008677,TiO2,permuted_sites,equivalent_transform,no_noise,1,20,1,0,0,0,small::mp-1008677::reference,0.18150447867810726
medium,small,small::mp-1008677::combined_noise_0.002A_0.003,mp-1008677,mp-1008677,TiO2,combined_noise_0.002A_0.003,combined_perturbation,noise,1,20,1,0,0,0,small::mp-1008677::reference,0.1442809086292982
medium,small,small::mp-1008677::combined_noise_0.015A_0.003,mp-1008677,mp-1008677,TiO2,combined_noise_0.015A_0.003,combined_perturbation,noise,1,20,1,0,0,0,small::mp-1008677::reference,0.1438264362514019
medium,small,small::mp-1008677::combined_noise_0.050A_0.003,mp-1008677,mp-1008677,TiO2,combined_noise_0.050A_0.003,combined_perturbation,noise,1,20,1,0,0,0,small::mp-1008677::reference,0.14580349996685982
medium,small,small::mp-1008677::combined_noise_0.002A_0.010,mp-1008677,mp-1008677,TiO2,combined_noise_0.002A_0.010,combined_perturbation,noise,1,20,1,0,0,0,small::mp-1008677::reference,0.15968414954841137
medium,small,small::mp-1008677::combined_noise_0.015A_0.010,mp-1008677,mp-1008677,TiO2,combined_noise_0.015A_0.010,combined_perturbation,noise,1,20,1,0,0,0,small::mp-1008677::reference,0.15530994348227978
medium,small,small::mp-1008677::combined_noise_0.050A_0.010,mp-1008677,mp-1008677,TiO2,combined_noise_0.050A_0.010,combined_perturbation,noise,1,20,1,0,0,0,small::mp-1008677::reference,0.15159687772393227
medium,small,small::mp-1008677::combined_noise_0.002A_0.030,mp-1008677,mp-1008677,TiO2,combined_noise_0.002A_0.030,combined_perturbation,noise,1,20,1,0,0,0,small::mp-1008677::reference,0.1413030531257391
medium,small,small::mp-1008677::combined_noise_0.015A_0.030,mp-1008677,mp-1008677,TiO2,combined_noise_0.015A_0.030,combined_perturbation,noise,1,20,1,0,0,0,small::mp-1008677::reference,0.1407663207501173
medium,small,small::mp-1008677::combined_noise_0.050A_0.030,mp-1008677,mp-1008677,TiO2,combined_noise_0.050A_0.030,combined_perturbation,noise,1,20,1,0,0,0,small::mp-1008677::reference,0.1442851684987545
medium,small,small::mp-1041565::conventional_standard,mp-1041565,mp-1041565,TiO2,conventional_standard,equivalent_transform,no_noise,1,20,1,0,0,0,small::mp-1041565::reference,0.1515109557658434
medium,small,small::mp-1041565::niggli_reduced,mp-1041565,mp-1041565,TiO2,niggli_reduced,equivalent_transform,no_noise,1,20,1,0,0,0,small::mp-1041565::reference,0.11470695957541466
medium,small,small::mp-1041565::origin_shifted,mp-1041565,mp-1041565,TiO2,origin_shifted,equivalent_transform,no_noise,1,20,1,0,0,0,small::mp-1041565::reference,0.11820479109883308
medium,small,small::mp-1041565::permuted_sites,mp-1041565,mp-1041565,TiO2,permuted_sites,equivalent_transform,no_noise,1,20,1,0,0,0,small::mp-1041565::reference,0.14139130525290966
medium,small,small::mp-1041565::combined_noise_0.002A_0.003,mp-1041565,mp-1041565,TiO2,combined_noise_0.002A_0.003,combined_perturbation,noise,1,20,1,0,0,0,small::mp-1041565::reference,0.11284919641911983
medium,small,small::mp-1041565::combined_noise_0.015A_0.003,mp-1041565,mp-1041565,TiO2,combined_noise_0.015A_0.003,combined_perturbation,noise,1,20,1,0,0,0,small::mp-1041565::reference,0.14875594526529312
medium,small,small::mp-1041565::combined_noise_0.050A_0.003,mp-1041565,mp-1041565,TiO2,combined_noise_0.050A_0.003,combined_perturbation,noise,1,20,1,0,0,0,small::mp-1041565::reference,0.15285423025488853
medium,small,small::mp-1041565::combined_noise_0.002A_0.010,mp-1041565,mp-1041565,TiO2,combined_noise_0.002A_0.010,combined_perturbation,noise,1,20,1,0,0,0,small::mp-1041565::reference,0.12033183500170708
medium,small,small::mp-1041565::combined_noise_0.015A_0.010,mp-1041565,mp-1041565,TiO2,combined_noise_0.015A_0.010,combined_perturbation,noise,1,20,1,0,0,0,small::mp-1041565::reference,0.11684703081846237
medium,small,small::mp-1041565::combined_noise_0.050A_0.010,mp-1041565,mp-1041565,TiO2,combined_noise_0.050A_0.010,combined_perturbation,noise,1,20,1,0,0,0,small::mp-1041565::reference,0.06983483582735062
medium,small,small::mp-1041565::combined_noise_0.002A_0.030,mp-1041565,mp-1041565,TiO2,combined_noise_0.002A_0.030,combined_perturbation,noise,1,20,1,0,0,0,small::mp-1041565::reference,0.16113398224115372
medium,small,small::mp-1041565::combined_noise_0.015A_0.030,mp-1041565,mp-1041565,TiO2,combined_noise_0.015A_0.030,combined_perturbation,noise,1,20,1,0,0,0,small::mp-1041565::reference,0.11609052866697311
medium,small,small::mp-1041565::combined_noise_0.050A_0.030,mp-1041565,mp-1041565,TiO2,combined_noise_0.050A_0.030,combined_perturbation,noise,1,20,1,0,0,0,small::mp-1041565::reference,0.0705380979925394
medium,small,small::mp-1044853::conventional_standard,mp-1044853,mp-1044853,TiO2,conventional_standard,equivalent_transform,no_noise,1,20,1,0,0,0,small::mp-1044853::reference,0.35895558446645737
medium,small,small::mp-1044853::niggli_reduced,mp-1044853,mp-1044853,TiO2,niggli_reduced,equivalent_transform,no_noise,1,20,1,0,0,0,small::mp-1044853::reference,0.28975144028663635
medium,small,small::mp-1044853::origin_shifted,mp-1044853,mp-1044853,TiO2,origin_shifted,equivalent_transform,no_noise,1,20,1,0,0,0,small::mp-1044853::reference,0.2910742796957493
medium,small,small::mp-1044853::permuted_sites,mp-1044853,mp-1044853,TiO2,permuted_sites,equivalent_transform,no_noise,1,20,1,0,0,0,small::mp-1044853::reference,0.48117805272340775
medium,small,small::mp-1044853::combined_noise_0.002A_0.003,mp-1044853,mp-1044853,TiO2,combined_noise_0.002A_0.003,combined_perturbation,noise,1,20,1,0,0,0,small::mp-1044853::reference,0.276396119967103
medium,small,small::mp-1044853::combined_noise_0.015A_0.003,mp-1044853,mp-1044853,TiO2,combined_noise_0.015A_0.003,combined_perturbation,noise,1,20,1,0,0,0,small::mp-1044853::reference,0.2737402841448784
medium,small,small::mp-1044853::combined_noise_0.050A_0.003,mp-1044853,mp-1044853,TiO2,combined_noise_0.050A_0.003,combined_perturbation,noise,1,20,1,0,0,0,small::mp-1044853::reference,0.27985813468694687
medium,small,small::mp-1044853::combined_noise_0.002A_0.010,mp-1044853,mp-1044853,TiO2,combined_noise_0.002A_0.010,combined_perturbation,noise,1,20,1,0,0,0,small::mp-1044853::reference,0.27665022015571594
medium,small,small::mp-1044853::combined_noise_0.015A_0.010,mp-1044853,mp-1044853,TiO2,combined_noise_0.015A_0.010,combined_perturbation,noise,1,20,1,0,0,0,small::mp-1044853::reference,0.2732357569038868
medium,small,small::mp-1044853::combined_noise_0.050A_0.010,mp-1044853,mp-1044853,TiO2,combined_noise_0.050A_0.010,combined_perturbation,noise,1,20,1,0,0,0,small::mp-1044853::reference,0.27181857265532017
medium,small,small::mp-1044853::combined_noise_0.002A_0.030,mp-1044853,mp-1044853,TiO2,combined_noise_0.002A_0.030,combined_perturbation,noise,1,20,1,0,0,0,small::mp-1044853::reference,0.25115102529525757
medium,small,small::mp-1044853::combined_noise_0.015A_0.030,mp-1044853,mp-1044853,TiO2,combined_noise_0.015A_0.030,combined_perturbation,noise,1,20,1,0,0,0,small::mp-1044853::reference,0.2674131356179714
medium,small,small::mp-1044853::combined_noise_0.050A_0.030,mp-1044853,mp-1044853,TiO2,combined_noise_0.050A_0.030,combined_perturbation,noise,1,20,1,0,0,0,small::mp-1044853::reference,0.27527032792568207
medium,small,small::mp-1079207::conventional_standard,mp-1079207,mp-1079207,TiO2,conventional_standard,equivalent_transform,no_noise,1,20,1,0,0,0,small::mp-1079207::reference,0.06692180223762989
medium,small,small::mp-1079207::niggli_reduced,mp-1079207,mp-1079207,TiO2,niggli_reduced,equivalent_transform,no_noise,1,20,1,0,0,0,small::mp-1079207::reference,0.06173836439847946
medium,small,small::mp-1079207::origin_shifted,mp-1079207,mp-1079207,TiO2,origin_shifted,equivalent_transform,no_noise,1,20,1,0,0,0,small::mp-1079207::reference,0.06455702893435955
medium,small,small::mp-1079207::permuted_sites,mp-1079207,mp-1079207,TiO2,permuted_sites,equivalent_transform,no_noise,1,20,1,0,0,0,small::mp-1079207::reference,0.07853161729872227
medium,small,small::mp-1079207::combined_noise_0.002A_0.003,mp-1079207,mp-1079207,TiO2,combined_noise_0.002A_0.003,combined_perturbation,noise,1,20,1,0,0,0,small::mp-1079207::reference,0.06236093305051327
medium,small,small::mp-1079207::combined_noise_0.015A_0.003,mp-1079207,mp-1079207,TiO2,combined_noise_0.015A_0.003,combined_perturbation,noise,1,20,1,0,0,0,small::mp-1079207::reference,0.06326912716031075
medium,small,small::mp-1079207::combined_noise_0.050A_0.003,mp-1079207,mp-1079207,TiO2,combined_noise_0.050A_0.003,combined_perturbation,noise,1,20,1,0,0,0,small::mp-1079207::reference,0.06336498633027077
medium,small,small::mp-1079207::combined_noise_0.002A_0.010,mp-1079207,mp-1079207,TiO2,combined_noise_0.002A_0.010,combined_perturbation,noise,1,20,1,0,0,0,small::mp-1079207::reference,0.0639044288545847
medium,small,small::mp-1079207::combined_noise_0.015A_0.010,mp-1079207,mp-1079207,TiO2,combined_noise_0.015A_0.010,combined_perturbation,noise,1,20,1,0,0,0,small::mp-1079207::reference,0.06317968666553497
medium,small,small::mp-1079207::combined_noise_0.050A_0.010,mp-1079207,mp-1079207,TiO2,combined_noise_0.050A_0.010,combined_perturbation,noise,1,20,1,0,0,0,small::mp-1079207::reference,0.06593094021081924
medium,small,small::mp-1079207::combined_noise_0.002A_0.030,mp-1079207,mp-1079207,TiO2,combined_noise_0.002A_0.030,combined_perturbation,noise,1,20,1,0,0,0,small::mp-1079207::reference,0.06573317013680935
medium,small,small::mp-1079207::combined_noise_0.015A_0.030,mp-1079207,mp-1079207,TiO2,combined_noise_0.015A_0.030,combined_perturbation,noise,1,20,1,0,0,0,small::mp-1079207::reference,0.0657856110483408
medium,small,small::mp-1079207::combined_noise_0.050A_0.030,mp-1079207,mp-1079207,TiO2,combined_noise_0.050A_0.030,combined_perturbation,noise,1,20,1,0,0,0,small::mp-1079207::reference,0.0680674109607935
medium,small,small::mp-1101022::conventional_standard,mp-1101022,mp-1101022,TiO2,conventional_standard,equivalent_transform,no_noise,1,20,1,0,0,0,small::mp-1101022::reference,0.10644795745611191
medium,small,small::mp-1101022::niggli_reduced,mp-1101022,mp-1101022,TiO2,niggli_reduced,equivalent_transform,no_noise,1,20,1,0,0,0,small::mp-1101022::reference,0.06526682898402214
medium,small,small::mp-1101022::origin_shifted,mp-1101022,mp-1101022,TiO2,origin_shifted,equivalent_transform,no_noise,1,20,1,0,0,0,small::mp-1101022::reference,0.07350368052721024
medium,small,small::mp-1101022::permuted_sites,mp-1101022,mp-1101022,TiO2,permuted_sites,equivalent_transform,no_noise,1,20,1,0,0,0,small::mp-1101022::reference,0.09670214354991913
medium,small,small::mp-1101022::combined_noise_0.002A_0.003,mp-1101022,mp-1101022,TiO2,combined_noise_0.002A_0.003,combined_perturbation,noise,1,20,1,0,0,0,small::mp-1101022::reference,0.06868136301636696
medium,small,small::mp-1101022::combined_noise_0.015A_0.003,mp-1101022,mp-1101022,TiO2,combined_noise_0.015A_0.003,combined_perturbation,noise,1,20,1,0,0,0,small::mp-1101022::reference,0.06976713612675667
medium,small,small::mp-1101022::combined_noise_0.050A_0.003,mp-1101022,mp-1101022,TiO2,combined_noise_0.050A_0.003,combined_perturbation,noise,1,20,1,0,0,0,small::mp-1101022::reference,0.0693053137511015
medium,small,small::mp-1101022::combined_noise_0.002A_0.010,mp-1101022,mp-1101022,TiO2,combined_noise_0.002A_0.010,combined_perturbation,noise,1,20,1,0,0,0,small::mp-1101022::reference,0.07100077532231808
medium,small,small::mp-1101022::combined_noise_0.015A_0.010,mp-1101022,mp-1101022,TiO2,combined_noise_0.015A_0.010,combined_perturbation,noise,1,20,1,0,0,0,small::mp-1101022::reference,0.07100102864205837
medium,small,small::mp-1101022::combined_noise_0.050A_0.010,mp-1101022,mp-1101022,TiO2,combined_noise_0.050A_0.010,combined_perturbation,noise,1,20,1,0,0,0,small::mp-1101022::reference,0.07065837644040585
medium,small,small::mp-1101022::combined_noise_0.002A_0.030,mp-1101022,mp-1101022,TiO2,combined_noise_0.002A_0.030,combined_perturbation,noise,1,20,1,0,0,0,small::mp-1101022::reference,0.07097844034433365
medium,small,small::mp-1101022::combined_noise_0.015A_0.030,mp-1101022,mp-1101022,TiO2,combined_noise_0.015A_0.030,combined_perturbation,noise,1,20,1,0,0,0,small::mp-1101022::reference,0.07554789632558823
medium,small,small::mp-1101022::combined_noise_0.050A_0.030,mp-1101022,mp-1101022,TiO2,combined_noise_0.050A_0.030,combined_perturbation,noise,1,20,1,0,0,0,small::mp-1101022::reference,0.07230300828814507
medium,small,small::mp-1102255::conventional_standard,mp-1102255,mp-1102255,TiO2,conventional_standard,equivalent_transform,no_noise,1,20,1,0,0,0,small::mp-1102255::reference,0.09831299632787704
medium,small,small::mp-1102255::niggli_reduced,mp-1102255,mp-1102255,TiO2,niggli_reduced,equivalent_transform,no_noise,1,20,1,0,0,0,small::mp-1102255::reference,0.09482639841735363
medium,small,small::mp-1102255::origin_shifted,mp-1102255,mp-1102255,TiO2,origin_shifted,equivalent_transform,no_noise,1,20,1,0,0,0,small::mp-1102255::reference,0.09792845509946346
medium,small,small::mp-1102255::permuted_sites,mp-1102255,mp-1102255,TiO2,permuted_sites,equivalent_transform,no_noise,1,20,1,0,0,0,small::mp-1102255::reference,0.12035793624818325
medium,small,small::mp-1102255::combined_noise_0.002A_0.003,mp-1102255,mp-1102255,TiO2,combined_noise_0.002A_0.003,combined_perturbation,noise,1,20,1,0,0,0,small::mp-1102255::reference,0.0914981160312891
medium,small,small::mp-1102255::combined_noise_0.015A_0.003,mp-1102255,mp-1102255,TiO2,combined_noise_0.015A_0.003,combined_perturbation,noise,1,20,1,0,0,0,small::mp-1102255::reference,0.09508886002004147
medium,small,small::mp-1102255::combined_noise_0.050A_0.003,mp-1102255,mp-1102255,TiO2,combined_noise_0.050A_0.003,combined_perturbation,noise,1,20,1,0,0,0,small::mp-1102255::reference,0.09415869973599911
medium,small,small::mp-1102255::combined_noise_0.002A_0.010,mp-1102255,mp-1102255,TiO2,combined_noise_0.002A_0.010,combined_perturbation,noise,1,20,1,0,0,0,small::mp-1102255::reference,0.09538711979985237
medium,small,small::mp-1102255::combined_noise_0.015A_0.010,mp-1102255,mp-1102255,TiO2,combined_noise_0.015A_0.010,combined_perturbation,noise,1,20,1,0,0,0,small::mp-1102255::reference,0.09724397398531437
medium,small,small::mp-1102255::combined_noise_0.050A_0.010,mp-1102255,mp-1102255,TiO2,combined_noise_0.050A_0.010,combined_perturbation,noise,1,20,1,0,0,0,small::mp-1102255::reference,0.09081903286278248
medium,small,small::mp-1102255::combined_noise_0.002A_0.030,mp-1102255,mp-1102255,TiO2,combined_noise_0.002A_0.030,combined_perturbation,noise,1,20,1,0,0,0,small::mp-1102255::reference,0.08882150053977966
medium,small,small::mp-1102255::combined_noise_0.015A_0.030,mp-1102255,mp-1102255,TiO2,combined_noise_0.015A_0.030,combined_perturbation,noise,1,20,1,0,0,0,small::mp-1102255::reference,0.09077523648738861
medium,small,small::mp-1102255::combined_noise_0.050A_0.030,mp-1102255,mp-1102255,TiO2,combined_noise_0.050A_0.030,combined_perturbation,noise,1,20,1,0,0,0,small::mp-1102255::reference,0.08985120430588722
medium,small,small::mp-1102591::conventional_standard,mp-1102591,mp-1102591,TiO2,conventional_standard,equivalent_transform,no_noise,1,20,1,0,0,0,small::mp-1102591::reference,0.19302152656018734
medium,small,small::mp-1102591::niggli_reduced,mp-1102591,mp-1102591,TiO2,niggli_reduced,equivalent_transform,no_noise,1,20,1,0,0,0,small::mp-1102591::reference,0.19265676476061344
medium,small,small::mp-1102591::origin_shifted,mp-1102591,mp-1102591,TiO2,origin_shifted,equivalent_transform,no_noise,1,20,1,0,0,0,small::mp-1102591::reference,0.1979665830731392
medium,small,small::mp-1102591::permuted_sites,mp-1102591,mp-1102591,TiO2,permuted_sites,equivalent_transform,no_noise,1,20,1,0,0,0,small::mp-1102591::reference,0.22522644884884357
medium,small,small::mp-1102591::combined_noise_0.002A_0.003,mp-1102591,mp-1102591,TiO2,combined_noise_0.002A_0.003,combined_perturbation,noise,1,20,1,0,0,0,small::mp-1102591::reference,0.19774748012423515
medium,small,small::mp-1102591::combined_noise_0.015A_0.003,mp-1102591,mp-1102591,TiO2,combined_noise_0.015A_0.003,combined_perturbation,noise,1,20,1,0,0,0,small::mp-1102591::reference,0.1965172477066517
medium,small,small::mp-1102591::combined_noise_0.050A_0.003,mp-1102591,mp-1102591,TiO2,combined_noise_0.050A_0.003,combined_perturbation,noise,1,20,1,0,0,0,small::mp-1102591::reference,0.1993054449558258
medium,small,small::mp-1102591::combined_noise_0.002A_0.010,mp-1102591,mp-1102591,TiO2,combined_noise_0.002A_0.010,combined_perturbation,noise,1,20,1,0,0,0,small::mp-1102591::reference,0.19789766147732735
medium,small,small::mp-1102591::combined_noise_0.015A_0.010,mp-1102591,mp-1102591,TiO2,combined_noise_0.015A_0.010,combined_perturbation,noise,1,20,1,0,0,0,small::mp-1102591::reference,0.19522986747324467
medium,small,small::mp-1102591::combined_noise_0.050A_0.010,mp-1102591,mp-1102591,TiO2,combined_noise_0.050A_0.010,combined_perturbation,noise,1,20,1,0,0,0,small::mp-1102591::reference,0.19564800895750523
medium,small,small::mp-1102591::combined_noise_0.002A_0.030,mp-1102591,mp-1102591,TiO2,combined_noise_0.002A_0.030,combined_perturbation,noise,1,20,1,0,0,0,small::mp-1102591::reference,0.19670379161834717
medium,small,small::mp-1102591::combined_noise_0.015A_0.030,mp-1102591,mp-1102591,TiO2,combined_noise_0.015A_0.030,combined_perturbation,noise,1,20,1,0,0,0,small::mp-1102591::reference,0.19483729638159275
medium,small,small::mp-1102591::combined_noise_0.050A_0.030,mp-1102591,mp-1102591,TiO2,combined_noise_0.050A_0.030,combined_perturbation,noise,1,20,1,0,0,0,small::mp-1102591::reference,0.18838805705308914
medium,small,small::mp-1190753::conventional_standard,mp-1190753,mp-1190753,TiO2,conventional_standard,equivalent_transform,no_noise,1,20,1,0,0,0,small::mp-1190753::reference,0.2549528479576111
medium,small,small::mp-1190753::niggli_reduced,mp-1190753,mp-1190753,TiO2,niggli_reduced,equivalent_transform,no_noise,1,20,1,0,0,0,small::mp-1190753::reference,0.2846396919339895
medium,small,small::mp-1190753::origin_shifted,mp-1190753,mp-1190753,TiO2,origin_shifted,equivalent_transform,no_noise,1,20,1,0,0,0,small::mp-1190753::reference,0.26393499225378036
medium,small,small::mp-1190753::permuted_sites,mp-1190753,mp-1190753,TiO2,permuted_sites,equivalent_transform,no_noise,1,20,1,0,0,0,small::mp-1190753::reference,0.3511322047561407
medium,small,small::mp-1190753::combined_noise_0.002A_0.003,mp-1190753,mp-1190753,TiO2,combined_noise_0.002A_0.003,combined_perturbation,noise,1,20,1,0,0,0,small::mp-1190753::reference,0.25402192026376724
medium,small,small::mp-1190753::combined_noise_0.015A_0.003,mp-1190753,mp-1190753,TiO2,combined_noise_0.015A_0.003,combined_perturbation,noise,1,20,1,0,0,0,small::mp-1190753::reference,0.2565354611724615
medium,small,small::mp-1190753::combined_noise_0.050A_0.003,mp-1190753,mp-1190753,TiO2,combined_noise_0.050A_0.003,combined_perturbation,noise,1,20,1,0,0,0,small::mp-1190753::reference,0.25678916461765766
medium,small,small::mp-1190753::combined_noise_0.002A_0.010,mp-1190753,mp-1190753,TiO2,combined_noise_0.002A_0.010,combined_perturbation,noise,1,20,1,0,0,0,small::mp-1190753::reference,0.2543553076684475
medium,small,small::mp-1190753::combined_noise_0.015A_0.010,mp-1190753,mp-1190753,TiO2,combined_noise_0.015A_0.010,combined_perturbation,noise,1,20,1,0,0,0,small::mp-1190753::reference,0.26068610697984695
medium,small,small::mp-1190753::combined_noise_0.050A_0.010,mp-1190753,mp-1190753,TiO2,combined_noise_0.050A_0.010,combined_perturbation,noise,1,20,1,0,0,0,small::mp-1190753::reference,0.25410769134759903
medium,small,small::mp-1190753::combined_noise_0.002A_0.030,mp-1190753,mp-1190753,TiO2,combined_noise_0.002A_0.030,combined_perturbation,noise,1,20,1,0,0,0,small::mp-1190753::reference,0.25346233882009983
medium,small,small::mp-1190753::combined_noise_0.015A_0.030,mp-1190753,mp-1190753,TiO2,combined_noise_0.015A_0.030,combined_perturbation,noise,1,20,1,0,0,0,small::mp-1190753::reference,0.24821280129253864
medium,small,small::mp-1190753::combined_noise_0.050A_0.030,mp-1190753,mp-1190753,TiO2,combined_noise_0.050A_0.030,combined_perturbation,noise,1,20,1,0,0,0,small::mp-1190753::reference,0.256194282323122
medium,small,small::mp-1341203::conventional_standard,mp-1341203,mp-1341203,TiO2,conventional_standard,equivalent_transform,no_noise,1,20,1,0,0,0,small::mp-1341203::reference,0.20592237450182438
medium,small,small::mp-1341203::niggli_reduced,mp-1341203,mp-1341203,TiO2,niggli_reduced,equivalent_transform,no_noise,1,20,1,0,0,0,small::mp-1341203::reference,0.20348631031811237
medium,small,small::mp-1341203::origin_shifted,mp-1341203,mp-1341203,TiO2,origin_shifted,equivalent_transform,no_noise,1,20,1,0,0,0,small::mp-1341203::reference,0.18259397894144058
medium,small,small::mp-1341203::permuted_sites,mp-1341203,mp-1341203,TiO2,permuted_sites,equivalent_transform,no_noise,1,20,1,0,0,0,small::mp-1341203::reference,0.2676007207483053
medium,small,small::mp-1341203::combined_noise_0.002A_0.003,mp-1341203,mp-1341203,TiO2,combined_noise_0.002A_0.003,combined_perturbation,noise,1,20,1,0,0,0,small::mp-1341203::reference,0.17804731242358685
medium,small,small::mp-1341203::combined_noise_0.015A_0.003,mp-1341203,mp-1341203,TiO2,combined_noise_0.015A_0.003,combined_perturbation,noise,1,20,1,0,0,0,small::mp-1341203::reference,0.15500070340931416
medium,small,small::mp-1341203::combined_noise_0.050A_0.003,mp-1341203,mp-1341203,TiO2,combined_noise_0.050A_0.003,combined_perturbation,noise,1,20,1,0,0,0,small::mp-1341203::reference,0.15616453625261784
medium,small,small::mp-1341203::combined_noise_0.002A_0.010,mp-1341203,mp-1341203,TiO2,combined_noise_0.002A_0.010,combined_perturbation,noise,1,20,1,0,0,0,small::mp-1341203::reference,0.17650830000638962
medium,small,small::mp-1341203::combined_noise_0.015A_0.010,mp-1341203,mp-1341203,TiO2,combined_noise_0.015A_0.010,combined_perturbation,noise,1,20,1,0,0,0,small::mp-1341203::reference,0.15575938299298286
medium,small,small::mp-1341203::combined_noise_0.050A_0.010,mp-1341203,mp-1341203,TiO2,combined_noise_0.050A_0.010,combined_perturbation,noise,1,20,1,0,0,0,small::mp-1341203::reference,0.16317198425531387
medium,small,small::mp-1341203::combined_noise_0.002A_0.030,mp-1341203,mp-1341203,TiO2,combined_noise_0.002A_0.030,combined_perturbation,noise,1,20,1,0,0,0,small::mp-1341203::reference,0.1660012397915125
medium,small,small::mp-1341203::combined_noise_0.015A_0.030,mp-1341203,mp-1341203,TiO2,combined_noise_0.015A_0.030,combined_perturbation,noise,1,20,1,0,0,0,small::mp-1341203::reference,0.17501072213053703
medium,small,small::mp-1341203::combined_noise_0.050A_0.030,mp-1341203,mp-1341203,TiO2,combined_noise_0.050A_0.030,combined_perturbation,noise,1,20,1,0,0,0,small::mp-1341203::reference,0.14877033419907093
medium,small,small::mp-1380335::conventional_standard,mp-1380335,mp-1380335,TiO2,conventional_standard,equivalent_transform,no_noise,1,20,1,0,0,0,small::mp-1380335::reference,0.35179702192544937
medium,small,small::mp-1380335::niggli_reduced,mp-1380335,mp-1380335,TiO2,niggli_reduced,equivalent_transform,no_noise,1,20,1,0,0,0,small::mp-1380335::reference,0.2863431554287672
medium,small,small::mp-1380335::origin_shifted,mp-1380335,mp-1380335,TiO2,origin_shifted,equivalent_transform,no_noise,1,20,1,0,0,0,small::mp-1380335::reference,0.3023311235010624
medium,small,small::mp-1380335::permuted_sites,mp-1380335,mp-1380335,TiO2,permuted_sites,equivalent_transform,no_noise,1,20,1,0,0,0,small::mp-1380335::reference,0.5023962929844856
medium,small,small::mp-1380335::combined_noise_0.002A_0.003,mp-1380335,mp-1380335,TiO2,combined_noise_0.002A_0.003,combined_perturbation,noise,1,20,1,0,0,0,small::mp-1380335::reference,0.29182923026382923
medium,small,small::mp-1380335::combined_noise_0.015A_0.003,mp-1380335,mp-1380335,TiO2,combined_noise_0.015A_0.003,combined_perturbation,noise,1,20,1,0,0,0,small::mp-1380335::reference,0.28938875906169415
medium,small,small::mp-1380335::combined_noise_0.050A_0.003,mp-1380335,mp-1380335,TiO2,combined_noise_0.050A_0.003,combined_perturbation,noise,1,20,1,0,0,0,small::mp-1380335::reference,0.2875872068107128
medium,small,small::mp-1380335::combined_noise_0.002A_0.010,mp-1380335,mp-1380335,TiO2,combined_noise_0.002A_0.010,combined_perturbation,noise,1,20,1,0,0,0,small::mp-1380335::reference,0.2867990527302027
medium,small,small::mp-1380335::combined_noise_0.015A_0.010,mp-1380335,mp-1380335,TiO2,combined_noise_0.015A_0.010,combined_perturbation,noise,1,20,1,0,0,0,small::mp-1380335::reference,0.293992605060339
medium,small,small::mp-1380335::combined_noise_0.050A_0.010,mp-1380335,mp-1380335,TiO2,combined_noise_0.050A_0.010,combined_perturbation,noise,1,20,1,0,0,0,small::mp-1380335::reference,0.28822840563952923
medium,small,small::mp-1380335::combined_noise_0.002A_0.030,mp-1380335,mp-1380335,TiO2,combined_noise_0.002A_0.030,combined_perturbation,noise,1,20,1,0,0,0,small::mp-1380335::reference,0.28422934003174305
medium,small,small::mp-1380335::combined_noise_0.015A_0.030,mp-1380335,mp-1380335,TiO2,combined_noise_0.015A_0.030,combined_perturbation,noise,1,20,1,0,0,0,small::mp-1380335::reference,0.2786191925406456
medium,small,small::mp-1380335::combined_noise_0.050A_0.030,mp-1380335,mp-1380335,TiO2,combined_noise_0.050A_0.030,combined_perturbation,noise,1,20,1,0,0,0,small::mp-1380335::reference,0.28715597465634346
medium,small,small::mp-1386640::conventional_standard,mp-1386640,mp-1386640,TiO2,conventional_standard,equivalent_transform,no_noise,1,20,1,0,0,0,small::mp-1386640::reference,0.11264697276055813
medium,small,small::mp-1386640::niggli_reduced,mp-1386640,mp-1386640,TiO2,niggli_reduced,equivalent_transform,no_noise,1,20,1,0,0,0,small::mp-1386640::reference,0.08287022449076176
medium,small,small::mp-1386640::origin_shifted,mp-1386640,mp-1386640,TiO2,origin_shifted,equivalent_transform,no_noise,1,20,1,0,0,0,small::mp-1386640::reference,0.08518410660326481
medium,small,small::mp-1386640::permuted_sites,mp-1386640,mp-1386640,TiO2,permuted_sites,equivalent_transform,no_noise,1,20,1,0,0,0,small::mp-1386640::reference,0.11199021525681019
medium,small,small::mp-1386640::combined_noise_0.002A_0.003,mp-1386640,mp-1386640,TiO2,combined_noise_0.002A_0.003,combined_perturbation,noise,1,20,1,0,0,0,small::mp-1386640::reference,0.08132873848080635
medium,small,small::mp-1386640::combined_noise_0.015A_0.003,mp-1386640,mp-1386640,TiO2,combined_noise_0.015A_0.003,combined_perturbation,noise,1,20,1,0,0,0,small::mp-1386640::reference,0.08188588358461857
medium,small,small::mp-1386640::combined_noise_0.050A_0.003,mp-1386640,mp-1386640,TiO2,combined_noise_0.050A_0.003,combined_perturbation,noise,1,20,1,0,0,0,small::mp-1386640::reference,0.08047883957624435
medium,small,small::mp-1386640::combined_noise_0.002A_0.010,mp-1386640,mp-1386640,TiO2,combined_noise_0.002A_0.010,combined_perturbation,noise,1,20,1,0,0,0,small::mp-1386640::reference,0.08104505203664303
medium,small,small::mp-1386640::combined_noise_0.015A_0.010,mp-1386640,mp-1386640,TiO2,combined_noise_0.015A_0.010,combined_perturbation,noise,1,20,1,0,0,0,small::mp-1386640::reference,0.08194424025714397
medium,small,small::mp-1386640::combined_noise_0.050A_0.010,mp-1386640,mp-1386640,TiO2,combined_noise_0.050A_0.010,combined_perturbation,noise,1,20,1,0,0,0,small::mp-1386640::reference,0.0784191470593214
medium,small,small::mp-1386640::combined_noise_0.002A_0.030,mp-1386640,mp-1386640,TiO2,combined_noise_0.002A_0.030,combined_perturbation,noise,1,20,1,0,0,0,small::mp-1386640::reference,0.0782345999032259
medium,small,small::mp-1386640::combined_noise_0.015A_0.030,mp-1386640,mp-1386640,TiO2,combined_noise_0.015A_0.030,combined_perturbation,noise,1,20,1,0,0,0,small::mp-1386640::reference,0.079227639362216
medium,small,small::mp-1386640::combined_noise_0.050A_0.030,mp-1386640,mp-1386640,TiO2,combined_noise_0.050A_0.030,combined_perturbation,noise,1,20,1,0,0,0,small::mp-1386640::reference,0.07800832018256187
medium,small,small::mp-1400963::conventional_standard,mp-1400963,mp-1400963,TiO2,conventional_standard,equivalent_transform,no_noise,1,20,1,0,0,0,small::mp-1400963::reference,0.11756300181150436
medium,small,small::mp-1400963::niggli_reduced,mp-1400963,mp-1400963,TiO2,niggli_reduced,equivalent_transform,no_noise,1,20,1,0,0,0,small::mp-1400963::reference,0.08786747977137566
medium,small,small::mp-1400963::origin_shifted,mp-1400963,mp-1400963,TiO2,origin_shifted,equivalent_transform,no_noise,1,20,1,0,0,0,small::mp-1400963::reference,0.09125982783734798
medium,small,small::mp-1400963::permuted_sites,mp-1400963,mp-1400963,TiO2,permuted_sites,equivalent_transform,no_noise,1,20,1,0,0,0,small::mp-1400963::reference,0.11979511380195618
medium,small,small::mp-1400963::combined_noise_0.002A_0.003,mp-1400963,mp-1400963,TiO2,combined_noise_0.002A_0.003,combined_perturbation,noise,1,20,1,0,0,0,small::mp-1400963::reference,0.08885507099330425
medium,small,small::mp-1400963::combined_noise_0.015A_0.003,mp-1400963,mp-1400963,TiO2,combined_noise_0.015A_0.003,combined_perturbation,noise,1,20,1,0,0,0,small::mp-1400963::reference,0.09035843424499035
medium,small,small::mp-1400963::combined_noise_0.050A_0.003,mp-1400963,mp-1400963,TiO2,combined_noise_0.050A_0.003,combined_perturbation,noise,1,20,1,0,0,0,small::mp-1400963::reference,0.09306084737181664
medium,small,small::mp-1400963::combined_noise_0.002A_0.010,mp-1400963,mp-1400963,TiO2,combined_noise_0.002A_0.010,combined_perturbation,noise,1,20,1,0,0,0,small::mp-1400963::reference,0.09393351897597313
medium,small,small::mp-1400963::combined_noise_0.015A_0.010,mp-1400963,mp-1400963,TiO2,combined_noise_0.015A_0.010,combined_perturbation,noise,1,20,1,0,0,0,small::mp-1400963::reference,0.09327429719269276
medium,small,small::mp-1400963::combined_noise_0.050A_0.010,mp-1400963,mp-1400963,TiO2,combined_noise_0.050A_0.010,combined_perturbation,noise,1,20,1,0,0,0,small::mp-1400963::reference,0.09250562638044357
medium,small,small::mp-1400963::combined_noise_0.002A_0.030,mp-1400963,mp-1400963,TiO2,combined_noise_0.002A_0.030,combined_perturbation,noise,1,20,1,0,0,0,small::mp-1400963::reference,0.0936033483594656
medium,small,small::mp-1400963::combined_noise_0.015A_0.030,mp-1400963,mp-1400963,TiO2,combined_noise_0.015A_0.030,combined_perturbation,noise,1,20,1,0,0,0,small::mp-1400963::reference,0.09052794612944126
medium,small,small::mp-1400963::combined_noise_0.050A_0.030,mp-1400963,mp-1400963,TiO2,combined_noise_0.050A_0.030,combined_perturbation,noise,1,20,1,0,0,0,small::mp-1400963::reference,0.09060243330895901
medium,small,small::mp-1408285::conventional_standard,mp-1408285,mp-1408285,TiO2,conventional_standard,equivalent_transform,no_noise,1,20,1,0,0,0,small::mp-1408285::reference,0.23671822622418404
medium,small,small::mp-1408285::niggli_reduced,mp-1408285,mp-1408285,TiO2,niggli_reduced,equivalent_transform,no_noise,1,20,1,0,0,0,small::mp-1408285::reference,0.1768945213407278
medium,small,small::mp-1408285::origin_shifted,mp-1408285,mp-1408285,TiO2,origin_shifted,equivalent_transform,no_noise,1,20,1,0,0,0,small::mp-1408285::reference,0.16075572930276394
medium,small,small::mp-1408285::permuted_sites,mp-1408285,mp-1408285,TiO2,permuted_sites,equivalent_transform,no_noise,1,20,1,0,0,0,small::mp-1408285::reference,0.20254154689610004
medium,small,small::mp-1408285::combined_noise_0.002A_0.003,mp-1408285,mp-1408285,TiO2,combined_noise_0.002A_0.003,combined_perturbation,noise,1,20,1,0,0,0,small::mp-1408285::reference,0.15360721200704575
medium,small,small::mp-1408285::combined_noise_0.015A_0.003,mp-1408285,mp-1408285,TiO2,combined_noise_0.015A_0.003,combined_perturbation,noise,1,20,1,0,0,0,small::mp-1408285::reference,0.1528266705572605
medium,small,small::mp-1408285::combined_noise_0.050A_0.003,mp-1408285,mp-1408285,TiO2,combined_noise_0.050A_0.003,combined_perturbation,noise,1,20,1,0,0,0,small::mp-1408285::reference,0.15302001871168613
medium,small,small::mp-1408285::combined_noise_0.002A_0.010,mp-1408285,mp-1408285,TiO2,combined_noise_0.002A_0.010,combined_perturbation,noise,1,20,1,0,0,0,small::mp-1408285::reference,0.15235251747071743
medium,small,small::mp-1408285::combined_noise_0.015A_0.010,mp-1408285,mp-1408285,TiO2,combined_noise_0.015A_0.010,combined_perturbation,noise,1,20,1,0,0,0,small::mp-1408285::reference,0.15359807200729847
medium,small,small::mp-1408285::combined_noise_0.050A_0.010,mp-1408285,mp-1408285,TiO2,combined_noise_0.050A_0.010,combined_perturbation,noise,1,20,1,0,0,0,small::mp-1408285::reference,0.1544175036251545
medium,small,small::mp-1408285::combined_noise_0.002A_0.030,mp-1408285,mp-1408285,TiO2,combined_noise_0.002A_0.030,combined_perturbation,noise,1,20,1,0,0,0,small::mp-1408285::reference,0.1787068471312523
medium,small,small::mp-1408285::combined_noise_0.015A_0.030,mp-1408285,mp-1408285,TiO2,combined_noise_0.015A_0.030,combined_perturbation,noise,1,20,1,0,0,0,small::mp-1408285::reference,0.1546834222972393
medium,small,small::mp-1408285::combined_noise_0.050A_0.030,mp-1408285,mp-1408285,TiO2,combined_noise_0.050A_0.030,combined_perturbation,noise,1,20,1,0,0,0,small::mp-1408285::reference,0.15245182067155838
medium,small,small::mp-1426806::conventional_standard,mp-1426806,mp-1426806,TiO2,conventional_standard,equivalent_transform,no_noise,1,20,1,0,0,0,small::mp-1426806::reference,0.07686217315495014
medium,small,small::mp-1426806::niggli_reduced,mp-1426806,mp-1426806,TiO2,niggli_reduced,equivalent_transform,no_noise,1,20,1,0,0,0,small::mp-1426806::reference,0.0649016909301281
medium,small,small::mp-1426806::origin_shifted,mp-1426806,mp-1426806,TiO2,origin_shifted,equivalent_transform,no_noise,1,20,1,0,0,0,small::mp-1426806::reference,0.06710489466786385
medium,small,small::mp-1426806::permuted_sites,mp-1426806,mp-1426806,TiO2,permuted_sites,equivalent_transform,no_noise,1,20,1,0,0,0,small::mp-1426806::reference,0.06903705187141895
medium,small,small::mp-1426806::combined_noise_0.002A_0.003,mp-1426806,mp-1426806,TiO2,combined_noise_0.002A_0.003,combined_perturbation,noise,1,20,1,0,0,0,small::mp-1426806::reference,0.06497736647725105
medium,small,small::mp-1426806::combined_noise_0.015A_0.003,mp-1426806,mp-1426806,TiO2,combined_noise_0.015A_0.003,combined_perturbation,noise,1,20,1,0,0,0,small::mp-1426806::reference,0.06385195814073086
medium,small,small::mp-1426806::combined_noise_0.050A_0.003,mp-1426806,mp-1426806,TiO2,combined_noise_0.050A_0.003,combined_perturbation,noise,1,20,1,0,0,0,small::mp-1426806::reference,0.06431582942605019
medium,small,small::mp-1426806::combined_noise_0.002A_0.010,mp-1426806,mp-1426806,TiO2,combined_noise_0.002A_0.010,combined_perturbation,noise,1,20,1,0,0,0,small::mp-1426806::reference,0.06545190885663033
medium,small,small::mp-1426806::combined_noise_0.015A_0.010,mp-1426806,mp-1426806,TiO2,combined_noise_0.015A_0.010,combined_perturbation,noise,1,20,1,0,0,0,small::mp-1426806::reference,0.06440052762627602
medium,small,small::mp-1426806::combined_noise_0.050A_0.010,mp-1426806,mp-1426806,TiO2,combined_noise_0.050A_0.010,combined_perturbation,noise,1,20,1,0,0,0,small::mp-1426806::reference,0.06696709059178829
medium,small,small::mp-1426806::combined_noise_0.002A_0.030,mp-1426806,mp-1426806,TiO2,combined_noise_0.002A_0.030,combined_perturbation,noise,1,20,1,0,0,0,small::mp-1426806::reference,0.06528707221150398
medium,small,small::mp-1426806::combined_noise_0.015A_0.030,mp-1426806,mp-1426806,TiO2,combined_noise_0.015A_0.030,combined_perturbation,noise,1,20,1,0,0,0,small::mp-1426806::reference,0.06278000771999359
medium,small,small::mp-1426806::combined_noise_0.050A_0.030,mp-1426806,mp-1426806,TiO2,combined_noise_0.050A_0.030,combined_perturbation,noise,1,20,1,0,0,0,small::mp-1426806::reference,0.06578801944851875
medium,small,small::mp-1439::conventional_standard,mp-1439,mp-1439,TiO2,conventional_standard,equivalent_transform,no_noise,1,20,1,0,0,0,small::mp-1439::reference,0.1909765750169754
medium,small,small::mp-1439::niggli_reduced,mp-1439,mp-1439,TiO2,niggli_reduced,equivalent_transform,no_noise,1,20,1,0,0,0,small::mp-1439::reference,0.1689081434160471
medium,small,small::mp-1439::origin_shifted,mp-1439,mp-1439,TiO2,origin_shifted,equivalent_transform,no_noise,1,20,1,0,0,0,small::mp-1439::reference,0.16395860351622105
medium,small,small::mp-1439::permuted_sites,mp-1439,mp-1439,TiO2,permuted_sites,equivalent_transform,no_noise,1,20,1,0,0,0,small::mp-1439::reference,0.22536317072808743
medium,small,small::mp-1439::combined_noise_0.002A_0.003,mp-1439,mp-1439,TiO2,combined_noise_0.002A_0.003,combined_perturbation,noise,1,20,1,0,0,0,small::mp-1439::reference,0.18880731984972954
medium,small,small::mp-1439::combined_noise_0.015A_0.003,mp-1439,mp-1439,TiO2,combined_noise_0.015A_0.003,combined_perturbation,noise,1,20,1,0,0,0,small::mp-1439::reference,0.18694970570504665
medium,small,small::mp-1439::combined_noise_0.050A_0.003,mp-1439,mp-1439,TiO2,combined_noise_0.050A_0.003,combined_perturbation,noise,1,20,1,0,0,0,small::mp-1439::reference,0.18652919679880142
medium,small,small::mp-1439::combined_noise_0.002A_0.010,mp-1439,mp-1439,TiO2,combined_noise_0.002A_0.010,combined_perturbation,noise,1,20,1,0,0,0,small::mp-1439::reference,0.19315320439636707
medium,small,small::mp-1439::combined_noise_0.015A_0.010,mp-1439,mp-1439,TiO2,combined_noise_0.015A_0.010,combined_perturbation,noise,1,20,1,0,0,0,small::mp-1439::reference,0.18381898291409016
medium,small,small::mp-1439::combined_noise_0.050A_0.010,mp-1439,mp-1439,TiO2,combined_noise_0.050A_0.010,combined_perturbation,noise,1,20,1,0,0,0,small::mp-1439::reference,0.18561885505914688
medium,small,small::mp-1439::combined_noise_0.002A_0.030,mp-1439,mp-1439,TiO2,combined_noise_0.002A_0.030,combined_perturbation,noise,1,20,1,0,0,0,small::mp-1439::reference,0.1914940308779478
medium,small,small::mp-1439::combined_noise_0.015A_0.030,mp-1439,mp-1439,TiO2,combined_noise_0.015A_0.030,combined_perturbation,noise,1,20,1,0,0,0,small::mp-1439::reference,0.1841274220496416
medium,small,small::mp-1439::combined_noise_0.050A_0.030,mp-1439,mp-1439,TiO2,combined_noise_0.050A_0.030,combined_perturbation,noise,1,20,1,0,0,0,small::mp-1439::reference,0.200067276135087
medium,small,small::mp-1445035::conventional_standard,mp-1445035,mp-1445035,TiO2,conventional_standard,equivalent_transform,no_noise,1,20,1,0,0,0,small::mp-1445035::reference,0.10115095786750317
medium,small,small::mp-1445035::niggli_reduced,mp-1445035,mp-1445035,TiO2,niggli_reduced,equivalent_transform,no_noise,1,20,1,0,0,0,small::mp-1445035::reference,0.09734973311424255
medium,small,small::mp-1445035::origin_shifted,mp-1445035,mp-1445035,TiO2,origin_shifted,equivalent_transform,no_noise,1,20,1,0,0,0,small::mp-1445035::reference,0.09924251586198807
medium,small,small::mp-1445035::permuted_sites,mp-1445035,mp-1445035,TiO2,permuted_sites,equivalent_transform,no_noise,1,20,1,0,0,0,small::mp-1445035::reference,0.11611421965062618
medium,small,small::mp-1445035::combined_noise_0.002A_0.003,mp-1445035,mp-1445035,TiO2,combined_noise_0.002A_0.003,combined_perturbation,noise,1,20,1,0,0,0,small::mp-1445035::reference,0.09149915538728237
medium,small,small::mp-1445035::combined_noise_0.015A_0.003,mp-1445035,mp-1445035,TiO2,combined_noise_0.015A_0.003,combined_perturbation,noise,1,20,1,0,0,0,small::mp-1445035::reference,0.09444981999695301
medium,small,small::mp-1445035::combined_noise_0.050A_0.003,mp-1445035,mp-1445035,TiO2,combined_noise_0.050A_0.003,combined_perturbation,noise,1,20,1,0,0,0,small::mp-1445035::reference,0.08692098967730999
medium,small,small::mp-1445035::combined_noise_0.002A_0.010,mp-1445035,mp-1445035,TiO2,combined_noise_0.002A_0.010,combined_perturbation,noise,1,20,1,0,0,0,small::mp-1445035::reference,0.08998455666005611
medium,small,small::mp-1445035::combined_noise_0.015A_0.010,mp-1445035,mp-1445035,TiO2,combined_noise_0.015A_0.010,combined_perturbation,noise,1,20,1,0,0,0,small::mp-1445035::reference,0.09390744753181934
medium,small,small::mp-1445035::combined_noise_0.050A_0.010,mp-1445035,mp-1445035,TiO2,combined_noise_0.050A_0.010,combined_perturbation,noise,1,20,1,0,0,0,small::mp-1445035::reference,0.0934100579470396
medium,small,small::mp-1445035::combined_noise_0.002A_0.030,mp-1445035,mp-1445035,TiO2,combined_noise_0.002A_0.030,combined_perturbation,noise,1,20,1,0,0,0,small::mp-1445035::reference,0.09607650153338909
medium,small,small::mp-1445035::combined_noise_0.015A_0.030,mp-1445035,mp-1445035,TiO2,combined_noise_0.015A_0.030,combined_perturbation,noise,1,20,1,0,0,0,small::mp-1445035::reference,0.09647891111671925
medium,small,small::mp-1445035::combined_noise_0.050A_0.030,mp-1445035,mp-1445035,TiO2,combined_noise_0.050A_0.030,combined_perturbation,noise,1,20,1,0,0,0,small::mp-1445035::reference,0.09148678556084633
medium,small,small::mp-1840::conventional_standard,mp-1840,mp-1840,TiO2,conventional_standard,equivalent_transform,no_noise,1,20,1,0,0,0,small::mp-1840::reference,0.277022160589695
medium,small,small::mp-1840::niggli_reduced,mp-1840,mp-1840,TiO2,niggli_reduced,equivalent_transform,no_noise,1,20,1,0,0,0,small::mp-1840::reference,0.29985340125858784
medium,small,small::mp-1840::origin_shifted,mp-1840,mp-1840,TiO2,origin_shifted,equivalent_transform,no_noise,1,20,1,0,0,0,small::mp-1840::reference,0.28763720393180847
medium,small,small::mp-1840::permuted_sites,mp-1840,mp-1840,TiO2,permuted_sites,equivalent_transform,no_noise,1,20,1,0,0,0,small::mp-1840::reference,0.3728049509227276
medium,small,small::mp-1840::combined_noise_0.002A_0.003,mp-1840,mp-1840,TiO2,combined_noise_0.002A_0.003,combined_perturbation,noise,1,20,1,0,0,0,small::mp-1840::reference,0.268727820366621
medium,small,small::mp-1840::combined_noise_0.015A_0.003,mp-1840,mp-1840,TiO2,combined_noise_0.015A_0.003,combined_perturbation,noise,1,20,1,0,0,0,small::mp-1840::reference,0.2663342263549566
medium,small,small::mp-1840::combined_noise_0.050A_0.003,mp-1840,mp-1840,TiO2,combined_noise_0.050A_0.003,combined_perturbation,noise,1,20,1,0,0,0,small::mp-1840::reference,0.2596306186169386
medium,small,small::mp-1840::combined_noise_0.002A_0.010,mp-1840,mp-1840,TiO2,combined_noise_0.002A_0.010,combined_perturbation,noise,1,20,1,0,0,0,small::mp-1840::reference,0.27271631732583046
medium,small,small::mp-1840::combined_noise_0.015A_0.010,mp-1840,mp-1840,TiO2,combined_noise_0.015A_0.010,combined_perturbation,noise,1,20,1,0,0,0,small::mp-1840::reference,0.27270767465233803
medium,small,small::mp-1840::combined_noise_0.050A_0.010,mp-1840,mp-1840,TiO2,combined_noise_0.050A_0.010,combined_perturbation,noise,1,20,1,0,0,0,small::mp-1840::reference,0.2651807051151991
medium,small,small::mp-1840::combined_noise_0.002A_0.030,mp-1840,mp-1840,TiO2,combined_noise_0.002A_0.030,combined_perturbation,noise,1,20,1,0,0,0,small::mp-1840::reference,0.27450115606188774
medium,small,small::mp-1840::combined_noise_0.015A_0.030,mp-1840,mp-1840,TiO2,combined_noise_0.015A_0.030,combined_perturbation,noise,1,20,1,0,0,0,small::mp-1840::reference,0.2843641899526119
medium,small,small::mp-1840::combined_noise_0.050A_0.030,mp-1840,mp-1840,TiO2,combined_noise_0.050A_0.030,combined_perturbation,noise,1,20,1,0,0,0,small::mp-1840::reference,0.26731694862246513
medium,small,small::mp-2420244::conventional_standard,mp-2420244,mp-2420244,TiO2,conventional_standard,equivalent_transform,no_noise,1,20,1,0,0,0,small::mp-2420244::reference,0.12340814806520939
medium,small,small::mp-2420244::niggli_reduced,mp-2420244,mp-2420244,TiO2,niggli_reduced,equivalent_transform,no_noise,1,20,1,0,0,0,small::mp-2420244::reference,0.10046551935374737
medium,small,small::mp-2420244::origin_shifted,mp-2420244,mp-2420244,TiO2,origin_shifted,equivalent_transform,no_noise,1,20,1,0,0,0,small::mp-2420244::reference,0.1363994386047125
medium,small,small::mp-2420244::permuted_sites,mp-2420244,mp-2420244,TiO2,permuted_sites,equivalent_transform,no_noise,1,20,1,0,0,0,small::mp-2420244::reference,0.15509234368801117
medium,small,small::mp-2420244::combined_noise_0.002A_0.003,mp-2420244,mp-2420244,TiO2,combined_noise_0.002A_0.003,combined_perturbation,noise,1,20,1,0,0,0,small::mp-2420244::reference,0.13250049948692322
medium,small,small::mp-2420244::combined_noise_0.015A_0.003,mp-2420244,mp-2420244,TiO2,combined_noise_0.015A_0.003,combined_perturbation,noise,1,20,1,0,0,0,small::mp-2420244::reference,0.12023571319878101
medium,small,small::mp-2420244::combined_noise_0.050A_0.003,mp-2420244,mp-2420244,TiO2,combined_noise_0.050A_0.003,combined_perturbation,noise,1,20,1,0,0,0,small::mp-2420244::reference,0.11934066377580166
medium,small,small::mp-2420244::combined_noise_0.002A_0.010,mp-2420244,mp-2420244,TiO2,combined_noise_0.002A_0.010,combined_perturbation,noise,1,20,1,0,0,0,small::mp-2420244::reference,0.11450236663222313
medium,small,small::mp-2420244::combined_noise_0.015A_0.010,mp-2420244,mp-2420244,TiO2,combined_noise_0.015A_0.010,combined_perturbation,noise,1,20,1,0,0,0,small::mp-2420244::reference,0.11344403587281704
medium,small,small::mp-2420244::combined_noise_0.050A_0.010,mp-2420244,mp-2420244,TiO2,combined_noise_0.050A_0.010,combined_perturbation,noise,1,20,1,0,0,0,small::mp-2420244::reference,0.12332572974264622
medium,small,small::mp-2420244::combined_noise_0.002A_0.030,mp-2420244,mp-2420244,TiO2,combined_noise_0.002A_0.030,combined_perturbation,noise,1,20,1,0,0,0,small::mp-2420244::reference,0.12642740458250046
medium,small,small::mp-2420244::combined_noise_0.015A_0.030,mp-2420244,mp-2420244,TiO2,combined_noise_0.015A_0.030,combined_perturbation,noise,1,20,1,0,0,0,small::mp-2420244::reference,0.12706612423062325
medium,small,small::mp-2420244::combined_noise_0.050A_0.030,mp-2420244,mp-2420244,TiO2,combined_noise_0.050A_0.030,combined_perturbation,noise,1,20,1,0,0,0,small::mp-2420244::reference,0.12611542455852032
medium,small,small::mp-25262::conventional_standard,mp-25262,mp-25262,TiO2,conventional_standard,equivalent_transform,no_noise,1,20,1,0,0,0,small::mp-25262::reference,0.30558229237794876
medium,small,small::mp-25262::niggli_reduced,mp-25262,mp-25262,TiO2,niggli_reduced,equivalent_transform,no_noise,1,20,1,0,0,0,small::mp-25262::reference,0.15770596452057362
medium,small,small::mp-25262::origin_shifted,mp-25262,mp-25262,TiO2,origin_shifted,equivalent_transform,no_noise,1,20,1,0,0,0,small::mp-25262::reference,0.16318762302398682
medium,small,small::mp-25262::permuted_sites,mp-25262,mp-25262,TiO2,permuted_sites,equivalent_transform,no_noise,1,20,1,0,0,0,small::mp-25262::reference,0.19250627420842648
medium,small,small::mp-25262::combined_noise_0.002A_0.003,mp-25262,mp-25262,TiO2,combined_noise_0.002A_0.003,combined_perturbation,noise,1,20,1,0,0,0,small::mp-25262::reference,0.1812372487038374
medium,small,small::mp-25262::combined_noise_0.015A_0.003,mp-25262,mp-25262,TiO2,combined_noise_0.015A_0.003,combined_perturbation,noise,1,20,1,0,0,0,small::mp-25262::reference,0.16932625509798527
medium,small,small::mp-25262::combined_noise_0.050A_0.003,mp-25262,mp-25262,TiO2,combined_noise_0.050A_0.003,combined_perturbation,noise,1,20,1,0,0,0,small::mp-25262::reference,0.1677314192056656
medium,small,small::mp-25262::combined_noise_0.002A_0.010,mp-25262,mp-25262,TiO2,combined_noise_0.002A_0.010,combined_perturbation,noise,1,20,1,0,0,0,small::mp-25262::reference,0.16747724078595638
medium,small,small::mp-25262::combined_noise_0.015A_0.010,mp-25262,mp-25262,TiO2,combined_noise_0.015A_0.010,combined_perturbation,noise,1,20,1,0,0,0,small::mp-25262::reference,0.1775602251291275
medium,small,small::mp-25262::combined_noise_0.050A_0.010,mp-25262,mp-25262,TiO2,combined_noise_0.050A_0.010,combined_perturbation,noise,1,20,1,0,0,0,small::mp-25262::reference,0.17237078584730625
medium,small,small::mp-25262::combined_noise_0.002A_0.030,mp-25262,mp-25262,TiO2,combined_noise_0.002A_0.030,combined_perturbation,noise,1,20,1,0,0,0,small::mp-25262::reference,0.18646059557795525
medium,small,small::mp-25262::combined_noise_0.015A_0.030,mp-25262,mp-25262,TiO2,combined_noise_0.015A_0.030,combined_perturbation,noise,1,20,1,0,0,0,small::mp-25262::reference,0.17114252410829067
medium,small,small::mp-25262::combined_noise_0.050A_0.030,mp-25262,mp-25262,TiO2,combined_noise_0.050A_0.030,combined_perturbation,noise,1,20,1,0,0,0,small::mp-25262::reference,0.189375851303339
medium,small,small::mp-25433::conventional_standard,mp-25433,mp-25433,TiO2,conventional_standard,equivalent_transform,no_noise,1,20,1,0,0,0,small::mp-25433::reference,0.1597679704427719
medium,small,small::mp-25433::niggli_reduced,mp-25433,mp-25433,TiO2,niggli_reduced,equivalent_transform,no_noise,1,20,1,0,0,0,small::mp-25433::reference,0.15292747132480145
medium,small,small::mp-25433::origin_shifted,mp-25433,mp-25433,TiO2,origin_shifted,equivalent_transform,no_noise,1,20,1,0,0,0,small::mp-25433::reference,0.15679639764130116
medium,small,small::mp-25433::permuted_sites,mp-25433,mp-25433,TiO2,permuted_sites,equivalent_transform,no_noise,1,20,1,0,0,0,small::mp-25433::reference,0.1380755715072155
medium,small,small::mp-25433::combined_noise_0.002A_0.003,mp-25433,mp-25433,TiO2,combined_noise_0.002A_0.003,combined_perturbation,noise,1,20,1,0,0,0,small::mp-25433::reference,0.15960434824228287
medium,small,small::mp-25433::combined_noise_0.015A_0.003,mp-25433,mp-25433,TiO2,combined_noise_0.015A_0.003,combined_perturbation,noise,1,20,1,0,0,0,small::mp-25433::reference,0.15261561796069145
medium,small,small::mp-25433::combined_noise_0.050A_0.003,mp-25433,mp-25433,TiO2,combined_noise_0.050A_0.003,combined_perturbation,noise,1,20,1,0,0,0,small::mp-25433::reference,0.14584561996161938
medium,small,small::mp-25433::combined_noise_0.002A_0.010,mp-25433,mp-25433,TiO2,combined_noise_0.002A_0.010,combined_perturbation,noise,1,20,1,0,0,0,small::mp-25433::reference,0.14888553507626057
medium,small,small::mp-25433::combined_noise_0.015A_0.010,mp-25433,mp-25433,TiO2,combined_noise_0.015A_0.010,combined_perturbation,noise,1,20,1,0,0,0,small::mp-25433::reference,0.14607612043619156
medium,small,small::mp-25433::combined_noise_0.050A_0.010,mp-25433,mp-25433,TiO2,combined_noise_0.050A_0.010,combined_perturbation,noise,1,20,1,0,0,0,small::mp-25433::reference,0.14807745441794395
medium,small,small::mp-25433::combined_noise_0.002A_0.030,mp-25433,mp-25433,TiO2,combined_noise_0.002A_0.030,combined_perturbation,noise,1,20,1,0,0,0,small::mp-25433::reference,0.1515260972082615
medium,small,small::mp-25433::combined_noise_0.015A_0.030,mp-25433,mp-25433,TiO2,combined_noise_0.015A_0.030,combined_perturbation,noise,1,20,1,0,0,0,small::mp-25433::reference,0.15531109273433685
medium,small,small::mp-25433::combined_noise_0.050A_0.030,mp-25433,mp-25433,TiO2,combined_noise_0.050A_0.030,combined_perturbation,noise,1,20,1,0,0,0,small::mp-25433::reference,0.16285713203251362
loose,small,small::mp-1008374::conventional_standard,mp-1008374,mp-1008374,C,conventional_standard,equivalent_transform,no_noise,1,20,4,0,3,0,small::mp-1008374::reference|small::mp-1078845::reference|small::mp-1182029::reference|small::mp-169::reference,0.22054503113031387
loose,small,small::mp-1008374::niggli_reduced,mp-1008374,mp-1008374,C,niggli_reduced,equivalent_transform,no_noise,1,20,4,0,3,0,small::mp-1008374::reference|small::mp-1078845::reference|small::mp-1182029::reference|small::mp-169::reference,0.17282226495444775
loose,small,small::mp-1008374::origin_shifted,mp-1008374,mp-1008374,C,origin_shifted,equivalent_transform,no_noise,1,20,4,0,3,0,small::mp-1008374::reference|small::mp-1078845::reference|small::mp-1182029::reference|small::mp-169::reference,0.17265515960752964
loose,small,small::mp-1008374::permuted_sites,mp-1008374,mp-1008374,C,permuted_sites,equivalent_transform,no_noise,1,20,4,0,3,0,small::mp-1008374::reference|small::mp-1078845::reference|small::mp-1182029::reference|small::mp-169::reference,0.18275443091988564
loose,small,small::mp-1008374::combined_noise_0.002A_0.003,mp-1008374,mp-1008374,C,combined_noise_0.002A_0.003,combined_perturbation,noise,1,20,4,0,3,0,small::mp-1008374::reference|small::mp-1078845::reference|small::mp-1182029::reference|small::mp-169::reference,0.1677036490291357
loose,small,small::mp-1008374::combined_noise_0.015A_0.003,mp-1008374,mp-1008374,C,combined_noise_0.015A_0.003,combined_perturbation,noise,1,20,4,0,3,0,small::mp-1008374::reference|small::mp-1078845::reference|small::mp-1182029::reference|small::mp-169::reference,0.1711548138409853
loose,small,small::mp-1008374::combined_noise_0.050A_0.003,mp-1008374,mp-1008374,C,combined_noise_0.050A_0.003,combined_perturbation,noise,1,20,4,0,3,0,small::mp-1008374::reference|small::mp-1078845::reference|small::mp-1182029::reference|small::mp-169::reference,0.17072654515504837
loose,small,small::mp-1008374::combined_noise_0.002A_0.010,mp-1008374,mp-1008374,C,combined_noise_0.002A_0.010,combined_perturbation,noise,1,20,4,0,3,0,small::mp-1008374::reference|small::mp-1078845::reference|small::mp-1182029::reference|small::mp-169::reference,0.164656275883317
loose,small,small::mp-1008374::combined_noise_0.015A_0.010,mp-1008374,mp-1008374,C,combined_noise_0.015A_0.010,combined_perturbation,noise,1,20,4,0,3,0,small::mp-1008374::reference|small::mp-1078845::reference|small::mp-1182029::reference|small::mp-169::reference,0.16050213016569614
loose,small,small::mp-1008374::combined_noise_0.050A_0.010,mp-1008374,mp-1008374,C,combined_noise_0.050A_0.010,combined_perturbation,noise,1,20,4,0,3,0,small::mp-1008374::reference|small::mp-1078845::reference|small::mp-1182029::reference|small::mp-169::reference,0.16580096818506718
loose,small,small::mp-1008374::combined_noise_0.002A_0.030,mp-1008374,mp-1008374,C,combined_noise_0.002A_0.030,combined_perturbation,noise,1,20,5,0,4,0,small::mp-1008374::reference|small::mp-1078845::reference|small::mp-1080826::reference|small::mp-1182029::reference|small::mp-169::reference,0.18289258144795895
loose,small,small::mp-1008374::combined_noise_0.015A_0.030,mp-1008374,mp-1008374,C,combined_noise_0.015A_0.030,combined_perturbation,noise,1,20,4,0,3,0,small::mp-1008374::reference|small::mp-1078845::reference|small::mp-1182029::reference|small::mp-169::reference,0.16790077276527882
loose,small,small::mp-1008374::combined_noise_0.050A_0.030,mp-1008374,mp-1008374,C,combined_noise_0.050A_0.030,combined_perturbation,noise,1,20,4,0,3,0,small::mp-1008374::reference|small::mp-1078845::reference|small::mp-1182029::reference|small::mp-169::reference,0.1540151908993721
loose,small,small::mp-1008395::conventional_standard,mp-1008395,mp-1008395,C,conventional_standard,equivalent_transform,no_noise,1,20,1,0,0,0,small::mp-1008395::reference,0.13795863837003708
loose,small,small::mp-1008395::niggli_reduced,mp-1008395,mp-1008395,C,niggli_reduced,equivalent_transform,no_noise,1,20,1,0,0,0,small::mp-1008395::reference,0.13372565060853958
loose,small,small::mp-1008395::origin_shifted,mp-1008395,mp-1008395,C,origin_shifted,equivalent_transform,no_noise,1,20,1,0,0,0,small::mp-1008395::reference,0.13532196544110775
loose,small,small::mp-1008395::permuted_sites,mp-1008395,mp-1008395,C,permuted_sites,equivalent_transform,no_noise,1,20,1,0,0,0,small::mp-1008395::reference,0.1410401239991188
loose,small,small::mp-1008395::combined_noise_0.002A_0.003,mp-1008395,mp-1008395,C,combined_noise_0.002A_0.003,combined_perturbation,noise,1,20,1,0,0,0,small::mp-1008395::reference,0.13285034149885178
loose,small,small::mp-1008395::combined_noise_0.015A_0.003,mp-1008395,mp-1008395,C,combined_noise_0.015A_0.003,combined_perturbation,noise,1,20,1,0,0,0,small::mp-1008395::reference,0.13440756686031818
loose,small,small::mp-1008395::combined_noise_0.050A_0.003,mp-1008395,mp-1008395,C,combined_noise_0.050A_0.003,combined_perturbation,noise,1,20,1,0,0,0,small::mp-1008395::reference,0.1366428006440401
loose,small,small::mp-1008395::combined_noise_0.002A_0.010,mp-1008395,mp-1008395,C,combined_noise_0.002A_0.010,combined_perturbation,noise,1,20,1,0,0,0,small::mp-1008395::reference,0.13783252984285355
loose,small,small::mp-1008395::combined_noise_0.015A_0.010,mp-1008395,mp-1008395,C,combined_noise_0.015A_0.010,combined_perturbation,noise,1,20,1,0,0,0,small::mp-1008395::reference,0.19957725331187248
loose,small,small::mp-1008395::combined_noise_0.050A_0.010,mp-1008395,mp-1008395,C,combined_noise_0.050A_0.010,combined_perturbation,noise,1,20,1,0,0,0,small::mp-1008395::reference,0.17409734055399895
loose,small,small::mp-1008395::combined_noise_0.002A_0.030,mp-1008395,mp-1008395,C,combined_noise_0.002A_0.030,combined_perturbation,noise,1,20,2,0,1,0,small::mp-1008395::reference|small::mp-1182029::reference,0.15896214731037617
loose,small,small::mp-1008395::combined_noise_0.015A_0.030,mp-1008395,mp-1008395,C,combined_noise_0.015A_0.030,combined_perturbation,noise,1,20,2,0,1,0,small::mp-1008395::reference|small::mp-1182029::reference,0.16807627119123936
loose,small,small::mp-1008395::combined_noise_0.050A_0.030,mp-1008395,mp-1008395,C,combined_noise_0.050A_0.030,combined_perturbation,noise,1,20,2,0,1,0,small::mp-1008395::reference|small::mp-1181996::reference,0.11495468765497208
loose,small,small::mp-1018088::conventional_standard,mp-1018088,mp-1018088,C,conventional_standard,equivalent_transform,no_noise,1,20,2,0,1,0,small::mp-1018088::reference|small::mp-1182029::reference,0.24446717649698257
loose,small,small::mp-1018088::niggli_reduced,mp-1018088,mp-1018088,C,niggli_reduced,equivalent_transform,no_noise,1,20,2,0,1,0,small::mp-1018088::reference|small::mp-1182029::reference,0.2422481719404459
loose,small,small::mp-1018088::origin_shifted,mp-1018088,mp-1018088,C,origin_shifted,equivalent_transform,no_noise,1,20,2,0,1,0,small::mp-1018088::reference|small::mp-1182029::reference,0.24197731912136078
loose,small,small::mp-1018088::permuted_sites,mp-1018088,mp-1018088,C,permuted_sites,equivalent_transform,no_noise,1,20,2,0,1,0,small::mp-1018088::reference|small::mp-1182029::reference,0.25201078318059444
loose,small,small::mp-1018088::combined_noise_0.002A_0.003,mp-1018088,mp-1018088,C,combined_noise_0.002A_0.003,combined_perturbation,noise,1,20,2,0,1,0,small::mp-1018088::reference|small::mp-1182029::reference,0.24390360340476036
loose,small,small::mp-1018088::combined_noise_0.015A_0.003,mp-1018088,mp-1018088,C,combined_noise_0.015A_0.003,combined_perturbation,noise,1,20,2,0,1,0,small::mp-1018088::reference|small::mp-1182029::reference,0.24247724190354347
loose,small,small::mp-1018088::combined_noise_0.050A_0.003,mp-1018088,mp-1018088,C,combined_noise_0.050A_0.003,combined_perturbation,noise,1,20,2,0,1,0,small::mp-1018088::reference|small::mp-1182029::reference,0.2386690080165863
loose,small,small::mp-1018088::combined_noise_0.002A_0.010,mp-1018088,mp-1018088,C,combined_noise_0.002A_0.010,combined_perturbation,noise,1,20,2,0,1,0,small::mp-1018088::reference|small::mp-1182029::reference,0.23400776274502277
loose,small,small::mp-1018088::combined_noise_0.015A_0.010,mp-1018088,mp-1018088,C,combined_noise_0.015A_0.010,combined_perturbation,noise,1,20,2,0,1,0,small::mp-1018088::reference|small::mp-1182029::reference,0.23778830468654633
loose,small,small::mp-1018088::combined_noise_0.050A_0.010,mp-1018088,mp-1018088,C,combined_noise_0.050A_0.010,combined_perturbation,noise,1,20,2,0,1,0,small::mp-1018088::reference|small::mp-1182029::reference,0.24256223253905773
loose,small,small::mp-1018088::combined_noise_0.002A_0.030,mp-1018088,mp-1018088,C,combined_noise_0.002A_0.030,combined_perturbation,noise,1,20,2,0,1,0,small::mp-1018088::reference|small::mp-1182029::reference,0.23439643159508705
loose,small,small::mp-1018088::combined_noise_0.015A_0.030,mp-1018088,mp-1018088,C,combined_noise_0.015A_0.030,combined_perturbation,noise,1,20,2,0,1,0,small::mp-1018088::reference|small::mp-1182029::reference,0.22889036498963833
loose,small,small::mp-1018088::combined_noise_0.050A_0.030,mp-1018088,mp-1018088,C,combined_noise_0.050A_0.030,combined_perturbation,noise,1,20,2,0,1,0,small::mp-1018088::reference|small::mp-1182029::reference,0.24563634768128395
loose,small,small::mp-1040425::conventional_standard,mp-1040425,mp-1040425,C,conventional_standard,equivalent_transform,no_noise,1,20,1,0,0,0,small::mp-1040425::reference,0.18277031183242798
loose,small,small::mp-1040425::niggli_reduced,mp-1040425,mp-1040425,C,niggli_reduced,equivalent_transform,no_noise,1,20,1,0,0,0,small::mp-1040425::reference,0.17672327905893326
loose,small,small::mp-1040425::origin_shifted,mp-1040425,mp-1040425,C,origin_shifted,equivalent_transform,no_noise,1,20,1,0,0,0,small::mp-1040425::reference,0.18553007580339909
loose,small,small::mp-1040425::permuted_sites,mp-1040425,mp-1040425,C,permuted_sites,equivalent_transform,no_noise,1,20,1,0,0,0,small::mp-1040425::reference,0.17936256527900696
loose,small,small::mp-1040425::combined_noise_0.002A_0.003,mp-1040425,mp-1040425,C,combined_noise_0.002A_0.003,combined_perturbation,noise,1,20,1,0,0,0,small::mp-1040425::reference,0.18727963790297508
loose,small,small::mp-1040425::combined_noise_0.015A_0.003,mp-1040425,mp-1040425,C,combined_noise_0.015A_0.003,combined_perturbation,noise,1,20,1,0,0,0,small::mp-1040425::reference,0.1780814342200756
loose,small,small::mp-1040425::combined_noise_0.050A_0.003,mp-1040425,mp-1040425,C,combined_noise_0.050A_0.003,combined_perturbation,noise,1,20,1,0,0,0,small::mp-1040425::reference,0.1777441930025816
loose,small,small::mp-1040425::combined_noise_0.002A_0.010,mp-1040425,mp-1040425,C,combined_noise_0.002A_0.010,combined_perturbation,noise,1,20,1,0,0,0,small::mp-1040425::reference,0.1577985156327486
loose,small,small::mp-1040425::combined_noise_0.015A_0.010,mp-1040425,mp-1040425,C,combined_noise_0.015A_0.010,combined_perturbation,noise,1,20,1,0,0,0,small::mp-1040425::reference,0.14895504526793957
loose,small,small::mp-1040425::combined_noise_0.050A_0.010,mp-1040425,mp-1040425,C,combined_noise_0.050A_0.010,combined_perturbation,noise,1,20,1,0,0,0,small::mp-1040425::reference,0.1460911501199007
loose,small,small::mp-1040425::combined_noise_0.002A_0.030,mp-1040425,mp-1040425,C,combined_noise_0.002A_0.030,combined_perturbation,noise,1,20,1,0,0,0,small::mp-1040425::reference,0.12409943342208862
loose,small,small::mp-1040425::combined_noise_0.015A_0.030,mp-1040425,mp-1040425,C,combined_noise_0.015A_0.030,combined_perturbation,noise,1,20,1,0,0,0,small::mp-1040425::reference,0.12865149602293968
loose,small,small::mp-1040425::combined_noise_0.050A_0.030,mp-1040425,mp-1040425,C,combined_noise_0.050A_0.030,combined_perturbation,noise,1,20,1,0,0,0,small::mp-1040425::reference,0.17715265601873398
loose,small,small::mp-1056957::conventional_standard,mp-1056957,mp-1056957,C,conventional_standard,equivalent_transform,no_noise,1,20,3,0,2,0,small::mp-1056957::reference|small::mp-1078845::reference|small::mp-1181996::reference,0.2920796498656273
loose,small,small::mp-1056957::niggli_reduced,mp-1056957,mp-1056957,C,niggli_reduced,equivalent_transform,no_noise,1,20,3,0,2,0,small::mp-1056957::reference|small::mp-1078845::reference|small::mp-1181996::reference,0.2846023589372635
loose,small,small::mp-1056957::origin_shifted,mp-1056957,mp-1056957,C,origin_shifted,equivalent_transform,no_noise,1,20,3,0,2,0,small::mp-1056957::reference|small::mp-1078845::reference|small::mp-1181996::reference,0.2840860392898321
loose,small,small::mp-1056957::permuted_sites,mp-1056957,mp-1056957,C,permuted_sites,equivalent_transform,no_noise,1,20,3,0,2,0,small::mp-1056957::reference|small::mp-1078845::reference|small::mp-1181996::reference,0.28894185833632946
loose,small,small::mp-1056957::combined_noise_0.002A_0.003,mp-1056957,mp-1056957,C,combined_noise_0.002A_0.003,combined_perturbation,noise,1,20,3,0,2,0,small::mp-1056957::reference|small::mp-1078845::reference|small::mp-1181996::reference,0.25847409665584564
loose,small,small::mp-1056957::combined_noise_0.015A_0.003,mp-1056957,mp-1056957,C,combined_noise_0.015A_0.003,combined_perturbation,noise,1,20,3,0,2,0,small::mp-1056957::reference|small::mp-1078845::reference|small::mp-1181996::reference,0.25790465250611305
loose,small,small::mp-1056957::combined_noise_0.050A_0.003,mp-1056957,mp-1056957,C,combined_noise_0.050A_0.003,combined_perturbation,noise,1,20,3,0,2,0,small::mp-1056957::reference|small::mp-1078845::reference|small::mp-1181996::reference,0.28470039181411266
loose,small,small::mp-1056957::combined_noise_0.002A_0.010,mp-1056957,mp-1056957,C,combined_noise_0.002A_0.010,combined_perturbation,noise,1,20,3,0,2,0,small::mp-1056957::reference|small::mp-1078845::reference|small::mp-1181996::reference,0.2843869496136904
loose,small,small::mp-1056957::combined_noise_0.015A_0.010,mp-1056957,mp-1056957,C,combined_noise_0.015A_0.010,combined_perturbation,noise,1,20,3,0,2,0,small::mp-1056957::reference|small::mp-1078845::reference|small::mp-1181996::reference,0.256573636084795
loose,small,small::mp-1056957::combined_noise_0.050A_0.010,mp-1056957,mp-1056957,C,combined_noise_0.050A_0.010,combined_perturbation,noise,1,20,3,0,2,0,small::mp-1056957::reference|small::mp-1078845::reference|small::mp-1181996::reference,0.24892335198819637
loose,small,small::mp-1056957::combined_noise_0.002A_0.030,mp-1056957,mp-1056957,C,combined_noise_0.002A_0.030,combined_perturbation,noise,1,20,4,0,3,0,small::mp-1056957::reference|small::mp-1078845::reference|small::mp-1097832::reference|small::mp-1181996::reference,0.22656380385160446
loose,small,small::mp-1056957::combined_noise_0.015A_0.030,mp-1056957,mp-1056957,C,combined_noise_0.015A_0.030,combined_perturbation,noise,1,20,4,0,3,0,small::mp-1056957::reference|small::mp-1078845::reference|small::mp-1097832::reference|small::mp-1181996::reference,0.217928571626544
loose,small,small::mp-1056957::combined_noise_0.050A_0.030,mp-1056957,mp-1056957,C,combined_noise_0.050A_0.030,combined_perturbation,noise,1,20,3,0,2,0,small::mp-1056957::reference|small::mp-1097832::reference|small::mp-1181996::reference,0.22684352472424507
loose,small,small::mp-1078845::conventional_standard,mp-1078845,mp-1078845,C,conventional_standard,equivalent_transform,no_noise,1,20,5,0,4,0,small::mp-1008374::reference|small::mp-1056957::reference|small::mp-1078845::reference|small::mp-1181996::reference|small::mp-1182029::reference,0.1585349179804325
loose,small,small::mp-1078845::niggli_reduced,mp-1078845,mp-1078845,C,niggli_reduced,equivalent_transform,no_noise,1,20,5,0,4,0,small::mp-1008374::reference|small::mp-1056957::reference|small::mp-1078845::reference|small::mp-1181996::reference|small::mp-1182029::reference,0.12933428026735783
loose,small,small::mp-1078845::origin_shifted,mp-1078845,mp-1078845,C,origin_shifted,equivalent_transform,no_noise,1,20,5,0,4,0,small::mp-1008374::reference|small::mp-1056957::reference|small::mp-1078845::reference|small::mp-1181996::reference|small::mp-1182029::reference,0.13836664333939552
loose,small,small::mp-1078845::permuted_sites,mp-1078845,mp-1078845,C,permuted_sites,equivalent_transform,no_noise,1,20,5,0,4,0,small::mp-1008374::reference|small::mp-1056957::reference|small::mp-1078845::reference|small::mp-1181996::reference|small::mp-1182029::reference,0.1711245533078909
loose,small,small::mp-1078845::combined_noise_0.002A_0.003,mp-1078845,mp-1078845,C,combined_noise_0.002A_0.003,combined_perturbation,noise,1,20,5,0,4,0,small::mp-1008374::reference|small::mp-1056957::reference|small::mp-1078845::reference|small::mp-1181996::reference|small::mp-1182029::reference,0.13241403549909592
loose,small,small::mp-1078845::combined_noise_0.015A_0.003,mp-1078845,mp-1078845,C,combined_noise_0.015A_0.003,combined_perturbation,noise,1,20,5,0,4,0,small::mp-1008374::reference|small::mp-1056957::reference|small::mp-1078845::reference|small::mp-1181996::reference|small::mp-1182029::reference,0.13305160589516163
loose,small,small::mp-1078845::combined_noise_0.050A_0.003,mp-1078845,mp-1078845,C,combined_noise_0.050A_0.003,combined_perturbation,noise,1,20,5,0,4,0,small::mp-1008374::reference|small::mp-1056957::reference|small::mp-1078845::reference|small::mp-1181996::reference|small::mp-1182029::reference,0.13357101567089558
loose,small,small::mp-1078845::combined_noise_0.002A_0.010,mp-1078845,mp-1078845,C,combined_noise_0.002A_0.010,combined_perturbation,noise,1,20,5,0,4,0,small::mp-1008374::reference|small::mp-1056957::reference|small::mp-1078845::reference|small::mp-1181996::reference|small::mp-1182029::reference,0.1359222587198019
loose,small,small::mp-1078845::combined_noise_0.015A_0.010,mp-1078845,mp-1078845,C,combined_noise_0.015A_0.010,combined_perturbation,noise,1,20,5,0,4,0,small::mp-1008374::reference|small::mp-1056957::reference|small::mp-1078845::reference|small::mp-1181996::reference|small::mp-1182029::reference,0.13696402870118618
loose,small,small::mp-1078845::combined_noise_0.050A_0.010,mp-1078845,mp-1078845,C,combined_noise_0.050A_0.010,combined_perturbation,noise,1,20,5,0,4,0,small::mp-1008374::reference|small::mp-1056957::reference|small::mp-1078845::reference|small::mp-1181996::reference|small::mp-1182029::reference,0.13647858053445816
loose,small,small::mp-1078845::combined_noise_0.002A_0.030,mp-1078845,mp-1078845,C,combined_noise_0.002A_0.030,combined_perturbation,noise,1,20,5,0,4,0,small::mp-1008374::reference|small::mp-1056957::reference|small::mp-1078845::reference|small::mp-1181996::reference|small::mp-1182029::reference,0.13489887863397598
loose,small,small::mp-1078845::combined_noise_0.015A_0.030,mp-1078845,mp-1078845,C,combined_noise_0.015A_0.030,combined_perturbation,noise,1,20,6,0,5,0,small::mp-1008374::reference|small::mp-1056957::reference|small::mp-1078845::reference|small::mp-1181996::reference|small::mp-1182029::reference|small::mp-169::reference,0.11478433385491371
loose,small,small::mp-1078845::combined_noise_0.050A_0.030,mp-1078845,mp-1078845,C,combined_noise_0.050A_0.030,combined_perturbation,noise,1,20,5,0,4,0,small::mp-1008374::reference|small::mp-1056957::reference|small::mp-1078845::reference|small::mp-1181996::reference|small::mp-1182029::reference,0.13514075800776482
loose,small,small::mp-1080826::conventional_standard,mp-1080826,mp-1080826,C,conventional_standard,equivalent_transform,no_noise,1,20,4,0,3,0,small::mp-1080826::reference|small::mp-1181996::reference|small::mp-1190171::reference|small::mp-169::reference,0.2299503069370985
loose,small,small::mp-1080826::niggli_reduced,mp-1080826,mp-1080826,C,niggli_reduced,equivalent_transform,no_noise,1,20,4,0,3,0,small::mp-1080826::reference|small::mp-1181996::reference|small::mp-1190171::reference|small::mp-169::reference,0.20012342929840088
loose,small,small::mp-1080826::origin_shifted,mp-1080826,mp-1080826,C,origin_shifted,equivalent_transform,no_noise,1,20,4,0,3,0,small::mp-1080826::reference|small::mp-1181996::reference|small::mp-1190171::reference|small::mp-169::reference,0.19918579794466496
loose,small,small::mp-1080826::permuted_sites,mp-1080826,mp-1080826,C,permuted_sites,equivalent_transform,no_noise,1,20,4,0,3,0,small::mp-1080826::reference|small::mp-1181996::reference|small::mp-1190171::reference|small::mp-169::reference,0.2195427231490612
loose,small,small::mp-1080826::combined_noise_0.002A_0.003,mp-1080826,mp-1080826,C,combined_noise_0.002A_0.003,combined_perturbation,noise,1,20,3,0,2,0,small::mp-1080826::reference|small::mp-1181996::reference|small::mp-1190171::reference,0.2144282776862383
loose,small,small::mp-1080826::combined_noise_0.015A_0.003,mp-1080826,mp-1080826,C,combined_noise_0.015A_0.003,combined_perturbation,noise,1,20,3,0,2,0,small::mp-1080826::reference|small::mp-1181996::reference|small::mp-1190171::reference,0.21748873218894005
loose,small,small::mp-1080826::combined_noise_0.050A_0.003,mp-1080826,mp-1080826,C,combined_noise_0.050A_0.003,combined_perturbation,noise,1,20,3,0,2,0,small::mp-1080826::reference|small::mp-1190171::reference|small::mp-169::reference,0.34873584657907486
loose,small,small::mp-1080826::combined_noise_0.002A_0.010,mp-1080826,mp-1080826,C,combined_noise_0.002A_0.010,combined_perturbation,noise,1,20,3,0,2,0,small::mp-1080826::reference|small::mp-1181996::reference|small::mp-1190171::reference,0.20906138233840466
loose,small,small::mp-1080826::combined_noise_0.015A_0.010,mp-1080826,mp-1080826,C,combined_noise_0.015A_0.010,combined_perturbation,noise,1,20,4,0,3,0,small::mp-1080826::reference|small::mp-1181996::reference|small::mp-1190171::reference|small::mp-169::reference,0.20534328743815422
loose,small,small::mp-1080826::combined_noise_0.050A_0.010,mp-1080826,mp-1080826,C,combined_noise_0.050A_0.010,combined_perturbation,noise,1,20,4,0,3,0,small::mp-1080826::reference|small::mp-1181996::reference|small::mp-1190171::reference|small::mp-169::reference,0.19968603178858757
loose,small,small::mp-1080826::combined_noise_0.002A_0.030,mp-1080826,mp-1080826,C,combined_noise_0.002A_0.030,combined_perturbation,noise,1,20,3,0,2,0,small::mp-1080826::reference|small::mp-1181996::reference|small::mp-1190171::reference,0.22258047573268414
loose,small,small::mp-1080826::combined_noise_0.015A_0.030,mp-1080826,mp-1080826,C,combined_noise_0.015A_0.030,combined_perturbation,noise,1,20,5,0,4,0,small::mp-1080826::reference|small::mp-1181996::reference|small::mp-1190171::reference|small::mp-169::reference|small::mp-2516584::reference,0.1839077491313219
loose,small,small::mp-1080826::combined_noise_0.050A_0.030,mp-1080826,mp-1080826,C,combined_noise_0.050A_0.030,combined_perturbation,noise,1,20,2,0,1,0,small::mp-1080826::reference|small::mp-1190171::reference,0.29810658283531666
loose,small,small::mp-1095534::conventional_standard,mp-1095534,mp-1095534,C,conventional_standard,equivalent_transform,no_noise,1,20,1,0,0,0,small::mp-1095534::reference,1.0052862968295813
loose,small,small::mp-1095534::niggli_reduced,mp-1095534,mp-1095534,C,niggli_reduced,equivalent_transform,no_noise,1,20,1,0,0,0,small::mp-1095534::reference,0.9528301693499088
loose,small,small::mp-1095534::origin_shifted,mp-1095534,mp-1095534,C,origin_shifted,equivalent_transform,no_noise,1,20,1,0,0,0,small::mp-1095534::reference,0.9696394223719835
loose,small,small::mp-1095534::permuted_sites,mp-1095534,mp-1095534,C,permuted_sites,equivalent_transform,no_noise,1,20,1,0,0,0,small::mp-1095534::reference,1.000242818146944
loose,small,small::mp-1095534::combined_noise_0.002A_0.003,mp-1095534,mp-1095534,C,combined_noise_0.002A_0.003,combined_perturbation,noise,1,20,1,0,0,0,small::mp-1095534::reference,0.9558085966855288
loose,small,small::mp-1095534::combined_noise_0.015A_0.003,mp-1095534,mp-1095534,C,combined_noise_0.015A_0.003,combined_perturbation,noise,1,20,1,0,0,0,small::mp-1095534::reference,0.9634013622999191
loose,small,small::mp-1095534::combined_noise_0.050A_0.003,mp-1095534,mp-1095534,C,combined_noise_0.050A_0.003,combined_perturbation,noise,1,20,1,0,0,0,small::mp-1095534::reference,0.9524774495512247
loose,small,small::mp-1095534::combined_noise_0.002A_0.010,mp-1095534,mp-1095534,C,combined_noise_0.002A_0.010,combined_perturbation,noise,1,20,1,0,0,0,small::mp-1095534::reference,1.0534863956272602
loose,small,small::mp-1095534::combined_noise_0.015A_0.010,mp-1095534,mp-1095534,C,combined_noise_0.015A_0.010,combined_perturbation,noise,1,20,1,0,0,0,small::mp-1095534::reference,1.008316470310092
loose,small,small::mp-1095534::combined_noise_0.050A_0.010,mp-1095534,mp-1095534,C,combined_noise_0.050A_0.010,combined_perturbation,noise,1,20,1,0,0,0,small::mp-1095534::reference,1.0152989588677883
loose,small,small::mp-1095534::combined_noise_0.002A_0.030,mp-1095534,mp-1095534,C,combined_noise_0.002A_0.030,combined_perturbation,noise,1,20,1,0,0,0,small::mp-1095534::reference,0.9827852547168732
loose,small,small::mp-1095534::combined_noise_0.015A_0.030,mp-1095534,mp-1095534,C,combined_noise_0.015A_0.030,combined_perturbation,noise,1,20,1,0,0,0,small::mp-1095534::reference,1.0118297431617975
loose,small,small::mp-1095534::combined_noise_0.050A_0.030,mp-1095534,mp-1095534,C,combined_noise_0.050A_0.030,combined_perturbation,noise,1,20,1,0,0,0,small::mp-1095534::reference,1.2222573049366474
loose,small,small::mp-1095633::conventional_standard,mp-1095633,mp-1095633,C,conventional_standard,equivalent_transform,no_noise,1,20,1,0,0,0,small::mp-1095633::reference,2.1348803471773863
loose,small,small::mp-1095633::niggli_reduced,mp-1095633,mp-1095633,C,niggli_reduced,equivalent_transform,no_noise,1,20,1,0,0,0,small::mp-1095633::reference,2.0838846024125814
loose,small,small::mp-1095633::origin_shifted,mp-1095633,mp-1095633,C,origin_shifted,equivalent_transform,no_noise,1,20,1,0,0,0,small::mp-1095633::reference,2.074760351330042
loose,small,small::mp-1095633::permuted_sites,mp-1095633,mp-1095633,C,permuted_sites,equivalent_transform,no_noise,1,20,1,0,0,0,small::mp-1095633::reference,2.135806178674102
loose,small,small::mp-1095633::combined_noise_0.002A_0.003,mp-1095633,mp-1095633,C,combined_noise_0.002A_0.003,combined_perturbation,noise,1,20,1,0,0,0,small::mp-1095633::reference,2.07892956584692
loose,small,small::mp-1095633::combined_noise_0.015A_0.003,mp-1095633,mp-1095633,C,combined_noise_0.015A_0.003,combined_perturbation,noise,1,20,1,0,0,0,small::mp-1095633::reference,2.1620560623705387
loose,small,small::mp-1095633::combined_noise_0.050A_0.003,mp-1095633,mp-1095633,C,combined_noise_0.050A_0.003,combined_perturbation,noise,1,20,1,0,0,0,small::mp-1095633::reference,2.143698375672102
loose,small,small::mp-1095633::combined_noise_0.002A_0.010,mp-1095633,mp-1095633,C,combined_noise_0.002A_0.010,combined_perturbation,noise,1,20,2,0,1,0,small::mp-1095633::reference|small::mp-1182029::reference,0.70351243019104
loose,small,small::mp-1095633::combined_noise_0.015A_0.010,mp-1095633,mp-1095633,C,combined_noise_0.015A_0.010,combined_perturbation,noise,1,20,1,0,0,0,small::mp-1095633::reference,2.11071540415287
loose,small,small::mp-1095633::combined_noise_0.050A_0.010,mp-1095633,mp-1095633,C,combined_noise_0.050A_0.010,combined_perturbation,noise,1,20,1,0,0,0,small::mp-1095633::reference,2.1106049455702305
loose,small,small::mp-1095633::combined_noise_0.002A_0.030,mp-1095633,mp-1095633,C,combined_noise_0.002A_0.030,combined_perturbation,noise,1,20,1,0,0,0,small::mp-1095633::reference,2.0532424934208393
loose,small,small::mp-1095633::combined_noise_0.015A_0.030,mp-1095633,mp-1095633,C,combined_noise_0.015A_0.030,combined_perturbation,noise,1,20,1,0,0,0,small::mp-1095633::reference,2.13087279163301
loose,small,small::mp-1095633::combined_noise_0.050A_0.030,mp-1095633,mp-1095633,C,combined_noise_0.050A_0.030,combined_perturbation,noise,1,20,1,0,0,0,small::mp-1095633::reference,2.137250678613782
loose,small,small::mp-1097832::conventional_standard,mp-1097832,mp-1097832,C,conventional_standard,equivalent_transform,no_noise,1,20,1,0,0,0,small::mp-1097832::reference,0.11359663121402264
loose,small,small::mp-1097832::niggli_reduced,mp-1097832,mp-1097832,C,niggli_reduced,equivalent_transform,no_noise,1,20,1,0,0,0,small::mp-1097832::reference,0.1088190171867609
loose,small,small::mp-1097832::origin_shifted,mp-1097832,mp-1097832,C,origin_shifted,equivalent_transform,no_noise,1,20,1,0,0,0,small::mp-1097832::reference,0.10710994340479374
loose,small,small::mp-1097832::permuted_sites,mp-1097832,mp-1097832,C,permuted_sites,equivalent_transform,no_noise,1,20,1,0,0,0,small::mp-1097832::reference,0.10579467192292213
loose,small,small::mp-1097832::combined_noise_0.002A_0.003,mp-1097832,mp-1097832,C,combined_noise_0.002A_0.003,combined_perturbation,noise,1,20,1,0,0,0,small::mp-1097832::reference,0.10468284972012043
loose,small,small::mp-1097832::combined_noise_0.015A_0.003,mp-1097832,mp-1097832,C,combined_noise_0.015A_0.003,combined_perturbation,noise,1,20,1,0,0,0,small::mp-1097832::reference,0.10465964302420616
loose,small,small::mp-1097832::combined_noise_0.050A_0.003,mp-1097832,mp-1097832,C,combined_noise_0.050A_0.003,combined_perturbation,noise,1,20,1,0,0,0,small::mp-1097832::reference,0.10443818010389805
loose,small,small::mp-1097832::combined_noise_0.002A_0.010,mp-1097832,mp-1097832,C,combined_noise_0.002A_0.010,combined_perturbation,noise,1,20,1,0,0,0,small::mp-1097832::reference,0.10803451389074326
loose,small,small::mp-1097832::combined_noise_0.015A_0.010,mp-1097832,mp-1097832,C,combined_noise_0.015A_0.010,combined_perturbation,noise,1,20,1,0,0,0,small::mp-1097832::reference,0.10867186635732651
loose,small,small::mp-1097832::combined_noise_0.050A_0.010,mp-1097832,mp-1097832,C,combined_noise_0.050A_0.010,combined_perturbation,noise,1,20,1,0,0,0,small::mp-1097832::reference,0.10789952427148819
loose,small,small::mp-1097832::combined_noise_0.002A_0.030,mp-1097832,mp-1097832,C,combined_noise_0.002A_0.030,combined_perturbation,noise,1,20,1,0,0,0,small::mp-1097832::reference,0.11923564784228802
loose,small,small::mp-1097832::combined_noise_0.015A_0.030,mp-1097832,mp-1097832,C,combined_noise_0.015A_0.030,combined_perturbation,noise,1,20,1,0,0,0,small::mp-1097832::reference,0.1095710787922144
loose,small,small::mp-1097832::combined_noise_0.050A_0.030,mp-1097832,mp-1097832,C,combined_noise_0.050A_0.030,combined_perturbation,noise,1,20,1,0,0,0,small::mp-1097832::reference,0.10806381516158581
loose,small,small::mp-1181996::conventional_standard,mp-1181996,mp-1181996,C,conventional_standard,equivalent_transform,no_noise,1,20,3,0,2,0,small::mp-1056957::reference|small::mp-1078845::reference|small::mp-1181996::reference,3.412992602214217
loose,small,small::mp-1181996::niggli_reduced,mp-1181996,mp-1181996,C,niggli_reduced,equivalent_transform,no_noise,1,20,3,0,2,0,small::mp-1056957::reference|small::mp-1078845::reference|small::mp-1181996::reference,3.344912279397249
loose,small,small::mp-1181996::origin_shifted,mp-1181996,mp-1181996,C,origin_shifted,equivalent_transform,no_noise,1,20,3,0,2,0,small::mp-1056957::reference|small::mp-1078845::reference|small::mp-1181996::reference,3.291525710374117
loose,small,small::mp-1181996::permuted_sites,mp-1181996,mp-1181996,C,permuted_sites,equivalent_transform,no_noise,1,20,3,0,2,0,small::mp-1056957::reference|small::mp-1078845::reference|small::mp-1181996::reference,3.2833679635077715
loose,small,small::mp-1181996::combined_noise_0.002A_0.003,mp-1181996,mp-1181996,C,combined_noise_0.002A_0.003,combined_perturbation,noise,1,20,3,0,2,0,small::mp-1056957::reference|small::mp-1078845::reference|small::mp-1181996::reference,3.2855535745620728
loose,small,small::mp-1181996::combined_noise_0.015A_0.003,mp-1181996,mp-1181996,C,combined_noise_0.015A_0.003,combined_perturbation,noise,1,20,3,0,2,0,small::mp-1056957::reference|small::mp-1078845::reference|small::mp-1181996::reference,3.3090139366686344
loose,small,small::mp-1181996::combined_noise_0.050A_0.003,mp-1181996,mp-1181996,C,combined_noise_0.050A_0.003,combined_perturbation,noise,1,20,3,0,2,0,small::mp-1056957::reference|small::mp-1078845::reference|small::mp-1181996::reference,3.448089124634862
loose,small,small::mp-1181996::combined_noise_0.002A_0.010,mp-1181996,mp-1181996,C,combined_noise_0.002A_0.010,combined_perturbation,noise,1,20,4,0,3,0,small::mp-1056957::reference|small::mp-1078845::reference|small::mp-1097832::reference|small::mp-1181996::reference,3.5069038923829794
loose,small,small::mp-1181996::combined_noise_0.015A_0.010,mp-1181996,mp-1181996,C,combined_noise_0.015A_0.010,combined_perturbation,noise,1,20,3,0,2,0,small::mp-1056957::reference|small::mp-1078845::reference|small::mp-1181996::reference,3.4758400917053223
loose,small,small::mp-1181996::combined_noise_0.050A_0.010,mp-1181996,mp-1181996,C,combined_noise_0.050A_0.010,combined_perturbation,noise,1,20,3,0,2,0,small::mp-1056957::reference|small::mp-1078845::reference|small::mp-1181996::reference,3.328600073233247
loose,small,small::mp-1181996::combined_noise_0.002A_0.030,mp-1181996,mp-1181996,C,combined_noise_0.002A_0.030,combined_perturbation,noise,1,20,4,0,3,0,small::mp-1056957::reference|small::mp-1078845::reference|small::mp-1097832::reference|small::mp-1181996::reference,3.35395541600883
loose,small,small::mp-1181996::combined_noise_0.015A_0.030,mp-1181996,mp-1181996,C,combined_noise_0.015A_0.030,combined_perturbation,noise,1,20,3,0,2,0,small::mp-1056957::reference|small::mp-1078845::reference|small::mp-1181996::reference,3.3890823554247618
loose,small,small::mp-1181996::combined_noise_0.050A_0.030,mp-1181996,mp-1181996,C,combined_noise_0.050A_0.030,combined_perturbation,noise,1,20,3,0,2,0,small::mp-1056957::reference|small::mp-1078845::reference|small::mp-1181996::reference,3.2996611017733812
loose,small,small::mp-1182029::conventional_standard,mp-1182029,mp-1182029,C,conventional_standard,equivalent_transform,no_noise,1,20,6,0,5,0,small::mp-1008374::reference|small::mp-1018088::reference|small::mp-1078845::reference|small::mp-1182029::reference|small::mp-169::reference|small::mp-2516584::reference,3.1486732084304094
loose,small,small::mp-1182029::niggli_reduced,mp-1182029,mp-1182029,C,niggli_reduced,equivalent_transform,no_noise,1,20,6,0,5,0,small::mp-1008374::reference|small::mp-1018088::reference|small::mp-1078845::reference|small::mp-1182029::reference|small::mp-169::reference|small::mp-2516584::reference,3.2088803704828024
loose,small,small::mp-1182029::origin_shifted,mp-1182029,mp-1182029,C,origin_shifted,equivalent_transform,no_noise,1,20,6,0,5,0,small::mp-1008374::reference|small::mp-1018088::reference|small::mp-1078845::reference|small::mp-1182029::reference|small::mp-169::reference|small::mp-2516584::reference,3.1604722030460835
loose,small,small::mp-1182029::permuted_sites,mp-1182029,mp-1182029,C,permuted_sites,equivalent_transform,no_noise,1,20,6,0,5,0,small::mp-1008374::reference|small::mp-1018088::reference|small::mp-1078845::reference|small::mp-1182029::reference|small::mp-169::reference|small::mp-2516584::reference,3.1836174353957176
loose,small,small::mp-1182029::combined_noise_0.002A_0.003,mp-1182029,mp-1182029,C,combined_noise_0.002A_0.003,combined_perturbation,noise,1,20,6,0,5,0,small::mp-1008374::reference|small::mp-1018088::reference|small::mp-1078845::reference|small::mp-1182029::reference|small::mp-169::reference|small::mp-2516584::reference,3.188666759058833
loose,small,small::mp-1182029::combined_noise_0.015A_0.003,mp-1182029,mp-1182029,C,combined_noise_0.015A_0.003,combined_perturbation,noise,1,20,6,0,5,0,small::mp-1008374::reference|small::mp-1018088::reference|small::mp-1078845::reference|small::mp-1182029::reference|small::mp-169::reference|small::mp-2516584::reference,3.292242271825671
loose,small,small::mp-1182029::combined_noise_0.050A_0.003,mp-1182029,mp-1182029,C,combined_noise_0.050A_0.003,combined_perturbation,noise,1,20,6,0,5,0,small::mp-1008374::reference|small::mp-1018088::reference|small::mp-1078845::reference|small::mp-1182029::reference|small::mp-169::reference|small::mp-2516584::reference,3.239177379757166
loose,small,small::mp-1182029::combined_noise_0.002A_0.010,mp-1182029,mp-1182029,C,combined_noise_0.002A_0.010,combined_perturbation,noise,1,20,6,0,5,0,small::mp-1008374::reference|small::mp-1018088::reference|small::mp-1078845::reference|small::mp-1182029::reference|small::mp-169::reference|small::mp-2516584::reference,2.9879400115460157
loose,small,small::mp-1182029::combined_noise_0.015A_0.010,mp-1182029,mp-1182029,C,combined_noise_0.015A_0.010,combined_perturbation,noise,1,20,7,0,6,0,small::mp-1008374::reference|small::mp-1018088::reference|small::mp-1078845::reference|small::mp-1095633::reference|small::mp-1182029::reference|small::mp-169::reference|small::mp-2516584::reference,2.890038125216961
loose,small,small::mp-1182029::combined_noise_0.050A_0.010,mp-1182029,mp-1182029,C,combined_noise_0.050A_0.010,combined_perturbation,noise,1,20,6,0,5,0,small::mp-1008374::reference|small::mp-1018088::reference|small::mp-1078845::reference|small::mp-1182029::reference|small::mp-169::reference|small::mp-2516584::reference,3.1376203522086143
loose,small,small::mp-1182029::combined_noise_0.002A_0.030,mp-1182029,mp-1182029,C,combined_noise_0.002A_0.030,combined_perturbation,noise,1,20,5,0,4,0,small::mp-1008374::reference|small::mp-1018088::reference|small::mp-1078845::reference|small::mp-1182029::reference|small::mp-2516584::reference,3.024888511747122
loose,small,small::mp-1182029::combined_noise_0.015A_0.030,mp-1182029,mp-1182029,C,combined_noise_0.015A_0.030,combined_perturbation,noise,1,20,8,0,7,0,small::mp-1008374::reference|small::mp-1008395::reference|small::mp-1018088::reference|small::mp-1078845::reference|small::mp-1095633::reference|small::mp-1182029::reference|small::mp-169::reference|small::mp-2516584::reference,3.07582725957036
loose,small,small::mp-1182029::combined_noise_0.050A_0.030,mp-1182029,mp-1182029,C,combined_noise_0.050A_0.030,combined_perturbation,noise,1,20,8,0,7,0,small::mp-1008374::reference|small::mp-1008395::reference|small::mp-1018088::reference|small::mp-1078845::reference|small::mp-1095633::reference|small::mp-1182029::reference|small::mp-169::reference|small::mp-2516584::reference,3.020233530551195
loose,small,small::mp-1188817::conventional_standard,mp-1188817,mp-1188817,C,conventional_standard,equivalent_transform,no_noise,1,20,1,0,0,0,small::mp-1188817::reference,4.89166809245944
loose,small,small::mp-1188817::niggli_reduced,mp-1188817,mp-1188817,C,niggli_reduced,equivalent_transform,no_noise,1,20,1,0,0,0,small::mp-1188817::reference,4.835593648254871
loose,small,small::mp-1188817::origin_shifted,mp-1188817,mp-1188817,C,origin_shifted,equivalent_transform,no_noise,1,20,1,0,0,0,small::mp-1188817::reference,4.8261065892875195
loose,small,small::mp-1188817::permuted_sites,mp-1188817,mp-1188817,C,permuted_sites,equivalent_transform,no_noise,1,20,1,0,0,0,small::mp-1188817::reference,4.970404099673033
loose,small,small::mp-1188817::combined_noise_0.002A_0.003,mp-1188817,mp-1188817,C,combined_noise_0.002A_0.003,combined_perturbation,noise,1,20,1,0,0,0,small::mp-1188817::reference,5.065353360027075
loose,small,small::mp-1188817::combined_noise_0.015A_0.003,mp-1188817,mp-1188817,C,combined_noise_0.015A_0.003,combined_perturbation,noise,1,20,1,0,0,0,small::mp-1188817::reference,5.491880787536502
loose,small,small::mp-1188817::combined_noise_0.050A_0.003,mp-1188817,mp-1188817,C,combined_noise_0.050A_0.003,combined_perturbation,noise,1,20,1,0,0,0,small::mp-1188817::reference,5.375201225280762
loose,small,small::mp-1188817::combined_noise_0.002A_0.010,mp-1188817,mp-1188817,C,combined_noise_0.002A_0.010,combined_perturbation,noise,1,20,1,0,0,0,small::mp-1188817::reference,5.320176512002945
loose,small,small::mp-1188817::combined_noise_0.015A_0.010,mp-1188817,mp-1188817,C,combined_noise_0.015A_0.010,combined_perturbation,noise,1,20,1,0,0,0,small::mp-1188817::reference,5.014900324866176
loose,small,small::mp-1188817::combined_noise_0.050A_0.010,mp-1188817,mp-1188817,C,combined_noise_0.050A_0.010,combined_perturbation,noise,1,20,1,0,0,0,small::mp-1188817::reference,5.281213276088238
loose,small,small::mp-1188817::combined_noise_0.002A_0.030,mp-1188817,mp-1188817,C,combined_noise_0.002A_0.030,combined_perturbation,noise,1,20,1,0,0,0,small::mp-1188817::reference,4.562569707632065
loose,small,small::mp-1188817::combined_noise_0.015A_0.030,mp-1188817,mp-1188817,C,combined_noise_0.015A_0.030,combined_perturbation,noise,1,20,1,0,0,0,small::mp-1188817::reference,4.909723402932286
loose,small,small::mp-1188817::combined_noise_0.050A_0.030,mp-1188817,mp-1188817,C,combined_noise_0.050A_0.030,combined_perturbation,noise,1,20,1,0,0,0,small::mp-1188817::reference,5.37845260836184
loose,small,small::mp-1190171::conventional_standard,mp-1190171,mp-1190171,C,conventional_standard,equivalent_transform,no_noise,1,20,4,0,3,0,small::mp-1056957::reference|small::mp-1080826::reference|small::mp-1182029::reference|small::mp-1190171::reference,2.903220444917679
loose,small,small::mp-1190171::niggli_reduced,mp-1190171,mp-1190171,C,niggli_reduced,equivalent_transform,no_noise,1,20,4,0,3,0,small::mp-1056957::reference|small::mp-1080826::reference|small::mp-1182029::reference|small::mp-1190171::reference,2.8928343169391155
loose,small,small::mp-1190171::origin_shifted,mp-1190171,mp-1190171,C,origin_shifted,equivalent_transform,no_noise,1,20,4,0,3,0,small::mp-1056957::reference|small::mp-1080826::reference|small::mp-1182029::reference|small::mp-1190171::reference,2.909343160688877
loose,small,small::mp-1190171::permuted_sites,mp-1190171,mp-1190171,C,permuted_sites,equivalent_transform,no_noise,1,20,4,0,3,0,small::mp-1056957::reference|small::mp-1080826::reference|small::mp-1182029::reference|small::mp-1190171::reference,2.9589340649545193
loose,small,small::mp-1190171::combined_noise_0.002A_0.003,mp-1190171,mp-1190171,C,combined_noise_0.002A_0.003,combined_perturbation,noise,1,20,4,0,3,0,small::mp-1056957::reference|small::mp-1080826::reference|small::mp-1182029::reference|small::mp-1190171::reference,2.900205997750163
loose,small,small::mp-1190171::combined_noise_0.015A_0.003,mp-1190171,mp-1190171,C,combined_noise_0.015A_0.003,combined_perturbation,noise,1,20,4,0,3,0,small::mp-1056957::reference|small::mp-1080826::reference|small::mp-1182029::reference|small::mp-1190171::reference,2.917349200695753
loose,small,small::mp-1190171::combined_noise_0.050A_0.003,mp-1190171,mp-1190171,C,combined_noise_0.050A_0.003,combined_perturbation,noise,1,20,2,0,1,0,small::mp-1080826::reference|small::mp-1190171::reference,3.198939749971032
loose,small,small::mp-1190171::combined_noise_0.002A_0.010,mp-1190171,mp-1190171,C,combined_noise_0.002A_0.010,combined_perturbation,noise,1,20,4,0,3,0,small::mp-1056957::reference|small::mp-1080826::reference|small::mp-1182029::reference|small::mp-1190171::reference,2.8707746285945177
loose,small,small::mp-1190171::combined_noise_0.015A_0.010,mp-1190171,mp-1190171,C,combined_noise_0.015A_0.010,combined_perturbation,noise,1,20,4,0,3,0,small::mp-1056957::reference|small::mp-1080826::reference|small::mp-1182029::reference|small::mp-1190171::reference,2.9063976760953665
loose,small,small::mp-1190171::combined_noise_0.050A_0.010,mp-1190171,mp-1190171,C,combined_noise_0.050A_0.010,combined_perturbation,noise,1,20,5,0,4,0,small::mp-1056957::reference|small::mp-1080826::reference|small::mp-1181996::reference|small::mp-1182029::reference|small::mp-1190171::reference,1.679737862199545
loose,small,small::mp-1190171::combined_noise_0.002A_0.030,mp-1190171,mp-1190171,C,combined_noise_0.002A_0.030,combined_perturbation,noise,1,20,5,0,4,0,small::mp-1056957::reference|small::mp-1080826::reference|small::mp-1181996::reference|small::mp-1182029::reference|small::mp-1190171::reference,1.551312630996108
loose,small,small::mp-1190171::combined_noise_0.015A_0.030,mp-1190171,mp-1190171,C,combined_noise_0.015A_0.030,combined_perturbation,noise,1,20,3,0,2,0,small::mp-1080826::reference|small::mp-1182029::reference|small::mp-1190171::reference,2.1678867898881435
loose,small,small::mp-1190171::combined_noise_0.050A_0.030,mp-1190171,mp-1190171,C,combined_noise_0.050A_0.030,combined_perturbation,noise,1,20,3,0,2,0,small::mp-1080826::reference|small::mp-1182029::reference|small::mp-1190171::reference,2.9025922399014235
loose,small,small::mp-1192619::conventional_standard,mp-1192619,mp-1192619,C,conventional_standard,equivalent_transform,no_noise,1,20,1,0,0,0,small::mp-1192619::reference,12.111497228965163
loose,small,small::mp-1192619::niggli_reduced,mp-1192619,mp-1192619,C,niggli_reduced,equivalent_transform,no_noise,1,20,1,0,0,0,small::mp-1192619::reference,11.639828830957413
loose,small,small::mp-1192619::origin_shifted,mp-1192619,mp-1192619,C,origin_shifted,equivalent_transform,no_noise,1,20,1,0,0,0,small::mp-1192619::reference,11.644562674686313
loose,small,small::mp-1192619::permuted_sites,mp-1192619,mp-1192619,C,permuted_sites,equivalent_transform,no_noise,1,20,1,0,0,0,small::mp-1192619::reference,11.845552468672395
loose,small,small::mp-1192619::combined_noise_0.002A_0.003,mp-1192619,mp-1192619,C,combined_noise_0.002A_0.003,combined_perturbation,noise,1,20,1,0,0,0,small::mp-1192619::reference,11.397132750600576
loose,small,small::mp-1192619::combined_noise_0.015A_0.003,mp-1192619,mp-1192619,C,combined_noise_0.015A_0.003,combined_perturbation,noise,1,20,1,0,0,0,small::mp-1192619::reference,11.435742974281311
loose,small,small::mp-1192619::combined_noise_0.050A_0.003,mp-1192619,mp-1192619,C,combined_noise_0.050A_0.003,combined_perturbation,noise,1,20,1,0,0,0,small::mp-1192619::reference,11.348914563655853
loose,small,small::mp-1192619::combined_noise_0.002A_0.010,mp-1192619,mp-1192619,C,combined_noise_0.002A_0.010,combined_perturbation,noise,1,20,1,0,0,0,small::mp-1192619::reference,11.043421443551779
loose,small,small::mp-1192619::combined_noise_0.015A_0.010,mp-1192619,mp-1192619,C,combined_noise_0.015A_0.010,combined_perturbation,noise,1,20,1,0,0,0,small::mp-1192619::reference,11.31883211992681
loose,small,small::mp-1192619::combined_noise_0.050A_0.010,mp-1192619,mp-1192619,C,combined_noise_0.050A_0.010,combined_perturbation,noise,1,20,1,0,0,0,small::mp-1192619::reference,11.612141165882349
loose,small,small::mp-1192619::combined_noise_0.002A_0.030,mp-1192619,mp-1192619,C,combined_noise_0.002A_0.030,combined_perturbation,noise,1,20,1,0,0,0,small::mp-1192619::reference,10.016360603272915
loose,small,small::mp-1192619::combined_noise_0.015A_0.030,mp-1192619,mp-1192619,C,combined_noise_0.015A_0.030,combined_perturbation,noise,1,20,1,0,0,0,small::mp-1192619::reference,11.025249982252717
loose,small,small::mp-1192619::combined_noise_0.050A_0.030,mp-1192619,mp-1192619,C,combined_noise_0.050A_0.030,combined_perturbation,noise,1,20,1,0,0,0,small::mp-1192619::reference,10.54232800193131
loose,small,small::mp-1205417::conventional_standard,mp-1205417,mp-1205417,C,conventional_standard,equivalent_transform,no_noise,1,20,1,0,0,0,small::mp-1205417::reference,7.152173206210136
loose,small,small::mp-1205417::niggli_reduced,mp-1205417,mp-1205417,C,niggli_reduced,equivalent_transform,no_noise,1,20,1,0,0,0,small::mp-1205417::reference,7.009860539808869
loose,small,small::mp-1205417::origin_shifted,mp-1205417,mp-1205417,C,origin_shifted,equivalent_transform,no_noise,1,20,1,0,0,0,small::mp-1205417::reference,6.934091689065099
loose,small,small::mp-1205417::permuted_sites,mp-1205417,mp-1205417,C,permuted_sites,equivalent_transform,no_noise,1,20,1,0,0,0,small::mp-1205417::reference,7.163815097883344
loose,small,small::mp-1205417::combined_noise_0.002A_0.003,mp-1205417,mp-1205417,C,combined_noise_0.002A_0.003,combined_perturbation,noise,1,20,1,0,0,0,small::mp-1205417::reference,6.763675635680556
loose,small,small::mp-1205417::combined_noise_0.015A_0.003,mp-1205417,mp-1205417,C,combined_noise_0.015A_0.003,combined_perturbation,noise,1,20,1,0,0,0,small::mp-1205417::reference,7.114114120602608
loose,small,small::mp-1205417::combined_noise_0.050A_0.003,mp-1205417,mp-1205417,C,combined_noise_0.050A_0.003,combined_perturbation,noise,1,20,1,0,0,0,small::mp-1205417::reference,6.832812899723649
loose,small,small::mp-1205417::combined_noise_0.002A_0.010,mp-1205417,mp-1205417,C,combined_noise_0.002A_0.010,combined_perturbation,noise,1,20,1,0,0,0,small::mp-1205417::reference,7.372963206842542
loose,small,small::mp-1205417::combined_noise_0.015A_0.010,mp-1205417,mp-1205417,C,combined_noise_0.015A_0.010,combined_perturbation,noise,1,20,1,0,0,0,small::mp-1205417::reference,7.245155729353428
loose,small,small::mp-1205417::combined_noise_0.050A_0.010,mp-1205417,mp-1205417,C,combined_noise_0.050A_0.010,combined_perturbation,noise,1,20,1,0,0,0,small::mp-1205417::reference,7.337072748690844
loose,small,small::mp-1205417::combined_noise_0.002A_0.030,mp-1205417,mp-1205417,C,combined_noise_0.002A_0.030,combined_perturbation,noise,1,20,1,0,0,0,small::mp-1205417::reference,6.547294300049543
loose,small,small::mp-1205417::combined_noise_0.015A_0.030,mp-1205417,mp-1205417,C,combined_noise_0.015A_0.030,combined_perturbation,noise,1,20,1,0,0,0,small::mp-1205417::reference,7.123910846188664
loose,small,small::mp-1205417::combined_noise_0.050A_0.030,mp-1205417,mp-1205417,C,combined_noise_0.050A_0.030,combined_perturbation,noise,1,20,1,0,0,0,small::mp-1205417::reference,6.482221798971295
loose,small,small::mp-169::conventional_standard,mp-169,mp-169,C,conventional_standard,equivalent_transform,no_noise,1,20,5,0,4,0,small::mp-1008374::reference|small::mp-1080826::reference|small::mp-1182029::reference|small::mp-169::reference|small::mp-2516584::reference,0.2628136593848467
loose,small,small::mp-169::niggli_reduced,mp-169,mp-169,C,niggli_reduced,equivalent_transform,no_noise,1,20,5,0,4,0,small::mp-1008374::reference|small::mp-1080826::reference|small::mp-1182029::reference|small::mp-169::reference|small::mp-2516584::reference,0.25805054418742657
loose,small,small::mp-169::origin_shifted,mp-169,mp-169,C,origin_shifted,equivalent_transform,no_noise,1,20,5,0,4,0,small::mp-1008374::reference|small::mp-1080826::reference|small::mp-1182029::reference|small::mp-169::reference|small::mp-2516584::reference,0.26231610029935837
loose,small,small::mp-169::permuted_sites,mp-169,mp-169,C,permuted_sites,equivalent_transform,no_noise,1,20,5,0,4,0,small::mp-1008374::reference|small::mp-1080826::reference|small::mp-1182029::reference|small::mp-169::reference|small::mp-2516584::reference,0.24472508393228054
loose,small,small::mp-169::combined_noise_0.002A_0.003,mp-169,mp-169,C,combined_noise_0.002A_0.003,combined_perturbation,noise,1,20,4,0,3,0,small::mp-1008374::reference|small::mp-1182029::reference|small::mp-169::reference|small::mp-2516584::reference,0.25929147750139236
loose,small,small::mp-169::combined_noise_0.015A_0.003,mp-169,mp-169,C,combined_noise_0.015A_0.003,combined_perturbation,noise,1,20,5,0,4,0,small::mp-1008374::reference|small::mp-1080826::reference|small::mp-1182029::reference|small::mp-169::reference|small::mp-2516584::reference,0.2658783532679081
loose,small,small::mp-169::combined_noise_0.050A_0.003,mp-169,mp-169,C,combined_noise_0.050A_0.003,combined_perturbation,noise,1,20,5,0,4,0,small::mp-1008374::reference|small::mp-1080826::reference|small::mp-1182029::reference|small::mp-169::reference|small::mp-2516584::reference,0.26541309617459774
loose,small,small::mp-169::combined_noise_0.002A_0.010,mp-169,mp-169,C,combined_noise_0.002A_0.010,combined_perturbation,noise,1,20,5,0,4,0,small::mp-1008374::reference|small::mp-1080826::reference|small::mp-1182029::reference|small::mp-169::reference|small::mp-2516584::reference,0.2879690248519182
loose,small,small::mp-169::combined_noise_0.015A_0.010,mp-169,mp-169,C,combined_noise_0.015A_0.010,combined_perturbation,noise,1,20,4,0,3,0,small::mp-1008374::reference|small::mp-1182029::reference|small::mp-169::reference|small::mp-2516584::reference,0.28715179301798344
loose,small,small::mp-169::combined_noise_0.050A_0.010,mp-169,mp-169,C,combined_noise_0.050A_0.010,combined_perturbation,noise,1,20,5,0,4,0,small::mp-1008374::reference|small::mp-1080826::reference|small::mp-1182029::reference|small::mp-169::reference|small::mp-2516584::reference,0.2794174738228321
loose,small,small::mp-169::combined_noise_0.002A_0.030,mp-169,mp-169,C,combined_noise_0.002A_0.030,combined_perturbation,noise,1,20,4,0,3,0,small::mp-1008374::reference|small::mp-1182029::reference|small::mp-169::reference|small::mp-2516584::reference,0.2673787884414196
loose,small,small::mp-169::combined_noise_0.015A_0.030,mp-169,mp-169,C,combined_noise_0.015A_0.030,combined_perturbation,noise,1,20,6,0,5,0,small::mp-1008374::reference|small::mp-1080826::reference|small::mp-1182029::reference|small::mp-1190171::reference|small::mp-169::reference|small::mp-2516584::reference,0.5242245011031628
loose,small,small::mp-169::combined_noise_0.050A_0.030,mp-169,mp-169,C,combined_noise_0.050A_0.030,combined_perturbation,noise,1,20,3,0,2,0,small::mp-1008374::reference|small::mp-169::reference|small::mp-2516584::reference,0.30418891459703445
loose,small,small::mp-2049878::conventional_standard,mp-2049878,mp-2049878,C,conventional_standard,equivalent_transform,no_noise,1,20,1,0,0,0,small::mp-2049878::reference,0.21280869282782078
loose,small,small::mp-2049878::niggli_reduced,mp-2049878,mp-2049878,C,niggli_reduced,equivalent_transform,no_noise,1,20,1,0,0,0,small::mp-2049878::reference,0.1897491253912449
loose,small,small::mp-2049878::origin_shifted,mp-2049878,mp-2049878,C,origin_shifted,equivalent_transform,no_noise,1,20,1,0,0,0,small::mp-2049878::reference,0.21793637238442898
loose,small,small::mp-2049878::permuted_sites,mp-2049878,mp-2049878,C,permuted_sites,equivalent_transform,no_noise,1,20,1,0,0,0,small::mp-2049878::reference,0.21807379089295864
loose,small,small::mp-2049878::combined_noise_0.002A_0.003,mp-2049878,mp-2049878,C,combined_noise_0.002A_0.003,combined_perturbation,noise,1,20,1,0,0,0,small::mp-2049878::reference,0.21851159073412418
loose,small,small::mp-2049878::combined_noise_0.015A_0.003,mp-2049878,mp-2049878,C,combined_noise_0.015A_0.003,combined_perturbation,noise,1,20,1,0,0,0,small::mp-2049878::reference,0.22204820439219475
loose,small,small::mp-2049878::combined_noise_0.050A_0.003,mp-2049878,mp-2049878,C,combined_noise_0.050A_0.003,combined_perturbation,noise,1,20,1,0,0,0,small::mp-2049878::reference,0.21952630393207073
loose,small,small::mp-2049878::combined_noise_0.002A_0.010,mp-2049878,mp-2049878,C,combined_noise_0.002A_0.010,combined_perturbation,noise,1,20,1,0,0,0,small::mp-2049878::reference,0.18567846156656742
loose,small,small::mp-2049878::combined_noise_0.015A_0.010,mp-2049878,mp-2049878,C,combined_noise_0.015A_0.010,combined_perturbation,noise,1,20,1,0,0,0,small::mp-2049878::reference,0.20700565725564957
loose,small,small::mp-2049878::combined_noise_0.050A_0.010,mp-2049878,mp-2049878,C,combined_noise_0.050A_0.010,combined_perturbation,noise,1,20,1,0,0,0,small::mp-2049878::reference,0.19977918826043606
loose,small,small::mp-2049878::combined_noise_0.002A_0.030,mp-2049878,mp-2049878,C,combined_noise_0.002A_0.030,combined_perturbation,noise,1,20,1,0,0,0,small::mp-2049878::reference,0.21726266108453274
loose,small,small::mp-2049878::combined_noise_0.015A_0.030,mp-2049878,mp-2049878,C,combined_noise_0.015A_0.030,combined_perturbation,noise,1,20,1,0,0,0,small::mp-2049878::reference,0.22499383985996246
loose,small,small::mp-2049878::combined_noise_0.050A_0.030,mp-2049878,mp-2049878,C,combined_noise_0.050A_0.030,combined_perturbation,noise,1,20,1,0,0,0,small::mp-2049878::reference,0.19018579460680485
loose,small,small::mp-24::conventional_standard,mp-24,mp-24,C,conventional_standard,equivalent_transform,no_noise,1,20,2,0,1,0,small::mp-1181996::reference|small::mp-24::reference,0.2090525683015585
loose,small,small::mp-24::niggli_reduced,mp-24,mp-24,C,niggli_reduced,equivalent_transform,no_noise,1,20,2,0,1,0,small::mp-1181996::reference|small::mp-24::reference,0.1914294045418501
loose,small,small::mp-24::origin_shifted,mp-24,mp-24,C,origin_shifted,equivalent_transform,no_noise,1,20,2,0,1,0,small::mp-1181996::reference|small::mp-24::reference,0.19424148835241795
loose,small,small::mp-24::permuted_sites,mp-24,mp-24,C,permuted_sites,equivalent_transform,no_noise,1,20,2,0,1,0,small::mp-1181996::reference|small::mp-24::reference,0.20774385891854763
loose,small,small::mp-24::combined_noise_0.002A_0.003,mp-24,mp-24,C,combined_noise_0.002A_0.003,combined_perturbation,noise,1,20,2,0,1,0,small::mp-1181996::reference|small::mp-24::reference,0.20918555930256844
loose,small,small::mp-24::combined_noise_0.015A_0.003,mp-24,mp-24,C,combined_noise_0.015A_0.003,combined_perturbation,noise,1,20,2,0,1,0,small::mp-1181996::reference|small::mp-24::reference,0.17780452780425549
loose,small,small::mp-24::combined_noise_0.050A_0.003,mp-24,mp-24,C,combined_noise_0.050A_0.003,combined_perturbation,noise,1,20,2,0,1,0,small::mp-1181996::reference|small::mp-24::reference,0.18051494099199772
loose,small,small::mp-24::combined_noise_0.002A_0.010,mp-24,mp-24,C,combined_noise_0.002A_0.010,combined_perturbation,noise,1,20,2,0,1,0,small::mp-1181996::reference|small::mp-24::reference,0.2453056275844574
loose,small,small::mp-24::combined_noise_0.015A_0.010,mp-24,mp-24,C,combined_noise_0.015A_0.010,combined_perturbation,noise,1,20,2,0,1,0,small::mp-1181996::reference|small::mp-24::reference,0.1812127511948347
loose,small,small::mp-24::combined_noise_0.050A_0.010,mp-24,mp-24,C,combined_noise_0.050A_0.010,combined_perturbation,noise,1,20,2,0,1,0,small::mp-1181996::reference|small::mp-24::reference,0.2431243248283863
loose,small,small::mp-24::combined_noise_0.002A_0.030,mp-24,mp-24,C,combined_noise_0.002A_0.030,combined_perturbation,noise,1,20,3,0,2,0,small::mp-1008395::reference|small::mp-1181996::reference|small::mp-24::reference,0.28612841106951237
loose,small,small::mp-24::combined_noise_0.015A_0.030,mp-24,mp-24,C,combined_noise_0.015A_0.030,combined_perturbation,noise,1,20,3,0,2,0,small::mp-1008395::reference|small::mp-1181996::reference|small::mp-24::reference,0.2530584763735533
loose,small,small::mp-24::combined_noise_0.050A_0.030,mp-24,mp-24,C,combined_noise_0.050A_0.030,combined_perturbation,noise,1,20,2,0,1,0,small::mp-1181996::reference|small::mp-24::reference,0.20460033230483532
loose,small,small::mp-2516584::conventional_standard,mp-2516584,mp-2516584,C,conventional_standard,equivalent_transform,no_noise,1,20,3,0,2,0,small::mp-1182029::reference|small::mp-169::reference|small::mp-2516584::reference,0.16505037993192673
loose,small,small::mp-2516584::niggli_reduced,mp-2516584,mp-2516584,C,niggli_reduced,equivalent_transform,no_noise,1,20,3,0,2,0,small::mp-1182029::reference|small::mp-169::reference|small::mp-2516584::reference,0.15038296952843666
loose,small,small::mp-2516584::origin_shifted,mp-2516584,mp-2516584,C,origin_shifted,equivalent_transform,no_noise,1,20,3,0,2,0,small::mp-1182029::reference|small::mp-169::reference|small::mp-2516584::reference,0.15269539505243301
loose,small,small::mp-2516584::permuted_sites,mp-2516584,mp-2516584,C,permuted_sites,equivalent_transform,no_noise,1,20,3,0,2,0,small::mp-1182029::reference|small::mp-169::reference|small::mp-2516584::reference,0.156121376901865
loose,small,small::mp-2516584::combined_noise_0.002A_0.003,mp-2516584,mp-2516584,C,combined_noise_0.002A_0.003,combined_perturbation,noise,1,20,3,0,2,0,small::mp-1182029::reference|small::mp-169::reference|small::mp-2516584::reference,0.15078055113554
loose,small,small::mp-2516584::combined_noise_0.015A_0.003,mp-2516584,mp-2516584,C,combined_noise_0.015A_0.003,combined_perturbation,noise,1,20,3,0,2,0,small::mp-1182029::reference|small::mp-169::reference|small::mp-2516584::reference,0.15040103159844875
loose,small,small::mp-2516584::combined_noise_0.050A_0.003,mp-2516584,mp-2516584,C,combined_noise_0.050A_0.003,combined_perturbation,noise,1,20,3,0,2,0,small::mp-1182029::reference|small::mp-169::reference|small::mp-2516584::reference,0.14829644933342934
loose,small,small::mp-2516584::combined_noise_0.002A_0.010,mp-2516584,mp-2516584,C,combined_noise_0.002A_0.010,combined_perturbation,noise,1,20,3,0,2,0,small::mp-1182029::reference|small::mp-169::reference|small::mp-2516584::reference,0.1504701003432274
loose,small,small::mp-2516584::combined_noise_0.015A_0.010,mp-2516584,mp-2516584,C,combined_noise_0.015A_0.010,combined_perturbation,noise,1,20,3,0,2,0,small::mp-1182029::reference|small::mp-169::reference|small::mp-2516584::reference,0.15295692346990108
loose,small,small::mp-2516584::combined_noise_0.050A_0.010,mp-2516584,mp-2516584,C,combined_noise_0.050A_0.010,combined_perturbation,noise,1,20,3,0,2,0,small::mp-1182029::reference|small::mp-169::reference|small::mp-2516584::reference,0.15144576504826546
loose,small,small::mp-2516584::combined_noise_0.002A_0.030,mp-2516584,mp-2516584,C,combined_noise_0.002A_0.030,combined_perturbation,noise,1,20,4,0,3,0,small::mp-1080826::reference|small::mp-1182029::reference|small::mp-169::reference|small::mp-2516584::reference,0.14909442886710167
loose,small,small::mp-2516584::combined_noise_0.015A_0.030,mp-2516584,mp-2516584,C,combined_noise_0.015A_0.030,combined_perturbation,noise,1,20,3,0,2,0,small::mp-1182029::reference|small::mp-169::reference|small::mp-2516584::reference,0.15072976984083652
loose,small,small::mp-2516584::combined_noise_0.050A_0.030,mp-2516584,mp-2516584,C,combined_noise_0.050A_0.030,combined_perturbation,noise,1,20,4,0,3,0,small::mp-1080826::reference|small::mp-1182029::reference|small::mp-169::reference|small::mp-2516584::reference,0.1442841123789549
loose,small,small::mp-10064::conventional_standard,mp-10064,mp-10064,SiO2,conventional_standard,equivalent_transform,no_noise,1,20,3,0,2,0,small::mp-10064::reference|small::mp-1021503::reference|small::mp-10948::reference,2.0457776580005884
loose,small,small::mp-10064::niggli_reduced,mp-10064,mp-10064,SiO2,niggli_reduced,equivalent_transform,no_noise,1,20,3,0,2,0,small::mp-10064::reference|small::mp-1021503::reference|small::mp-10948::reference,2.0214167963713408
loose,small,small::mp-10064::origin_shifted,mp-10064,mp-10064,SiO2,origin_shifted,equivalent_transform,no_noise,1,20,3,0,2,0,small::mp-10064::reference|small::mp-1021503::reference|small::mp-10948::reference,2.017006579786539
loose,small,small::mp-10064::permuted_sites,mp-10064,mp-10064,SiO2,permuted_sites,equivalent_transform,no_noise,1,20,3,0,2,0,small::mp-10064::reference|small::mp-1021503::reference|small::mp-10948::reference,2.0146074444055557
loose,small,small::mp-10064::combined_noise_0.002A_0.003,mp-10064,mp-10064,SiO2,combined_noise_0.002A_0.003,combined_perturbation,noise,1,20,3,0,2,0,small::mp-10064::reference|small::mp-1021503::reference|small::mp-10948::reference,2.0932035204023123
loose,small,small::mp-10064::combined_noise_0.015A_0.003,mp-10064,mp-10064,SiO2,combined_noise_0.015A_0.003,combined_perturbation,noise,1,20,3,0,2,0,small::mp-10064::reference|small::mp-1021503::reference|small::mp-10948::reference,2.0766227673739195
loose,small,small::mp-10064::combined_noise_0.050A_0.003,mp-10064,mp-10064,SiO2,combined_noise_0.050A_0.003,combined_perturbation,noise,1,20,3,0,2,0,small::mp-10064::reference|small::mp-1021503::reference|small::mp-10948::reference,2.094000980257988
loose,small,small::mp-10064::combined_noise_0.002A_0.010,mp-10064,mp-10064,SiO2,combined_noise_0.002A_0.010,combined_perturbation,noise,1,20,3,0,2,0,small::mp-10064::reference|small::mp-1021503::reference|small::mp-10948::reference,2.0985785387456417
loose,small,small::mp-10064::combined_noise_0.015A_0.010,mp-10064,mp-10064,SiO2,combined_noise_0.015A_0.010,combined_perturbation,noise,1,20,3,0,2,0,small::mp-10064::reference|small::mp-1021503::reference|small::mp-10948::reference,2.0486170519143343
loose,small,small::mp-10064::combined_noise_0.050A_0.010,mp-10064,mp-10064,SiO2,combined_noise_0.050A_0.010,combined_perturbation,noise,1,20,3,0,2,0,small::mp-10064::reference|small::mp-1021503::reference|small::mp-10948::reference,2.117764150723815
loose,small,small::mp-10064::combined_noise_0.002A_0.030,mp-10064,mp-10064,SiO2,combined_noise_0.002A_0.030,combined_perturbation,noise,1,20,3,0,2,0,small::mp-10064::reference|small::mp-1021503::reference|small::mp-10948::reference,2.08395311050117
loose,small,small::mp-10064::combined_noise_0.015A_0.030,mp-10064,mp-10064,SiO2,combined_noise_0.015A_0.030,combined_perturbation,noise,1,20,3,0,2,0,small::mp-10064::reference|small::mp-1021503::reference|small::mp-10948::reference,2.00624786503613
loose,small,small::mp-10064::combined_noise_0.050A_0.030,mp-10064,mp-10064,SiO2,combined_noise_0.050A_0.030,combined_perturbation,noise,1,20,3,0,2,0,small::mp-10064::reference|small::mp-1021503::reference|small::mp-10948::reference,2.147240513935685
loose,small,small::mp-1021503::conventional_standard,mp-1021503,mp-1021503,SiO2,conventional_standard,equivalent_transform,no_noise,1,20,3,0,2,0,small::mp-10064::reference|small::mp-1021503::reference|small::mp-10948::reference,0.48338716477155685
loose,small,small::mp-1021503::niggli_reduced,mp-1021503,mp-1021503,SiO2,niggli_reduced,equivalent_transform,no_noise,1,20,3,0,2,0,small::mp-10064::reference|small::mp-1021503::reference|small::mp-10948::reference,0.4783927667886019
loose,small,small::mp-1021503::origin_shifted,mp-1021503,mp-1021503,SiO2,origin_shifted,equivalent_transform,no_noise,1,20,3,0,2,0,small::mp-10064::reference|small::mp-1021503::reference|small::mp-10948::reference,0.4776394385844469
loose,small,small::mp-1021503::permuted_sites,mp-1021503,mp-1021503,SiO2,permuted_sites,equivalent_transform,no_noise,1,20,3,0,2,0,small::mp-10064::reference|small::mp-1021503::reference|small::mp-10948::reference,0.48835269175469875
loose,small,small::mp-1021503::combined_noise_0.002A_0.003,mp-1021503,mp-1021503,SiO2,combined_noise_0.002A_0.003,combined_perturbation,noise,1,20,3,0,2,0,small::mp-10064::reference|small::mp-1021503::reference|small::mp-10948::reference,0.48134432919323444
loose,small,small::mp-1021503::combined_noise_0.015A_0.003,mp-1021503,mp-1021503,SiO2,combined_noise_0.015A_0.003,combined_perturbation,noise,1,20,3,0,2,0,small::mp-10064::reference|small::mp-1021503::reference|small::mp-10948::reference,0.4863035995513201
loose,small,small::mp-1021503::combined_noise_0.050A_0.003,mp-1021503,mp-1021503,SiO2,combined_noise_0.050A_0.003,combined_perturbation,noise,1,20,3,0,2,0,small::mp-10064::reference|small::mp-1021503::reference|small::mp-10948::reference,0.4814210031181574
loose,small,small::mp-1021503::combined_noise_0.002A_0.010,mp-1021503,mp-1021503,SiO2,combined_noise_0.002A_0.010,combined_perturbation,noise,1,20,3,0,2,0,small::mp-10064::reference|small::mp-1021503::reference|small::mp-10948::reference,0.48486044630408287
loose,small,small::mp-1021503::combined_noise_0.015A_0.010,mp-1021503,mp-1021503,SiO2,combined_noise_0.015A_0.010,combined_perturbation,noise,1,20,3,0,2,0,small::mp-10064::reference|small::mp-1021503::reference|small::mp-10948::reference,0.481198962777853
loose,small,small::mp-1021503::combined_noise_0.050A_0.010,mp-1021503,mp-1021503,SiO2,combined_noise_0.050A_0.010,combined_perturbation,noise,1,20,3,0,2,0,small::mp-10064::reference|small::mp-1021503::reference|small::mp-10948::reference,0.48626760952174664
loose,small,small::mp-1021503::combined_noise_0.002A_0.030,mp-1021503,mp-1021503,SiO2,combined_noise_0.002A_0.030,combined_perturbation,noise,1,20,3,0,2,0,small::mp-10064::reference|small::mp-1021503::reference|small::mp-10948::reference,0.4016956854611635
loose,small,small::mp-1021503::combined_noise_0.015A_0.030,mp-1021503,mp-1021503,SiO2,combined_noise_0.015A_0.030,combined_perturbation,noise,1,20,3,0,2,0,small::mp-10064::reference|small::mp-1021503::reference|small::mp-10948::reference,0.3824252989143133
loose,small,small::mp-1021503::combined_noise_0.050A_0.030,mp-1021503,mp-1021503,SiO2,combined_noise_0.050A_0.030,combined_perturbation,noise,1,20,3,0,2,0,small::mp-10064::reference|small::mp-1021503::reference|small::mp-10948::reference,0.3870070278644562
loose,small,small::mp-1071820::conventional_standard,mp-1071820,mp-1071820,SiO2,conventional_standard,equivalent_transform,no_noise,1,20,2,0,1,0,small::mp-1071820::reference|small::mp-10948::reference,0.3672850076109171
loose,small,small::mp-1071820::niggli_reduced,mp-1071820,mp-1071820,SiO2,niggli_reduced,equivalent_transform,no_noise,1,20,2,0,1,0,small::mp-1071820::reference|small::mp-10948::reference,0.36196319200098515
loose,small,small::mp-1071820::origin_shifted,mp-1071820,mp-1071820,SiO2,origin_shifted,equivalent_transform,no_noise,1,20,2,0,1,0,small::mp-1071820::reference|small::mp-10948::reference,0.3567130025476217
loose,small,small::mp-1071820::permuted_sites,mp-1071820,mp-1071820,SiO2,permuted_sites,equivalent_transform,no_noise,1,20,2,0,1,0,small::mp-1071820::reference|small::mp-10948::reference,0.3644855450838804
loose,small,small::mp-1071820::combined_noise_0.002A_0.003,mp-1071820,mp-1071820,SiO2,combined_noise_0.002A_0.003,combined_perturbation,noise,1,20,2,0,1,0,small::mp-1071820::reference|small::mp-10948::reference,0.36407136730849743
loose,small,small::mp-1071820::combined_noise_0.015A_0.003,mp-1071820,mp-1071820,SiO2,combined_noise_0.015A_0.003,combined_perturbation,noise,1,20,2,0,1,0,small::mp-1071820::reference|small::mp-10948::reference,0.36498170532286167
loose,small,small::mp-1071820::combined_noise_0.050A_0.003,mp-1071820,mp-1071820,SiO2,combined_noise_0.050A_0.003,combined_perturbation,noise,1,20,2,0,1,0,small::mp-1071820::reference|small::mp-10948::reference,0.3521015290170908
loose,small,small::mp-1071820::combined_noise_0.002A_0.010,mp-1071820,mp-1071820,SiO2,combined_noise_0.002A_0.010,combined_perturbation,noise,1,20,2,0,1,0,small::mp-1071820::reference|small::mp-10948::reference,0.36292885430157185
loose,small,small::mp-1071820::combined_noise_0.015A_0.010,mp-1071820,mp-1071820,SiO2,combined_noise_0.015A_0.010,combined_perturbation,noise,1,20,2,0,1,0,small::mp-1071820::reference|small::mp-10948::reference,0.3519294895231724
loose,small,small::mp-1071820::combined_noise_0.050A_0.010,mp-1071820,mp-1071820,SiO2,combined_noise_0.050A_0.010,combined_perturbation,noise,1,20,2,0,1,0,small::mp-1071820::reference|small::mp-10948::reference,0.386432396247983
loose,small,small::mp-1071820::combined_noise_0.002A_0.030,mp-1071820,mp-1071820,SiO2,combined_noise_0.002A_0.030,combined_perturbation,noise,1,20,2,0,1,0,small::mp-1071820::reference|small::mp-10948::reference,0.36985690146684647
loose,small,small::mp-1071820::combined_noise_0.015A_0.030,mp-1071820,mp-1071820,SiO2,combined_noise_0.015A_0.030,combined_perturbation,noise,1,20,1,0,0,0,small::mp-1071820::reference,0.3425633665174246
loose,small,small::mp-1071820::combined_noise_0.050A_0.030,mp-1071820,mp-1071820,SiO2,combined_noise_0.050A_0.030,combined_perturbation,noise,1,20,2,0,1,0,small::mp-1071820::reference|small::mp-10948::reference,0.3934420645236969
loose,small,small::mp-10851::conventional_standard,mp-10851,mp-10851,SiO2,conventional_standard,equivalent_transform,no_noise,1,20,1,0,0,0,small::mp-10851::reference,0.4458132144063711
loose,small,small::mp-10851::niggli_reduced,mp-10851,mp-10851,SiO2,niggli_reduced,equivalent_transform,no_noise,1,20,1,0,0,0,small::mp-10851::reference,0.4191918596625328
loose,small,small::mp-10851::origin_shifted,mp-10851,mp-10851,SiO2,origin_shifted,equivalent_transform,no_noise,1,20,1,0,0,0,small::mp-10851::reference,0.4209249019622803
loose,small,small::mp-10851::permuted_sites,mp-10851,mp-10851,SiO2,permuted_sites,equivalent_transform,no_noise,1,20,1,0,0,0,small::mp-10851::reference,0.46598460152745247
loose,small,small::mp-10851::combined_noise_0.002A_0.003,mp-10851,mp-10851,SiO2,combined_noise_0.002A_0.003,combined_perturbation,noise,1,20,1,0,0,0,small::mp-10851::reference,0.4208670984953642
loose,small,small::mp-10851::combined_noise_0.015A_0.003,mp-10851,mp-10851,SiO2,combined_noise_0.015A_0.003,combined_perturbation,noise,1,20,1,0,0,0,small::mp-10851::reference,0.42040854692459106
loose,small,small::mp-10851::combined_noise_0.050A_0.003,mp-10851,mp-10851,SiO2,combined_noise_0.050A_0.003,combined_perturbation,noise,1,20,1,0,0,0,small::mp-10851::reference,0.41433160193264484
loose,small,small::mp-10851::combined_noise_0.002A_0.010,mp-10851,mp-10851,SiO2,combined_noise_0.002A_0.010,combined_perturbation,noise,1,20,1,0,0,0,small::mp-10851::reference,0.3704637140035629
loose,small,small::mp-10851::combined_noise_0.015A_0.010,mp-10851,mp-10851,SiO2,combined_noise_0.015A_0.010,combined_perturbation,noise,1,20,1,0,0,0,small::mp-10851::reference,0.3969676084816456
loose,small,small::mp-10851::combined_noise_0.050A_0.010,mp-10851,mp-10851,SiO2,combined_noise_0.050A_0.010,combined_perturbation,noise,1,20,1,0,0,0,small::mp-10851::reference,0.40730421245098114
loose,small,small::mp-10851::combined_noise_0.002A_0.030,mp-10851,mp-10851,SiO2,combined_noise_0.002A_0.030,combined_perturbation,noise,1,20,1,0,0,0,small::mp-10851::reference,0.422148821875453
loose,small,small::mp-10851::combined_noise_0.015A_0.030,mp-10851,mp-10851,SiO2,combined_noise_0.015A_0.030,combined_perturbation,noise,1,20,1,0,0,0,small::mp-10851::reference,0.4217977039515972
loose,small,small::mp-10851::combined_noise_0.050A_0.030,mp-10851,mp-10851,SiO2,combined_noise_0.050A_0.030,combined_perturbation,noise,1,20,1,0,0,0,small::mp-10851::reference,0.4485948272049427
loose,small,small::mp-10948::conventional_standard,mp-10948,mp-10948,SiO2,conventional_standard,equivalent_transform,no_noise,1,20,4,0,3,0,small::mp-10064::reference|small::mp-1021503::reference|small::mp-1071820::reference|small::mp-10948::reference,0.2221054844558239
loose,small,small::mp-10948::niggli_reduced,mp-10948,mp-10948,SiO2,niggli_reduced,equivalent_transform,no_noise,1,20,4,0,3,0,small::mp-10064::reference|small::mp-1021503::reference|small::mp-1071820::reference|small::mp-10948::reference,0.2264719232916832
loose,small,small::mp-10948::origin_shifted,mp-10948,mp-10948,SiO2,origin_shifted,equivalent_transform,no_noise,1,20,4,0,3,0,small::mp-10064::reference|small::mp-1021503::reference|small::mp-1071820::reference|small::mp-10948::reference,0.23071626015007496
loose,small,small::mp-10948::permuted_sites,mp-10948,mp-10948,SiO2,permuted_sites,equivalent_transform,no_noise,1,20,4,0,3,0,small::mp-10064::reference|small::mp-1021503::reference|small::mp-1071820::reference|small::mp-10948::reference,0.2728287819772959
loose,small,small::mp-10948::combined_noise_0.002A_0.003,mp-10948,mp-10948,SiO2,combined_noise_0.002A_0.003,combined_perturbation,noise,1,20,4,0,3,0,small::mp-10064::reference|small::mp-1021503::reference|small::mp-1071820::reference|small::mp-10948::reference,0.2141586858779192
loose,small,small::mp-10948::combined_noise_0.015A_0.003,mp-10948,mp-10948,SiO2,combined_noise_0.015A_0.003,combined_perturbation,noise,1,20,4,0,3,0,small::mp-10064::reference|small::mp-1021503::reference|small::mp-1071820::reference|small::mp-10948::reference,0.2172238491475582
loose,small,small::mp-10948::combined_noise_0.050A_0.003,mp-10948,mp-10948,SiO2,combined_noise_0.050A_0.003,combined_perturbation,noise,1,20,4,0,3,0,small::mp-10064::reference|small::mp-1021503::reference|small::mp-1071820::reference|small::mp-10948::reference,0.21964365243911743
loose,small,small::mp-10948::combined_noise_0.002A_0.010,mp-10948,mp-10948,SiO2,combined_noise_0.002A_0.010,combined_perturbation,noise,1,20,4,0,3,0,small::mp-10064::reference|small::mp-1021503::reference|small::mp-1071820::reference|small::mp-10948::reference,0.18833260983228683
loose,small,small::mp-10948::combined_noise_0.015A_0.010,mp-10948,mp-10948,SiO2,combined_noise_0.015A_0.010,combined_perturbation,noise,1,20,4,0,3,0,small::mp-10064::reference|small::mp-1021503::reference|small::mp-1071820::reference|small::mp-10948::reference,0.1993842627853155
loose,small,small::mp-10948::combined_noise_0.050A_0.010,mp-10948,mp-10948,SiO2,combined_noise_0.050A_0.010,combined_perturbation,noise,1,20,3,0,2,0,small::mp-10064::reference|small::mp-1021503::reference|small::mp-10948::reference,0.2256411612033844
loose,small,small::mp-10948::combined_noise_0.002A_0.030,mp-10948,mp-10948,SiO2,combined_noise_0.002A_0.030,combined_perturbation,noise,1,20,4,0,3,0,small::mp-10064::reference|small::mp-1021503::reference|small::mp-1071820::reference|small::mp-10948::reference,0.18174350261688232
loose,small,small::mp-10948::combined_noise_0.015A_0.030,mp-10948,mp-10948,SiO2,combined_noise_0.015A_0.030,combined_perturbation,noise,1,20,4,0,3,0,small::mp-10064::reference|small::mp-1021503::reference|small::mp-1071820::reference|small::mp-10948::reference,0.18469287641346455
loose,small,small::mp-10948::combined_noise_0.050A_0.030,mp-10948,mp-10948,SiO2,combined_noise_0.050A_0.030,combined_perturbation,noise,1,20,4,0,3,0,small::mp-10064::reference|small::mp-1021503::reference|small::mp-1071820::reference|small::mp-10948::reference,0.2221410684287548
loose,small,small::mp-11684::conventional_standard,mp-11684,mp-11684,SiO2,conventional_standard,equivalent_transform,no_noise,1,20,1,0,0,0,small::mp-11684::reference,0.6810100078582764
loose,small,small::mp-11684::niggli_reduced,mp-11684,mp-11684,SiO2,niggli_reduced,equivalent_transform,no_noise,1,20,1,0,0,0,small::mp-11684::reference,0.5500214733183384
loose,small,small::mp-11684::origin_shifted,mp-11684,mp-11684,SiO2,origin_shifted,equivalent_transform,no_noise,1,20,1,0,0,0,small::mp-11684::reference,0.5647134650498629
loose,small,small::mp-11684::permuted_sites,mp-11684,mp-11684,SiO2,permuted_sites,equivalent_transform,no_noise,1,20,1,0,0,0,small::mp-11684::reference,0.6453674007207155
loose,small,small::mp-11684::combined_noise_0.002A_0.003,mp-11684,mp-11684,SiO2,combined_noise_0.002A_0.003,combined_perturbation,noise,1,20,1,0,0,0,small::mp-11684::reference,0.5457337480038404
loose,small,small::mp-11684::combined_noise_0.015A_0.003,mp-11684,mp-11684,SiO2,combined_noise_0.015A_0.003,combined_perturbation,noise,1,20,1,0,0,0,small::mp-11684::reference,0.5486375223845243
loose,small,small::mp-11684::combined_noise_0.050A_0.003,mp-11684,mp-11684,SiO2,combined_noise_0.050A_0.003,combined_perturbation,noise,1,20,1,0,0,0,small::mp-11684::reference,0.5463399067521095
loose,small,small::mp-11684::combined_noise_0.002A_0.010,mp-11684,mp-11684,SiO2,combined_noise_0.002A_0.010,combined_perturbation,noise,1,20,1,0,0,0,small::mp-11684::reference,0.5563778728246689
loose,small,small::mp-11684::combined_noise_0.015A_0.010,mp-11684,mp-11684,SiO2,combined_noise_0.015A_0.010,combined_perturbation,noise,1,20,1,0,0,0,small::mp-11684::reference,0.5953930523246527
loose,small,small::mp-11684::combined_noise_0.050A_0.010,mp-11684,mp-11684,SiO2,combined_noise_0.050A_0.010,combined_perturbation,noise,1,20,1,0,0,0,small::mp-11684::reference,0.5542219709604979
loose,small,small::mp-11684::combined_noise_0.002A_0.030,mp-11684,mp-11684,SiO2,combined_noise_0.002A_0.030,combined_perturbation,noise,1,20,1,0,0,0,small::mp-11684::reference,0.6014413852244616
loose,small,small::mp-11684::combined_noise_0.015A_0.030,mp-11684,mp-11684,SiO2,combined_noise_0.015A_0.030,combined_perturbation,noise,1,20,1,0,0,0,small::mp-11684::reference,0.7103393357247114
loose,small,small::mp-11684::combined_noise_0.050A_0.030,mp-11684,mp-11684,SiO2,combined_noise_0.050A_0.030,combined_perturbation,noise,1,20,1,0,0,0,small::mp-11684::reference,0.7197832278907299
loose,small,small::mp-1179447::conventional_standard,mp-1179447,mp-1179447,SiO2,conventional_standard,equivalent_transform,no_noise,1,20,1,0,0,0,small::mp-1179447::reference,0.6552700251340866
loose,small,small::mp-1179447::niggli_reduced,mp-1179447,mp-1179447,SiO2,niggli_reduced,equivalent_transform,no_noise,1,20,1,0,0,0,small::mp-1179447::reference,0.5167756788432598
loose,small,small::mp-1179447::origin_shifted,mp-1179447,mp-1179447,SiO2,origin_shifted,equivalent_transform,no_noise,1,20,1,0,0,0,small::mp-1179447::reference,0.521318294107914
loose,small,small::mp-1179447::permuted_sites,mp-1179447,mp-1179447,SiO2,permuted_sites,equivalent_transform,no_noise,1,20,1,0,0,0,small::mp-1179447::reference,0.6088511403650045
loose,small,small::mp-1179447::combined_noise_0.002A_0.003,mp-1179447,mp-1179447,SiO2,combined_noise_0.002A_0.003,combined_perturbation,noise,1,20,1,0,0,0,small::mp-1179447::reference,0.5151506289839745
loose,small,small::mp-1179447::combined_noise_0.015A_0.003,mp-1179447,mp-1179447,SiO2,combined_noise_0.015A_0.003,combined_perturbation,noise,1,20,1,0,0,0,small::mp-1179447::reference,0.524561557918787
loose,small,small::mp-1179447::combined_noise_0.050A_0.003,mp-1179447,mp-1179447,SiO2,combined_noise_0.050A_0.003,combined_perturbation,noise,1,20,1,0,0,0,small::mp-1179447::reference,0.517648808658123
loose,small,small::mp-1179447::combined_noise_0.002A_0.010,mp-1179447,mp-1179447,SiO2,combined_noise_0.002A_0.010,combined_perturbation,noise,1,20,1,0,0,0,small::mp-1179447::reference,0.5167620070278645
loose,small,small::mp-1179447::combined_noise_0.015A_0.010,mp-1179447,mp-1179447,SiO2,combined_noise_0.015A_0.010,combined_perturbation,noise,1,20,1,0,0,0,small::mp-1179447::reference,0.5993140768259764
loose,small,small::mp-1179447::combined_noise_0.050A_0.010,mp-1179447,mp-1179447,SiO2,combined_noise_0.050A_0.010,combined_perturbation,noise,1,20,1,0,0,0,small::mp-1179447::reference,0.5357316732406616
loose,small,small::mp-1179447::combined_noise_0.002A_0.030,mp-1179447,mp-1179447,SiO2,combined_noise_0.002A_0.030,combined_perturbation,noise,1,20,1,0,0,0,small::mp-1179447::reference,0.5212334841489792
loose,small,small::mp-1179447::combined_noise_0.015A_0.030,mp-1179447,mp-1179447,SiO2,combined_noise_0.015A_0.030,combined_perturbation,noise,1,20,1,0,0,0,small::mp-1179447::reference,0.5810302942991257
loose,small,small::mp-1179447::combined_noise_0.050A_0.030,mp-1179447,mp-1179447,SiO2,combined_noise_0.050A_0.030,combined_perturbation,noise,1,20,1,0,0,0,small::mp-1179447::reference,0.4628537558019161
loose,small,small::mp-1179454::conventional_standard,mp-1179454,mp-1179454,SiO2,conventional_standard,equivalent_transform,no_noise,1,20,1,0,0,0,small::mp-1179454::reference,0.34400950744748116
loose,small,small::mp-1179454::niggli_reduced,mp-1179454,mp-1179454,SiO2,niggli_reduced,equivalent_transform,no_noise,1,20,1,0,0,0,small::mp-1179454::reference,0.30889794044196606
loose,small,small::mp-1179454::origin_shifted,mp-1179454,mp-1179454,SiO2,origin_shifted,equivalent_transform,no_noise,1,20,1,0,0,0,small::mp-1179454::reference,0.31570520251989365
loose,small,small::mp-1179454::permuted_sites,mp-1179454,mp-1179454,SiO2,permuted_sites,equivalent_transform,no_noise,1,20,1,0,0,0,small::mp-1179454::reference,0.3240503426641226
loose,small,small::mp-1179454::combined_noise_0.002A_0.003,mp-1179454,mp-1179454,SiO2,combined_noise_0.002A_0.003,combined_perturbation,noise,1,20,1,0,0,0,small::mp-1179454::reference,0.2985746581107378
loose,small,small::mp-1179454::combined_noise_0.015A_0.003,mp-1179454,mp-1179454,SiO2,combined_noise_0.015A_0.003,combined_perturbation,noise,1,20,1,0,0,0,small::mp-1179454::reference,0.3021051939576864
loose,small,small::mp-1179454::combined_noise_0.050A_0.003,mp-1179454,mp-1179454,SiO2,combined_noise_0.050A_0.003,combined_perturbation,noise,1,20,1,0,0,0,small::mp-1179454::reference,0.3051799647510052
loose,small,small::mp-1179454::combined_noise_0.002A_0.010,mp-1179454,mp-1179454,SiO2,combined_noise_0.002A_0.010,combined_perturbation,noise,1,20,1,0,0,0,small::mp-1179454::reference,0.30289172381162643
loose,small,small::mp-1179454::combined_noise_0.015A_0.010,mp-1179454,mp-1179454,SiO2,combined_noise_0.015A_0.010,combined_perturbation,noise,1,20,1,0,0,0,small::mp-1179454::reference,0.2987674381583929
loose,small,small::mp-1179454::combined_noise_0.050A_0.010,mp-1179454,mp-1179454,SiO2,combined_noise_0.050A_0.010,combined_perturbation,noise,1,20,1,0,0,0,small::mp-1179454::reference,0.32349948212504387
loose,small,small::mp-1179454::combined_noise_0.002A_0.030,mp-1179454,mp-1179454,SiO2,combined_noise_0.002A_0.030,combined_perturbation,noise,1,20,1,0,0,0,small::mp-1179454::reference,0.20717380568385124
loose,small,small::mp-1179454::combined_noise_0.015A_0.030,mp-1179454,mp-1179454,SiO2,combined_noise_0.015A_0.030,combined_perturbation,noise,1,20,1,0,0,0,small::mp-1179454::reference,0.28478381782770157
loose,small,small::mp-1179454::combined_noise_0.050A_0.030,mp-1179454,mp-1179454,SiO2,combined_noise_0.050A_0.030,combined_perturbation,noise,1,20,1,0,0,0,small::mp-1179454::reference,0.3288207985460758
loose,small,small::mp-1179529::conventional_standard,mp-1179529,mp-1179529,SiO2,conventional_standard,equivalent_transform,no_noise,1,20,2,0,1,0,small::mp-1179529::reference|small::mp-1353259::reference,1.4163890089839697
loose,small,small::mp-1179529::niggli_reduced,mp-1179529,mp-1179529,SiO2,niggli_reduced,equivalent_transform,no_noise,1,20,2,0,1,0,small::mp-1179529::reference|small::mp-1353259::reference,1.38226780295372
loose,small,small::mp-1179529::origin_shifted,mp-1179529,mp-1179529,SiO2,origin_shifted,equivalent_transform,no_noise,1,20,2,0,1,0,small::mp-1179529::reference|small::mp-1353259::reference,1.3210937734693289
loose,small,small::mp-1179529::permuted_sites,mp-1179529,mp-1179529,SiO2,permuted_sites,equivalent_transform,no_noise,1,20,2,0,1,0,small::mp-1179529::reference|small::mp-1353259::reference,1.4928399305790663
loose,small,small::mp-1179529::combined_noise_0.002A_0.003,mp-1179529,mp-1179529,SiO2,combined_noise_0.002A_0.003,combined_perturbation,noise,1,20,2,0,1,0,small::mp-1179529::reference|small::mp-1353259::reference,1.3644792083650827
loose,small,small::mp-1179529::combined_noise_0.015A_0.003,mp-1179529,mp-1179529,SiO2,combined_noise_0.015A_0.003,combined_perturbation,noise,1,20,2,0,1,0,small::mp-1179529::reference|small::mp-1353259::reference,1.3063494209200144
loose,small,small::mp-1179529::combined_noise_0.050A_0.003,mp-1179529,mp-1179529,SiO2,combined_noise_0.050A_0.003,combined_perturbation,noise,1,20,2,0,1,0,small::mp-1179529::reference|small::mp-1353259::reference,1.3766112551093102
loose,small,small::mp-1179529::combined_noise_0.002A_0.010,mp-1179529,mp-1179529,SiO2,combined_noise_0.002A_0.010,combined_perturbation,noise,1,20,2,0,1,0,small::mp-1179529::reference|small::mp-1353259::reference,1.2640945240855217
loose,small,small::mp-1179529::combined_noise_0.015A_0.010,mp-1179529,mp-1179529,SiO2,combined_noise_0.015A_0.010,combined_perturbation,noise,1,20,2,0,1,0,small::mp-1179529::reference|small::mp-1353259::reference,1.3255693670362234
loose,small,small::mp-1179529::combined_noise_0.050A_0.010,mp-1179529,mp-1179529,SiO2,combined_noise_0.050A_0.010,combined_perturbation,noise,1,20,2,0,1,0,small::mp-1179529::reference|small::mp-1353259::reference,1.3909024931490421
loose,small,small::mp-1179529::combined_noise_0.002A_0.030,mp-1179529,mp-1179529,SiO2,combined_noise_0.002A_0.030,combined_perturbation,noise,1,20,2,0,1,0,small::mp-1179529::reference|small::mp-1353259::reference,1.350557429715991
loose,small,small::mp-1179529::combined_noise_0.015A_0.030,mp-1179529,mp-1179529,SiO2,combined_noise_0.015A_0.030,combined_perturbation,noise,1,20,2,0,1,0,small::mp-1179529::reference|small::mp-1353259::reference,1.2756860312074423
loose,small,small::mp-1179529::combined_noise_0.050A_0.030,mp-1179529,mp-1179529,SiO2,combined_noise_0.050A_0.030,combined_perturbation,noise,1,20,2,0,1,0,small::mp-1179529::reference|small::mp-1353259::reference,1.5597770400345325
loose,small,small::mp-1188220::conventional_standard,mp-1188220,mp-1188220,SiO2,conventional_standard,equivalent_transform,no_noise,1,20,1,0,0,0,small::mp-1188220::reference,0.5900394450873137
loose,small,small::mp-1188220::niggli_reduced,mp-1188220,mp-1188220,SiO2,niggli_reduced,equivalent_transform,no_noise,1,20,1,0,0,0,small::mp-1188220::reference,0.5200804751366377
loose,small,small::mp-1188220::origin_shifted,mp-1188220,mp-1188220,SiO2,origin_shifted,equivalent_transform,no_noise,1,20,1,0,0,0,small::mp-1188220::reference,0.5168270505964756
loose,small,small::mp-1188220::permuted_sites,mp-1188220,mp-1188220,SiO2,permuted_sites,equivalent_transform,no_noise,1,20,1,0,0,0,small::mp-1188220::reference,0.5731654744595289
loose,small,small::mp-1188220::combined_noise_0.002A_0.003,mp-1188220,mp-1188220,SiO2,combined_noise_0.002A_0.003,combined_perturbation,noise,1,20,1,0,0,0,small::mp-1188220::reference,0.5070866458117962
loose,small,small::mp-1188220::combined_noise_0.015A_0.003,mp-1188220,mp-1188220,SiO2,combined_noise_0.015A_0.003,combined_perturbation,noise,1,20,1,0,0,0,small::mp-1188220::reference,0.5091502014547586
loose,small,small::mp-1188220::combined_noise_0.050A_0.003,mp-1188220,mp-1188220,SiO2,combined_noise_0.050A_0.003,combined_perturbation,noise,1,20,1,0,0,0,small::mp-1188220::reference,0.5023328997194767
loose,small,small::mp-1188220::combined_noise_0.002A_0.010,mp-1188220,mp-1188220,SiO2,combined_noise_0.002A_0.010,combined_perturbation,noise,1,20,1,0,0,0,small::mp-1188220::reference,0.5950825344771147
loose,small,small::mp-1188220::combined_noise_0.015A_0.010,mp-1188220,mp-1188220,SiO2,combined_noise_0.015A_0.010,combined_perturbation,noise,1,20,1,0,0,0,small::mp-1188220::reference,0.571444122120738
loose,small,small::mp-1188220::combined_noise_0.050A_0.010,mp-1188220,mp-1188220,SiO2,combined_noise_0.050A_0.010,combined_perturbation,noise,1,20,1,0,0,0,small::mp-1188220::reference,0.5460657570511103
loose,small,small::mp-1188220::combined_noise_0.002A_0.030,mp-1188220,mp-1188220,SiO2,combined_noise_0.002A_0.030,combined_perturbation,noise,1,20,1,0,0,0,small::mp-1188220::reference,0.5940387230366468
loose,small,small::mp-1188220::combined_noise_0.015A_0.030,mp-1188220,mp-1188220,SiO2,combined_noise_0.015A_0.030,combined_perturbation,noise,1,20,1,0,0,0,small::mp-1188220::reference,0.5751699265092611
loose,small,small::mp-1188220::combined_noise_0.050A_0.030,mp-1188220,mp-1188220,SiO2,combined_noise_0.050A_0.030,combined_perturbation,noise,1,20,1,0,0,0,small::mp-1188220::reference,0.5769675392657518
loose,small,small::mp-12350::conventional_standard,mp-12350,mp-12350,SiO2,conventional_standard,equivalent_transform,no_noise,1,20,1,0,0,0,small::mp-12350::reference,0.9796425364911556
loose,small,small::mp-12350::niggli_reduced,mp-12350,mp-12350,SiO2,niggli_reduced,equivalent_transform,no_noise,1,20,1,0,0,0,small::mp-12350::reference,0.3601663801819086
loose,small,small::mp-12350::origin_shifted,mp-12350,mp-12350,SiO2,origin_shifted,equivalent_transform,no_noise,1,20,1,0,0,0,small::mp-12350::reference,0.36941627226769924
loose,small,small::mp-12350::permuted_sites,mp-12350,mp-12350,SiO2,permuted_sites,equivalent_transform,no_noise,1,20,1,0,0,0,small::mp-12350::reference,0.4487234987318516
loose,small,small::mp-12350::combined_noise_0.002A_0.003,mp-12350,mp-12350,SiO2,combined_noise_0.002A_0.003,combined_perturbation,noise,1,20,1,0,0,0,small::mp-12350::reference,0.735090309754014
loose,small,small::mp-12350::combined_noise_0.015A_0.003,mp-12350,mp-12350,SiO2,combined_noise_0.015A_0.003,combined_perturbation,noise,1,20,1,0,0,0,small::mp-12350::reference,0.7400553356856108
loose,small,small::mp-12350::combined_noise_0.050A_0.003,mp-12350,mp-12350,SiO2,combined_noise_0.050A_0.003,combined_perturbation,noise,1,20,1,0,0,0,small::mp-12350::reference,0.7404676377773285
loose,small,small::mp-12350::combined_noise_0.002A_0.010,mp-12350,mp-12350,SiO2,combined_noise_0.002A_0.010,combined_perturbation,noise,1,20,1,0,0,0,small::mp-12350::reference,0.7112367283552885
loose,small,small::mp-12350::combined_noise_0.015A_0.010,mp-12350,mp-12350,SiO2,combined_noise_0.015A_0.010,combined_perturbation,noise,1,20,1,0,0,0,small::mp-12350::reference,0.7395593468099833
loose,small,small::mp-12350::combined_noise_0.050A_0.010,mp-12350,mp-12350,SiO2,combined_noise_0.050A_0.010,combined_perturbation,noise,1,20,1,0,0,0,small::mp-12350::reference,0.703789597377181
loose,small,small::mp-12350::combined_noise_0.002A_0.030,mp-12350,mp-12350,SiO2,combined_noise_0.002A_0.030,combined_perturbation,noise,1,20,1,0,0,0,small::mp-12350::reference,0.6503997482359409
loose,small,small::mp-12350::combined_noise_0.015A_0.030,mp-12350,mp-12350,SiO2,combined_noise_0.015A_0.030,combined_perturbation,noise,1,20,1,0,0,0,small::mp-12350::reference,0.6755891907960176
loose,small,small::mp-12350::combined_noise_0.050A_0.030,mp-12350,mp-12350,SiO2,combined_noise_0.050A_0.030,combined_perturbation,noise,1,20,1,0,0,0,small::mp-12350::reference,0.5884888358414173
loose,small,small::mp-1265115::conventional_standard,mp-1265115,mp-1265115,SiO2,conventional_standard,equivalent_transform,no_noise,1,20,1,0,0,0,small::mp-1265115::reference,0.1589163113385439
loose,small,small::mp-1265115::niggli_reduced,mp-1265115,mp-1265115,SiO2,niggli_reduced,equivalent_transform,no_noise,1,20,1,0,0,0,small::mp-1265115::reference,0.13674377277493477
loose,small,small::mp-1265115::origin_shifted,mp-1265115,mp-1265115,SiO2,origin_shifted,equivalent_transform,no_noise,1,20,1,0,0,0,small::mp-1265115::reference,0.1411093883216381
loose,small,small::mp-1265115::permuted_sites,mp-1265115,mp-1265115,SiO2,permuted_sites,equivalent_transform,no_noise,1,20,1,0,0,0,small::mp-1265115::reference,0.22236127592623234
loose,small,small::mp-1265115::combined_noise_0.002A_0.003,mp-1265115,mp-1265115,SiO2,combined_noise_0.002A_0.003,combined_perturbation,noise,1,20,1,0,0,0,small::mp-1265115::reference,0.24869240447878838
loose,small,small::mp-1265115::combined_noise_0.015A_0.003,mp-1265115,mp-1265115,SiO2,combined_noise_0.015A_0.003,combined_perturbation,noise,1,20,1,0,0,0,small::mp-1265115::reference,0.13469886034727097
loose,small,small::mp-1265115::combined_noise_0.050A_0.003,mp-1265115,mp-1265115,SiO2,combined_noise_0.050A_0.003,combined_perturbation,noise,1,20,1,0,0,0,small::mp-1265115::reference,0.13497347943484783
loose,small,small::mp-1265115::combined_noise_0.002A_0.010,mp-1265115,mp-1265115,SiO2,combined_noise_0.002A_0.010,combined_perturbation,noise,1,20,1,0,0,0,small::mp-1265115::reference,0.13622490130364895
loose,small,small::mp-1265115::combined_noise_0.015A_0.010,mp-1265115,mp-1265115,SiO2,combined_noise_0.015A_0.010,combined_perturbation,noise,1,20,1,0,0,0,small::mp-1265115::reference,0.13710190542042255
loose,small,small::mp-1265115::combined_noise_0.050A_0.010,mp-1265115,mp-1265115,SiO2,combined_noise_0.050A_0.010,combined_perturbation,noise,1,20,1,0,0,0,small::mp-1265115::reference,0.13712084293365479
loose,small,small::mp-1265115::combined_noise_0.002A_0.030,mp-1265115,mp-1265115,SiO2,combined_noise_0.002A_0.030,combined_perturbation,noise,1,20,1,0,0,0,small::mp-1265115::reference,0.1372537948191166
loose,small,small::mp-1265115::combined_noise_0.015A_0.030,mp-1265115,mp-1265115,SiO2,combined_noise_0.015A_0.030,combined_perturbation,noise,1,20,1,0,0,0,small::mp-1265115::reference,0.1359818521887064
loose,small,small::mp-1265115::combined_noise_0.050A_0.030,mp-1265115,mp-1265115,SiO2,combined_noise_0.050A_0.030,combined_perturbation,noise,1,20,1,0,0,0,small::mp-1265115::reference,0.1354889590293169
loose,small,small::mp-12787::conventional_standard,mp-12787,mp-12787,SiO2,conventional_standard,equivalent_transform,no_noise,1,20,1,0,0,0,small::mp-12787::reference,0.27870896086096764
loose,small,small::mp-12787::niggli_reduced,mp-12787,mp-12787,SiO2,niggli_reduced,equivalent_transform,no_noise,1,20,1,0,0,0,small::mp-12787::reference,0.20094145834445953
loose,small,small::mp-12787::origin_shifted,mp-12787,mp-12787,SiO2,origin_shifted,equivalent_transform,no_noise,1,20,1,0,0,0,small::mp-12787::reference,0.20472240075469017
loose,small,small::mp-12787::permuted_sites,mp-12787,mp-12787,SiO2,permuted_sites,equivalent_transform,no_noise,1,20,1,0,0,0,small::mp-12787::reference,0.2552798204123974
loose,small,small::mp-12787::combined_noise_0.002A_0.003,mp-12787,mp-12787,SiO2,combined_noise_0.002A_0.003,combined_perturbation,noise,1,20,1,0,0,0,small::mp-12787::reference,0.19962027482688427
loose,small,small::mp-12787::combined_noise_0.015A_0.003,mp-12787,mp-12787,SiO2,combined_noise_0.015A_0.003,combined_perturbation,noise,1,20,1,0,0,0,small::mp-12787::reference,0.20281007140874863
loose,small,small::mp-12787::combined_noise_0.050A_0.003,mp-12787,mp-12787,SiO2,combined_noise_0.050A_0.003,combined_perturbation,noise,1,20,1,0,0,0,small::mp-12787::reference,0.20148209109902382
loose,small,small::mp-12787::combined_noise_0.002A_0.010,mp-12787,mp-12787,SiO2,combined_noise_0.002A_0.010,combined_perturbation,noise,1,20,1,0,0,0,small::mp-12787::reference,0.20021915808320045
loose,small,small::mp-12787::combined_noise_0.015A_0.010,mp-12787,mp-12787,SiO2,combined_noise_0.015A_0.010,combined_perturbation,noise,1,20,1,0,0,0,small::mp-12787::reference,0.20159130915999413
loose,small,small::mp-12787::combined_noise_0.050A_0.010,mp-12787,mp-12787,SiO2,combined_noise_0.050A_0.010,combined_perturbation,noise,1,20,1,0,0,0,small::mp-12787::reference,0.20288932137191296
loose,small,small::mp-12787::combined_noise_0.002A_0.030,mp-12787,mp-12787,SiO2,combined_noise_0.002A_0.030,combined_perturbation,noise,1,20,1,0,0,0,small::mp-12787::reference,0.20884056761860847
loose,small,small::mp-12787::combined_noise_0.015A_0.030,mp-12787,mp-12787,SiO2,combined_noise_0.015A_0.030,combined_perturbation,noise,1,20,1,0,0,0,small::mp-12787::reference,0.14477473497390747
loose,small,small::mp-12787::combined_noise_0.050A_0.030,mp-12787,mp-12787,SiO2,combined_noise_0.050A_0.030,combined_perturbation,noise,1,20,1,0,0,0,small::mp-12787::reference,0.20513350330293179
loose,small,small::mp-1353259::conventional_standard,mp-1353259,mp-1353259,SiO2,conventional_standard,equivalent_transform,no_noise,1,20,2,0,1,0,small::mp-1179529::reference|small::mp-1353259::reference,1.3208576086908579
loose,small,small::mp-1353259::niggli_reduced,mp-1353259,mp-1353259,SiO2,niggli_reduced,equivalent_transform,no_noise,1,20,2,0,1,0,small::mp-1179529::reference|small::mp-1353259::reference,1.3154493924230337
loose,small,small::mp-1353259::origin_shifted,mp-1353259,mp-1353259,SiO2,origin_shifted,equivalent_transform,no_noise,1,20,2,0,1,0,small::mp-1179529::reference|small::mp-1353259::reference,1.3349734377115965
loose,small,small::mp-1353259::permuted_sites,mp-1353259,mp-1353259,SiO2,permuted_sites,equivalent_transform,no_noise,1,20,2,0,1,0,small::mp-1179529::reference|small::mp-1353259::reference,1.5171490926295519
loose,small,small::mp-1353259::combined_noise_0.002A_0.003,mp-1353259,mp-1353259,SiO2,combined_noise_0.002A_0.003,combined_perturbation,noise,1,20,2,0,1,0,small::mp-1179529::reference|small::mp-1353259::reference,1.2875506952404976
loose,small,small::mp-1353259::combined_noise_0.015A_0.003,mp-1353259,mp-1353259,SiO2,combined_noise_0.015A_0.003,combined_perturbation,noise,1,20,2,0,1,0,small::mp-1179529::reference|small::mp-1353259::reference,1.3125905264168978
loose,small,small::mp-1353259::combined_noise_0.050A_0.003,mp-1353259,mp-1353259,SiO2,combined_noise_0.050A_0.003,combined_perturbation,noise,1,20,2,0,1,0,small::mp-1179529::reference|small::mp-1353259::reference,1.4688364416360855
loose,small,small::mp-1353259::combined_noise_0.002A_0.010,mp-1353259,mp-1353259,SiO2,combined_noise_0.002A_0.010,combined_perturbation,noise,1,20,2,0,1,0,small::mp-1179529::reference|small::mp-1353259::reference,1.3391182627528906
loose,small,small::mp-1353259::combined_noise_0.015A_0.010,mp-1353259,mp-1353259,SiO2,combined_noise_0.015A_0.010,combined_perturbation,noise,1,20,2,0,1,0,small::mp-1179529::reference|small::mp-1353259::reference,1.345226351171732
loose,small,small::mp-1353259::combined_noise_0.050A_0.010,mp-1353259,mp-1353259,SiO2,combined_noise_0.050A_0.010,combined_perturbation,noise,1,20,2,0,1,0,small::mp-1179529::reference|small::mp-1353259::reference,1.3516932800412178
loose,small,small::mp-1353259::combined_noise_0.002A_0.030,mp-1353259,mp-1353259,SiO2,combined_noise_0.002A_0.030,combined_perturbation,noise,1,20,2,0,1,0,small::mp-1179529::reference|small::mp-1353259::reference,1.281537875533104
loose,small,small::mp-1353259::combined_noise_0.015A_0.030,mp-1353259,mp-1353259,SiO2,combined_noise_0.015A_0.030,combined_perturbation,noise,1,20,2,0,1,0,small::mp-1179529::reference|small::mp-1353259::reference,1.3505848087370396
loose,small,small::mp-1353259::combined_noise_0.050A_0.030,mp-1353259,mp-1353259,SiO2,combined_noise_0.050A_0.030,combined_perturbation,noise,1,20,2,0,1,0,small::mp-1179529::reference|small::mp-1353259::reference,1.387342071160674
loose,small,small::mp-1398433::conventional_standard,mp-1398433,mp-1398433,SiO2,conventional_standard,equivalent_transform,no_noise,1,20,1,0,0,0,small::mp-1398433::reference,0.3694804646074772
loose,small,small::mp-1398433::niggli_reduced,mp-1398433,mp-1398433,SiO2,niggli_reduced,equivalent_transform,no_noise,1,20,1,0,0,0,small::mp-1398433::reference,0.38340900279581547
loose,small,small::mp-1398433::origin_shifted,mp-1398433,mp-1398433,SiO2,origin_shifted,equivalent_transform,no_noise,1,20,1,0,0,0,small::mp-1398433::reference,0.3783632982522249
loose,small,small::mp-1398433::permuted_sites,mp-1398433,mp-1398433,SiO2,permuted_sites,equivalent_transform,no_noise,1,20,1,0,0,0,small::mp-1398433::reference,0.4009146969765425
loose,small,small::mp-1398433::combined_noise_0.002A_0.003,mp-1398433,mp-1398433,SiO2,combined_noise_0.002A_0.003,combined_perturbation,noise,1,20,1,0,0,0,small::mp-1398433::reference,0.3721870370209217
loose,small,small::mp-1398433::combined_noise_0.015A_0.003,mp-1398433,mp-1398433,SiO2,combined_noise_0.015A_0.003,combined_perturbation,noise,1,20,1,0,0,0,small::mp-1398433::reference,0.3731728810817003
loose,small,small::mp-1398433::combined_noise_0.050A_0.003,mp-1398433,mp-1398433,SiO2,combined_noise_0.050A_0.003,combined_perturbation,noise,1,20,1,0,0,0,small::mp-1398433::reference,0.378859706223011
loose,small,small::mp-1398433::combined_noise_0.002A_0.010,mp-1398433,mp-1398433,SiO2,combined_noise_0.002A_0.010,combined_perturbation,noise,1,20,1,0,0,0,small::mp-1398433::reference,0.3094086330384016
loose,small,small::mp-1398433::combined_noise_0.015A_0.010,mp-1398433,mp-1398433,SiO2,combined_noise_0.015A_0.010,combined_perturbation,noise,1,20,1,0,0,0,small::mp-1398433::reference,0.2996217105537653
loose,small,small::mp-1398433::combined_noise_0.050A_0.010,mp-1398433,mp-1398433,SiO2,combined_noise_0.050A_0.010,combined_perturbation,noise,1,20,1,0,0,0,small::mp-1398433::reference,0.37616740353405476
loose,small,small::mp-1398433::combined_noise_0.002A_0.030,mp-1398433,mp-1398433,SiO2,combined_noise_0.002A_0.030,combined_perturbation,noise,1,20,1,0,0,0,small::mp-1398433::reference,0.34196123853325844
loose,small,small::mp-1398433::combined_noise_0.015A_0.030,mp-1398433,mp-1398433,SiO2,combined_noise_0.015A_0.030,combined_perturbation,noise,1,20,1,0,0,0,small::mp-1398433::reference,0.2801683656871319
loose,small,small::mp-1398433::combined_noise_0.050A_0.030,mp-1398433,mp-1398433,SiO2,combined_noise_0.050A_0.030,combined_perturbation,noise,1,20,1,0,0,0,small::mp-1398433::reference,0.37781825475394726
loose,small,small::mp-16964::conventional_standard,mp-16964,mp-16964,SiO2,conventional_standard,equivalent_transform,no_noise,1,20,1,0,0,0,small::mp-16964::reference,0.8560893479734659
loose,small,small::mp-16964::niggli_reduced,mp-16964,mp-16964,SiO2,niggli_reduced,equivalent_transform,no_noise,1,20,1,0,0,0,small::mp-16964::reference,0.5771447531878948
loose,small,small::mp-16964::origin_shifted,mp-16964,mp-16964,SiO2,origin_shifted,equivalent_transform,no_noise,1,20,1,0,0,0,small::mp-16964::reference,0.5772496517747641
loose,small,small::mp-16964::permuted_sites,mp-16964,mp-16964,SiO2,permuted_sites,equivalent_transform,no_noise,1,20,1,0,0,0,small::mp-16964::reference,0.7686306685209274
loose,small,small::mp-16964::combined_noise_0.002A_0.003,mp-16964,mp-16964,SiO2,combined_noise_0.002A_0.003,combined_perturbation,noise,1,20,1,0,0,0,small::mp-16964::reference,0.5922393128275871
loose,small,small::mp-16964::combined_noise_0.015A_0.003,mp-16964,mp-16964,SiO2,combined_noise_0.015A_0.003,combined_perturbation,noise,1,20,1,0,0,0,small::mp-16964::reference,0.5716832354664803
loose,small,small::mp-16964::combined_noise_0.050A_0.003,mp-16964,mp-16964,SiO2,combined_noise_0.050A_0.003,combined_perturbation,noise,1,20,1,0,0,0,small::mp-16964::reference,0.5812180191278458
loose,small,small::mp-16964::combined_noise_0.002A_0.010,mp-16964,mp-16964,SiO2,combined_noise_0.002A_0.010,combined_perturbation,noise,1,20,1,0,0,0,small::mp-16964::reference,0.5745954401791096
loose,small,small::mp-16964::combined_noise_0.015A_0.010,mp-16964,mp-16964,SiO2,combined_noise_0.015A_0.010,combined_perturbation,noise,1,20,1,0,0,0,small::mp-16964::reference,0.5594533178955317
loose,small,small::mp-16964::combined_noise_0.050A_0.010,mp-16964,mp-16964,SiO2,combined_noise_0.050A_0.010,combined_perturbation,noise,1,20,1,0,0,0,small::mp-16964::reference,0.61443873308599
loose,small,small::mp-16964::combined_noise_0.002A_0.030,mp-16964,mp-16964,SiO2,combined_noise_0.002A_0.030,combined_perturbation,noise,1,20,1,0,0,0,small::mp-16964::reference,0.572783974930644
loose,small,small::mp-16964::combined_noise_0.015A_0.030,mp-16964,mp-16964,SiO2,combined_noise_0.015A_0.030,combined_perturbation,noise,1,20,1,0,0,0,small::mp-16964::reference,0.6731642913073301
loose,small,small::mp-16964::combined_noise_0.050A_0.030,mp-16964,mp-16964,SiO2,combined_noise_0.050A_0.030,combined_perturbation,noise,1,20,1,0,0,0,small::mp-16964::reference,0.8529575020074844
loose,small,small::mp-17909::conventional_standard,mp-17909,mp-17909,SiO2,conventional_standard,equivalent_transform,no_noise,1,20,1,0,0,0,small::mp-17909::reference,1.3834634441882372
loose,small,small::mp-17909::niggli_reduced,mp-17909,mp-17909,SiO2,niggli_reduced,equivalent_transform,no_noise,1,20,1,0,0,0,small::mp-17909::reference,0.8291613217443228
loose,small,small::mp-17909::origin_shifted,mp-17909,mp-17909,SiO2,origin_shifted,equivalent_transform,no_noise,1,20,1,0,0,0,small::mp-17909::reference,0.6501397620886564
loose,small,small::mp-17909::permuted_sites,mp-17909,mp-17909,SiO2,permuted_sites,equivalent_transform,no_noise,1,20,1,0,0,0,small::mp-17909::reference,1.0148611702024937
loose,small,small::mp-17909::combined_noise_0.002A_0.003,mp-17909,mp-17909,SiO2,combined_noise_0.002A_0.003,combined_perturbation,noise,1,20,1,0,0,0,small::mp-17909::reference,0.62744415178895
loose,small,small::mp-17909::combined_noise_0.015A_0.003,mp-17909,mp-17909,SiO2,combined_noise_0.015A_0.003,combined_perturbation,noise,1,20,1,0,0,0,small::mp-17909::reference,0.6546030156314373
loose,small,small::mp-17909::combined_noise_0.050A_0.003,mp-17909,mp-17909,SiO2,combined_noise_0.050A_0.003,combined_perturbation,noise,1,20,1,0,0,0,small::mp-17909::reference,0.6630650795996189
loose,small,small::mp-17909::combined_noise_0.002A_0.010,mp-17909,mp-17909,SiO2,combined_noise_0.002A_0.010,combined_perturbation,noise,1,20,1,0,0,0,small::mp-17909::reference,0.5974703412503004
loose,small,small::mp-17909::combined_noise_0.015A_0.010,mp-17909,mp-17909,SiO2,combined_noise_0.015A_0.010,combined_perturbation,noise,1,20,1,0,0,0,small::mp-17909::reference,0.6910011973232031
loose,small,small::mp-17909::combined_noise_0.050A_0.010,mp-17909,mp-17909,SiO2,combined_noise_0.050A_0.010,combined_perturbation,noise,1,20,1,0,0,0,small::mp-17909::reference,0.6896177139133215
loose,small,small::mp-17909::combined_noise_0.002A_0.030,mp-17909,mp-17909,SiO2,combined_noise_0.002A_0.030,combined_perturbation,noise,1,20,1,0,0,0,small::mp-17909::reference,0.5808889903128147
loose,small,small::mp-17909::combined_noise_0.015A_0.030,mp-17909,mp-17909,SiO2,combined_noise_0.015A_0.030,combined_perturbation,noise,1,20,1,0,0,0,small::mp-17909::reference,0.6533379033207893
loose,small,small::mp-17909::combined_noise_0.050A_0.030,mp-17909,mp-17909,SiO2,combined_noise_0.050A_0.030,combined_perturbation,noise,1,20,1,0,0,0,small::mp-17909::reference,0.6494255401194096
loose,small,small::mp-18280::conventional_standard,mp-18280,mp-18280,SiO2,conventional_standard,equivalent_transform,no_noise,1,20,1,0,0,0,small::mp-18280::reference,0.9686750192195177
loose,small,small::mp-18280::niggli_reduced,mp-18280,mp-18280,SiO2,niggli_reduced,equivalent_transform,no_noise,1,20,1,0,0,0,small::mp-18280::reference,0.693434489890933
loose,small,small::mp-18280::origin_shifted,mp-18280,mp-18280,SiO2,origin_shifted,equivalent_transform,no_noise,1,20,1,0,0,0,small::mp-18280::reference,0.7229770477861166
loose,small,small::mp-18280::permuted_sites,mp-18280,mp-18280,SiO2,permuted_sites,equivalent_transform,no_noise,1,20,1,0,0,0,small::mp-18280::reference,0.9160093180835247
loose,small,small::mp-18280::combined_noise_0.002A_0.003,mp-18280,mp-18280,SiO2,combined_noise_0.002A_0.003,combined_perturbation,noise,1,20,1,0,0,0,small::mp-18280::reference,0.893487237393856
loose,small,small::mp-18280::combined_noise_0.015A_0.003,mp-18280,mp-18280,SiO2,combined_noise_0.015A_0.003,combined_perturbation,noise,1,20,1,0,0,0,small::mp-18280::reference,0.9015596844255924
loose,small,small::mp-18280::combined_noise_0.050A_0.003,mp-18280,mp-18280,SiO2,combined_noise_0.050A_0.003,combined_perturbation,noise,1,20,1,0,0,0,small::mp-18280::reference,0.9152971431612968
loose,small,small::mp-18280::combined_noise_0.002A_0.010,mp-18280,mp-18280,SiO2,combined_noise_0.002A_0.010,combined_perturbation,noise,1,20,1,0,0,0,small::mp-18280::reference,1.061251724138856
loose,small,small::mp-18280::combined_noise_0.015A_0.010,mp-18280,mp-18280,SiO2,combined_noise_0.015A_0.010,combined_perturbation,noise,1,20,1,0,0,0,small::mp-18280::reference,0.7751133404672146
loose,small,small::mp-18280::combined_noise_0.050A_0.010,mp-18280,mp-18280,SiO2,combined_noise_0.050A_0.010,combined_perturbation,noise,1,20,1,0,0,0,small::mp-18280::reference,0.6979244761168957
loose,small,small::mp-18280::combined_noise_0.002A_0.030,mp-18280,mp-18280,SiO2,combined_noise_0.002A_0.030,combined_perturbation,noise,1,20,1,0,0,0,small::mp-18280::reference,1.064964398741722
loose,small,small::mp-18280::combined_noise_0.015A_0.030,mp-18280,mp-18280,SiO2,combined_noise_0.015A_0.030,combined_perturbation,noise,1,20,1,0,0,0,small::mp-18280::reference,0.8792361356317997
loose,small,small::mp-18280::combined_noise_0.050A_0.030,mp-18280,mp-18280,SiO2,combined_noise_0.050A_0.030,combined_perturbation,noise,1,20,1,0,0,0,small::mp-18280::reference,0.9127981718629599
loose,small,small::mp-32667::conventional_standard,mp-32667,mp-32667,SiO2,conventional_standard,equivalent_transform,no_noise,1,20,3,0,2,0,small::mp-10064::reference|small::mp-1021503::reference|small::mp-32667::reference,0.17047499679028988
loose,small,small::mp-32667::niggli_reduced,mp-32667,mp-32667,SiO2,niggli_reduced,equivalent_transform,no_noise,1,20,3,0,2,0,small::mp-10064::reference|small::mp-1021503::reference|small::mp-32667::reference,0.16478204913437366
loose,small,small::mp-32667::origin_shifted,mp-32667,mp-32667,SiO2,origin_shifted,equivalent_transform,no_noise,1,20,3,0,2,0,small::mp-10064::reference|small::mp-1021503::reference|small::mp-32667::reference,0.1682021450251341
loose,small,small::mp-32667::permuted_sites,mp-32667,mp-32667,SiO2,permuted_sites,equivalent_transform,no_noise,1,20,3,0,2,0,small::mp-10064::reference|small::mp-1021503::reference|small::mp-32667::reference,0.21778934262692928
loose,small,small::mp-32667::combined_noise_0.002A_0.003,mp-32667,mp-32667,SiO2,combined_noise_0.002A_0.003,combined_perturbation,noise,1,20,3,0,2,0,small::mp-10064::reference|small::mp-1021503::reference|small::mp-32667::reference,0.18370460532605648
loose,small,small::mp-32667::combined_noise_0.015A_0.003,mp-32667,mp-32667,SiO2,combined_noise_0.015A_0.003,combined_perturbation,noise,1,20,3,0,2,0,small::mp-10064::reference|small::mp-1021503::reference|small::mp-32667::reference,0.15995189361274242
loose,small,small::mp-32667::combined_noise_0.050A_0.003,mp-32667,mp-32667,SiO2,combined_noise_0.050A_0.003,combined_perturbation,noise,1,20,2,0,1,0,small::mp-1021503::reference|small::mp-32667::reference,0.19864372536540031
loose,small,small::mp-32667::combined_noise_0.002A_0.010,mp-32667,mp-32667,SiO2,combined_noise_0.002A_0.010,combined_perturbation,noise,1,20,3,0,2,0,small::mp-10064::reference|small::mp-1021503::reference|small::mp-32667::reference,0.16775368712842464
loose,small,small::mp-32667::combined_noise_0.015A_0.010,mp-32667,mp-32667,SiO2,combined_noise_0.015A_0.010,combined_perturbation,noise,1,20,2,0,1,0,small::mp-1021503::reference|small::mp-32667::reference,0.2223726473748684
loose,small,small::mp-32667::combined_noise_0.050A_0.010,mp-32667,mp-32667,SiO2,combined_noise_0.050A_0.010,combined_perturbation,noise,1,20,2,0,1,0,small::mp-1021503::reference|small::mp-32667::reference,0.221643328666687
loose,small,small::mp-32667::combined_noise_0.002A_0.030,mp-32667,mp-32667,SiO2,combined_noise_0.002A_0.030,combined_perturbation,noise,1,20,3,0,2,0,small::mp-10064::reference|small::mp-1021503::reference|small::mp-32667::reference,0.16221708618104458
loose,small,small::mp-32667::combined_noise_0.015A_0.030,mp-32667,mp-32667,SiO2,combined_noise_0.015A_0.030,combined_perturbation,noise,1,20,3,0,2,0,small::mp-10064::reference|small::mp-1021503::reference|small::mp-32667::reference,0.16811245679855347
loose,small,small::mp-32667::combined_noise_0.050A_0.030,mp-32667,mp-32667,SiO2,combined_noise_0.050A_0.030,combined_perturbation,noise,1,20,3,0,2,0,small::mp-10064::reference|small::mp-1021503::reference|small::mp-32667::reference,0.18713602237403393
loose,small,small::mp-545488::conventional_standard,mp-545488,mp-545488,SiO2,conventional_standard,equivalent_transform,no_noise,1,20,1,0,0,0,small::mp-545488::reference,0.17714418657124043
loose,small,small::mp-545488::niggli_reduced,mp-545488,mp-545488,SiO2,niggli_reduced,equivalent_transform,no_noise,1,20,1,0,0,0,small::mp-545488::reference,0.15532567724585533
loose,small,small::mp-545488::origin_shifted,mp-545488,mp-545488,SiO2,origin_shifted,equivalent_transform,no_noise,1,20,1,0,0,0,small::mp-545488::reference,0.15926956571638584
loose,small,small::mp-545488::permuted_sites,mp-545488,mp-545488,SiO2,permuted_sites,equivalent_transform,no_noise,1,20,1,0,0,0,small::mp-545488::reference,0.2060092631727457
loose,small,small::mp-545488::combined_noise_0.002A_0.003,mp-545488,mp-545488,SiO2,combined_noise_0.002A_0.003,combined_perturbation,noise,1,20,1,0,0,0,small::mp-545488::reference,0.15340928360819817
loose,small,small::mp-545488::combined_noise_0.015A_0.003,mp-545488,mp-545488,SiO2,combined_noise_0.015A_0.003,combined_perturbation,noise,1,20,1,0,0,0,small::mp-545488::reference,0.15656479075551033
loose,small,small::mp-545488::combined_noise_0.050A_0.003,mp-545488,mp-545488,SiO2,combined_noise_0.050A_0.003,combined_perturbation,noise,1,20,1,0,0,0,small::mp-545488::reference,0.1534203365445137
loose,small,small::mp-545488::combined_noise_0.002A_0.010,mp-545488,mp-545488,SiO2,combined_noise_0.002A_0.010,combined_perturbation,noise,1,20,1,0,0,0,small::mp-545488::reference,0.15603361651301384
loose,small,small::mp-545488::combined_noise_0.015A_0.010,mp-545488,mp-545488,SiO2,combined_noise_0.015A_0.010,combined_perturbation,noise,1,20,1,0,0,0,small::mp-545488::reference,0.15880735404789448
loose,small,small::mp-545488::combined_noise_0.050A_0.010,mp-545488,mp-545488,SiO2,combined_noise_0.050A_0.010,combined_perturbation,noise,1,20,1,0,0,0,small::mp-545488::reference,0.15674435906112194
loose,small,small::mp-545488::combined_noise_0.002A_0.030,mp-545488,mp-545488,SiO2,combined_noise_0.002A_0.030,combined_perturbation,noise,1,20,1,0,0,0,small::mp-545488::reference,0.26012270897626877
loose,small,small::mp-545488::combined_noise_0.015A_0.030,mp-545488,mp-545488,SiO2,combined_noise_0.015A_0.030,combined_perturbation,noise,1,20,1,0,0,0,small::mp-545488::reference,0.16102981753647327
loose,small,small::mp-545488::combined_noise_0.050A_0.030,mp-545488,mp-545488,SiO2,combined_noise_0.050A_0.030,combined_perturbation,noise,1,20,1,0,0,0,small::mp-545488::reference,0.15766111202538013
loose,small,small::mp-1008677::conventional_standard,mp-1008677,mp-1008677,TiO2,conventional_standard,equivalent_transform,no_noise,1,20,4,0,3,0,small::mp-1008677::reference|small::mp-1102591::reference|small::mp-1190753::reference|small::mp-1439::reference,0.47221970185637474
loose,small,small::mp-1008677::niggli_reduced,mp-1008677,mp-1008677,TiO2,niggli_reduced,equivalent_transform,no_noise,1,20,4,0,3,0,small::mp-1008677::reference|small::mp-1102591::reference|small::mp-1190753::reference|small::mp-1439::reference,0.43236766941845417
loose,small,small::mp-1008677::origin_shifted,mp-1008677,mp-1008677,TiO2,origin_shifted,equivalent_transform,no_noise,1,20,4,0,3,0,small::mp-1008677::reference|small::mp-1102591::reference|small::mp-1190753::reference|small::mp-1439::reference,0.4348244424909353
loose,small,small::mp-1008677::permuted_sites,mp-1008677,mp-1008677,TiO2,permuted_sites,equivalent_transform,no_noise,1,20,4,0,3,0,small::mp-1008677::reference|small::mp-1102591::reference|small::mp-1190753::reference|small::mp-1439::reference,0.43949280865490437
loose,small,small::mp-1008677::combined_noise_0.002A_0.003,mp-1008677,mp-1008677,TiO2,combined_noise_0.002A_0.003,combined_perturbation,noise,1,20,5,0,4,0,small::mp-1008677::reference|small::mp-1041565::reference|small::mp-1102591::reference|small::mp-1190753::reference|small::mp-1439::reference,0.5058026183396578
loose,small,small::mp-1008677::combined_noise_0.015A_0.003,mp-1008677,mp-1008677,TiO2,combined_noise_0.015A_0.003,combined_perturbation,noise,1,20,4,0,3,0,small::mp-1008677::reference|small::mp-1102591::reference|small::mp-1190753::reference|small::mp-1439::reference,0.5362870581448078
loose,small,small::mp-1008677::combined_noise_0.050A_0.003,mp-1008677,mp-1008677,TiO2,combined_noise_0.050A_0.003,combined_perturbation,noise,1,20,4,0,3,0,small::mp-1008677::reference|small::mp-1102591::reference|small::mp-1190753::reference|small::mp-1439::reference,0.5291685294359922
loose,small,small::mp-1008677::combined_noise_0.002A_0.010,mp-1008677,mp-1008677,TiO2,combined_noise_0.002A_0.010,combined_perturbation,noise,1,20,5,0,4,0,small::mp-1008677::reference|small::mp-1041565::reference|small::mp-1102591::reference|small::mp-1190753::reference|small::mp-1439::reference,0.4445672035217285
loose,small,small::mp-1008677::combined_noise_0.015A_0.010,mp-1008677,mp-1008677,TiO2,combined_noise_0.015A_0.010,combined_perturbation,noise,1,20,4,0,3,0,small::mp-1008677::reference|small::mp-1102591::reference|small::mp-1190753::reference|small::mp-1439::reference,0.4532476682215929
loose,small,small::mp-1008677::combined_noise_0.050A_0.010,mp-1008677,mp-1008677,TiO2,combined_noise_0.050A_0.010,combined_perturbation,noise,1,20,5,0,4,0,small::mp-1008677::reference|small::mp-1041565::reference|small::mp-1102591::reference|small::mp-1190753::reference|small::mp-1439::reference,0.43408989906311035
loose,small,small::mp-1008677::combined_noise_0.002A_0.030,mp-1008677,mp-1008677,TiO2,combined_noise_0.002A_0.030,combined_perturbation,noise,1,20,5,0,4,0,small::mp-1008677::reference|small::mp-1041565::reference|small::mp-1102591::reference|small::mp-1190753::reference|small::mp-1439::reference,0.46506779082119465
loose,small,small::mp-1008677::combined_noise_0.015A_0.030,mp-1008677,mp-1008677,TiO2,combined_noise_0.015A_0.030,combined_perturbation,noise,1,20,5,0,4,0,small::mp-1008677::reference|small::mp-1041565::reference|small::mp-1102591::reference|small::mp-1190753::reference|small::mp-1439::reference,0.4899487979710102
loose,small,small::mp-1008677::combined_noise_0.050A_0.030,mp-1008677,mp-1008677,TiO2,combined_noise_0.050A_0.030,combined_perturbation,noise,1,20,5,0,4,0,small::mp-1008677::reference|small::mp-1041565::reference|small::mp-1102591::reference|small::mp-1190753::reference|small::mp-1439::reference,0.5327817015349865
loose,small,small::mp-1041565::conventional_standard,mp-1041565,mp-1041565,TiO2,conventional_standard,equivalent_transform,no_noise,1,20,1,0,0,0,small::mp-1041565::reference,0.2903955467045307
loose,small,small::mp-1041565::niggli_reduced,mp-1041565,mp-1041565,TiO2,niggli_reduced,equivalent_transform,no_noise,1,20,1,0,0,0,small::mp-1041565::reference,0.25640166364610195
loose,small,small::mp-1041565::origin_shifted,mp-1041565,mp-1041565,TiO2,origin_shifted,equivalent_transform,no_noise,1,20,1,0,0,0,small::mp-1041565::reference,0.25534915179014206
loose,small,small::mp-1041565::permuted_sites,mp-1041565,mp-1041565,TiO2,permuted_sites,equivalent_transform,no_noise,1,20,1,0,0,0,small::mp-1041565::reference,0.2807855475693941
loose,small,small::mp-1041565::combined_noise_0.002A_0.003,mp-1041565,mp-1041565,TiO2,combined_noise_0.002A_0.003,combined_perturbation,noise,1,20,1,0,0,0,small::mp-1041565::reference,0.2881164364516735
loose,small,small::mp-1041565::combined_noise_0.015A_0.003,mp-1041565,mp-1041565,TiO2,combined_noise_0.015A_0.003,combined_perturbation,noise,1,20,1,0,0,0,small::mp-1041565::reference,0.25064954347908497
loose,small,small::mp-1041565::combined_noise_0.050A_0.003,mp-1041565,mp-1041565,TiO2,combined_noise_0.050A_0.003,combined_perturbation,noise,1,20,1,0,0,0,small::mp-1041565::reference,0.25259748101234436
loose,small,small::mp-1041565::combined_noise_0.002A_0.010,mp-1041565,mp-1041565,TiO2,combined_noise_0.002A_0.010,combined_perturbation,noise,1,20,1,0,0,0,small::mp-1041565::reference,0.2899308390915394
loose,small,small::mp-1041565::combined_noise_0.015A_0.010,mp-1041565,mp-1041565,TiO2,combined_noise_0.015A_0.010,combined_perturbation,noise,1,20,2,0,1,0,small::mp-1008677::reference|small::mp-1041565::reference,0.2893203478306532
loose,small,small::mp-1041565::combined_noise_0.050A_0.010,mp-1041565,mp-1041565,TiO2,combined_noise_0.050A_0.010,combined_perturbation,noise,1,20,2,0,1,0,small::mp-1008677::reference|small::mp-1041565::reference,0.2314287479966879
loose,small,small::mp-1041565::combined_noise_0.002A_0.030,mp-1041565,mp-1041565,TiO2,combined_noise_0.002A_0.030,combined_perturbation,noise,1,20,1,0,0,0,small::mp-1041565::reference,0.3733929730951786
loose,small,small::mp-1041565::combined_noise_0.015A_0.030,mp-1041565,mp-1041565,TiO2,combined_noise_0.015A_0.030,combined_perturbation,noise,1,20,1,0,0,0,small::mp-1041565::reference,0.2917711213231087
loose,small,small::mp-1041565::combined_noise_0.050A_0.030,mp-1041565,mp-1041565,TiO2,combined_noise_0.050A_0.030,combined_perturbation,noise,1,20,2,0,1,0,small::mp-1008677::reference|small::mp-1041565::reference,0.20556126721203327
loose,small,small::mp-1044853::conventional_standard,mp-1044853,mp-1044853,TiO2,conventional_standard,equivalent_transform,no_noise,1,20,1,0,0,0,small::mp-1044853::reference,2.2107349634170532
loose,small,small::mp-1044853::niggli_reduced,mp-1044853,mp-1044853,TiO2,niggli_reduced,equivalent_transform,no_noise,1,20,1,0,0,0,small::mp-1044853::reference,2.1259291376918554
loose,small,small::mp-1044853::origin_shifted,mp-1044853,mp-1044853,TiO2,origin_shifted,equivalent_transform,no_noise,1,20,1,0,0,0,small::mp-1044853::reference,2.114803470671177
loose,small,small::mp-1044853::permuted_sites,mp-1044853,mp-1044853,TiO2,permuted_sites,equivalent_transform,no_noise,1,20,1,0,0,0,small::mp-1044853::reference,2.3132586386054754
loose,small,small::mp-1044853::combined_noise_0.002A_0.003,mp-1044853,mp-1044853,TiO2,combined_noise_0.002A_0.003,combined_perturbation,noise,1,20,1,0,0,0,small::mp-1044853::reference,2.1534637548029423
loose,small,small::mp-1044853::combined_noise_0.015A_0.003,mp-1044853,mp-1044853,TiO2,combined_noise_0.015A_0.003,combined_perturbation,noise,1,20,1,0,0,0,small::mp-1044853::reference,2.121253712102771
loose,small,small::mp-1044853::combined_noise_0.050A_0.003,mp-1044853,mp-1044853,TiO2,combined_noise_0.050A_0.003,combined_perturbation,noise,1,20,1,0,0,0,small::mp-1044853::reference,2.1249077152460814
loose,small,small::mp-1044853::combined_noise_0.002A_0.010,mp-1044853,mp-1044853,TiO2,combined_noise_0.002A_0.010,combined_perturbation,noise,1,20,1,0,0,0,small::mp-1044853::reference,2.1542906668037176
loose,small,small::mp-1044853::combined_noise_0.015A_0.010,mp-1044853,mp-1044853,TiO2,combined_noise_0.015A_0.010,combined_perturbation,noise,1,20,1,0,0,0,small::mp-1044853::reference,2.1022454649209976
loose,small,small::mp-1044853::combined_noise_0.050A_0.010,mp-1044853,mp-1044853,TiO2,combined_noise_0.050A_0.010,combined_perturbation,noise,1,20,1,0,0,0,small::mp-1044853::reference,2.2825865671038628
loose,small,small::mp-1044853::combined_noise_0.002A_0.030,mp-1044853,mp-1044853,TiO2,combined_noise_0.002A_0.030,combined_perturbation,noise,1,20,1,0,0,0,small::mp-1044853::reference,2.538332160562277
loose,small,small::mp-1044853::combined_noise_0.015A_0.030,mp-1044853,mp-1044853,TiO2,combined_noise_0.015A_0.030,combined_perturbation,noise,1,20,1,0,0,0,small::mp-1044853::reference,2.149455798789859
loose,small,small::mp-1044853::combined_noise_0.050A_0.030,mp-1044853,mp-1044853,TiO2,combined_noise_0.050A_0.030,combined_perturbation,noise,1,20,1,0,0,0,small::mp-1044853::reference,2.2230145186185837
loose,small,small::mp-1079207::conventional_standard,mp-1079207,mp-1079207,TiO2,conventional_standard,equivalent_transform,no_noise,1,20,1,0,0,0,small::mp-1079207::reference,0.10611720196902752
loose,small,small::mp-1079207::niggli_reduced,mp-1079207,mp-1079207,TiO2,niggli_reduced,equivalent_transform,no_noise,1,20,1,0,0,0,small::mp-1079207::reference,0.1020809281617403
loose,small,small::mp-1079207::origin_shifted,mp-1079207,mp-1079207,TiO2,origin_shifted,equivalent_transform,no_noise,1,20,1,0,0,0,small::mp-1079207::reference,0.1062408909201622
loose,small,small::mp-1079207::permuted_sites,mp-1079207,mp-1079207,TiO2,permuted_sites,equivalent_transform,no_noise,1,20,1,0,0,0,small::mp-1079207::reference,0.12474141642451286
loose,small,small::mp-1079207::combined_noise_0.002A_0.003,mp-1079207,mp-1079207,TiO2,combined_noise_0.002A_0.003,combined_perturbation,noise,1,20,1,0,0,0,small::mp-1079207::reference,0.10733069479465485
loose,small,small::mp-1079207::combined_noise_0.015A_0.003,mp-1079207,mp-1079207,TiO2,combined_noise_0.015A_0.003,combined_perturbation,noise,1,20,1,0,0,0,small::mp-1079207::reference,0.10681288130581379
loose,small,small::mp-1079207::combined_noise_0.050A_0.003,mp-1079207,mp-1079207,TiO2,combined_noise_0.050A_0.003,combined_perturbation,noise,1,20,1,0,0,0,small::mp-1079207::reference,0.10897804796695709
loose,small,small::mp-1079207::combined_noise_0.002A_0.010,mp-1079207,mp-1079207,TiO2,combined_noise_0.002A_0.010,combined_perturbation,noise,1,20,1,0,0,0,small::mp-1079207::reference,0.11281974986195564
loose,small,small::mp-1079207::combined_noise_0.015A_0.010,mp-1079207,mp-1079207,TiO2,combined_noise_0.015A_0.010,combined_perturbation,noise,1,20,1,0,0,0,small::mp-1079207::reference,0.1052679605782032
loose,small,small::mp-1079207::combined_noise_0.050A_0.010,mp-1079207,mp-1079207,TiO2,combined_noise_0.050A_0.010,combined_perturbation,noise,1,20,1,0,0,0,small::mp-1079207::reference,0.10613033920526505
loose,small,small::mp-1079207::combined_noise_0.002A_0.030,mp-1079207,mp-1079207,TiO2,combined_noise_0.002A_0.030,combined_perturbation,noise,1,20,1,0,0,0,small::mp-1079207::reference,0.10087674856185913
loose,small,small::mp-1079207::combined_noise_0.015A_0.030,mp-1079207,mp-1079207,TiO2,combined_noise_0.015A_0.030,combined_perturbation,noise,1,20,1,0,0,0,small::mp-1079207::reference,0.10560420155525208
loose,small,small::mp-1079207::combined_noise_0.050A_0.030,mp-1079207,mp-1079207,TiO2,combined_noise_0.050A_0.030,combined_perturbation,noise,1,20,1,0,0,0,small::mp-1079207::reference,0.1788414604961872
loose,small,small::mp-1101022::conventional_standard,mp-1101022,mp-1101022,TiO2,conventional_standard,equivalent_transform,no_noise,1,20,1,0,0,0,small::mp-1101022::reference,0.14938393980264664
loose,small,small::mp-1101022::niggli_reduced,mp-1101022,mp-1101022,TiO2,niggli_reduced,equivalent_transform,no_noise,1,20,1,0,0,0,small::mp-1101022::reference,0.10304032824933529
loose,small,small::mp-1101022::origin_shifted,mp-1101022,mp-1101022,TiO2,origin_shifted,equivalent_transform,no_noise,1,20,1,0,0,0,small::mp-1101022::reference,0.1139037013053894
loose,small,small::mp-1101022::permuted_sites,mp-1101022,mp-1101022,TiO2,permuted_sites,equivalent_transform,no_noise,1,20,1,0,0,0,small::mp-1101022::reference,0.1353601422160864
loose,small,small::mp-1101022::combined_noise_0.002A_0.003,mp-1101022,mp-1101022,TiO2,combined_noise_0.002A_0.003,combined_perturbation,noise,1,20,1,0,0,0,small::mp-1101022::reference,0.10964726656675339
loose,small,small::mp-1101022::combined_noise_0.015A_0.003,mp-1101022,mp-1101022,TiO2,combined_noise_0.015A_0.003,combined_perturbation,noise,1,20,1,0,0,0,small::mp-1101022::reference,0.10882379487156868
loose,small,small::mp-1101022::combined_noise_0.050A_0.003,mp-1101022,mp-1101022,TiO2,combined_noise_0.050A_0.003,combined_perturbation,noise,1,20,1,0,0,0,small::mp-1101022::reference,0.10829603485763073
loose,small,small::mp-1101022::combined_noise_0.002A_0.010,mp-1101022,mp-1101022,TiO2,combined_noise_0.002A_0.010,combined_perturbation,noise,1,20,1,0,0,0,small::mp-1101022::reference,0.12211563438177109
loose,small,small::mp-1101022::combined_noise_0.015A_0.010,mp-1101022,mp-1101022,TiO2,combined_noise_0.015A_0.010,combined_perturbation,noise,1,20,1,0,0,0,small::mp-1101022::reference,0.11271556094288826
loose,small,small::mp-1101022::combined_noise_0.050A_0.010,mp-1101022,mp-1101022,TiO2,combined_noise_0.050A_0.010,combined_perturbation,noise,1,20,1,0,0,0,small::mp-1101022::reference,0.11510196514427662
loose,small,small::mp-1101022::combined_noise_0.002A_0.030,mp-1101022,mp-1101022,TiO2,combined_noise_0.002A_0.030,combined_perturbation,noise,1,20,1,0,0,0,small::mp-1101022::reference,0.12498494796454906
loose,small,small::mp-1101022::combined_noise_0.015A_0.030,mp-1101022,mp-1101022,TiO2,combined_noise_0.015A_0.030,combined_perturbation,noise,1,20,1,0,0,0,small::mp-1101022::reference,0.12652622908353806
loose,small,small::mp-1101022::combined_noise_0.050A_0.030,mp-1101022,mp-1101022,TiO2,combined_noise_0.050A_0.030,combined_perturbation,noise,1,20,1,0,0,0,small::mp-1101022::reference,0.12654538080096245
loose,small,small::mp-1102255::conventional_standard,mp-1102255,mp-1102255,TiO2,conventional_standard,equivalent_transform,no_noise,1,20,1,0,0,0,small::mp-1102255::reference,0.137629434466362
loose,small,small::mp-1102255::niggli_reduced,mp-1102255,mp-1102255,TiO2,niggli_reduced,equivalent_transform,no_noise,1,20,1,0,0,0,small::mp-1102255::reference,0.1366632841527462
loose,small,small::mp-1102255::origin_shifted,mp-1102255,mp-1102255,TiO2,origin_shifted,equivalent_transform,no_noise,1,20,1,0,0,0,small::mp-1102255::reference,0.14140656031668186
loose,small,small::mp-1102255::permuted_sites,mp-1102255,mp-1102255,TiO2,permuted_sites,equivalent_transform,no_noise,1,20,1,0,0,0,small::mp-1102255::reference,0.16571077145636082
loose,small,small::mp-1102255::combined_noise_0.002A_0.003,mp-1102255,mp-1102255,TiO2,combined_noise_0.002A_0.003,combined_perturbation,noise,1,20,1,0,0,0,small::mp-1102255::reference,0.13599562272429466
loose,small,small::mp-1102255::combined_noise_0.015A_0.003,mp-1102255,mp-1102255,TiO2,combined_noise_0.015A_0.003,combined_perturbation,noise,1,20,1,0,0,0,small::mp-1102255::reference,0.13496673107147217
loose,small,small::mp-1102255::combined_noise_0.050A_0.003,mp-1102255,mp-1102255,TiO2,combined_noise_0.050A_0.003,combined_perturbation,noise,1,20,1,0,0,0,small::mp-1102255::reference,0.13432235270738602
loose,small,small::mp-1102255::combined_noise_0.002A_0.010,mp-1102255,mp-1102255,TiO2,combined_noise_0.002A_0.010,combined_perturbation,noise,1,20,1,0,0,0,small::mp-1102255::reference,0.13618886098265648
loose,small,small::mp-1102255::combined_noise_0.015A_0.010,mp-1102255,mp-1102255,TiO2,combined_noise_0.015A_0.010,combined_perturbation,noise,1,20,1,0,0,0,small::mp-1102255::reference,0.13414826802909374
loose,small,small::mp-1102255::combined_noise_0.050A_0.010,mp-1102255,mp-1102255,TiO2,combined_noise_0.050A_0.010,combined_perturbation,noise,1,20,1,0,0,0,small::mp-1102255::reference,0.1346383597701788
loose,small,small::mp-1102255::combined_noise_0.002A_0.030,mp-1102255,mp-1102255,TiO2,combined_noise_0.002A_0.030,combined_perturbation,noise,1,20,1,0,0,0,small::mp-1102255::reference,0.1350876521319151
loose,small,small::mp-1102255::combined_noise_0.015A_0.030,mp-1102255,mp-1102255,TiO2,combined_noise_0.015A_0.030,combined_perturbation,noise,1,20,1,0,0,0,small::mp-1102255::reference,0.13483930937945843
loose,small,small::mp-1102255::combined_noise_0.050A_0.030,mp-1102255,mp-1102255,TiO2,combined_noise_0.050A_0.030,combined_perturbation,noise,1,20,1,0,0,0,small::mp-1102255::reference,0.1420323010534048
loose,small,small::mp-1102591::conventional_standard,mp-1102591,mp-1102591,TiO2,conventional_standard,equivalent_transform,no_noise,1,20,3,0,2,0,small::mp-1008677::reference|small::mp-1102591::reference|small::mp-1190753::reference,0.15828000009059906
loose,small,small::mp-1102591::niggli_reduced,mp-1102591,mp-1102591,TiO2,niggli_reduced,equivalent_transform,no_noise,1,20,3,0,2,0,small::mp-1008677::reference|small::mp-1102591::reference|small::mp-1190753::reference,0.15654045343399048
loose,small,small::mp-1102591::origin_shifted,mp-1102591,mp-1102591,TiO2,origin_shifted,equivalent_transform,no_noise,1,20,3,0,2,0,small::mp-1008677::reference|small::mp-1102591::reference|small::mp-1190753::reference,0.1615840159356594
loose,small,small::mp-1102591::permuted_sites,mp-1102591,mp-1102591,TiO2,permuted_sites,equivalent_transform,no_noise,1,20,3,0,2,0,small::mp-1008677::reference|small::mp-1102591::reference|small::mp-1190753::reference,0.18641197308897972
loose,small,small::mp-1102591::combined_noise_0.002A_0.003,mp-1102591,mp-1102591,TiO2,combined_noise_0.002A_0.003,combined_perturbation,noise,1,20,3,0,2,0,small::mp-1008677::reference|small::mp-1102591::reference|small::mp-1190753::reference,0.15802103094756603
loose,small,small::mp-1102591::combined_noise_0.015A_0.003,mp-1102591,mp-1102591,TiO2,combined_noise_0.015A_0.003,combined_perturbation,noise,1,20,3,0,2,0,small::mp-1008677::reference|small::mp-1102591::reference|small::mp-1190753::reference,0.15890871360898018
loose,small,small::mp-1102591::combined_noise_0.050A_0.003,mp-1102591,mp-1102591,TiO2,combined_noise_0.050A_0.003,combined_perturbation,noise,1,20,3,0,2,0,small::mp-1008677::reference|small::mp-1102591::reference|small::mp-1190753::reference,0.16104026697576046
loose,small,small::mp-1102591::combined_noise_0.002A_0.010,mp-1102591,mp-1102591,TiO2,combined_noise_0.002A_0.010,combined_perturbation,noise,1,20,3,0,2,0,small::mp-1008677::reference|small::mp-1102591::reference|small::mp-1190753::reference,0.16386654041707516
loose,small,small::mp-1102591::combined_noise_0.015A_0.010,mp-1102591,mp-1102591,TiO2,combined_noise_0.015A_0.010,combined_perturbation,noise,1,20,3,0,2,0,small::mp-1008677::reference|small::mp-1102591::reference|small::mp-1190753::reference,0.16488809138536453
loose,small,small::mp-1102591::combined_noise_0.050A_0.010,mp-1102591,mp-1102591,TiO2,combined_noise_0.050A_0.010,combined_perturbation,noise,1,20,4,0,3,0,small::mp-1008677::reference|small::mp-1102591::reference|small::mp-1190753::reference|small::mp-1439::reference,0.13993659988045692
loose,small,small::mp-1102591::combined_noise_0.002A_0.030,mp-1102591,mp-1102591,TiO2,combined_noise_0.002A_0.030,combined_perturbation,noise,1,20,3,0,2,0,small::mp-1008677::reference|small::mp-1102591::reference|small::mp-1190753::reference,0.16161328740417957
loose,small,small::mp-1102591::combined_noise_0.015A_0.030,mp-1102591,mp-1102591,TiO2,combined_noise_0.015A_0.030,combined_perturbation,noise,1,20,3,0,2,0,small::mp-1008677::reference|small::mp-1102591::reference|small::mp-1190753::reference,0.16371493227779865
loose,small,small::mp-1102591::combined_noise_0.050A_0.030,mp-1102591,mp-1102591,TiO2,combined_noise_0.050A_0.030,combined_perturbation,noise,1,20,4,0,3,0,small::mp-1008677::reference|small::mp-1102591::reference|small::mp-1190753::reference|small::mp-1439::reference,0.14610443636775017
loose,small,small::mp-1190753::conventional_standard,mp-1190753,mp-1190753,TiO2,conventional_standard,equivalent_transform,no_noise,1,20,5,0,4,0,small::mp-1008677::reference|small::mp-1102591::reference|small::mp-1190753::reference|small::mp-1439::reference|small::mp-1840::reference,0.7339965235441923
loose,small,small::mp-1190753::niggli_reduced,mp-1190753,mp-1190753,TiO2,niggli_reduced,equivalent_transform,no_noise,1,20,5,0,4,0,small::mp-1008677::reference|small::mp-1102591::reference|small::mp-1190753::reference|small::mp-1439::reference|small::mp-1840::reference,0.7894884385168552
loose,small,small::mp-1190753::origin_shifted,mp-1190753,mp-1190753,TiO2,origin_shifted,equivalent_transform,no_noise,1,20,5,0,4,0,small::mp-1008677::reference|small::mp-1102591::reference|small::mp-1190753::reference|small::mp-1439::reference|small::mp-1840::reference,0.7656328566372395
loose,small,small::mp-1190753::permuted_sites,mp-1190753,mp-1190753,TiO2,permuted_sites,equivalent_transform,no_noise,1,20,5,0,4,0,small::mp-1008677::reference|small::mp-1102591::reference|small::mp-1190753::reference|small::mp-1439::reference|small::mp-1840::reference,0.8571413289755583
loose,small,small::mp-1190753::combined_noise_0.002A_0.003,mp-1190753,mp-1190753,TiO2,combined_noise_0.002A_0.003,combined_perturbation,noise,1,20,5,0,4,0,small::mp-1008677::reference|small::mp-1102591::reference|small::mp-1190753::reference|small::mp-1439::reference|small::mp-1840::reference,0.6960571706295013
loose,small,small::mp-1190753::combined_noise_0.015A_0.003,mp-1190753,mp-1190753,TiO2,combined_noise_0.015A_0.003,combined_perturbation,noise,1,20,5,0,4,0,small::mp-1008677::reference|small::mp-1102591::reference|small::mp-1190753::reference|small::mp-1439::reference|small::mp-1840::reference,0.6921633891761303
loose,small,small::mp-1190753::combined_noise_0.050A_0.003,mp-1190753,mp-1190753,TiO2,combined_noise_0.050A_0.003,combined_perturbation,noise,1,20,5,0,4,0,small::mp-1008677::reference|small::mp-1102591::reference|small::mp-1190753::reference|small::mp-1439::reference|small::mp-1840::reference,0.7556797992438078
loose,small,small::mp-1190753::combined_noise_0.002A_0.010,mp-1190753,mp-1190753,TiO2,combined_noise_0.002A_0.010,combined_perturbation,noise,1,20,5,0,4,0,small::mp-1008677::reference|small::mp-1102591::reference|small::mp-1190753::reference|small::mp-1439::reference|small::mp-1840::reference,0.7325726505368948
loose,small,small::mp-1190753::combined_noise_0.015A_0.010,mp-1190753,mp-1190753,TiO2,combined_noise_0.015A_0.010,combined_perturbation,noise,1,20,5,0,4,0,small::mp-1008677::reference|small::mp-1102591::reference|small::mp-1190753::reference|small::mp-1439::reference|small::mp-1840::reference,0.6922086980193853
loose,small,small::mp-1190753::combined_noise_0.050A_0.010,mp-1190753,mp-1190753,TiO2,combined_noise_0.050A_0.010,combined_perturbation,noise,1,20,4,0,3,0,small::mp-1008677::reference|small::mp-1102591::reference|small::mp-1190753::reference|small::mp-1840::reference,0.7483305018395185
loose,small,small::mp-1190753::combined_noise_0.002A_0.030,mp-1190753,mp-1190753,TiO2,combined_noise_0.002A_0.030,combined_perturbation,noise,1,20,5,0,4,0,small::mp-1008677::reference|small::mp-1102591::reference|small::mp-1190753::reference|small::mp-1439::reference|small::mp-1840::reference,0.6136570814996958
loose,small,small::mp-1190753::combined_noise_0.015A_0.030,mp-1190753,mp-1190753,TiO2,combined_noise_0.015A_0.030,combined_perturbation,noise,1,20,5,0,4,0,small::mp-1008677::reference|small::mp-1102591::reference|small::mp-1190753::reference|small::mp-1439::reference|small::mp-1840::reference,0.5885370373725891
loose,small,small::mp-1190753::combined_noise_0.050A_0.030,mp-1190753,mp-1190753,TiO2,combined_noise_0.050A_0.030,combined_perturbation,noise,1,20,5,0,4,0,small::mp-1008677::reference|small::mp-1102591::reference|small::mp-1190753::reference|small::mp-1439::reference|small::mp-1840::reference,0.6807567421346903
loose,small,small::mp-1341203::conventional_standard,mp-1341203,mp-1341203,TiO2,conventional_standard,equivalent_transform,no_noise,1,20,1,0,0,0,small::mp-1341203::reference,0.6787210293114185
loose,small,small::mp-1341203::niggli_reduced,mp-1341203,mp-1341203,TiO2,niggli_reduced,equivalent_transform,no_noise,1,20,1,0,0,0,small::mp-1341203::reference,0.6753267142921686
loose,small,small::mp-1341203::origin_shifted,mp-1341203,mp-1341203,TiO2,origin_shifted,equivalent_transform,no_noise,1,20,1,0,0,0,small::mp-1341203::reference,0.6481777485460043
loose,small,small::mp-1341203::permuted_sites,mp-1341203,mp-1341203,TiO2,permuted_sites,equivalent_transform,no_noise,1,20,1,0,0,0,small::mp-1341203::reference,0.7464428097009659
loose,small,small::mp-1341203::combined_noise_0.002A_0.003,mp-1341203,mp-1341203,TiO2,combined_noise_0.002A_0.003,combined_perturbation,noise,1,20,1,0,0,0,small::mp-1341203::reference,0.6462045069783926
loose,small,small::mp-1341203::combined_noise_0.015A_0.003,mp-1341203,mp-1341203,TiO2,combined_noise_0.015A_0.003,combined_perturbation,noise,1,20,1,0,0,0,small::mp-1341203::reference,0.6359870918095112
loose,small,small::mp-1341203::combined_noise_0.050A_0.003,mp-1341203,mp-1341203,TiO2,combined_noise_0.050A_0.003,combined_perturbation,noise,1,20,1,0,0,0,small::mp-1341203::reference,0.6383857075124979
loose,small,small::mp-1341203::combined_noise_0.002A_0.010,mp-1341203,mp-1341203,TiO2,combined_noise_0.002A_0.010,combined_perturbation,noise,1,20,2,0,1,0,small::mp-1341203::reference|small::mp-1426806::reference,0.509534602984786
loose,small,small::mp-1341203::combined_noise_0.015A_0.010,mp-1341203,mp-1341203,TiO2,combined_noise_0.015A_0.010,combined_perturbation,noise,1,20,1,0,0,0,small::mp-1341203::reference,0.6531913224607706
loose,small,small::mp-1341203::combined_noise_0.050A_0.010,mp-1341203,mp-1341203,TiO2,combined_noise_0.050A_0.010,combined_perturbation,noise,1,20,2,0,1,0,small::mp-1341203::reference|small::mp-1426806::reference,0.5918036308139563
loose,small,small::mp-1341203::combined_noise_0.002A_0.030,mp-1341203,mp-1341203,TiO2,combined_noise_0.002A_0.030,combined_perturbation,noise,1,20,2,0,1,0,small::mp-1341203::reference|small::mp-1426806::reference,0.5621319133788347
loose,small,small::mp-1341203::combined_noise_0.015A_0.030,mp-1341203,mp-1341203,TiO2,combined_noise_0.015A_0.030,combined_perturbation,noise,1,20,2,0,1,0,small::mp-1341203::reference|small::mp-1426806::reference,0.5140612386167049
loose,small,small::mp-1341203::combined_noise_0.050A_0.030,mp-1341203,mp-1341203,TiO2,combined_noise_0.050A_0.030,combined_perturbation,noise,1,20,2,0,1,0,small::mp-1341203::reference|small::mp-1426806::reference,0.5121157951653004
loose,small,small::mp-1380335::conventional_standard,mp-1380335,mp-1380335,TiO2,conventional_standard,equivalent_transform,no_noise,1,20,1,0,0,0,small::mp-1380335::reference,2.313550177961588
loose,small,small::mp-1380335::niggli_reduced,mp-1380335,mp-1380335,TiO2,niggli_reduced,equivalent_transform,no_noise,1,20,1,0,0,0,small::mp-1380335::reference,2.2766557801514864
loose,small,small::mp-1380335::origin_shifted,mp-1380335,mp-1380335,TiO2,origin_shifted,equivalent_transform,no_noise,1,20,1,0,0,0,small::mp-1380335::reference,2.22784704528749
loose,small,small::mp-1380335::permuted_sites,mp-1380335,mp-1380335,TiO2,permuted_sites,equivalent_transform,no_noise,1,20,1,0,0,0,small::mp-1380335::reference,2.4352791644632816
loose,small,small::mp-1380335::combined_noise_0.002A_0.003,mp-1380335,mp-1380335,TiO2,combined_noise_0.002A_0.003,combined_perturbation,noise,1,20,1,0,0,0,small::mp-1380335::reference,2.1444014869630337
loose,small,small::mp-1380335::combined_noise_0.015A_0.003,mp-1380335,mp-1380335,TiO2,combined_noise_0.015A_0.003,combined_perturbation,noise,1,20,1,0,0,0,small::mp-1380335::reference,2.137417543679476
loose,small,small::mp-1380335::combined_noise_0.050A_0.003,mp-1380335,mp-1380335,TiO2,combined_noise_0.050A_0.003,combined_perturbation,noise,1,20,1,0,0,0,small::mp-1380335::reference,2.084502764046192
loose,small,small::mp-1380335::combined_noise_0.002A_0.010,mp-1380335,mp-1380335,TiO2,combined_noise_0.002A_0.010,combined_perturbation,noise,1,20,1,0,0,0,small::mp-1380335::reference,2.0603402834385633
loose,small,small::mp-1380335::combined_noise_0.015A_0.010,mp-1380335,mp-1380335,TiO2,combined_noise_0.015A_0.010,combined_perturbation,noise,1,20,1,0,0,0,small::mp-1380335::reference,2.0636322777718306
loose,small,small::mp-1380335::combined_noise_0.050A_0.010,mp-1380335,mp-1380335,TiO2,combined_noise_0.050A_0.010,combined_perturbation,noise,1,20,1,0,0,0,small::mp-1380335::reference,2.14532651565969
loose,small,small::mp-1380335::combined_noise_0.002A_0.030,mp-1380335,mp-1380335,TiO2,combined_noise_0.002A_0.030,combined_perturbation,noise,1,20,1,0,0,0,small::mp-1380335::reference,2.1784640438854694
loose,small,small::mp-1380335::combined_noise_0.015A_0.030,mp-1380335,mp-1380335,TiO2,combined_noise_0.015A_0.030,combined_perturbation,noise,1,20,1,0,0,0,small::mp-1380335::reference,2.419986877590418
loose,small,small::mp-1380335::combined_noise_0.050A_0.030,mp-1380335,mp-1380335,TiO2,combined_noise_0.050A_0.030,combined_perturbation,noise,1,20,1,0,0,0,small::mp-1380335::reference,2.1040340419858694
loose,small,small::mp-1386640::conventional_standard,mp-1386640,mp-1386640,TiO2,conventional_standard,equivalent_transform,no_noise,1,20,1,0,0,0,small::mp-1386640::reference,0.13798897340893745
loose,small,small::mp-1386640::niggli_reduced,mp-1386640,mp-1386640,TiO2,niggli_reduced,equivalent_transform,no_noise,1,20,1,0,0,0,small::mp-1386640::reference,0.10432601161301136
loose,small,small::mp-1386640::origin_shifted,mp-1386640,mp-1386640,TiO2,origin_shifted,equivalent_transform,no_noise,1,20,1,0,0,0,small::mp-1386640::reference,0.10818858444690704
loose,small,small::mp-1386640::permuted_sites,mp-1386640,mp-1386640,TiO2,permuted_sites,equivalent_transform,no_noise,1,20,1,0,0,0,small::mp-1386640::reference,0.1354886218905449
loose,small,small::mp-1386640::combined_noise_0.002A_0.003,mp-1386640,mp-1386640,TiO2,combined_noise_0.002A_0.003,combined_perturbation,noise,1,20,1,0,0,0,small::mp-1386640::reference,0.10396446846425533
loose,small,small::mp-1386640::combined_noise_0.015A_0.003,mp-1386640,mp-1386640,TiO2,combined_noise_0.015A_0.003,combined_perturbation,noise,1,20,1,0,0,0,small::mp-1386640::reference,0.10253964737057686
loose,small,small::mp-1386640::combined_noise_0.050A_0.003,mp-1386640,mp-1386640,TiO2,combined_noise_0.050A_0.003,combined_perturbation,noise,1,20,1,0,0,0,small::mp-1386640::reference,0.10137979499995708
loose,small,small::mp-1386640::combined_noise_0.002A_0.010,mp-1386640,mp-1386640,TiO2,combined_noise_0.002A_0.010,combined_perturbation,noise,1,20,1,0,0,0,small::mp-1386640::reference,0.10392702743411064
loose,small,small::mp-1386640::combined_noise_0.015A_0.010,mp-1386640,mp-1386640,TiO2,combined_noise_0.015A_0.010,combined_perturbation,noise,1,20,1,0,0,0,small::mp-1386640::reference,0.105571823194623
loose,small,small::mp-1386640::combined_noise_0.050A_0.010,mp-1386640,mp-1386640,TiO2,combined_noise_0.050A_0.010,combined_perturbation,noise,1,20,1,0,0,0,small::mp-1386640::reference,0.10688397102057934
loose,small,small::mp-1386640::combined_noise_0.002A_0.030,mp-1386640,mp-1386640,TiO2,combined_noise_0.002A_0.030,combined_perturbation,noise,1,20,1,0,0,0,small::mp-1386640::reference,0.10453900136053562
loose,small,small::mp-1386640::combined_noise_0.015A_0.030,mp-1386640,mp-1386640,TiO2,combined_noise_0.015A_0.030,combined_perturbation,noise,1,20,1,0,0,0,small::mp-1386640::reference,0.11677673645317554
loose,small,small::mp-1386640::combined_noise_0.050A_0.030,mp-1386640,mp-1386640,TiO2,combined_noise_0.050A_0.030,combined_perturbation,noise,1,20,1,0,0,0,small::mp-1386640::reference,0.10543230175971985
loose,small,small::mp-1400963::conventional_standard,mp-1400963,mp-1400963,TiO2,conventional_standard,equivalent_transform,no_noise,1,20,1,0,0,0,small::mp-1400963::reference,0.14368885196745396
loose,small,small::mp-1400963::niggli_reduced,mp-1400963,mp-1400963,TiO2,niggli_reduced,equivalent_transform,no_noise,1,20,1,0,0,0,small::mp-1400963::reference,0.11731010861694813
loose,small,small::mp-1400963::origin_shifted,mp-1400963,mp-1400963,TiO2,origin_shifted,equivalent_transform,no_noise,1,20,1,0,0,0,small::mp-1400963::reference,0.10047664307057858
loose,small,small::mp-1400963::permuted_sites,mp-1400963,mp-1400963,TiO2,permuted_sites,equivalent_transform,no_noise,1,20,1,0,0,0,small::mp-1400963::reference,0.1537909358739853
loose,small,small::mp-1400963::combined_noise_0.002A_0.003,mp-1400963,mp-1400963,TiO2,combined_noise_0.002A_0.003,combined_perturbation,noise,1,20,1,0,0,0,small::mp-1400963::reference,0.11753427609801292
loose,small,small::mp-1400963::combined_noise_0.015A_0.003,mp-1400963,mp-1400963,TiO2,combined_noise_0.015A_0.003,combined_perturbation,noise,1,20,1,0,0,0,small::mp-1400963::reference,0.11686677671968937
loose,small,small::mp-1400963::combined_noise_0.050A_0.003,mp-1400963,mp-1400963,TiO2,combined_noise_0.050A_0.003,combined_perturbation,noise,1,20,1,0,0,0,small::mp-1400963::reference,0.11702222935855389
loose,small,small::mp-1400963::combined_noise_0.002A_0.010,mp-1400963,mp-1400963,TiO2,combined_noise_0.002A_0.010,combined_perturbation,noise,1,20,1,0,0,0,small::mp-1400963::reference,0.1251333374530077
loose,small,small::mp-1400963::combined_noise_0.015A_0.010,mp-1400963,mp-1400963,TiO2,combined_noise_0.015A_0.010,combined_perturbation,noise,1,20,1,0,0,0,small::mp-1400963::reference,0.12815660052001476
loose,small,small::mp-1400963::combined_noise_0.050A_0.010,mp-1400963,mp-1400963,TiO2,combined_noise_0.050A_0.010,combined_perturbation,noise,1,20,1,0,0,0,small::mp-1400963::reference,0.12211705558001995
loose,small,small::mp-1400963::combined_noise_0.002A_0.030,mp-1400963,mp-1400963,TiO2,combined_noise_0.002A_0.030,combined_perturbation,noise,1,20,1,0,0,0,small::mp-1400963::reference,0.12373862601816654
loose,small,small::mp-1400963::combined_noise_0.015A_0.030,mp-1400963,mp-1400963,TiO2,combined_noise_0.015A_0.030,combined_perturbation,noise,1,20,1,0,0,0,small::mp-1400963::reference,0.12917118333280087
loose,small,small::mp-1400963::combined_noise_0.050A_0.030,mp-1400963,mp-1400963,TiO2,combined_noise_0.050A_0.030,combined_perturbation,noise,1,20,1,0,0,0,small::mp-1400963::reference,0.12543022073805332
loose,small,small::mp-1408285::conventional_standard,mp-1408285,mp-1408285,TiO2,conventional_standard,equivalent_transform,no_noise,1,20,1,0,0,0,small::mp-1408285::reference,0.5589143075048923
loose,small,small::mp-1408285::niggli_reduced,mp-1408285,mp-1408285,TiO2,niggli_reduced,equivalent_transform,no_noise,1,20,1,0,0,0,small::mp-1408285::reference,0.4941716119647026
loose,small,small::mp-1408285::origin_shifted,mp-1408285,mp-1408285,TiO2,origin_shifted,equivalent_transform,no_noise,1,20,1,0,0,0,small::mp-1408285::reference,0.4779170397669077
loose,small,small::mp-1408285::permuted_sites,mp-1408285,mp-1408285,TiO2,permuted_sites,equivalent_transform,no_noise,1,20,1,0,0,0,small::mp-1408285::reference,0.5215601809322834
loose,small,small::mp-1408285::combined_noise_0.002A_0.003,mp-1408285,mp-1408285,TiO2,combined_noise_0.002A_0.003,combined_perturbation,noise,1,20,1,0,0,0,small::mp-1408285::reference,0.4770227484405041
loose,small,small::mp-1408285::combined_noise_0.015A_0.003,mp-1408285,mp-1408285,TiO2,combined_noise_0.015A_0.003,combined_perturbation,noise,1,20,1,0,0,0,small::mp-1408285::reference,0.4694373495876789
loose,small,small::mp-1408285::combined_noise_0.050A_0.003,mp-1408285,mp-1408285,TiO2,combined_noise_0.050A_0.003,combined_perturbation,noise,1,20,1,0,0,0,small::mp-1408285::reference,0.47026478312909603
loose,small,small::mp-1408285::combined_noise_0.002A_0.010,mp-1408285,mp-1408285,TiO2,combined_noise_0.002A_0.010,combined_perturbation,noise,1,20,1,0,0,0,small::mp-1408285::reference,0.4706220496445894
loose,small,small::mp-1408285::combined_noise_0.015A_0.010,mp-1408285,mp-1408285,TiO2,combined_noise_0.015A_0.010,combined_perturbation,noise,1,20,1,0,0,0,small::mp-1408285::reference,0.47563828714191914
loose,small,small::mp-1408285::combined_noise_0.050A_0.010,mp-1408285,mp-1408285,TiO2,combined_noise_0.050A_0.010,combined_perturbation,noise,1,20,1,0,0,0,small::mp-1408285::reference,0.4697230812162161
loose,small,small::mp-1408285::combined_noise_0.002A_0.030,mp-1408285,mp-1408285,TiO2,combined_noise_0.002A_0.030,combined_perturbation,noise,1,20,1,0,0,0,small::mp-1408285::reference,0.45880873315036297
loose,small,small::mp-1408285::combined_noise_0.015A_0.030,mp-1408285,mp-1408285,TiO2,combined_noise_0.015A_0.030,combined_perturbation,noise,1,20,1,0,0,0,small::mp-1408285::reference,0.4803959056735039
loose,small,small::mp-1408285::combined_noise_0.050A_0.030,mp-1408285,mp-1408285,TiO2,combined_noise_0.050A_0.030,combined_perturbation,noise,1,20,1,0,0,0,small::mp-1408285::reference,0.48679315112531185
loose,small,small::mp-1426806::conventional_standard,mp-1426806,mp-1426806,TiO2,conventional_standard,equivalent_transform,no_noise,1,20,1,0,0,0,small::mp-1426806::reference,0.5139578394591808
loose,small,small::mp-1426806::niggli_reduced,mp-1426806,mp-1426806,TiO2,niggli_reduced,equivalent_transform,no_noise,1,20,1,0,0,0,small::mp-1426806::reference,0.48983243852853775
loose,small,small::mp-1426806::origin_shifted,mp-1426806,mp-1426806,TiO2,origin_shifted,equivalent_transform,no_noise,1,20,1,0,0,0,small::mp-1426806::reference,0.4994652308523655
loose,small,small::mp-1426806::permuted_sites,mp-1426806,mp-1426806,TiO2,permuted_sites,equivalent_transform,no_noise,1,20,1,0,0,0,small::mp-1426806::reference,0.5043867658823729
loose,small,small::mp-1426806::combined_noise_0.002A_0.003,mp-1426806,mp-1426806,TiO2,combined_noise_0.002A_0.003,combined_perturbation,noise,1,20,2,0,1,0,small::mp-1426806::reference|small::mp-25433::reference,0.5188243966549635
loose,small,small::mp-1426806::combined_noise_0.015A_0.003,mp-1426806,mp-1426806,TiO2,combined_noise_0.015A_0.003,combined_perturbation,noise,1,20,3,0,2,0,small::mp-1341203::reference|small::mp-1426806::reference|small::mp-25433::reference,0.42005727253854275
loose,small,small::mp-1426806::combined_noise_0.050A_0.003,mp-1426806,mp-1426806,TiO2,combined_noise_0.050A_0.003,combined_perturbation,noise,1,20,3,0,2,0,small::mp-1341203::reference|small::mp-1426806::reference|small::mp-25433::reference,0.40255984850227833
loose,small,small::mp-1426806::combined_noise_0.002A_0.010,mp-1426806,mp-1426806,TiO2,combined_noise_0.002A_0.010,combined_perturbation,noise,1,20,3,0,2,0,small::mp-1341203::reference|small::mp-1426806::reference|small::mp-25433::reference,0.41270748525857925
loose,small,small::mp-1426806::combined_noise_0.015A_0.010,mp-1426806,mp-1426806,TiO2,combined_noise_0.015A_0.010,combined_perturbation,noise,1,20,3,0,2,0,small::mp-1341203::reference|small::mp-1426806::reference|small::mp-25433::reference,0.5172523111104965
loose,small,small::mp-1426806::combined_noise_0.050A_0.010,mp-1426806,mp-1426806,TiO2,combined_noise_0.050A_0.010,combined_perturbation,noise,1,20,3,0,2,0,small::mp-1341203::reference|small::mp-1426806::reference|small::mp-25433::reference,0.3855084255337715
loose,small,small::mp-1426806::combined_noise_0.002A_0.030,mp-1426806,mp-1426806,TiO2,combined_noise_0.002A_0.030,combined_perturbation,noise,1,20,3,0,2,0,small::mp-1341203::reference|small::mp-1426806::reference|small::mp-25433::reference,0.5035790093243122
loose,small,small::mp-1426806::combined_noise_0.015A_0.030,mp-1426806,mp-1426806,TiO2,combined_noise_0.015A_0.030,combined_perturbation,noise,1,20,2,0,1,0,small::mp-1341203::reference|small::mp-1426806::reference,0.29113373905420303
loose,small,small::mp-1426806::combined_noise_0.050A_0.030,mp-1426806,mp-1426806,TiO2,combined_noise_0.050A_0.030,combined_perturbation,noise,1,20,3,0,2,0,small::mp-1341203::reference|small::mp-1426806::reference|small::mp-25433::reference,0.5803607348352671
loose,small,small::mp-1439::conventional_standard,mp-1439,mp-1439,TiO2,conventional_standard,equivalent_transform,no_noise,1,20,3,0,2,0,small::mp-1008677::reference|small::mp-1190753::reference|small::mp-1439::reference,0.2106271106749773
loose,small,small::mp-1439::niggli_reduced,mp-1439,mp-1439,TiO2,niggli_reduced,equivalent_transform,no_noise,1,20,3,0,2,0,small::mp-1008677::reference|small::mp-1190753::reference|small::mp-1439::reference,0.19515581242740154
loose,small,small::mp-1439::origin_shifted,mp-1439,mp-1439,TiO2,origin_shifted,equivalent_transform,no_noise,1,20,3,0,2,0,small::mp-1008677::reference|small::mp-1190753::reference|small::mp-1439::reference,0.21885174326598644
loose,small,small::mp-1439::permuted_sites,mp-1439,mp-1439,TiO2,permuted_sites,equivalent_transform,no_noise,1,20,3,0,2,0,small::mp-1008677::reference|small::mp-1190753::reference|small::mp-1439::reference,0.24735919199883938
loose,small,small::mp-1439::combined_noise_0.002A_0.003,mp-1439,mp-1439,TiO2,combined_noise_0.002A_0.003,combined_perturbation,noise,1,20,3,0,2,0,small::mp-1008677::reference|small::mp-1190753::reference|small::mp-1439::reference,0.21285057440400124
loose,small,small::mp-1439::combined_noise_0.015A_0.003,mp-1439,mp-1439,TiO2,combined_noise_0.015A_0.003,combined_perturbation,noise,1,20,3,0,2,0,small::mp-1008677::reference|small::mp-1190753::reference|small::mp-1439::reference,0.2155541591346264
loose,small,small::mp-1439::combined_noise_0.050A_0.003,mp-1439,mp-1439,TiO2,combined_noise_0.050A_0.003,combined_perturbation,noise,1,20,3,0,2,0,small::mp-1008677::reference|small::mp-1190753::reference|small::mp-1439::reference,0.214102728292346
loose,small,small::mp-1439::combined_noise_0.002A_0.010,mp-1439,mp-1439,TiO2,combined_noise_0.002A_0.010,combined_perturbation,noise,1,20,3,0,2,0,small::mp-1008677::reference|small::mp-1190753::reference|small::mp-1439::reference,0.21552907675504684
loose,small,small::mp-1439::combined_noise_0.015A_0.010,mp-1439,mp-1439,TiO2,combined_noise_0.015A_0.010,combined_perturbation,noise,1,20,3,0,2,0,small::mp-1008677::reference|small::mp-1190753::reference|small::mp-1439::reference,0.21400636434555054
loose,small,small::mp-1439::combined_noise_0.050A_0.010,mp-1439,mp-1439,TiO2,combined_noise_0.050A_0.010,combined_perturbation,noise,1,20,3,0,2,0,small::mp-1008677::reference|small::mp-1190753::reference|small::mp-1439::reference,0.21970915235579014
loose,small,small::mp-1439::combined_noise_0.002A_0.030,mp-1439,mp-1439,TiO2,combined_noise_0.002A_0.030,combined_perturbation,noise,1,20,3,0,2,0,small::mp-1008677::reference|small::mp-1190753::reference|small::mp-1439::reference,0.2074186597019434
loose,small,small::mp-1439::combined_noise_0.015A_0.030,mp-1439,mp-1439,TiO2,combined_noise_0.015A_0.030,combined_perturbation,noise,1,20,3,0,2,0,small::mp-1008677::reference|small::mp-1190753::reference|small::mp-1439::reference,0.20901574939489365
loose,small,small::mp-1439::combined_noise_0.050A_0.030,mp-1439,mp-1439,TiO2,combined_noise_0.050A_0.030,combined_perturbation,noise,1,20,3,0,2,0,small::mp-1008677::reference|small::mp-1190753::reference|small::mp-1439::reference,0.18720274046063423
loose,small,small::mp-1445035::conventional_standard,mp-1445035,mp-1445035,TiO2,conventional_standard,equivalent_transform,no_noise,1,20,1,0,0,0,small::mp-1445035::reference,0.14909816905856133
loose,small,small::mp-1445035::niggli_reduced,mp-1445035,mp-1445035,TiO2,niggli_reduced,equivalent_transform,no_noise,1,20,1,0,0,0,small::mp-1445035::reference,0.14651843905448914
loose,small,small::mp-1445035::origin_shifted,mp-1445035,mp-1445035,TiO2,origin_shifted,equivalent_transform,no_noise,1,20,1,0,0,0,small::mp-1445035::reference,0.1502600610256195
loose,small,small::mp-1445035::permuted_sites,mp-1445035,mp-1445035,TiO2,permuted_sites,equivalent_transform,no_noise,1,20,1,0,0,0,small::mp-1445035::reference,0.16516531072556973
loose,small,small::mp-1445035::combined_noise_0.002A_0.003,mp-1445035,mp-1445035,TiO2,combined_noise_0.002A_0.003,combined_perturbation,noise,1,20,1,0,0,0,small::mp-1445035::reference,0.14642363600432873
loose,small,small::mp-1445035::combined_noise_0.015A_0.003,mp-1445035,mp-1445035,TiO2,combined_noise_0.015A_0.003,combined_perturbation,noise,1,20,1,0,0,0,small::mp-1445035::reference,0.14417839422821999
loose,small,small::mp-1445035::combined_noise_0.050A_0.003,mp-1445035,mp-1445035,TiO2,combined_noise_0.050A_0.003,combined_perturbation,noise,1,20,1,0,0,0,small::mp-1445035::reference,0.14554083347320557
loose,small,small::mp-1445035::combined_noise_0.002A_0.010,mp-1445035,mp-1445035,TiO2,combined_noise_0.002A_0.010,combined_perturbation,noise,1,20,1,0,0,0,small::mp-1445035::reference,0.17922523245215416
loose,small,small::mp-1445035::combined_noise_0.015A_0.010,mp-1445035,mp-1445035,TiO2,combined_noise_0.015A_0.010,combined_perturbation,noise,1,20,1,0,0,0,small::mp-1445035::reference,0.14914667047560215
loose,small,small::mp-1445035::combined_noise_0.050A_0.010,mp-1445035,mp-1445035,TiO2,combined_noise_0.050A_0.010,combined_perturbation,noise,1,20,1,0,0,0,small::mp-1445035::reference,0.16798254661262035
loose,small,small::mp-1445035::combined_noise_0.002A_0.030,mp-1445035,mp-1445035,TiO2,combined_noise_0.002A_0.030,combined_perturbation,noise,1,20,1,0,0,0,small::mp-1445035::reference,0.1711528804153204
loose,small,small::mp-1445035::combined_noise_0.015A_0.030,mp-1445035,mp-1445035,TiO2,combined_noise_0.015A_0.030,combined_perturbation,noise,1,20,1,0,0,0,small::mp-1445035::reference,0.1529891937971115
loose,small,small::mp-1445035::combined_noise_0.050A_0.030,mp-1445035,mp-1445035,TiO2,combined_noise_0.050A_0.030,combined_perturbation,noise,1,20,1,0,0,0,small::mp-1445035::reference,0.25139598548412323
loose,small,small::mp-1840::conventional_standard,mp-1840,mp-1840,TiO2,conventional_standard,equivalent_transform,no_noise,1,20,2,0,1,0,small::mp-1190753::reference|small::mp-1840::reference,0.8493623398244381
loose,small,small::mp-1840::niggli_reduced,mp-1840,mp-1840,TiO2,niggli_reduced,equivalent_transform,no_noise,1,20,2,0,1,0,small::mp-1190753::reference|small::mp-1840::reference,0.8832510747015476
loose,small,small::mp-1840::origin_shifted,mp-1840,mp-1840,TiO2,origin_shifted,equivalent_transform,no_noise,1,20,2,0,1,0,small::mp-1190753::reference|small::mp-1840::reference,0.8586905710399151
loose,small,small::mp-1840::permuted_sites,mp-1840,mp-1840,TiO2,permuted_sites,equivalent_transform,no_noise,1,20,2,0,1,0,small::mp-1190753::reference|small::mp-1840::reference,0.9725474137812853
loose,small,small::mp-1840::combined_noise_0.002A_0.003,mp-1840,mp-1840,TiO2,combined_noise_0.002A_0.003,combined_perturbation,noise,1,20,2,0,1,0,small::mp-1190753::reference|small::mp-1840::reference,0.8661261908710003
loose,small,small::mp-1840::combined_noise_0.015A_0.003,mp-1840,mp-1840,TiO2,combined_noise_0.015A_0.003,combined_perturbation,noise,1,20,2,0,1,0,small::mp-1190753::reference|small::mp-1840::reference,0.8735299110412598
loose,small,small::mp-1840::combined_noise_0.050A_0.003,mp-1840,mp-1840,TiO2,combined_noise_0.050A_0.003,combined_perturbation,noise,1,20,2,0,1,0,small::mp-1190753::reference|small::mp-1840::reference,0.9077764675021172
loose,small,small::mp-1840::combined_noise_0.002A_0.010,mp-1840,mp-1840,TiO2,combined_noise_0.002A_0.010,combined_perturbation,noise,1,20,2,0,1,0,small::mp-1190753::reference|small::mp-1840::reference,0.8605407532304525
loose,small,small::mp-1840::combined_noise_0.015A_0.010,mp-1840,mp-1840,TiO2,combined_noise_0.015A_0.010,combined_perturbation,noise,1,20,2,0,1,0,small::mp-1190753::reference|small::mp-1840::reference,0.8652585092931986
loose,small,small::mp-1840::combined_noise_0.050A_0.010,mp-1840,mp-1840,TiO2,combined_noise_0.050A_0.010,combined_perturbation,noise,1,20,2,0,1,0,small::mp-1190753::reference|small::mp-1840::reference,0.8736581336706877
loose,small,small::mp-1840::combined_noise_0.002A_0.030,mp-1840,mp-1840,TiO2,combined_noise_0.002A_0.030,combined_perturbation,noise,1,20,2,0,1,0,small::mp-1190753::reference|small::mp-1840::reference,0.8533531129360199
loose,small,small::mp-1840::combined_noise_0.015A_0.030,mp-1840,mp-1840,TiO2,combined_noise_0.015A_0.030,combined_perturbation,noise,1,20,2,0,1,0,small::mp-1190753::reference|small::mp-1840::reference,0.8486993387341499
loose,small,small::mp-1840::combined_noise_0.050A_0.030,mp-1840,mp-1840,TiO2,combined_noise_0.050A_0.030,combined_perturbation,noise,1,20,2,0,1,0,small::mp-1190753::reference|small::mp-1840::reference,0.880158081650734
loose,small,small::mp-2420244::conventional_standard,mp-2420244,mp-2420244,TiO2,conventional_standard,equivalent_transform,no_noise,1,20,1,0,0,0,small::mp-2420244::reference,0.2351470235735178
loose,small,small::mp-2420244::niggli_reduced,mp-2420244,mp-2420244,TiO2,niggli_reduced,equivalent_transform,no_noise,1,20,1,0,0,0,small::mp-2420244::reference,0.20857203006744385
loose,small,small::mp-2420244::origin_shifted,mp-2420244,mp-2420244,TiO2,origin_shifted,equivalent_transform,no_noise,1,20,1,0,0,0,small::mp-2420244::reference,0.2446952983736992
loose,small,small::mp-2420244::permuted_sites,mp-2420244,mp-2420244,TiO2,permuted_sites,equivalent_transform,no_noise,1,20,1,0,0,0,small::mp-2420244::reference,0.261734900996089
loose,small,small::mp-2420244::combined_noise_0.002A_0.003,mp-2420244,mp-2420244,TiO2,combined_noise_0.002A_0.003,combined_perturbation,noise,1,20,1,0,0,0,small::mp-2420244::reference,0.24387172609567642
loose,small,small::mp-2420244::combined_noise_0.015A_0.003,mp-2420244,mp-2420244,TiO2,combined_noise_0.015A_0.003,combined_perturbation,noise,1,20,1,0,0,0,small::mp-2420244::reference,0.23145424015820026
loose,small,small::mp-2420244::combined_noise_0.050A_0.003,mp-2420244,mp-2420244,TiO2,combined_noise_0.050A_0.003,combined_perturbation,noise,1,20,1,0,0,0,small::mp-2420244::reference,0.2312247883528471
loose,small,small::mp-2420244::combined_noise_0.002A_0.010,mp-2420244,mp-2420244,TiO2,combined_noise_0.002A_0.010,combined_perturbation,noise,1,20,1,0,0,0,small::mp-2420244::reference,0.23726145923137665
loose,small,small::mp-2420244::combined_noise_0.015A_0.010,mp-2420244,mp-2420244,TiO2,combined_noise_0.015A_0.010,combined_perturbation,noise,1,20,1,0,0,0,small::mp-2420244::reference,0.22222307696938515
loose,small,small::mp-2420244::combined_noise_0.050A_0.010,mp-2420244,mp-2420244,TiO2,combined_noise_0.050A_0.010,combined_perturbation,noise,1,20,1,0,0,0,small::mp-2420244::reference,0.23238291963934898
loose,small,small::mp-2420244::combined_noise_0.002A_0.030,mp-2420244,mp-2420244,TiO2,combined_noise_0.002A_0.030,combined_perturbation,noise,1,20,1,0,0,0,small::mp-2420244::reference,0.23344443179666996
loose,small,small::mp-2420244::combined_noise_0.015A_0.030,mp-2420244,mp-2420244,TiO2,combined_noise_0.015A_0.030,combined_perturbation,noise,1,20,1,0,0,0,small::mp-2420244::reference,0.23608051799237728
loose,small,small::mp-2420244::combined_noise_0.050A_0.030,mp-2420244,mp-2420244,TiO2,combined_noise_0.050A_0.030,combined_perturbation,noise,1,20,1,0,0,0,small::mp-2420244::reference,0.2217619474977255
loose,small,small::mp-25262::conventional_standard,mp-25262,mp-25262,TiO2,conventional_standard,equivalent_transform,no_noise,1,20,1,0,0,0,small::mp-25262::reference,0.4960183836519718
loose,small,small::mp-25262::niggli_reduced,mp-25262,mp-25262,TiO2,niggli_reduced,equivalent_transform,no_noise,1,20,1,0,0,0,small::mp-25262::reference,0.3112302403897047
loose,small,small::mp-25262::origin_shifted,mp-25262,mp-25262,TiO2,origin_shifted,equivalent_transform,no_noise,1,20,1,0,0,0,small::mp-25262::reference,0.34592025727033615
loose,small,small::mp-25262::permuted_sites,mp-25262,mp-25262,TiO2,permuted_sites,equivalent_transform,no_noise,1,20,1,0,0,0,small::mp-25262::reference,0.3704524841159582
loose,small,small::mp-25262::combined_noise_0.002A_0.003,mp-25262,mp-25262,TiO2,combined_noise_0.002A_0.003,combined_perturbation,noise,1,20,1,0,0,0,small::mp-25262::reference,0.3772364482283592
loose,small,small::mp-25262::combined_noise_0.015A_0.003,mp-25262,mp-25262,TiO2,combined_noise_0.015A_0.003,combined_perturbation,noise,1,20,1,0,0,0,small::mp-25262::reference,0.3719845786690712
loose,small,small::mp-25262::combined_noise_0.050A_0.003,mp-25262,mp-25262,TiO2,combined_noise_0.050A_0.003,combined_perturbation,noise,1,20,1,0,0,0,small::mp-25262::reference,0.42739071138203144
loose,small,small::mp-25262::combined_noise_0.002A_0.010,mp-25262,mp-25262,TiO2,combined_noise_0.002A_0.010,combined_perturbation,noise,1,20,1,0,0,0,small::mp-25262::reference,0.369479276239872
loose,small,small::mp-25262::combined_noise_0.015A_0.010,mp-25262,mp-25262,TiO2,combined_noise_0.015A_0.010,combined_perturbation,noise,1,20,1,0,0,0,small::mp-25262::reference,0.40667915530502796
loose,small,small::mp-25262::combined_noise_0.050A_0.010,mp-25262,mp-25262,TiO2,combined_noise_0.050A_0.010,combined_perturbation,noise,1,20,1,0,0,0,small::mp-25262::reference,0.4351299647241831
loose,small,small::mp-25262::combined_noise_0.002A_0.030,mp-25262,mp-25262,TiO2,combined_noise_0.002A_0.030,combined_perturbation,noise,1,20,1,0,0,0,small::mp-25262::reference,0.43968203850090504
loose,small,small::mp-25262::combined_noise_0.015A_0.030,mp-25262,mp-25262,TiO2,combined_noise_0.015A_0.030,combined_perturbation,noise,1,20,1,0,0,0,small::mp-25262::reference,0.3813383001834154
loose,small,small::mp-25262::combined_noise_0.050A_0.030,mp-25262,mp-25262,TiO2,combined_noise_0.050A_0.030,combined_perturbation,noise,1,20,1,0,0,0,small::mp-25262::reference,0.4841520320624113
loose,small,small::mp-25433::conventional_standard,mp-25433,mp-25433,TiO2,conventional_standard,equivalent_transform,no_noise,1,20,1,0,0,0,small::mp-25433::reference,0.8852014467120171
loose,small,small::mp-25433::niggli_reduced,mp-25433,mp-25433,TiO2,niggli_reduced,equivalent_transform,no_noise,1,20,1,0,0,0,small::mp-25433::reference,0.8516293726861477
loose,small,small::mp-25433::origin_shifted,mp-25433,mp-25433,TiO2,origin_shifted,equivalent_transform,no_noise,1,20,1,0,0,0,small::mp-25433::reference,0.8453198932111263
loose,small,small::mp-25433::permuted_sites,mp-25433,mp-25433,TiO2,permuted_sites,equivalent_transform,no_noise,1,20,1,0,0,0,small::mp-25433::reference,0.8272285610437393
loose,small,small::mp-25433::combined_noise_0.002A_0.003,mp-25433,mp-25433,TiO2,combined_noise_0.002A_0.003,combined_perturbation,noise,1,20,2,0,1,0,small::mp-1426806::reference|small::mp-25433::reference,0.8955291621387005
loose,small,small::mp-25433::combined_noise_0.015A_0.003,mp-25433,mp-25433,TiO2,combined_noise_0.015A_0.003,combined_perturbation,noise,1,20,2,0,1,0,small::mp-1426806::reference|small::mp-25433::reference,0.8469291273504496
loose,small,small::mp-25433::combined_noise_0.050A_0.003,mp-25433,mp-25433,TiO2,combined_noise_0.050A_0.003,combined_perturbation,noise,1,20,2,0,1,0,small::mp-1426806::reference|small::mp-25433::reference,0.8704862762242556
loose,small,small::mp-25433::combined_noise_0.002A_0.010,mp-25433,mp-25433,TiO2,combined_noise_0.002A_0.010,combined_perturbation,noise,1,20,1,0,0,0,small::mp-25433::reference,0.901921272277832
loose,small,small::mp-25433::combined_noise_0.015A_0.010,mp-25433,mp-25433,TiO2,combined_noise_0.015A_0.010,combined_perturbation,noise,1,20,2,0,1,0,small::mp-1426806::reference|small::mp-25433::reference,0.8365869112312794
loose,small,small::mp-25433::combined_noise_0.050A_0.010,mp-25433,mp-25433,TiO2,combined_noise_0.050A_0.010,combined_perturbation,noise,1,20,3,0,2,0,small::mp-1341203::reference|small::mp-1426806::reference|small::mp-25433::reference,0.8003778159618378
loose,small,small::mp-25433::combined_noise_0.002A_0.030,mp-25433,mp-25433,TiO2,combined_noise_0.002A_0.030,combined_perturbation,noise,1,20,2,0,1,0,small::mp-1426806::reference|small::mp-25433::reference,0.9142468757927418
loose,small,small::mp-25433::combined_noise_0.015A_0.030,mp-25433,mp-25433,TiO2,combined_noise_0.015A_0.030,combined_perturbation,noise,1,20,2,0,1,0,small::mp-1426806::reference|small::mp-25433::reference,0.8204753678292036
loose,small,small::mp-25433::combined_noise_0.050A_0.030,mp-25433,mp-25433,TiO2,combined_noise_0.050A_0.030,combined_perturbation,noise,1,20,2,0,1,0,small::mp-1426806::reference|small::mp-25433::reference,0.8215776849538088
