setting,query_id,query_parent_id,query_variant,query_variant_family,reference_id,reference_parent_id,reference_variant,is_true_parent,is_match,pair_runtime_seconds
strict,mp-1008374::conventional_standard,mp-1008374,conventional_standard,equivalent_transform,mp-1008374::reference,mp-1008374,reference,1,1,0.023239332949742675
strict,mp-1008374::conventional_standard,mp-1008374,conventional_standard,equivalent_transform,mp-1008395::reference,mp-1008395,reference,0,0,0.01931024994701147
strict,mp-1008374::conventional_standard,mp-1008374,conventional_standard,equivalent_transform,mp-10064::reference,mp-10064,reference,0,0,9.987503290176392e-05
strict,mp-1008374::conventional_standard,mp-1008374,conventional_standard,equivalent_transform,mp-1021503::reference,mp-1021503,reference,0,0,7.133395411074162e-05
strict,mp-1008374::conventional_standard,mp-1008374,conventional_standard,equivalent_transform,mp-1008677::reference,mp-1008677,reference,0,0,6.137497257441282e-05
strict,mp-1008374::conventional_standard,mp-1008374,conventional_standard,equivalent_transform,mp-1041565::reference,mp-1041565,reference,0,0,8.595804683864117e-05
strict,mp-1008374::niggli_reduced,mp-1008374,niggli_reduced,equivalent_transform,mp-1008374::reference,mp-1008374,reference,1,1,0.01066716609057039
strict,mp-1008374::niggli_reduced,mp-1008374,niggli_reduced,equivalent_transform,mp-1008395::reference,mp-1008395,reference,0,0,0.0037031659157946706
strict,mp-1008374::niggli_reduced,mp-1008374,niggli_reduced,equivalent_transform,mp-10064::reference,mp-10064,reference,0,0,0.00016908394172787666
strict,mp-1008374::niggli_reduced,mp-1008374,niggli_reduced,equivalent_transform,mp-1021503::reference,mp-1021503,reference,0,0,0.0001503330422565341
strict,mp-1008374::niggli_reduced,mp-1008374,niggli_reduced,equivalent_transform,mp-1008677::reference,mp-1008677,reference,0,0,0.00011787493713200092
strict,mp-1008374::niggli_reduced,mp-1008374,niggli_reduced,equivalent_transform,mp-1041565::reference,mp-1041565,reference,0,0,0.00018629198893904686
strict,mp-1008374::origin_shifted,mp-1008374,origin_shifted,equivalent_transform,mp-1008374::reference,mp-1008374,reference,1,1,0.0069133329670876265
strict,mp-1008374::origin_shifted,mp-1008374,origin_shifted,equivalent_transform,mp-1008395::reference,mp-1008395,reference,0,0,0.0034643750404939055
strict,mp-1008374::origin_shifted,mp-1008374,origin_shifted,equivalent_transform,mp-10064::reference,mp-10064,reference,0,0,0.00016083300579339266
strict,mp-1008374::origin_shifted,mp-1008374,origin_shifted,equivalent_transform,mp-1021503::reference,mp-1021503,reference,0,0,0.00013762502931058407
strict,mp-1008374::origin_shifted,mp-1008374,origin_shifted,equivalent_transform,mp-1008677::reference,mp-1008677,reference,0,0,0.00011116696987301111
strict,mp-1008374::origin_shifted,mp-1008374,origin_shifted,equivalent_transform,mp-1041565::reference,mp-1041565,reference,0,0,0.0001742909662425518
strict,mp-1008374::permuted_sites,mp-1008374,permuted_sites,equivalent_transform,mp-1008374::reference,mp-1008374,reference,1,1,0.008191665983758867
strict,mp-1008374::permuted_sites,mp-1008374,permuted_sites,equivalent_transform,mp-1008395::reference,mp-1008395,reference,0,0,0.0030877080280333757
strict,mp-1008374::permuted_sites,mp-1008374,permuted_sites,equivalent_transform,mp-10064::reference,mp-10064,reference,0,0,0.00010191695764660835
strict,mp-1008374::permuted_sites,mp-1008374,permuted_sites,equivalent_transform,mp-1021503::reference,mp-1021503,reference,0,0,6.816699169576168e-05
strict,mp-1008374::permuted_sites,mp-1008374,permuted_sites,equivalent_transform,mp-1008677::reference,mp-1008677,reference,0,0,4.487507976591587e-05
strict,mp-1008374::permuted_sites,mp-1008374,permuted_sites,equivalent_transform,mp-1041565::reference,mp-1041565,reference,0,0,6.874999962747097e-05
strict,mp-1008374::supercell_2x1x1,mp-1008374,supercell_2x1x1,equivalent_transform,mp-1008374::reference,mp-1008374,reference,1,1,0.005858707940205932
strict,mp-1008374::supercell_2x1x1,mp-1008374,supercell_2x1x1,equivalent_transform,mp-1008395::reference,mp-1008395,reference,0,0,0.004237666958943009
strict,mp-1008374::supercell_2x1x1,mp-1008374,supercell_2x1x1,equivalent_transform,mp-10064::reference,mp-10064,reference,0,0,0.0001454170560464263
strict,mp-1008374::supercell_2x1x1,mp-1008374,supercell_2x1x1,equivalent_transform,mp-1021503::reference,mp-1021503,reference,0,0,0.00019758404232561588
strict,mp-1008374::supercell_2x1x1,mp-1008374,supercell_2x1x1,equivalent_transform,mp-1008677::reference,mp-1008677,reference,0,0,6.187497638165951e-05
strict,mp-1008374::supercell_2x1x1,mp-1008374,supercell_2x1x1,equivalent_transform,mp-1041565::reference,mp-1041565,reference,0,0,8.199992589652538e-05
strict,mp-1008374::coord_noise_0.010A,mp-1008374,coord_noise_0.010A,coordinate_perturbation,mp-1008374::reference,mp-1008374,reference,1,1,0.00494379096198827
strict,mp-1008374::coord_noise_0.010A,mp-1008374,coord_noise_0.010A,coordinate_perturbation,mp-1008395::reference,mp-1008395,reference,0,0,0.004109209054149687
strict,mp-1008374::coord_noise_0.010A,mp-1008374,coord_noise_0.010A,coordinate_perturbation,mp-10064::reference,mp-10064,reference,0,0,0.00015808409079909325
strict,mp-1008374::coord_noise_0.010A,mp-1008374,coord_noise_0.010A,coordinate_perturbation,mp-1021503::reference,mp-1021503,reference,0,0,0.00019229098688811064
strict,mp-1008374::coord_noise_0.010A,mp-1008374,coord_noise_0.010A,coordinate_perturbation,mp-1008677::reference,mp-1008677,reference,0,0,0.00013804202899336815
strict,mp-1008374::coord_noise_0.010A,mp-1008374,coord_noise_0.010A,coordinate_perturbation,mp-1041565::reference,mp-1041565,reference,0,0,0.00018770794849842787
strict,mp-1008374::coord_noise_0.020A,mp-1008374,coord_noise_0.020A,coordinate_perturbation,mp-1008374::reference,mp-1008374,reference,1,1,0.009243750013411045
strict,mp-1008374::coord_noise_0.020A,mp-1008374,coord_noise_0.020A,coordinate_perturbation,mp-1008395::reference,mp-1008395,reference,0,0,0.004655583994463086
strict,mp-1008374::coord_noise_0.020A,mp-1008374,coord_noise_0.020A,coordinate_perturbation,mp-10064::reference,mp-10064,reference,0,0,0.00016779196448624134
strict,mp-1008374::coord_noise_0.020A,mp-1008374,coord_noise_0.020A,coordinate_perturbation,mp-1021503::reference,mp-1021503,reference,0,0,0.00014287501107901335
strict,mp-1008374::coord_noise_0.020A,mp-1008374,coord_noise_0.020A,coordinate_perturbation,mp-1008677::reference,mp-1008677,reference,0,0,0.00011270807590335608
strict,mp-1008374::coord_noise_0.020A,mp-1008374,coord_noise_0.020A,coordinate_perturbation,mp-1041565::reference,mp-1041565,reference,0,0,0.0001996669452637434
strict,mp-1008374::lattice_noise_0.010,mp-1008374,lattice_noise_0.010,lattice_perturbation,mp-1008374::reference,mp-1008374,reference,1,1,0.00751658296212554
strict,mp-1008374::lattice_noise_0.010,mp-1008374,lattice_noise_0.010,lattice_perturbation,mp-1008395::reference,mp-1008395,reference,0,0,0.0029055409831926227
strict,mp-1008374::lattice_noise_0.010,mp-1008374,lattice_noise_0.010,lattice_perturbation,mp-10064::reference,mp-10064,reference,0,0,0.0001855409936979413
strict,mp-1008374::lattice_noise_0.010,mp-1008374,lattice_noise_0.010,lattice_perturbation,mp-1021503::reference,mp-1021503,reference,0,0,9.316601790487766e-05
strict,mp-1008374::lattice_noise_0.010,mp-1008374,lattice_noise_0.010,lattice_perturbation,mp-1008677::reference,mp-1008677,reference,0,0,5.749997217208147e-05
strict,mp-1008374::lattice_noise_0.010,mp-1008374,lattice_noise_0.010,lattice_perturbation,mp-1041565::reference,mp-1041565,reference,0,0,0.0002437499351799488
strict,mp-1008374::combined_noise_0.020A_0.010,mp-1008374,combined_noise_0.020A_0.010,combined_perturbation,mp-1008374::reference,mp-1008374,reference,1,1,0.007154250051826239
strict,mp-1008374::combined_noise_0.020A_0.010,mp-1008374,combined_noise_0.020A_0.010,combined_perturbation,mp-1008395::reference,mp-1008395,reference,0,0,0.0027799999807029963
strict,mp-1008374::combined_noise_0.020A_0.010,mp-1008374,combined_noise_0.020A_0.010,combined_perturbation,mp-10064::reference,mp-10064,reference,0,0,0.0001908330013975501
strict,mp-1008374::combined_noise_0.020A_0.010,mp-1008374,combined_noise_0.020A_0.010,combined_perturbation,mp-1021503::reference,mp-1021503,reference,0,0,0.00015341700054705143
strict,mp-1008374::combined_noise_0.020A_0.010,mp-1008374,combined_noise_0.020A_0.010,combined_perturbation,mp-1008677::reference,mp-1008677,reference,0,0,0.00011412508320063353
strict,mp-1008374::combined_noise_0.020A_0.010,mp-1008374,combined_noise_0.020A_0.010,combined_perturbation,mp-1041565::reference,mp-1041565,reference,0,0,0.00017787504475563765
strict,mp-1008395::conventional_standard,mp-1008395,conventional_standard,equivalent_transform,mp-1008374::reference,mp-1008374,reference,0,0,0.008638374973088503
strict,mp-1008395::conventional_standard,mp-1008395,conventional_standard,equivalent_transform,mp-1008395::reference,mp-1008395,reference,1,1,0.014768082997761667
strict,mp-1008395::conventional_standard,mp-1008395,conventional_standard,equivalent_transform,mp-10064::reference,mp-10064,reference,0,0,8.974992670118809e-05
strict,mp-1008395::conventional_standard,mp-1008395,conventional_standard,equivalent_transform,mp-1021503::reference,mp-1021503,reference,0,0,6.950006354600191e-05
strict,mp-1008395::conventional_standard,mp-1008395,conventional_standard,equivalent_transform,mp-1008677::reference,mp-1008677,reference,0,0,5.7832919992506504e-05
strict,mp-1008395::conventional_standard,mp-1008395,conventional_standard,equivalent_transform,mp-1041565::reference,mp-1041565,reference,0,0,8.454197086393833e-05
strict,mp-1008395::niggli_reduced,mp-1008395,niggli_reduced,equivalent_transform,mp-1008374::reference,mp-1008374,reference,0,0,0.01671458303462714
strict,mp-1008395::niggli_reduced,mp-1008395,niggli_reduced,equivalent_transform,mp-1008395::reference,mp-1008395,reference,1,1,0.004609292023815215
strict,mp-1008395::niggli_reduced,mp-1008395,niggli_reduced,equivalent_transform,mp-10064::reference,mp-10064,reference,0,0,8.37499974295497e-05
strict,mp-1008395::niggli_reduced,mp-1008395,niggli_reduced,equivalent_transform,mp-1021503::reference,mp-1021503,reference,0,0,5.4875039495527744e-05
strict,mp-1008395::niggli_reduced,mp-1008395,niggli_reduced,equivalent_transform,mp-1008677::reference,mp-1008677,reference,0,0,4.229089245200157e-05
strict,mp-1008395::niggli_reduced,mp-1008395,niggli_reduced,equivalent_transform,mp-1041565::reference,mp-1041565,reference,0,0,7.01249809935689e-05
strict,mp-1008395::origin_shifted,mp-1008395,origin_shifted,equivalent_transform,mp-1008374::reference,mp-1008374,reference,0,0,0.004158125026151538
strict,mp-1008395::origin_shifted,mp-1008395,origin_shifted,equivalent_transform,mp-1008395::reference,mp-1008395,reference,1,1,0.0036715830210596323
strict,mp-1008395::origin_shifted,mp-1008395,origin_shifted,equivalent_transform,mp-10064::reference,mp-10064,reference,0,0,0.00010533304885029793
strict,mp-1008395::origin_shifted,mp-1008395,origin_shifted,equivalent_transform,mp-1021503::reference,mp-1021503,reference,0,0,6.116693839430809e-05
strict,mp-1008395::origin_shifted,mp-1008395,origin_shifted,equivalent_transform,mp-1008677::reference,mp-1008677,reference,0,0,7.325003389269114e-05
strict,mp-1008395::origin_shifted,mp-1008395,origin_shifted,equivalent_transform,mp-1041565::reference,mp-1041565,reference,0,0,7.199996616691351e-05
strict,mp-1008395::permuted_sites,mp-1008395,permuted_sites,equivalent_transform,mp-1008374::reference,mp-1008374,reference,0,0,0.00779979198705405
strict,mp-1008395::permuted_sites,mp-1008395,permuted_sites,equivalent_transform,mp-1008395::reference,mp-1008395,reference,1,1,0.002999208983965218
strict,mp-1008395::permuted_sites,mp-1008395,permuted_sites,equivalent_transform,mp-10064::reference,mp-10064,reference,0,0,8.708401583135128e-05
strict,mp-1008395::permuted_sites,mp-1008395,permuted_sites,equivalent_transform,mp-1021503::reference,mp-1021503,reference,0,0,7.76670640334487e-05
strict,mp-1008395::permuted_sites,mp-1008395,permuted_sites,equivalent_transform,mp-1008677::reference,mp-1008677,reference,0,0,4.2791012674570084e-05
strict,mp-1008395::permuted_sites,mp-1008395,permuted_sites,equivalent_transform,mp-1041565::reference,mp-1041565,reference,0,0,0.00011716701555997133
strict,mp-1008395::supercell_2x1x1,mp-1008395,supercell_2x1x1,equivalent_transform,mp-1008374::reference,mp-1008374,reference,0,0,0.004328625043854117
strict,mp-1008395::supercell_2x1x1,mp-1008395,supercell_2x1x1,equivalent_transform,mp-1008395::reference,mp-1008395,reference,1,1,0.0028805829351767898
strict,mp-1008395::supercell_2x1x1,mp-1008395,supercell_2x1x1,equivalent_transform,mp-10064::reference,mp-10064,reference,0,0,7.720896974205971e-05
strict,mp-1008395::supercell_2x1x1,mp-1008395,supercell_2x1x1,equivalent_transform,mp-1021503::reference,mp-1021503,reference,0,0,6.620900239795446e-05
strict,mp-1008395::supercell_2x1x1,mp-1008395,supercell_2x1x1,equivalent_transform,mp-1008677::reference,mp-1008677,reference,0,0,5.362497176975012e-05
strict,mp-1008395::supercell_2x1x1,mp-1008395,supercell_2x1x1,equivalent_transform,mp-1041565::reference,mp-1041565,reference,0,0,0.00011625001206994057
strict,mp-1008395::coord_noise_0.010A,mp-1008395,coord_noise_0.010A,coordinate_perturbation,mp-1008374::reference,mp-1008374,reference,0,0,0.004080125014297664
strict,mp-1008395::coord_noise_0.010A,mp-1008395,coord_noise_0.010A,coordinate_perturbation,mp-1008395::reference,mp-1008395,reference,1,1,0.002648124936968088
strict,mp-1008395::coord_noise_0.010A,mp-1008395,coord_noise_0.010A,coordinate_perturbation,mp-10064::reference,mp-10064,reference,0,0,8.970801718533039e-05
strict,mp-1008395::coord_noise_0.010A,mp-1008395,coord_noise_0.010A,coordinate_perturbation,mp-1021503::reference,mp-1021503,reference,0,0,6.200000643730164e-05
strict,mp-1008395::coord_noise_0.010A,mp-1008395,coord_noise_0.010A,coordinate_perturbation,mp-1008677::reference,mp-1008677,reference,0,0,4.6332948841154575e-05
strict,mp-1008395::coord_noise_0.010A,mp-1008395,coord_noise_0.010A,coordinate_perturbation,mp-1041565::reference,mp-1041565,reference,0,0,7.395807188004255e-05
strict,mp-1008395::coord_noise_0.020A,mp-1008395,coord_noise_0.020A,coordinate_perturbation,mp-1008374::reference,mp-1008374,reference,0,0,0.004290916956961155
strict,mp-1008395::coord_noise_0.020A,mp-1008395,coord_noise_0.020A,coordinate_perturbation,mp-1008395::reference,mp-1008395,reference,1,1,0.002694208058528602
strict,mp-1008395::coord_noise_0.020A,mp-1008395,coord_noise_0.020A,coordinate_perturbation,mp-10064::reference,mp-10064,reference,0,0,6.933300755918026e-05
strict,mp-1008395::coord_noise_0.020A,mp-1008395,coord_noise_0.020A,coordinate_perturbation,mp-1021503::reference,mp-1021503,reference,0,0,8.225010242313147e-05
strict,mp-1008395::coord_noise_0.020A,mp-1008395,coord_noise_0.020A,coordinate_perturbation,mp-1008677::reference,mp-1008677,reference,0,0,6.583391223102808e-05
strict,mp-1008395::coord_noise_0.020A,mp-1008395,coord_noise_0.020A,coordinate_perturbation,mp-1041565::reference,mp-1041565,reference,0,0,0.00011133390944451094
strict,mp-1008395::lattice_noise_0.010,mp-1008395,lattice_noise_0.010,lattice_perturbation,mp-1008374::reference,mp-1008374,reference,0,0,0.004073041025549173
strict,mp-1008395::lattice_noise_0.010,mp-1008395,lattice_noise_0.010,lattice_perturbation,mp-1008395::reference,mp-1008395,reference,1,1,0.0023530840408056974
strict,mp-1008395::lattice_noise_0.010,mp-1008395,lattice_noise_0.010,lattice_perturbation,mp-10064::reference,mp-10064,reference,0,0,7.241603452712297e-05
strict,mp-1008395::lattice_noise_0.010,mp-1008395,lattice_noise_0.010,lattice_perturbation,mp-1021503::reference,mp-1021503,reference,0,0,5.8542005717754364e-05
strict,mp-1008395::lattice_noise_0.010,mp-1008395,lattice_noise_0.010,lattice_perturbation,mp-1008677::reference,mp-1008677,reference,0,0,4.4584041461348534e-05
strict,mp-1008395::lattice_noise_0.010,mp-1008395,lattice_noise_0.010,lattice_perturbation,mp-1041565::reference,mp-1041565,reference,0,0,7.312500383704901e-05
strict,mp-1008395::combined_noise_0.020A_0.010,mp-1008395,combined_noise_0.020A_0.010,combined_perturbation,mp-1008374::reference,mp-1008374,reference,0,0,0.007152415928430855
strict,mp-1008395::combined_noise_0.020A_0.010,mp-1008395,combined_noise_0.020A_0.010,combined_perturbation,mp-1008395::reference,mp-1008395,reference,1,1,0.002544792019762099
strict,mp-1008395::combined_noise_0.020A_0.010,mp-1008395,combined_noise_0.020A_0.010,combined_perturbation,mp-10064::reference,mp-10064,reference,0,0,6.604194641113281e-05
strict,mp-1008395::combined_noise_0.020A_0.010,mp-1008395,combined_noise_0.020A_0.010,combined_perturbation,mp-1021503::reference,mp-1021503,reference,0,0,5.4958974942564964e-05
strict,mp-1008395::combined_noise_0.020A_0.010,mp-1008395,combined_noise_0.020A_0.010,combined_perturbation,mp-1008677::reference,mp-1008677,reference,0,0,4.270800855010748e-05
strict,mp-1008395::combined_noise_0.020A_0.010,mp-1008395,combined_noise_0.020A_0.010,combined_perturbation,mp-1041565::reference,mp-1041565,reference,0,0,0.00011175009422004223
strict,mp-10064::conventional_standard,mp-10064,conventional_standard,equivalent_transform,mp-1008374::reference,mp-1008374,reference,0,0,9.450002107769251e-05
strict,mp-10064::conventional_standard,mp-10064,conventional_standard,equivalent_transform,mp-1008395::reference,mp-1008395,reference,0,0,8.054100908339024e-05
strict,mp-10064::conventional_standard,mp-10064,conventional_standard,equivalent_transform,mp-10064::reference,mp-10064,reference,1,1,0.00484066701028496
strict,mp-10064::conventional_standard,mp-10064,conventional_standard,equivalent_transform,mp-1021503::reference,mp-1021503,reference,0,0,0.0033681669738143682
strict,mp-10064::conventional_standard,mp-10064,conventional_standard,equivalent_transform,mp-1008677::reference,mp-1008677,reference,0,0,0.00011754094157367945
strict,mp-10064::conventional_standard,mp-10064,conventional_standard,equivalent_transform,mp-1041565::reference,mp-1041565,reference,0,0,0.00013950001448392868
strict,mp-10064::niggli_reduced,mp-10064,niggli_reduced,equivalent_transform,mp-1008374::reference,mp-1008374,reference,0,0,5.020899698138237e-05
strict,mp-10064::niggli_reduced,mp-10064,niggli_reduced,equivalent_transform,mp-1008395::reference,mp-1008395,reference,0,0,4.3665990233421326e-05
strict,mp-10064::niggli_reduced,mp-10064,niggli_reduced,equivalent_transform,mp-10064::reference,mp-10064,reference,1,1,0.0019545420072972775
strict,mp-10064::niggli_reduced,mp-10064,niggli_reduced,equivalent_transform,mp-1021503::reference,mp-1021503,reference,0,0,0.0013672499917447567
strict,mp-10064::niggli_reduced,mp-10064,niggli_reduced,equivalent_transform,mp-1008677::reference,mp-1008677,reference,0,0,5.662499461323023e-05
strict,mp-10064::niggli_reduced,mp-10064,niggli_reduced,equivalent_transform,mp-1041565::reference,mp-1041565,reference,0,0,7.291696965694427e-05
strict,mp-10064::origin_shifted,mp-10064,origin_shifted,equivalent_transform,mp-1008374::reference,mp-1008374,reference,0,0,4.499999340623617e-05
strict,mp-10064::origin_shifted,mp-10064,origin_shifted,equivalent_transform,mp-1008395::reference,mp-1008395,reference,0,0,3.9958045817911625e-05
strict,mp-10064::origin_shifted,mp-10064,origin_shifted,equivalent_transform,mp-10064::reference,mp-10064,reference,1,1,0.0025718340184539557
strict,mp-10064::origin_shifted,mp-10064,origin_shifted,equivalent_transform,mp-1021503::reference,mp-1021503,reference,0,0,0.001693541998974979
strict,mp-10064::origin_shifted,mp-10064,origin_shifted,equivalent_transform,mp-1008677::reference,mp-1008677,reference,0,0,6.637501064687967e-05
strict,mp-10064::origin_shifted,mp-10064,origin_shifted,equivalent_transform,mp-1041565::reference,mp-1041565,reference,0,0,7.508404087275267e-05
strict,mp-10064::permuted_sites,mp-10064,permuted_sites,equivalent_transform,mp-1008374::reference,mp-1008374,reference,0,0,6.612495053559542e-05
strict,mp-10064::permuted_sites,mp-10064,permuted_sites,equivalent_transform,mp-1008395::reference,mp-1008395,reference,0,0,6.52089947834611e-05
strict,mp-10064::permuted_sites,mp-10064,permuted_sites,equivalent_transform,mp-10064::reference,mp-10064,reference,1,1,0.0025514160515740514
strict,mp-10064::permuted_sites,mp-10064,permuted_sites,equivalent_transform,mp-1021503::reference,mp-1021503,reference,0,0,0.0016625840216875076
strict,mp-10064::permuted_sites,mp-10064,permuted_sites,equivalent_transform,mp-1008677::reference,mp-1008677,reference,0,0,6.458302959799767e-05
strict,mp-10064::permuted_sites,mp-10064,permuted_sites,equivalent_transform,mp-1041565::reference,mp-1041565,reference,0,0,7.829198148101568e-05
strict,mp-10064::supercell_2x1x1,mp-10064,supercell_2x1x1,equivalent_transform,mp-1008374::reference,mp-1008374,reference,0,0,0.00010291708167642355
strict,mp-10064::supercell_2x1x1,mp-10064,supercell_2x1x1,equivalent_transform,mp-1008395::reference,mp-1008395,reference,0,0,0.00011725001968443394
strict,mp-10064::supercell_2x1x1,mp-10064,supercell_2x1x1,equivalent_transform,mp-10064::reference,mp-10064,reference,1,1,0.0040337080135941505
strict,mp-10064::supercell_2x1x1,mp-10064,supercell_2x1x1,equivalent_transform,mp-1021503::reference,mp-1021503,reference,0,0,0.0017296670703217387
strict,mp-10064::supercell_2x1x1,mp-10064,supercell_2x1x1,equivalent_transform,mp-1008677::reference,mp-1008677,reference,0,0,7.108307909220457e-05
strict,mp-10064::supercell_2x1x1,mp-10064,supercell_2x1x1,equivalent_transform,mp-1041565::reference,mp-1041565,reference,0,0,8.050003089010715e-05
strict,mp-10064::coord_noise_0.010A,mp-10064,coord_noise_0.010A,coordinate_perturbation,mp-1008374::reference,mp-1008374,reference,0,0,9.054201655089855e-05
strict,mp-10064::coord_noise_0.010A,mp-10064,coord_noise_0.010A,coordinate_perturbation,mp-1008395::reference,mp-1008395,reference,0,0,6.029102951288223e-05
strict,mp-10064::coord_noise_0.010A,mp-10064,coord_noise_0.010A,coordinate_perturbation,mp-10064::reference,mp-10064,reference,1,1,0.0025860409950837493
strict,mp-10064::coord_noise_0.010A,mp-10064,coord_noise_0.010A,coordinate_perturbation,mp-1021503::reference,mp-1021503,reference,0,0,0.001677083084359765
strict,mp-10064::coord_noise_0.010A,mp-10064,coord_noise_0.010A,coordinate_perturbation,mp-1008677::reference,mp-1008677,reference,0,0,8.775002788752317e-05
strict,mp-10064::coord_noise_0.010A,mp-10064,coord_noise_0.010A,coordinate_perturbation,mp-1041565::reference,mp-1041565,reference,0,0,0.00012070802040398121
strict,mp-10064::coord_noise_0.020A,mp-10064,coord_noise_0.020A,coordinate_perturbation,mp-1008374::reference,mp-1008374,reference,0,0,5.0083035603165627e-05
strict,mp-10064::coord_noise_0.020A,mp-10064,coord_noise_0.020A,coordinate_perturbation,mp-1008395::reference,mp-1008395,reference,0,0,4.245806485414505e-05
strict,mp-10064::coord_noise_0.020A,mp-10064,coord_noise_0.020A,coordinate_perturbation,mp-10064::reference,mp-10064,reference,1,1,0.0028062500059604645
strict,mp-10064::coord_noise_0.020A,mp-10064,coord_noise_0.020A,coordinate_perturbation,mp-1021503::reference,mp-1021503,reference,0,0,0.0016089590499177575
strict,mp-10064::coord_noise_0.020A,mp-10064,coord_noise_0.020A,coordinate_perturbation,mp-1008677::reference,mp-1008677,reference,0,0,5.6958990171551704e-05
strict,mp-10064::coord_noise_0.020A,mp-10064,coord_noise_0.020A,coordinate_perturbation,mp-1041565::reference,mp-1041565,reference,0,0,0.00010304094757884741
strict,mp-10064::lattice_noise_0.010,mp-10064,lattice_noise_0.010,lattice_perturbation,mp-1008374::reference,mp-1008374,reference,0,0,4.595797508955002e-05
strict,mp-10064::lattice_noise_0.010,mp-10064,lattice_noise_0.010,lattice_perturbation,mp-1008395::reference,mp-1008395,reference,0,0,5.437503568828106e-05
strict,mp-10064::lattice_noise_0.010,mp-10064,lattice_noise_0.010,lattice_perturbation,mp-10064::reference,mp-10064,reference,1,1,0.0027496248949319124
strict,mp-10064::lattice_noise_0.010,mp-10064,lattice_noise_0.010,lattice_perturbation,mp-1021503::reference,mp-1021503,reference,0,0,0.0015520419692620635
strict,mp-10064::lattice_noise_0.010,mp-10064,lattice_noise_0.010,lattice_perturbation,mp-1008677::reference,mp-1008677,reference,0,0,5.970895290374756e-05
strict,mp-10064::lattice_noise_0.010,mp-10064,lattice_noise_0.010,lattice_perturbation,mp-1041565::reference,mp-1041565,reference,0,0,7.329205982387066e-05
strict,mp-10064::combined_noise_0.020A_0.010,mp-10064,combined_noise_0.020A_0.010,combined_perturbation,mp-1008374::reference,mp-1008374,reference,0,0,7.762503810226917e-05
strict,mp-10064::combined_noise_0.020A_0.010,mp-10064,combined_noise_0.020A_0.010,combined_perturbation,mp-1008395::reference,mp-1008395,reference,0,0,6.025005131959915e-05
strict,mp-10064::combined_noise_0.020A_0.010,mp-10064,combined_noise_0.020A_0.010,combined_perturbation,mp-10064::reference,mp-10064,reference,1,1,0.0028408330399543047
strict,mp-10064::combined_noise_0.020A_0.010,mp-10064,combined_noise_0.020A_0.010,combined_perturbation,mp-1021503::reference,mp-1021503,reference,0,0,0.001538375043310225
strict,mp-10064::combined_noise_0.020A_0.010,mp-10064,combined_noise_0.020A_0.010,combined_perturbation,mp-1008677::reference,mp-1008677,reference,0,0,6.504205521196127e-05
strict,mp-10064::combined_noise_0.020A_0.010,mp-10064,combined_noise_0.020A_0.010,combined_perturbation,mp-1041565::reference,mp-1041565,reference,0,0,7.370789535343647e-05
strict,mp-1021503::conventional_standard,mp-1021503,conventional_standard,equivalent_transform,mp-1008374::reference,mp-1008374,reference,0,0,5.24579081684351e-05
strict,mp-1021503::conventional_standard,mp-1021503,conventional_standard,equivalent_transform,mp-1008395::reference,mp-1008395,reference,0,0,4.958303179591894e-05
strict,mp-1021503::conventional_standard,mp-1021503,conventional_standard,equivalent_transform,mp-10064::reference,mp-10064,reference,0,0,0.0018577500013634562
strict,mp-1021503::conventional_standard,mp-1021503,conventional_standard,equivalent_transform,mp-1021503::reference,mp-1021503,reference,1,1,0.0027579169254750013
strict,mp-1021503::conventional_standard,mp-1021503,conventional_standard,equivalent_transform,mp-1008677::reference,mp-1008677,reference,0,0,7.641699630767107e-05
strict,mp-1021503::conventional_standard,mp-1021503,conventional_standard,equivalent_transform,mp-1041565::reference,mp-1041565,reference,0,0,8.795806206762791e-05
strict,mp-1021503::niggli_reduced,mp-1021503,niggli_reduced,equivalent_transform,mp-1008374::reference,mp-1008374,reference,0,0,9.816605597734451e-05
strict,mp-1021503::niggli_reduced,mp-1021503,niggli_reduced,equivalent_transform,mp-1008395::reference,mp-1008395,reference,0,0,8.016708306968212e-05
strict,mp-1021503::niggli_reduced,mp-1021503,niggli_reduced,equivalent_transform,mp-10064::reference,mp-10064,reference,0,0,0.0012517909053713083
strict,mp-1021503::niggli_reduced,mp-1021503,niggli_reduced,equivalent_transform,mp-1021503::reference,mp-1021503,reference,1,1,0.002238041954115033
strict,mp-1021503::niggli_reduced,mp-1021503,niggli_reduced,equivalent_transform,mp-1008677::reference,mp-1008677,reference,0,0,6.866594776511192e-05
strict,mp-1021503::niggli_reduced,mp-1021503,niggli_reduced,equivalent_transform,mp-1041565::reference,mp-1041565,reference,0,0,0.00010375003330409527
strict,mp-1021503::origin_shifted,mp-1021503,origin_shifted,equivalent_transform,mp-1008374::reference,mp-1008374,reference,0,0,9.804102592170238e-05
strict,mp-1021503::origin_shifted,mp-1021503,origin_shifted,equivalent_transform,mp-1008395::reference,mp-1008395,reference,0,0,8.86659836396575e-05
strict,mp-1021503::origin_shifted,mp-1021503,origin_shifted,equivalent_transform,mp-10064::reference,mp-10064,reference,0,0,0.0020779160549864173
strict,mp-1021503::origin_shifted,mp-1021503,origin_shifted,equivalent_transform,mp-1021503::reference,mp-1021503,reference,1,1,0.0022757499245926738
strict,mp-1021503::origin_shifted,mp-1021503,origin_shifted,equivalent_transform,mp-1008677::reference,mp-1008677,reference,0,0,7.937499321997166e-05
strict,mp-1021503::origin_shifted,mp-1021503,origin_shifted,equivalent_transform,mp-1041565::reference,mp-1041565,reference,0,0,8.02080612629652e-05
strict,mp-1021503::permuted_sites,mp-1021503,permuted_sites,equivalent_transform,mp-1008374::reference,mp-1008374,reference,0,0,5.841709207743406e-05
strict,mp-1021503::permuted_sites,mp-1021503,permuted_sites,equivalent_transform,mp-1008395::reference,mp-1008395,reference,0,0,4.975008778274059e-05
strict,mp-1021503::permuted_sites,mp-1021503,permuted_sites,equivalent_transform,mp-10064::reference,mp-10064,reference,0,0,0.0033577500144019723
strict,mp-1021503::permuted_sites,mp-1021503,permuted_sites,equivalent_transform,mp-1021503::reference,mp-1021503,reference,1,1,0.028886792017146945
strict,mp-1021503::permuted_sites,mp-1021503,permuted_sites,equivalent_transform,mp-1008677::reference,mp-1008677,reference,0,0,8.541601710021496e-05
strict,mp-1021503::permuted_sites,mp-1021503,permuted_sites,equivalent_transform,mp-1041565::reference,mp-1041565,reference,0,0,0.00021420791745185852
strict,mp-1021503::supercell_2x1x1,mp-1021503,supercell_2x1x1,equivalent_transform,mp-1008374::reference,mp-1008374,reference,0,0,9.250000584870577e-05
strict,mp-1021503::supercell_2x1x1,mp-1021503,supercell_2x1x1,equivalent_transform,mp-1008395::reference,mp-1008395,reference,0,0,7.170799653977156e-05
strict,mp-1021503::supercell_2x1x1,mp-1021503,supercell_2x1x1,equivalent_transform,mp-10064::reference,mp-10064,reference,0,0,0.009781374945305288
strict,mp-1021503::supercell_2x1x1,mp-1021503,supercell_2x1x1,equivalent_transform,mp-1021503::reference,mp-1021503,reference,1,1,0.00340358295943588
strict,mp-1021503::supercell_2x1x1,mp-1021503,supercell_2x1x1,equivalent_transform,mp-1008677::reference,mp-1008677,reference,0,0,0.00010337494313716888
strict,mp-1021503::supercell_2x1x1,mp-1021503,supercell_2x1x1,equivalent_transform,mp-1041565::reference,mp-1041565,reference,0,0,0.000106374965980649
strict,mp-1021503::coord_noise_0.010A,mp-1021503,coord_noise_0.010A,coordinate_perturbation,mp-1008374::reference,mp-1008374,reference,0,0,9.02919564396143e-05
strict,mp-1021503::coord_noise_0.010A,mp-1021503,coord_noise_0.010A,coordinate_perturbation,mp-1008395::reference,mp-1008395,reference,0,0,7.187505252659321e-05
strict,mp-1021503::coord_noise_0.010A,mp-1021503,coord_noise_0.010A,coordinate_perturbation,mp-10064::reference,mp-10064,reference,0,0,0.00245741696562618
strict,mp-1021503::coord_noise_0.010A,mp-1021503,coord_noise_0.010A,coordinate_perturbation,mp-1021503::reference,mp-1021503,reference,1,1,0.0023200419964268804
strict,mp-1021503::coord_noise_0.010A,mp-1021503,coord_noise_0.010A,coordinate_perturbation,mp-1008677::reference,mp-1008677,reference,0,0,7.945799734443426e-05
strict,mp-1021503::coord_noise_0.010A,mp-1021503,coord_noise_0.010A,coordinate_perturbation,mp-1041565::reference,mp-1041565,reference,0,0,7.929094135761261e-05
strict,mp-1021503::coord_noise_0.020A,mp-1021503,coord_noise_0.020A,coordinate_perturbation,mp-1008374::reference,mp-1008374,reference,0,0,5.808298010379076e-05
strict,mp-1021503::coord_noise_0.020A,mp-1021503,coord_noise_0.020A,coordinate_perturbation,mp-1008395::reference,mp-1008395,reference,0,0,5.000003147870302e-05
strict,mp-1021503::coord_noise_0.020A,mp-1021503,coord_noise_0.020A,coordinate_perturbation,mp-10064::reference,mp-10064,reference,0,0,0.002686917083337903
strict,mp-1021503::coord_noise_0.020A,mp-1021503,coord_noise_0.020A,coordinate_perturbation,mp-1021503::reference,mp-1021503,reference,1,1,0.002457208000123501
strict,mp-1021503::coord_noise_0.020A,mp-1021503,coord_noise_0.020A,coordinate_perturbation,mp-1008677::reference,mp-1008677,reference,0,0,8.795806206762791e-05
strict,mp-1021503::coord_noise_0.020A,mp-1021503,coord_noise_0.020A,coordinate_perturbation,mp-1041565::reference,mp-1041565,reference,0,0,9.833404328674078e-05
strict,mp-1021503::lattice_noise_0.010,mp-1021503,lattice_noise_0.010,lattice_perturbation,mp-1008374::reference,mp-1008374,reference,0,0,7.200008258223534e-05
strict,mp-1021503::lattice_noise_0.010,mp-1021503,lattice_noise_0.010,lattice_perturbation,mp-1008395::reference,mp-1008395,reference,0,0,4.666694439947605e-05
strict,mp-1021503::lattice_noise_0.010,mp-1021503,lattice_noise_0.010,lattice_perturbation,mp-10064::reference,mp-10064,reference,0,0,0.0028097080066800117
strict,mp-1021503::lattice_noise_0.010,mp-1021503,lattice_noise_0.010,lattice_perturbation,mp-1021503::reference,mp-1021503,reference,1,1,0.0026474579935893416
strict,mp-1021503::lattice_noise_0.010,mp-1021503,lattice_noise_0.010,lattice_perturbation,mp-1008677::reference,mp-1008677,reference,0,0,0.0002459170063957572
strict,mp-1021503::lattice_noise_0.010,mp-1021503,lattice_noise_0.010,lattice_perturbation,mp-1041565::reference,mp-1041565,reference,0,0,0.0010264999000355601
strict,mp-1021503::combined_noise_0.020A_0.010,mp-1021503,combined_noise_0.020A_0.010,combined_perturbation,mp-1008374::reference,mp-1008374,reference,0,0,5.9916055761277676e-05
strict,mp-1021503::combined_noise_0.020A_0.010,mp-1021503,combined_noise_0.020A_0.010,combined_perturbation,mp-1008395::reference,mp-1008395,reference,0,0,4.8791058361530304e-05
strict,mp-1021503::combined_noise_0.020A_0.010,mp-1021503,combined_noise_0.020A_0.010,combined_perturbation,mp-10064::reference,mp-10064,reference,0,0,0.002430084045045078
strict,mp-1021503::combined_noise_0.020A_0.010,mp-1021503,combined_noise_0.020A_0.010,combined_perturbation,mp-1021503::reference,mp-1021503,reference,1,1,0.0023515409557148814
strict,mp-1021503::combined_noise_0.020A_0.010,mp-1021503,combined_noise_0.020A_0.010,combined_perturbation,mp-1008677::reference,mp-1008677,reference,0,0,7.116596680134535e-05
strict,mp-1021503::combined_noise_0.020A_0.010,mp-1021503,combined_noise_0.020A_0.010,combined_perturbation,mp-1041565::reference,mp-1041565,reference,0,0,7.941701915115118e-05
strict,mp-1008677::conventional_standard,mp-1008677,conventional_standard,equivalent_transform,mp-1008374::reference,mp-1008374,reference,0,0,7.216702215373516e-05
strict,mp-1008677::conventional_standard,mp-1008677,conventional_standard,equivalent_transform,mp-1008395::reference,mp-1008395,reference,0,0,9.570794645696878e-05
strict,mp-1008677::conventional_standard,mp-1008677,conventional_standard,equivalent_transform,mp-10064::reference,mp-10064,reference,0,0,9.450002107769251e-05
strict,mp-1008677::conventional_standard,mp-1008677,conventional_standard,equivalent_transform,mp-1021503::reference,mp-1021503,reference,0,0,8.104101289063692e-05
strict,mp-1008677::conventional_standard,mp-1008677,conventional_standard,equivalent_transform,mp-1008677::reference,mp-1008677,reference,1,1,0.004695083014667034
strict,mp-1008677::conventional_standard,mp-1008677,conventional_standard,equivalent_transform,mp-1041565::reference,mp-1041565,reference,0,0,0.004885499947704375
strict,mp-1008677::niggli_reduced,mp-1008677,niggli_reduced,equivalent_transform,mp-1008374::reference,mp-1008374,reference,0,0,5.6916032917797565e-05
strict,mp-1008677::niggli_reduced,mp-1008677,niggli_reduced,equivalent_transform,mp-1008395::reference,mp-1008395,reference,0,0,5.104194860905409e-05
strict,mp-1008677::niggli_reduced,mp-1008677,niggli_reduced,equivalent_transform,mp-10064::reference,mp-10064,reference,0,0,4.299997817724943e-05
strict,mp-1008677::niggli_reduced,mp-1008677,niggli_reduced,equivalent_transform,mp-1021503::reference,mp-1021503,reference,0,0,5.104194860905409e-05
strict,mp-1008677::niggli_reduced,mp-1008677,niggli_reduced,equivalent_transform,mp-1008677::reference,mp-1008677,reference,1,1,0.0018092909594997764
strict,mp-1008677::niggli_reduced,mp-1008677,niggli_reduced,equivalent_transform,mp-1041565::reference,mp-1041565,reference,0,0,0.002563333953730762
strict,mp-1008677::origin_shifted,mp-1008677,origin_shifted,equivalent_transform,mp-1008374::reference,mp-1008374,reference,0,0,6.033293902873993e-05
strict,mp-1008677::origin_shifted,mp-1008677,origin_shifted,equivalent_transform,mp-1008395::reference,mp-1008395,reference,0,0,4.26670303568244e-05
strict,mp-1008677::origin_shifted,mp-1008677,origin_shifted,equivalent_transform,mp-10064::reference,mp-10064,reference,0,0,4.2665982618927956e-05
strict,mp-1008677::origin_shifted,mp-1008677,origin_shifted,equivalent_transform,mp-1021503::reference,mp-1021503,reference,0,0,6.750004831701517e-05
strict,mp-1008677::origin_shifted,mp-1008677,origin_shifted,equivalent_transform,mp-1008677::reference,mp-1008677,reference,1,1,0.002079457975924015
strict,mp-1008677::origin_shifted,mp-1008677,origin_shifted,equivalent_transform,mp-1041565::reference,mp-1041565,reference,0,0,0.002417874988168478
strict,mp-1008677::permuted_sites,mp-1008677,permuted_sites,equivalent_transform,mp-1008374::reference,mp-1008374,reference,0,0,7.13749323040247e-05
strict,mp-1008677::permuted_sites,mp-1008677,permuted_sites,equivalent_transform,mp-1008395::reference,mp-1008395,reference,0,0,6.708304863423109e-05
strict,mp-1008677::permuted_sites,mp-1008677,permuted_sites,equivalent_transform,mp-10064::reference,mp-10064,reference,0,0,4.4082989916205406e-05
strict,mp-1008677::permuted_sites,mp-1008677,permuted_sites,equivalent_transform,mp-1021503::reference,mp-1021503,reference,0,0,5.104194860905409e-05
strict,mp-1008677::permuted_sites,mp-1008677,permuted_sites,equivalent_transform,mp-1008677::reference,mp-1008677,reference,1,1,0.0027372919721528888
strict,mp-1008677::permuted_sites,mp-1008677,permuted_sites,equivalent_transform,mp-1041565::reference,mp-1041565,reference,0,0,0.002816291991621256
strict,mp-1008677::supercell_2x1x1,mp-1008677,supercell_2x1x1,equivalent_transform,mp-1008374::reference,mp-1008374,reference,0,0,7.366703357547522e-05
strict,mp-1008677::supercell_2x1x1,mp-1008677,supercell_2x1x1,equivalent_transform,mp-1008395::reference,mp-1008395,reference,0,0,8.345895912498236e-05
strict,mp-1008677::supercell_2x1x1,mp-1008677,supercell_2x1x1,equivalent_transform,mp-10064::reference,mp-10064,reference,0,0,5.6165968999266624e-05
strict,mp-1008677::supercell_2x1x1,mp-1008677,supercell_2x1x1,equivalent_transform,mp-1021503::reference,mp-1021503,reference,0,0,8.270901162177324e-05
strict,mp-1008677::supercell_2x1x1,mp-1008677,supercell_2x1x1,equivalent_transform,mp-1008677::reference,mp-1008677,reference,1,1,0.003228916903026402
strict,mp-1008677::supercell_2x1x1,mp-1008677,supercell_2x1x1,equivalent_transform,mp-1041565::reference,mp-1041565,reference,0,0,0.002860166016034782
strict,mp-1008677::coord_noise_0.010A,mp-1008677,coord_noise_0.010A,coordinate_perturbation,mp-1008374::reference,mp-1008374,reference,0,0,5.833292379975319e-05
strict,mp-1008677::coord_noise_0.010A,mp-1008677,coord_noise_0.010A,coordinate_perturbation,mp-1008395::reference,mp-1008395,reference,0,0,4.3291947804391384e-05
strict,mp-1008677::coord_noise_0.010A,mp-1008677,coord_noise_0.010A,coordinate_perturbation,mp-10064::reference,mp-10064,reference,0,0,7.929105777293444e-05
strict,mp-1008677::coord_noise_0.010A,mp-1008677,coord_noise_0.010A,coordinate_perturbation,mp-1021503::reference,mp-1021503,reference,0,0,5.425000563263893e-05
strict,mp-1008677::coord_noise_0.010A,mp-1008677,coord_noise_0.010A,coordinate_perturbation,mp-1008677::reference,mp-1008677,reference,1,1,0.0025695000076666474
strict,mp-1008677::coord_noise_0.010A,mp-1008677,coord_noise_0.010A,coordinate_perturbation,mp-1041565::reference,mp-1041565,reference,0,0,0.0027152919210493565
strict,mp-1008677::coord_noise_0.020A,mp-1008677,coord_noise_0.020A,coordinate_perturbation,mp-1008374::reference,mp-1008374,reference,0,0,7.12500186637044e-05
strict,mp-1008677::coord_noise_0.020A,mp-1008677,coord_noise_0.020A,coordinate_perturbation,mp-1008395::reference,mp-1008395,reference,0,0,4.3791020289063454e-05
strict,mp-1008677::coord_noise_0.020A,mp-1008677,coord_noise_0.020A,coordinate_perturbation,mp-10064::reference,mp-10064,reference,0,0,4.2665982618927956e-05
strict,mp-1008677::coord_noise_0.020A,mp-1008677,coord_noise_0.020A,coordinate_perturbation,mp-1021503::reference,mp-1021503,reference,0,0,5.320797208696604e-05
strict,mp-1008677::coord_noise_0.020A,mp-1008677,coord_noise_0.020A,coordinate_perturbation,mp-1008677::reference,mp-1008677,reference,1,1,0.0026527910958975554
strict,mp-1008677::coord_noise_0.020A,mp-1008677,coord_noise_0.020A,coordinate_perturbation,mp-1041565::reference,mp-1041565,reference,0,0,0.002767333062365651
strict,mp-1008677::lattice_noise_0.010,mp-1008677,lattice_noise_0.010,lattice_perturbation,mp-1008374::reference,mp-1008374,reference,0,0,7.720908615738153e-05
strict,mp-1008677::lattice_noise_0.010,mp-1008677,lattice_noise_0.010,lattice_perturbation,mp-1008395::reference,mp-1008395,reference,0,0,4.7083012759685516e-05
strict,mp-1008677::lattice_noise_0.010,mp-1008677,lattice_noise_0.010,lattice_perturbation,mp-10064::reference,mp-10064,reference,0,0,8.966599125415087e-05
strict,mp-1008677::lattice_noise_0.010,mp-1008677,lattice_noise_0.010,lattice_perturbation,mp-1021503::reference,mp-1021503,reference,0,0,7.77500681579113e-05
strict,mp-1008677::lattice_noise_0.010,mp-1008677,lattice_noise_0.010,lattice_perturbation,mp-1008677::reference,mp-1008677,reference,1,1,0.002545457915402949
strict,mp-1008677::lattice_noise_0.010,mp-1008677,lattice_noise_0.010,lattice_perturbation,mp-1041565::reference,mp-1041565,reference,0,0,0.0028212079778313637
strict,mp-1008677::combined_noise_0.020A_0.010,mp-1008677,combined_noise_0.020A_0.010,combined_perturbation,mp-1008374::reference,mp-1008374,reference,0,0,7.166701834648848e-05
strict,mp-1008677::combined_noise_0.020A_0.010,mp-1008677,combined_noise_0.020A_0.010,combined_perturbation,mp-1008395::reference,mp-1008395,reference,0,0,7.683294825255871e-05
strict,mp-1008677::combined_noise_0.020A_0.010,mp-1008677,combined_noise_0.020A_0.010,combined_perturbation,mp-10064::reference,mp-10064,reference,0,0,7.333396933972836e-05
strict,mp-1008677::combined_noise_0.020A_0.010,mp-1008677,combined_noise_0.020A_0.010,combined_perturbation,mp-1021503::reference,mp-1021503,reference,0,0,7.241708226501942e-05
strict,mp-1008677::combined_noise_0.020A_0.010,mp-1008677,combined_noise_0.020A_0.010,combined_perturbation,mp-1008677::reference,mp-1008677,reference,1,1,0.0026070409221574664
strict,mp-1008677::combined_noise_0.020A_0.010,mp-1008677,combined_noise_0.020A_0.010,combined_perturbation,mp-1041565::reference,mp-1041565,reference,0,0,0.002803000039421022
strict,mp-1041565::conventional_standard,mp-1041565,conventional_standard,equivalent_transform,mp-1008374::reference,mp-1008374,reference,0,0,0.00012804195284843445
strict,mp-1041565::conventional_standard,mp-1041565,conventional_standard,equivalent_transform,mp-1008395::reference,mp-1008395,reference,0,0,0.00017120805568993092
strict,mp-1041565::conventional_standard,mp-1041565,conventional_standard,equivalent_transform,mp-10064::reference,mp-10064,reference,0,0,0.00015237496700137854
strict,mp-1041565::conventional_standard,mp-1041565,conventional_standard,equivalent_transform,mp-1021503::reference,mp-1021503,reference,0,0,0.00012733403127640486
strict,mp-1041565::conventional_standard,mp-1041565,conventional_standard,equivalent_transform,mp-1008677::reference,mp-1008677,reference,0,0,0.005111958016641438
strict,mp-1041565::conventional_standard,mp-1041565,conventional_standard,equivalent_transform,mp-1041565::reference,mp-1041565,reference,1,1,0.008460917044430971
strict,mp-1041565::niggli_reduced,mp-1041565,niggli_reduced,equivalent_transform,mp-1008374::reference,mp-1008374,reference,0,0,0.00012033397797495127
strict,mp-1041565::niggli_reduced,mp-1041565,niggli_reduced,equivalent_transform,mp-1008395::reference,mp-1008395,reference,0,0,0.00012491701636463404
strict,mp-1041565::niggli_reduced,mp-1041565,niggli_reduced,equivalent_transform,mp-10064::reference,mp-10064,reference,0,0,0.00011020794045180082
strict,mp-1041565::niggli_reduced,mp-1041565,niggli_reduced,equivalent_transform,mp-1021503::reference,mp-1021503,reference,0,0,9.237509220838547e-05
strict,mp-1041565::niggli_reduced,mp-1041565,niggli_reduced,equivalent_transform,mp-1008677::reference,mp-1008677,reference,0,0,0.003687500022351742
strict,mp-1041565::niggli_reduced,mp-1041565,niggli_reduced,equivalent_transform,mp-1041565::reference,mp-1041565,reference,1,1,0.004439458018168807
strict,mp-1041565::origin_shifted,mp-1041565,origin_shifted,equivalent_transform,mp-1008374::reference,mp-1008374,reference,0,0,9.333400521427393e-05
strict,mp-1041565::origin_shifted,mp-1041565,origin_shifted,equivalent_transform,mp-1008395::reference,mp-1008395,reference,0,0,7.045897655189037e-05
strict,mp-1041565::origin_shifted,mp-1041565,origin_shifted,equivalent_transform,mp-10064::reference,mp-10064,reference,0,0,9.583402425050735e-05
strict,mp-1041565::origin_shifted,mp-1041565,origin_shifted,equivalent_transform,mp-1021503::reference,mp-1021503,reference,0,0,0.00012629199773073196
strict,mp-1041565::origin_shifted,mp-1041565,origin_shifted,equivalent_transform,mp-1008677::reference,mp-1008677,reference,0,0,0.004058583057485521
strict,mp-1041565::origin_shifted,mp-1041565,origin_shifted,equivalent_transform,mp-1041565::reference,mp-1041565,reference,1,1,0.03121808299329132
strict,mp-1041565::permuted_sites,mp-1041565,permuted_sites,equivalent_transform,mp-1008374::reference,mp-1008374,reference,0,0,0.00012029206845909357
strict,mp-1041565::permuted_sites,mp-1041565,permuted_sites,equivalent_transform,mp-1008395::reference,mp-1008395,reference,0,0,7.387495134025812e-05
strict,mp-1041565::permuted_sites,mp-1041565,permuted_sites,equivalent_transform,mp-10064::reference,mp-10064,reference,0,0,7.591594476252794e-05
strict,mp-1041565::permuted_sites,mp-1041565,permuted_sites,equivalent_transform,mp-1021503::reference,mp-1021503,reference,0,0,9.225006215274334e-05
strict,mp-1041565::permuted_sites,mp-1041565,permuted_sites,equivalent_transform,mp-1008677::reference,mp-1008677,reference,0,0,0.016058625071309507
strict,mp-1041565::permuted_sites,mp-1041565,permuted_sites,equivalent_transform,mp-1041565::reference,mp-1041565,reference,1,1,0.005998457898385823
strict,mp-1041565::supercell_2x1x1,mp-1041565,supercell_2x1x1,equivalent_transform,mp-1008374::reference,mp-1008374,reference,0,0,0.00012658396735787392
strict,mp-1041565::supercell_2x1x1,mp-1041565,supercell_2x1x1,equivalent_transform,mp-1008395::reference,mp-1008395,reference,0,0,0.0001152500044554472
strict,mp-1041565::supercell_2x1x1,mp-1041565,supercell_2x1x1,equivalent_transform,mp-10064::reference,mp-10064,reference,0,0,0.0001598750241100788
strict,mp-1041565::supercell_2x1x1,mp-1041565,supercell_2x1x1,equivalent_transform,mp-1021503::reference,mp-1021503,reference,0,0,0.00012024992611259222
strict,mp-1041565::supercell_2x1x1,mp-1041565,supercell_2x1x1,equivalent_transform,mp-1008677::reference,mp-1008677,reference,0,0,0.00554141600150615
strict,mp-1041565::supercell_2x1x1,mp-1041565,supercell_2x1x1,equivalent_transform,mp-1041565::reference,mp-1041565,reference,1,1,0.009016291005536914
strict,mp-1041565::coord_noise_0.010A,mp-1041565,coord_noise_0.010A,coordinate_perturbation,mp-1008374::reference,mp-1008374,reference,0,0,0.00010108400601893663
strict,mp-1041565::coord_noise_0.010A,mp-1041565,coord_noise_0.010A,coordinate_perturbation,mp-1008395::reference,mp-1008395,reference,0,0,7.262500002980232e-05
strict,mp-1041565::coord_noise_0.010A,mp-1041565,coord_noise_0.010A,coordinate_perturbation,mp-10064::reference,mp-10064,reference,0,0,6.970798131078482e-05
strict,mp-1041565::coord_noise_0.010A,mp-1041565,coord_noise_0.010A,coordinate_perturbation,mp-1021503::reference,mp-1021503,reference,0,0,7.737497799098492e-05
strict,mp-1041565::coord_noise_0.010A,mp-1041565,coord_noise_0.010A,coordinate_perturbation,mp-1008677::reference,mp-1008677,reference,0,0,0.005141375004313886
strict,mp-1041565::coord_noise_0.010A,mp-1041565,coord_noise_0.010A,coordinate_perturbation,mp-1041565::reference,mp-1041565,reference,1,1,0.004937999998219311
strict,mp-1041565::coord_noise_0.020A,mp-1041565,coord_noise_0.020A,coordinate_perturbation,mp-1008374::reference,mp-1008374,reference,0,0,0.0001216670498251915
strict,mp-1041565::coord_noise_0.020A,mp-1041565,coord_noise_0.020A,coordinate_perturbation,mp-1008395::reference,mp-1008395,reference,0,0,8.962501306086779e-05
strict,mp-1041565::coord_noise_0.020A,mp-1041565,coord_noise_0.020A,coordinate_perturbation,mp-10064::reference,mp-10064,reference,0,0,9.708292782306671e-05
strict,mp-1041565::coord_noise_0.020A,mp-1041565,coord_noise_0.020A,coordinate_perturbation,mp-1021503::reference,mp-1021503,reference,0,0,8.124997839331627e-05
strict,mp-1041565::coord_noise_0.020A,mp-1041565,coord_noise_0.020A,coordinate_perturbation,mp-1008677::reference,mp-1008677,reference,0,0,0.00548591697588563
strict,mp-1041565::coord_noise_0.020A,mp-1041565,coord_noise_0.020A,coordinate_perturbation,mp-1041565::reference,mp-1041565,reference,1,1,0.005403124960139394
strict,mp-1041565::lattice_noise_0.010,mp-1041565,lattice_noise_0.010,lattice_perturbation,mp-1008374::reference,mp-1008374,reference,0,0,0.00014054100029170513
strict,mp-1041565::lattice_noise_0.010,mp-1041565,lattice_noise_0.010,lattice_perturbation,mp-1008395::reference,mp-1008395,reference,0,0,0.00015695905312895775
strict,mp-1041565::lattice_noise_0.010,mp-1041565,lattice_noise_0.010,lattice_perturbation,mp-10064::reference,mp-10064,reference,0,0,0.00013583293184638023
strict,mp-1041565::lattice_noise_0.010,mp-1041565,lattice_noise_0.010,lattice_perturbation,mp-1021503::reference,mp-1021503,reference,0,0,8.954200893640518e-05
strict,mp-1041565::lattice_noise_0.010,mp-1041565,lattice_noise_0.010,lattice_perturbation,mp-1008677::reference,mp-1008677,reference,0,0,0.004397582961246371
strict,mp-1041565::lattice_noise_0.010,mp-1041565,lattice_noise_0.010,lattice_perturbation,mp-1041565::reference,mp-1041565,reference,1,1,0.00508145906496793
strict,mp-1041565::combined_noise_0.020A_0.010,mp-1041565,combined_noise_0.020A_0.010,combined_perturbation,mp-1008374::reference,mp-1008374,reference,0,0,9.891693480312824e-05
strict,mp-1041565::combined_noise_0.020A_0.010,mp-1041565,combined_noise_0.020A_0.010,combined_perturbation,mp-1008395::reference,mp-1008395,reference,0,0,7.208297029137611e-05
strict,mp-1041565::combined_noise_0.020A_0.010,mp-1041565,combined_noise_0.020A_0.010,combined_perturbation,mp-10064::reference,mp-10064,reference,0,0,9.937502909451723e-05
strict,mp-1041565::combined_noise_0.020A_0.010,mp-1041565,combined_noise_0.020A_0.010,combined_perturbation,mp-1021503::reference,mp-1021503,reference,0,0,0.00011795794125646353
strict,mp-1041565::combined_noise_0.020A_0.010,mp-1041565,combined_noise_0.020A_0.010,combined_perturbation,mp-1008677::reference,mp-1008677,reference,0,0,0.004171582986600697
strict,mp-1041565::combined_noise_0.020A_0.010,mp-1041565,combined_noise_0.020A_0.010,combined_perturbation,mp-1041565::reference,mp-1041565,reference,1,1,0.005692666978575289
medium,mp-1008374::conventional_standard,mp-1008374,conventional_standard,equivalent_transform,mp-1008374::reference,mp-1008374,reference,1,1,0.002609916962683201
medium,mp-1008374::conventional_standard,mp-1008374,conventional_standard,equivalent_transform,mp-1008395::reference,mp-1008395,reference,0,0,0.002263540984131396
medium,mp-1008374::conventional_standard,mp-1008374,conventional_standard,equivalent_transform,mp-10064::reference,mp-10064,reference,0,0,8.575001265853643e-05
medium,mp-1008374::conventional_standard,mp-1008374,conventional_standard,equivalent_transform,mp-1021503::reference,mp-1021503,reference,0,0,6.654101889580488e-05
medium,mp-1008374::conventional_standard,mp-1008374,conventional_standard,equivalent_transform,mp-1008677::reference,mp-1008677,reference,0,0,5.2958959713578224e-05
medium,mp-1008374::conventional_standard,mp-1008374,conventional_standard,equivalent_transform,mp-1041565::reference,mp-1041565,reference,0,0,7.945799734443426e-05
medium,mp-1008374::niggli_reduced,mp-1008374,niggli_reduced,equivalent_transform,mp-1008374::reference,mp-1008374,reference,1,1,0.0018784579588100314
medium,mp-1008374::niggli_reduced,mp-1008374,niggli_reduced,equivalent_transform,mp-1008395::reference,mp-1008395,reference,0,0,0.0014583750162273645
medium,mp-1008374::niggli_reduced,mp-1008374,niggli_reduced,equivalent_transform,mp-10064::reference,mp-10064,reference,0,0,6.233400199562311e-05
medium,mp-1008374::niggli_reduced,mp-1008374,niggli_reduced,equivalent_transform,mp-1021503::reference,mp-1021503,reference,0,0,5.8125006034970284e-05
medium,mp-1008374::niggli_reduced,mp-1008374,niggli_reduced,equivalent_transform,mp-1008677::reference,mp-1008677,reference,0,0,4.079192876815796e-05
medium,mp-1008374::niggli_reduced,mp-1008374,niggli_reduced,equivalent_transform,mp-1041565::reference,mp-1041565,reference,0,0,9.062502067536116e-05
medium,mp-1008374::origin_shifted,mp-1008374,origin_shifted,equivalent_transform,mp-1008374::reference,mp-1008374,reference,1,1,0.0020405000541359186
medium,mp-1008374::origin_shifted,mp-1008374,origin_shifted,equivalent_transform,mp-1008395::reference,mp-1008395,reference,0,0,0.0014430830487981439
medium,mp-1008374::origin_shifted,mp-1008374,origin_shifted,equivalent_transform,mp-10064::reference,mp-10064,reference,0,0,5.779205821454525e-05
medium,mp-1008374::origin_shifted,mp-1008374,origin_shifted,equivalent_transform,mp-1021503::reference,mp-1021503,reference,0,0,0.00010183395352214575
medium,mp-1008374::origin_shifted,mp-1008374,origin_shifted,equivalent_transform,mp-1008677::reference,mp-1008677,reference,0,0,4.4749933294951916e-05
medium,mp-1008374::origin_shifted,mp-1008374,origin_shifted,equivalent_transform,mp-1041565::reference,mp-1041565,reference,0,0,0.0002131670480594039
medium,mp-1008374::permuted_sites,mp-1008374,permuted_sites,equivalent_transform,mp-1008374::reference,mp-1008374,reference,1,1,0.0028332920046523213
medium,mp-1008374::permuted_sites,mp-1008374,permuted_sites,equivalent_transform,mp-1008395::reference,mp-1008395,reference,0,0,0.0017810419667512178
medium,mp-1008374::permuted_sites,mp-1008374,permuted_sites,equivalent_transform,mp-10064::reference,mp-10064,reference,0,0,6.508396472781897e-05
medium,mp-1008374::permuted_sites,mp-1008374,permuted_sites,equivalent_transform,mp-1021503::reference,mp-1021503,reference,0,0,5.541706923395395e-05
medium,mp-1008374::permuted_sites,mp-1008374,permuted_sites,equivalent_transform,mp-1008677::reference,mp-1008677,reference,0,0,4.1375053115189075e-05
medium,mp-1008374::permuted_sites,mp-1008374,permuted_sites,equivalent_transform,mp-1041565::reference,mp-1041565,reference,0,0,6.841693539172411e-05
medium,mp-1008374::supercell_2x1x1,mp-1008374,supercell_2x1x1,equivalent_transform,mp-1008374::reference,mp-1008374,reference,1,1,0.002607625094242394
medium,mp-1008374::supercell_2x1x1,mp-1008374,supercell_2x1x1,equivalent_transform,mp-1008395::reference,mp-1008395,reference,0,0,0.002138708019629121
medium,mp-1008374::supercell_2x1x1,mp-1008374,supercell_2x1x1,equivalent_transform,mp-10064::reference,mp-10064,reference,0,0,6.824999582022429e-05
medium,mp-1008374::supercell_2x1x1,mp-1008374,supercell_2x1x1,equivalent_transform,mp-1021503::reference,mp-1021503,reference,0,0,0.00010158296208828688
medium,mp-1008374::supercell_2x1x1,mp-1008374,supercell_2x1x1,equivalent_transform,mp-1008677::reference,mp-1008677,reference,0,0,7.212499622255564e-05
medium,mp-1008374::supercell_2x1x1,mp-1008374,supercell_2x1x1,equivalent_transform,mp-1041565::reference,mp-1041565,reference,0,0,8.066697046160698e-05
medium,mp-1008374::coord_noise_0.010A,mp-1008374,coord_noise_0.010A,coordinate_perturbation,mp-1008374::reference,mp-1008374,reference,1,1,0.0022567909909412265
medium,mp-1008374::coord_noise_0.010A,mp-1008374,coord_noise_0.010A,coordinate_perturbation,mp-1008395::reference,mp-1008395,reference,0,0,0.0027680840576067567
medium,mp-1008374::coord_noise_0.010A,mp-1008374,coord_noise_0.010A,coordinate_perturbation,mp-10064::reference,mp-10064,reference,0,0,6.858294364064932e-05
medium,mp-1008374::coord_noise_0.010A,mp-1008374,coord_noise_0.010A,coordinate_perturbation,mp-1021503::reference,mp-1021503,reference,0,0,7.516704499721527e-05
medium,mp-1008374::coord_noise_0.010A,mp-1008374,coord_noise_0.010A,coordinate_perturbation,mp-1008677::reference,mp-1008677,reference,0,0,4.420895129442215e-05
medium,mp-1008374::coord_noise_0.010A,mp-1008374,coord_noise_0.010A,coordinate_perturbation,mp-1041565::reference,mp-1041565,reference,0,0,6.979203317314386e-05
medium,mp-1008374::coord_noise_0.020A,mp-1008374,coord_noise_0.020A,coordinate_perturbation,mp-1008374::reference,mp-1008374,reference,1,1,0.002913957927376032
medium,mp-1008374::coord_noise_0.020A,mp-1008374,coord_noise_0.020A,coordinate_perturbation,mp-1008395::reference,mp-1008395,reference,0,0,0.0019764580065384507
medium,mp-1008374::coord_noise_0.020A,mp-1008374,coord_noise_0.020A,coordinate_perturbation,mp-10064::reference,mp-10064,reference,0,0,6.541598122566938e-05
medium,mp-1008374::coord_noise_0.020A,mp-1008374,coord_noise_0.020A,coordinate_perturbation,mp-1021503::reference,mp-1021503,reference,0,0,5.283404607325792e-05
medium,mp-1008374::coord_noise_0.020A,mp-1008374,coord_noise_0.020A,coordinate_perturbation,mp-1008677::reference,mp-1008677,reference,0,0,4.199997056275606e-05
medium,mp-1008374::coord_noise_0.020A,mp-1008374,coord_noise_0.020A,coordinate_perturbation,mp-1041565::reference,mp-1041565,reference,0,0,7.274991367012262e-05
medium,mp-1008374::lattice_noise_0.010,mp-1008374,lattice_noise_0.010,lattice_perturbation,mp-1008374::reference,mp-1008374,reference,1,1,0.002025916939601302
medium,mp-1008374::lattice_noise_0.010,mp-1008374,lattice_noise_0.010,lattice_perturbation,mp-1008395::reference,mp-1008395,reference,0,0,0.0015627079410478473
medium,mp-1008374::lattice_noise_0.010,mp-1008374,lattice_noise_0.010,lattice_perturbation,mp-10064::reference,mp-10064,reference,0,0,5.7833967730402946e-05
medium,mp-1008374::lattice_noise_0.010,mp-1008374,lattice_noise_0.010,lattice_perturbation,mp-1021503::reference,mp-1021503,reference,0,0,5.262496415525675e-05
medium,mp-1008374::lattice_noise_0.010,mp-1008374,lattice_noise_0.010,lattice_perturbation,mp-1008677::reference,mp-1008677,reference,0,0,4.1874940507113934e-05
medium,mp-1008374::lattice_noise_0.010,mp-1008374,lattice_noise_0.010,lattice_perturbation,mp-1041565::reference,mp-1041565,reference,0,0,6.808398757129908e-05
medium,mp-1008374::combined_noise_0.020A_0.010,mp-1008374,combined_noise_0.020A_0.010,combined_perturbation,mp-1008374::reference,mp-1008374,reference,1,1,0.0019372499082237482
medium,mp-1008374::combined_noise_0.020A_0.010,mp-1008374,combined_noise_0.020A_0.010,combined_perturbation,mp-1008395::reference,mp-1008395,reference,0,0,0.0015450420323759317
medium,mp-1008374::combined_noise_0.020A_0.010,mp-1008374,combined_noise_0.020A_0.010,combined_perturbation,mp-10064::reference,mp-10064,reference,0,0,6.104202475398779e-05
medium,mp-1008374::combined_noise_0.020A_0.010,mp-1008374,combined_noise_0.020A_0.010,combined_perturbation,mp-1021503::reference,mp-1021503,reference,0,0,8.233403787016869e-05
medium,mp-1008374::combined_noise_0.020A_0.010,mp-1008374,combined_noise_0.020A_0.010,combined_perturbation,mp-1008677::reference,mp-1008677,reference,0,0,4.704098682850599e-05
medium,mp-1008374::combined_noise_0.020A_0.010,mp-1008374,combined_noise_0.020A_0.010,combined_perturbation,mp-1041565::reference,mp-1041565,reference,0,0,6.916699931025505e-05
medium,mp-1008395::conventional_standard,mp-1008395,conventional_standard,equivalent_transform,mp-1008374::reference,mp-1008374,reference,0,0,0.014431791962124407
medium,mp-1008395::conventional_standard,mp-1008395,conventional_standard,equivalent_transform,mp-1008395::reference,mp-1008395,reference,1,1,0.0030599170131608844
medium,mp-1008395::conventional_standard,mp-1008395,conventional_standard,equivalent_transform,mp-10064::reference,mp-10064,reference,0,0,7.529091089963913e-05
medium,mp-1008395::conventional_standard,mp-1008395,conventional_standard,equivalent_transform,mp-1021503::reference,mp-1021503,reference,0,0,6.53339084237814e-05
medium,mp-1008395::conventional_standard,mp-1008395,conventional_standard,equivalent_transform,mp-1008677::reference,mp-1008677,reference,0,0,5.4458039812743664e-05
medium,mp-1008395::conventional_standard,mp-1008395,conventional_standard,equivalent_transform,mp-1041565::reference,mp-1041565,reference,0,0,7.987499702721834e-05
medium,mp-1008395::niggli_reduced,mp-1008395,niggli_reduced,equivalent_transform,mp-1008374::reference,mp-1008374,reference,0,0,0.0012667080154642463
medium,mp-1008395::niggli_reduced,mp-1008395,niggli_reduced,equivalent_transform,mp-1008395::reference,mp-1008395,reference,1,1,0.0015748749719932675
medium,mp-1008395::niggli_reduced,mp-1008395,niggli_reduced,equivalent_transform,mp-10064::reference,mp-10064,reference,0,0,0.008987292065285146
medium,mp-1008395::niggli_reduced,mp-1008395,niggli_reduced,equivalent_transform,mp-1021503::reference,mp-1021503,reference,0,0,0.00015108298975974321
medium,mp-1008395::niggli_reduced,mp-1008395,niggli_reduced,equivalent_transform,mp-1008677::reference,mp-1008677,reference,0,0,5.058303941041231e-05
medium,mp-1008395::niggli_reduced,mp-1008395,niggli_reduced,equivalent_transform,mp-1041565::reference,mp-1041565,reference,0,0,7.620803080499172e-05
medium,mp-1008395::origin_shifted,mp-1008395,origin_shifted,equivalent_transform,mp-1008374::reference,mp-1008374,reference,0,0,0.0016750829527154565
medium,mp-1008395::origin_shifted,mp-1008395,origin_shifted,equivalent_transform,mp-1008395::reference,mp-1008395,reference,1,1,0.002114832983352244
medium,mp-1008395::origin_shifted,mp-1008395,origin_shifted,equivalent_transform,mp-10064::reference,mp-10064,reference,0,0,6.170792039483786e-05
medium,mp-1008395::origin_shifted,mp-1008395,origin_shifted,equivalent_transform,mp-1021503::reference,mp-1021503,reference,0,0,5.1749986596405506e-05
medium,mp-1008395::origin_shifted,mp-1008395,origin_shifted,equivalent_transform,mp-1008677::reference,mp-1008677,reference,0,0,4.616705700755119e-05
medium,mp-1008395::origin_shifted,mp-1008395,origin_shifted,equivalent_transform,mp-1041565::reference,mp-1041565,reference,0,0,6.720901001244783e-05
medium,mp-1008395::permuted_sites,mp-1008395,permuted_sites,equivalent_transform,mp-1008374::reference,mp-1008374,reference,0,0,0.008246832992881536
medium,mp-1008395::permuted_sites,mp-1008395,permuted_sites,equivalent_transform,mp-1008395::reference,mp-1008395,reference,1,1,0.0032292919931933284
medium,mp-1008395::permuted_sites,mp-1008395,permuted_sites,equivalent_transform,mp-10064::reference,mp-10064,reference,0,0,7.12500186637044e-05
medium,mp-1008395::permuted_sites,mp-1008395,permuted_sites,equivalent_transform,mp-1021503::reference,mp-1021503,reference,0,0,5.508307367563248e-05
medium,mp-1008395::permuted_sites,mp-1008395,permuted_sites,equivalent_transform,mp-1008677::reference,mp-1008677,reference,0,0,6.583298090845346e-05
medium,mp-1008395::permuted_sites,mp-1008395,permuted_sites,equivalent_transform,mp-1041565::reference,mp-1041565,reference,0,0,8.37499974295497e-05
medium,mp-1008395::supercell_2x1x1,mp-1008395,supercell_2x1x1,equivalent_transform,mp-1008374::reference,mp-1008374,reference,0,0,0.0033150839153677225
medium,mp-1008395::supercell_2x1x1,mp-1008395,supercell_2x1x1,equivalent_transform,mp-1008395::reference,mp-1008395,reference,1,1,0.002807334065437317
medium,mp-1008395::supercell_2x1x1,mp-1008395,supercell_2x1x1,equivalent_transform,mp-10064::reference,mp-10064,reference,0,0,8.141598664224148e-05
medium,mp-1008395::supercell_2x1x1,mp-1008395,supercell_2x1x1,equivalent_transform,mp-1021503::reference,mp-1021503,reference,0,0,6.645801477134228e-05
medium,mp-1008395::supercell_2x1x1,mp-1008395,supercell_2x1x1,equivalent_transform,mp-1008677::reference,mp-1008677,reference,0,0,5.350005812942982e-05
medium,mp-1008395::supercell_2x1x1,mp-1008395,supercell_2x1x1,equivalent_transform,mp-1041565::reference,mp-1041565,reference,0,0,7.962505333125591e-05
medium,mp-1008395::coord_noise_0.010A,mp-1008395,coord_noise_0.010A,coordinate_perturbation,mp-1008374::reference,mp-1008374,reference,0,0,0.0018770829774439335
medium,mp-1008395::coord_noise_0.010A,mp-1008395,coord_noise_0.010A,coordinate_perturbation,mp-1008395::reference,mp-1008395,reference,1,1,0.0023985840380191803
medium,mp-1008395::coord_noise_0.010A,mp-1008395,coord_noise_0.010A,coordinate_perturbation,mp-10064::reference,mp-10064,reference,0,0,9.849993512034416e-05
medium,mp-1008395::coord_noise_0.010A,mp-1008395,coord_noise_0.010A,coordinate_perturbation,mp-1021503::reference,mp-1021503,reference,0,0,5.979090929031372e-05
medium,mp-1008395::coord_noise_0.010A,mp-1008395,coord_noise_0.010A,coordinate_perturbation,mp-1008677::reference,mp-1008677,reference,0,0,6.770796608179808e-05
medium,mp-1008395::coord_noise_0.010A,mp-1008395,coord_noise_0.010A,coordinate_perturbation,mp-1041565::reference,mp-1041565,reference,0,0,6.987492088228464e-05
medium,mp-1008395::coord_noise_0.020A,mp-1008395,coord_noise_0.020A,coordinate_perturbation,mp-1008374::reference,mp-1008374,reference,0,0,0.0019785419572144747
medium,mp-1008395::coord_noise_0.020A,mp-1008395,coord_noise_0.020A,coordinate_perturbation,mp-1008395::reference,mp-1008395,reference,1,1,0.0026817090110853314
medium,mp-1008395::coord_noise_0.020A,mp-1008395,coord_noise_0.020A,coordinate_perturbation,mp-10064::reference,mp-10064,reference,0,0,6.683298852294683e-05
medium,mp-1008395::coord_noise_0.020A,mp-1008395,coord_noise_0.020A,coordinate_perturbation,mp-1021503::reference,mp-1021503,reference,0,0,5.408399738371372e-05
medium,mp-1008395::coord_noise_0.020A,mp-1008395,coord_noise_0.020A,coordinate_perturbation,mp-1008677::reference,mp-1008677,reference,0,0,9.445799514651299e-05
medium,mp-1008395::coord_noise_0.020A,mp-1008395,coord_noise_0.020A,coordinate_perturbation,mp-1041565::reference,mp-1041565,reference,0,0,0.00012699991930276155
medium,mp-1008395::lattice_noise_0.010,mp-1008395,lattice_noise_0.010,lattice_perturbation,mp-1008374::reference,mp-1008374,reference,0,0,0.0018801669357344508
medium,mp-1008395::lattice_noise_0.010,mp-1008395,lattice_noise_0.010,lattice_perturbation,mp-1008395::reference,mp-1008395,reference,1,1,0.00288604199886322
medium,mp-1008395::lattice_noise_0.010,mp-1008395,lattice_noise_0.010,lattice_perturbation,mp-10064::reference,mp-10064,reference,0,0,6.699992809444666e-05
medium,mp-1008395::lattice_noise_0.010,mp-1008395,lattice_noise_0.010,lattice_perturbation,mp-1021503::reference,mp-1021503,reference,0,0,5.308294203132391e-05
medium,mp-1008395::lattice_noise_0.010,mp-1008395,lattice_noise_0.010,lattice_perturbation,mp-1008677::reference,mp-1008677,reference,0,0,6.70839799568057e-05
medium,mp-1008395::lattice_noise_0.010,mp-1008395,lattice_noise_0.010,lattice_perturbation,mp-1041565::reference,mp-1041565,reference,0,0,8.016603533178568e-05
medium,mp-1008395::combined_noise_0.020A_0.010,mp-1008395,combined_noise_0.020A_0.010,combined_perturbation,mp-1008374::reference,mp-1008374,reference,0,0,0.0018183330539613962
medium,mp-1008395::combined_noise_0.020A_0.010,mp-1008395,combined_noise_0.020A_0.010,combined_perturbation,mp-1008395::reference,mp-1008395,reference,1,1,0.003171500051394105
medium,mp-1008395::combined_noise_0.020A_0.010,mp-1008395,combined_noise_0.020A_0.010,combined_perturbation,mp-10064::reference,mp-10064,reference,0,0,9.979098103940487e-05
medium,mp-1008395::combined_noise_0.020A_0.010,mp-1008395,combined_noise_0.020A_0.010,combined_perturbation,mp-1021503::reference,mp-1021503,reference,0,0,6.287498399615288e-05
medium,mp-1008395::combined_noise_0.020A_0.010,mp-1008395,combined_noise_0.020A_0.010,combined_perturbation,mp-1008677::reference,mp-1008677,reference,0,0,4.199997056275606e-05
medium,mp-1008395::combined_noise_0.020A_0.010,mp-1008395,combined_noise_0.020A_0.010,combined_perturbation,mp-1041565::reference,mp-1041565,reference,0,0,6.941694300621748e-05
medium,mp-10064::conventional_standard,mp-10064,conventional_standard,equivalent_transform,mp-1008374::reference,mp-1008374,reference,0,0,6.920902524143457e-05
medium,mp-10064::conventional_standard,mp-10064,conventional_standard,equivalent_transform,mp-1008395::reference,mp-1008395,reference,0,0,6.587500683963299e-05
medium,mp-10064::conventional_standard,mp-10064,conventional_standard,equivalent_transform,mp-10064::reference,mp-10064,reference,1,1,0.0029370420379564166
medium,mp-10064::conventional_standard,mp-10064,conventional_standard,equivalent_transform,mp-1021503::reference,mp-1021503,reference,0,0,0.0029782080091536045
medium,mp-10064::conventional_standard,mp-10064,conventional_standard,equivalent_transform,mp-1008677::reference,mp-1008677,reference,0,0,0.0001235000090673566
medium,mp-10064::conventional_standard,mp-10064,conventional_standard,equivalent_transform,mp-1041565::reference,mp-1041565,reference,0,0,0.00010491698049008846
medium,mp-10064::niggli_reduced,mp-10064,niggli_reduced,equivalent_transform,mp-1008374::reference,mp-1008374,reference,0,0,4.441593773663044e-05
medium,mp-10064::niggli_reduced,mp-10064,niggli_reduced,equivalent_transform,mp-1008395::reference,mp-1008395,reference,0,0,3.962509799748659e-05
medium,mp-10064::niggli_reduced,mp-10064,niggli_reduced,equivalent_transform,mp-10064::reference,mp-10064,reference,1,1,0.0014777499018236995
medium,mp-10064::niggli_reduced,mp-10064,niggli_reduced,equivalent_transform,mp-1021503::reference,mp-1021503,reference,0,0,0.0013777919812127948
medium,mp-10064::niggli_reduced,mp-10064,niggli_reduced,equivalent_transform,mp-1008677::reference,mp-1008677,reference,0,0,6.312492769211531e-05
medium,mp-10064::niggli_reduced,mp-10064,niggli_reduced,equivalent_transform,mp-1041565::reference,mp-1041565,reference,0,0,9.075005073100328e-05
medium,mp-10064::origin_shifted,mp-10064,origin_shifted,equivalent_transform,mp-1008374::reference,mp-1008374,reference,0,0,5.9542013332247734e-05
medium,mp-10064::origin_shifted,mp-10064,origin_shifted,equivalent_transform,mp-1008395::reference,mp-1008395,reference,0,0,4.1915918700397015e-05
medium,mp-10064::origin_shifted,mp-10064,origin_shifted,equivalent_transform,mp-10064::reference,mp-10064,reference,1,1,0.0021098749712109566
medium,mp-10064::origin_shifted,mp-10064,origin_shifted,equivalent_transform,mp-1021503::reference,mp-1021503,reference,0,0,0.0015717919450253248
medium,mp-10064::origin_shifted,mp-10064,origin_shifted,equivalent_transform,mp-1008677::reference,mp-1008677,reference,0,0,5.854107439517975e-05
medium,mp-10064::origin_shifted,mp-10064,origin_shifted,equivalent_transform,mp-1041565::reference,mp-1041565,reference,0,0,7.28340819478035e-05
medium,mp-10064::permuted_sites,mp-10064,permuted_sites,equivalent_transform,mp-1008374::reference,mp-1008374,reference,0,0,4.349998198449612e-05
medium,mp-10064::permuted_sites,mp-10064,permuted_sites,equivalent_transform,mp-1008395::reference,mp-1008395,reference,0,0,3.999995533376932e-05
medium,mp-10064::permuted_sites,mp-10064,permuted_sites,equivalent_transform,mp-10064::reference,mp-10064,reference,1,1,0.001502124941907823
medium,mp-10064::permuted_sites,mp-10064,permuted_sites,equivalent_transform,mp-1021503::reference,mp-1021503,reference,0,0,0.001683209091424942
medium,mp-10064::permuted_sites,mp-10064,permuted_sites,equivalent_transform,mp-1008677::reference,mp-1008677,reference,0,0,0.0002168749924749136
medium,mp-10064::permuted_sites,mp-10064,permuted_sites,equivalent_transform,mp-1041565::reference,mp-1041565,reference,0,0,0.00011870800517499447
medium,mp-10064::supercell_2x1x1,mp-10064,supercell_2x1x1,equivalent_transform,mp-1008374::reference,mp-1008374,reference,0,0,5.5165961384773254e-05
medium,mp-10064::supercell_2x1x1,mp-10064,supercell_2x1x1,equivalent_transform,mp-1008395::reference,mp-1008395,reference,0,0,4.941702354699373e-05
medium,mp-10064::supercell_2x1x1,mp-10064,supercell_2x1x1,equivalent_transform,mp-10064::reference,mp-10064,reference,1,1,0.0018237499753013253
medium,mp-10064::supercell_2x1x1,mp-10064,supercell_2x1x1,equivalent_transform,mp-1021503::reference,mp-1021503,reference,0,0,0.001804291969165206
medium,mp-10064::supercell_2x1x1,mp-10064,supercell_2x1x1,equivalent_transform,mp-1008677::reference,mp-1008677,reference,0,0,8.750008419156075e-05
medium,mp-10064::supercell_2x1x1,mp-10064,supercell_2x1x1,equivalent_transform,mp-1041565::reference,mp-1041565,reference,0,0,0.00012991693802177906
medium,mp-10064::coord_noise_0.010A,mp-10064,coord_noise_0.010A,coordinate_perturbation,mp-1008374::reference,mp-1008374,reference,0,0,6.412493530660868e-05
medium,mp-10064::coord_noise_0.010A,mp-10064,coord_noise_0.010A,coordinate_perturbation,mp-1008395::reference,mp-1008395,reference,0,0,4.258297849446535e-05
medium,mp-10064::coord_noise_0.010A,mp-10064,coord_noise_0.010A,coordinate_perturbation,mp-10064::reference,mp-10064,reference,1,1,0.001596582937054336
medium,mp-10064::coord_noise_0.010A,mp-10064,coord_noise_0.010A,coordinate_perturbation,mp-1021503::reference,mp-1021503,reference,0,0,0.0017059999518096447
medium,mp-10064::coord_noise_0.010A,mp-10064,coord_noise_0.010A,coordinate_perturbation,mp-1008677::reference,mp-1008677,reference,0,0,6.324995774775743e-05
medium,mp-10064::coord_noise_0.010A,mp-10064,coord_noise_0.010A,coordinate_perturbation,mp-1041565::reference,mp-1041565,reference,0,0,7.166608702391386e-05
medium,mp-10064::coord_noise_0.020A,mp-10064,coord_noise_0.020A,coordinate_perturbation,mp-1008374::reference,mp-1008374,reference,0,0,4.3792068026959896e-05
medium,mp-10064::coord_noise_0.020A,mp-10064,coord_noise_0.020A,coordinate_perturbation,mp-1008395::reference,mp-1008395,reference,0,0,4.075001925230026e-05
medium,mp-10064::coord_noise_0.020A,mp-10064,coord_noise_0.020A,coordinate_perturbation,mp-10064::reference,mp-10064,reference,1,1,0.0017170420615002513
medium,mp-10064::coord_noise_0.020A,mp-10064,coord_noise_0.020A,coordinate_perturbation,mp-1021503::reference,mp-1021503,reference,0,0,0.0017259999876841903
medium,mp-10064::coord_noise_0.020A,mp-10064,coord_noise_0.020A,coordinate_perturbation,mp-1008677::reference,mp-1008677,reference,0,0,8.358305785804987e-05
medium,mp-10064::coord_noise_0.020A,mp-10064,coord_noise_0.020A,coordinate_perturbation,mp-1041565::reference,mp-1041565,reference,0,0,8.683302439749241e-05
medium,mp-10064::lattice_noise_0.010,mp-10064,lattice_noise_0.010,lattice_perturbation,mp-1008374::reference,mp-1008374,reference,0,0,4.6166940592229366e-05
medium,mp-10064::lattice_noise_0.010,mp-10064,lattice_noise_0.010,lattice_perturbation,mp-1008395::reference,mp-1008395,reference,0,0,4.516600165516138e-05
medium,mp-10064::lattice_noise_0.010,mp-10064,lattice_noise_0.010,lattice_perturbation,mp-10064::reference,mp-10064,reference,1,1,0.0015618749894201756
medium,mp-10064::lattice_noise_0.010,mp-10064,lattice_noise_0.010,lattice_perturbation,mp-1021503::reference,mp-1021503,reference,0,0,0.0016526669496670365
medium,mp-10064::lattice_noise_0.010,mp-10064,lattice_noise_0.010,lattice_perturbation,mp-1008677::reference,mp-1008677,reference,0,0,7.354200351983309e-05
medium,mp-10064::lattice_noise_0.010,mp-10064,lattice_noise_0.010,lattice_perturbation,mp-1041565::reference,mp-1041565,reference,0,0,9.729200974106789e-05
medium,mp-10064::combined_noise_0.020A_0.010,mp-10064,combined_noise_0.020A_0.010,combined_perturbation,mp-1008374::reference,mp-1008374,reference,0,0,4.829105455428362e-05
medium,mp-10064::combined_noise_0.020A_0.010,mp-10064,combined_noise_0.020A_0.010,combined_perturbation,mp-1008395::reference,mp-1008395,reference,0,0,4.479195922613144e-05
medium,mp-10064::combined_noise_0.020A_0.010,mp-10064,combined_noise_0.020A_0.010,combined_perturbation,mp-10064::reference,mp-10064,reference,1,1,0.0018109169322997332
medium,mp-10064::combined_noise_0.020A_0.010,mp-10064,combined_noise_0.020A_0.010,combined_perturbation,mp-1021503::reference,mp-1021503,reference,0,0,0.0023709579836577177
medium,mp-10064::combined_noise_0.020A_0.010,mp-10064,combined_noise_0.020A_0.010,combined_perturbation,mp-1008677::reference,mp-1008677,reference,0,0,8.229096420109272e-05
medium,mp-10064::combined_noise_0.020A_0.010,mp-10064,combined_noise_0.020A_0.010,combined_perturbation,mp-1041565::reference,mp-1041565,reference,0,0,0.00011495803482830524
medium,mp-1021503::conventional_standard,mp-1021503,conventional_standard,equivalent_transform,mp-1008374::reference,mp-1008374,reference,0,0,6.183399818837643e-05
medium,mp-1021503::conventional_standard,mp-1021503,conventional_standard,equivalent_transform,mp-1008395::reference,mp-1008395,reference,0,0,5.066697485744953e-05
medium,mp-1021503::conventional_standard,mp-1021503,conventional_standard,equivalent_transform,mp-10064::reference,mp-10064,reference,0,0,0.002001499990001321
medium,mp-1021503::conventional_standard,mp-1021503,conventional_standard,equivalent_transform,mp-1021503::reference,mp-1021503,reference,1,1,0.0027338750660419464
medium,mp-1021503::conventional_standard,mp-1021503,conventional_standard,equivalent_transform,mp-1008677::reference,mp-1008677,reference,0,0,0.00010858301538974047
medium,mp-1021503::conventional_standard,mp-1021503,conventional_standard,equivalent_transform,mp-1041565::reference,mp-1041565,reference,0,0,8.449994493275881e-05
medium,mp-1021503::niggli_reduced,mp-1021503,niggli_reduced,equivalent_transform,mp-1008374::reference,mp-1008374,reference,0,0,5.220796447247267e-05
medium,mp-1021503::niggli_reduced,mp-1021503,niggli_reduced,equivalent_transform,mp-1008395::reference,mp-1008395,reference,0,0,5.4459087550640106e-05
medium,mp-1021503::niggli_reduced,mp-1021503,niggli_reduced,equivalent_transform,mp-10064::reference,mp-10064,reference,0,0,0.001466624904423952
medium,mp-1021503::niggli_reduced,mp-1021503,niggli_reduced,equivalent_transform,mp-1021503::reference,mp-1021503,reference,1,1,0.003656374989077449
medium,mp-1021503::niggli_reduced,mp-1021503,niggli_reduced,equivalent_transform,mp-1008677::reference,mp-1008677,reference,0,0,9.108299855142832e-05
medium,mp-1021503::niggli_reduced,mp-1021503,niggli_reduced,equivalent_transform,mp-1041565::reference,mp-1041565,reference,0,0,8.570798672735691e-05
medium,mp-1021503::origin_shifted,mp-1021503,origin_shifted,equivalent_transform,mp-1008374::reference,mp-1008374,reference,0,0,5.408306606113911e-05
medium,mp-1021503::origin_shifted,mp-1021503,origin_shifted,equivalent_transform,mp-1008395::reference,mp-1008395,reference,0,0,5.020794924348593e-05
medium,mp-1021503::origin_shifted,mp-1021503,origin_shifted,equivalent_transform,mp-10064::reference,mp-10064,reference,0,0,0.0016787080094218254
medium,mp-1021503::origin_shifted,mp-1021503,origin_shifted,equivalent_transform,mp-1021503::reference,mp-1021503,reference,1,1,0.0027477500261738896
medium,mp-1021503::origin_shifted,mp-1021503,origin_shifted,equivalent_transform,mp-1008677::reference,mp-1008677,reference,0,0,7.329101208597422e-05
medium,mp-1021503::origin_shifted,mp-1021503,origin_shifted,equivalent_transform,mp-1041565::reference,mp-1041565,reference,0,0,0.00011687504593282938
medium,mp-1021503::permuted_sites,mp-1021503,permuted_sites,equivalent_transform,mp-1008374::reference,mp-1008374,reference,0,0,0.0001710830256342888
medium,mp-1021503::permuted_sites,mp-1021503,permuted_sites,equivalent_transform,mp-1008395::reference,mp-1008395,reference,0,0,0.00011529203038662672
medium,mp-1021503::permuted_sites,mp-1021503,permuted_sites,equivalent_transform,mp-10064::reference,mp-10064,reference,0,0,0.0022239999379962683
medium,mp-1021503::permuted_sites,mp-1021503,permuted_sites,equivalent_transform,mp-1021503::reference,mp-1021503,reference,1,1,0.0027017499087378383
medium,mp-1021503::permuted_sites,mp-1021503,permuted_sites,equivalent_transform,mp-1008677::reference,mp-1008677,reference,0,0,0.00011670798994600773
medium,mp-1021503::permuted_sites,mp-1021503,permuted_sites,equivalent_transform,mp-1041565::reference,mp-1041565,reference,0,0,0.00013754202518612146
medium,mp-1021503::supercell_2x1x1,mp-1021503,supercell_2x1x1,equivalent_transform,mp-1008374::reference,mp-1008374,reference,0,0,7.78749817982316e-05
medium,mp-1021503::supercell_2x1x1,mp-1021503,supercell_2x1x1,equivalent_transform,mp-1008395::reference,mp-1008395,reference,0,0,6.633298471570015e-05
medium,mp-1021503::supercell_2x1x1,mp-1021503,supercell_2x1x1,equivalent_transform,mp-10064::reference,mp-10064,reference,0,0,0.0026564589934423566
medium,mp-1021503::supercell_2x1x1,mp-1021503,supercell_2x1x1,equivalent_transform,mp-1021503::reference,mp-1021503,reference,1,1,0.0033752500312402844
medium,mp-1021503::supercell_2x1x1,mp-1021503,supercell_2x1x1,equivalent_transform,mp-1008677::reference,mp-1008677,reference,0,0,0.00015058298595249653
medium,mp-1021503::supercell_2x1x1,mp-1021503,supercell_2x1x1,equivalent_transform,mp-1041565::reference,mp-1041565,reference,0,0,0.00011083297431468964
medium,mp-1021503::coord_noise_0.010A,mp-1021503,coord_noise_0.010A,coordinate_perturbation,mp-1008374::reference,mp-1008374,reference,0,0,5.491706542670727e-05
medium,mp-1021503::coord_noise_0.010A,mp-1021503,coord_noise_0.010A,coordinate_perturbation,mp-1008395::reference,mp-1008395,reference,0,0,4.8999907448887825e-05
medium,mp-1021503::coord_noise_0.010A,mp-1021503,coord_noise_0.010A,coordinate_perturbation,mp-10064::reference,mp-10064,reference,0,0,0.0018157080048695207
medium,mp-1021503::coord_noise_0.010A,mp-1021503,coord_noise_0.010A,coordinate_perturbation,mp-1021503::reference,mp-1021503,reference,1,1,0.0027557089924812317
medium,mp-1021503::coord_noise_0.010A,mp-1021503,coord_noise_0.010A,coordinate_perturbation,mp-1008677::reference,mp-1008677,reference,0,0,7.283291779458523e-05
medium,mp-1021503::coord_noise_0.010A,mp-1021503,coord_noise_0.010A,coordinate_perturbation,mp-1041565::reference,mp-1041565,reference,0,0,8.754199370741844e-05
medium,mp-1021503::coord_noise_0.020A,mp-1021503,coord_noise_0.020A,coordinate_perturbation,mp-1008374::reference,mp-1008374,reference,0,0,5.3416937589645386e-05
medium,mp-1021503::coord_noise_0.020A,mp-1021503,coord_noise_0.020A,coordinate_perturbation,mp-1008395::reference,mp-1008395,reference,0,0,7.054104935377836e-05
medium,mp-1021503::coord_noise_0.020A,mp-1021503,coord_noise_0.020A,coordinate_perturbation,mp-10064::reference,mp-10064,reference,0,0,0.00183012499473989
medium,mp-1021503::coord_noise_0.020A,mp-1021503,coord_noise_0.020A,coordinate_perturbation,mp-1021503::reference,mp-1021503,reference,1,1,0.0034420830197632313
medium,mp-1021503::coord_noise_0.020A,mp-1021503,coord_noise_0.020A,coordinate_perturbation,mp-1008677::reference,mp-1008677,reference,0,0,0.00014833302702754736
medium,mp-1021503::coord_noise_0.020A,mp-1021503,coord_noise_0.020A,coordinate_perturbation,mp-1041565::reference,mp-1041565,reference,0,0,0.00011250004172325134
medium,mp-1021503::lattice_noise_0.010,mp-1021503,lattice_noise_0.010,lattice_perturbation,mp-1008374::reference,mp-1008374,reference,0,0,5.64999645575881e-05
medium,mp-1021503::lattice_noise_0.010,mp-1021503,lattice_noise_0.010,lattice_perturbation,mp-1008395::reference,mp-1008395,reference,0,0,4.904100205749273e-05
medium,mp-1021503::lattice_noise_0.010,mp-1021503,lattice_noise_0.010,lattice_perturbation,mp-10064::reference,mp-10064,reference,0,0,0.0015928749926388264
medium,mp-1021503::lattice_noise_0.010,mp-1021503,lattice_noise_0.010,lattice_perturbation,mp-1021503::reference,mp-1021503,reference,1,1,0.0023677089484408498
medium,mp-1021503::lattice_noise_0.010,mp-1021503,lattice_noise_0.010,lattice_perturbation,mp-1008677::reference,mp-1008677,reference,0,0,0.00010916602332144976
medium,mp-1021503::lattice_noise_0.010,mp-1021503,lattice_noise_0.010,lattice_perturbation,mp-1041565::reference,mp-1041565,reference,0,0,0.00011499994434416294
medium,mp-1021503::combined_noise_0.020A_0.010,mp-1021503,combined_noise_0.020A_0.010,combined_perturbation,mp-1008374::reference,mp-1008374,reference,0,0,5.4875039495527744e-05
medium,mp-1021503::combined_noise_0.020A_0.010,mp-1021503,combined_noise_0.020A_0.010,combined_perturbation,mp-1008395::reference,mp-1008395,reference,0,0,5.00410096719861e-05
medium,mp-1021503::combined_noise_0.020A_0.010,mp-1021503,combined_noise_0.020A_0.010,combined_perturbation,mp-10064::reference,mp-10064,reference,0,0,0.0017662500031292439
medium,mp-1021503::combined_noise_0.020A_0.010,mp-1021503,combined_noise_0.020A_0.010,combined_perturbation,mp-1021503::reference,mp-1021503,reference,1,1,0.018968084012158215
medium,mp-1021503::combined_noise_0.020A_0.010,mp-1021503,combined_noise_0.020A_0.010,combined_perturbation,mp-1008677::reference,mp-1008677,reference,0,0,0.0001236669486388564
medium,mp-1021503::combined_noise_0.020A_0.010,mp-1021503,combined_noise_0.020A_0.010,combined_perturbation,mp-1041565::reference,mp-1041565,reference,0,0,8.937506936490536e-05
medium,mp-1008677::conventional_standard,mp-1008677,conventional_standard,equivalent_transform,mp-1008374::reference,mp-1008374,reference,0,0,7.558404467999935e-05
medium,mp-1008677::conventional_standard,mp-1008677,conventional_standard,equivalent_transform,mp-1008395::reference,mp-1008395,reference,0,0,0.0004674590891227126
medium,mp-1008677::conventional_standard,mp-1008677,conventional_standard,equivalent_transform,mp-10064::reference,mp-10064,reference,0,0,8.083297871053219e-05
medium,mp-1008677::conventional_standard,mp-1008677,conventional_standard,equivalent_transform,mp-1021503::reference,mp-1021503,reference,0,0,0.00011399993672966957
medium,mp-1008677::conventional_standard,mp-1008677,conventional_standard,equivalent_transform,mp-1008677::reference,mp-1008677,reference,1,1,0.008080957923084497
medium,mp-1008677::conventional_standard,mp-1008677,conventional_standard,equivalent_transform,mp-1041565::reference,mp-1041565,reference,0,0,0.0037258330266922712
medium,mp-1008677::niggli_reduced,mp-1008677,niggli_reduced,equivalent_transform,mp-1008374::reference,mp-1008374,reference,0,0,7.129204459488392e-05
medium,mp-1008677::niggli_reduced,mp-1008677,niggli_reduced,equivalent_transform,mp-1008395::reference,mp-1008395,reference,0,0,4.658300895243883e-05
medium,mp-1008677::niggli_reduced,mp-1008677,niggli_reduced,equivalent_transform,mp-10064::reference,mp-10064,reference,0,0,4.541699308902025e-05
medium,mp-1008677::niggli_reduced,mp-1008677,niggli_reduced,equivalent_transform,mp-1021503::reference,mp-1021503,reference,0,0,5.450006574392319e-05
medium,mp-1008677::niggli_reduced,mp-1008677,niggli_reduced,equivalent_transform,mp-1008677::reference,mp-1008677,reference,1,1,0.007292540976777673
medium,mp-1008677::niggli_reduced,mp-1008677,niggli_reduced,equivalent_transform,mp-1041565::reference,mp-1041565,reference,0,0,0.0025537919718772173
medium,mp-1008677::origin_shifted,mp-1008677,origin_shifted,equivalent_transform,mp-1008374::reference,mp-1008374,reference,0,0,7.487495895475149e-05
medium,mp-1008677::origin_shifted,mp-1008677,origin_shifted,equivalent_transform,mp-1008395::reference,mp-1008395,reference,0,0,7.579207886010408e-05
medium,mp-1008677::origin_shifted,mp-1008677,origin_shifted,equivalent_transform,mp-10064::reference,mp-10064,reference,0,0,4.554202314466238e-05
medium,mp-1008677::origin_shifted,mp-1008677,origin_shifted,equivalent_transform,mp-1021503::reference,mp-1021503,reference,0,0,5.066697485744953e-05
medium,mp-1008677::origin_shifted,mp-1008677,origin_shifted,equivalent_transform,mp-1008677::reference,mp-1008677,reference,1,1,0.0014636249979957938
medium,mp-1008677::origin_shifted,mp-1008677,origin_shifted,equivalent_transform,mp-1041565::reference,mp-1041565,reference,0,0,0.00255237496457994
medium,mp-1008677::permuted_sites,mp-1008677,permuted_sites,equivalent_transform,mp-1008374::reference,mp-1008374,reference,0,0,7.89170153439045e-05
medium,mp-1008677::permuted_sites,mp-1008677,permuted_sites,equivalent_transform,mp-1008395::reference,mp-1008395,reference,0,0,8.737505413591862e-05
medium,mp-1008677::permuted_sites,mp-1008677,permuted_sites,equivalent_transform,mp-10064::reference,mp-10064,reference,0,0,5.541706923395395e-05
medium,mp-1008677::permuted_sites,mp-1008677,permuted_sites,equivalent_transform,mp-1021503::reference,mp-1021503,reference,0,0,5.4541975259780884e-05
medium,mp-1008677::permuted_sites,mp-1008677,permuted_sites,equivalent_transform,mp-1008677::reference,mp-1008677,reference,1,1,0.0017538329120725393
medium,mp-1008677::permuted_sites,mp-1008677,permuted_sites,equivalent_transform,mp-1041565::reference,mp-1041565,reference,0,0,0.0028182079549878836
medium,mp-1008677::supercell_2x1x1,mp-1008677,supercell_2x1x1,equivalent_transform,mp-1008374::reference,mp-1008374,reference,0,0,8.154206443578005e-05
medium,mp-1008677::supercell_2x1x1,mp-1008677,supercell_2x1x1,equivalent_transform,mp-1008395::reference,mp-1008395,reference,0,0,5.27920201420784e-05
medium,mp-1008677::supercell_2x1x1,mp-1008677,supercell_2x1x1,equivalent_transform,mp-10064::reference,mp-10064,reference,0,0,5.183299072086811e-05
medium,mp-1008677::supercell_2x1x1,mp-1008677,supercell_2x1x1,equivalent_transform,mp-1021503::reference,mp-1021503,reference,0,0,5.979195702821016e-05
medium,mp-1008677::supercell_2x1x1,mp-1008677,supercell_2x1x1,equivalent_transform,mp-1008677::reference,mp-1008677,reference,1,1,0.0018361670663580298
medium,mp-1008677::supercell_2x1x1,mp-1008677,supercell_2x1x1,equivalent_transform,mp-1041565::reference,mp-1041565,reference,0,0,0.002923874999396503
medium,mp-1008677::coord_noise_0.010A,mp-1008677,coord_noise_0.010A,coordinate_perturbation,mp-1008374::reference,mp-1008374,reference,0,0,7.299997378140688e-05
medium,mp-1008677::coord_noise_0.010A,mp-1008677,coord_noise_0.010A,coordinate_perturbation,mp-1008395::reference,mp-1008395,reference,0,0,6.629200652241707e-05
medium,mp-1008677::coord_noise_0.010A,mp-1008677,coord_noise_0.010A,coordinate_perturbation,mp-10064::reference,mp-10064,reference,0,0,4.783296026289463e-05
medium,mp-1008677::coord_noise_0.010A,mp-1008677,coord_noise_0.010A,coordinate_perturbation,mp-1021503::reference,mp-1021503,reference,0,0,5.237502045929432e-05
medium,mp-1008677::coord_noise_0.010A,mp-1008677,coord_noise_0.010A,coordinate_perturbation,mp-1008677::reference,mp-1008677,reference,1,1,0.0016698329709470272
medium,mp-1008677::coord_noise_0.010A,mp-1008677,coord_noise_0.010A,coordinate_perturbation,mp-1041565::reference,mp-1041565,reference,0,0,0.0026522920234128833
medium,mp-1008677::coord_noise_0.020A,mp-1008677,coord_noise_0.020A,coordinate_perturbation,mp-1008374::reference,mp-1008374,reference,0,0,7.54999928176403e-05
medium,mp-1008677::coord_noise_0.020A,mp-1008677,coord_noise_0.020A,coordinate_perturbation,mp-1008395::reference,mp-1008395,reference,0,0,4.895904567092657e-05
medium,mp-1008677::coord_noise_0.020A,mp-1008677,coord_noise_0.020A,coordinate_perturbation,mp-10064::reference,mp-10064,reference,0,0,4.299997817724943e-05
medium,mp-1008677::coord_noise_0.020A,mp-1008677,coord_noise_0.020A,coordinate_perturbation,mp-1021503::reference,mp-1021503,reference,0,0,5.604198668152094e-05
medium,mp-1008677::coord_noise_0.020A,mp-1008677,coord_noise_0.020A,coordinate_perturbation,mp-1008677::reference,mp-1008677,reference,1,1,0.001673749997280538
medium,mp-1008677::coord_noise_0.020A,mp-1008677,coord_noise_0.020A,coordinate_perturbation,mp-1041565::reference,mp-1041565,reference,0,0,0.002601125044748187
medium,mp-1008677::lattice_noise_0.010,mp-1008677,lattice_noise_0.010,lattice_perturbation,mp-1008374::reference,mp-1008374,reference,0,0,6.200000643730164e-05
medium,mp-1008677::lattice_noise_0.010,mp-1008677,lattice_noise_0.010,lattice_perturbation,mp-1008395::reference,mp-1008395,reference,0,0,4.4708955101668835e-05
medium,mp-1008677::lattice_noise_0.010,mp-1008677,lattice_noise_0.010,lattice_perturbation,mp-10064::reference,mp-10064,reference,0,0,6.258301436901093e-05
medium,mp-1008677::lattice_noise_0.010,mp-1008677,lattice_noise_0.010,lattice_perturbation,mp-1021503::reference,mp-1021503,reference,0,0,7.362500764429569e-05
medium,mp-1008677::lattice_noise_0.010,mp-1008677,lattice_noise_0.010,lattice_perturbation,mp-1008677::reference,mp-1008677,reference,1,1,0.0015812079655006528
medium,mp-1008677::lattice_noise_0.010,mp-1008677,lattice_noise_0.010,lattice_perturbation,mp-1041565::reference,mp-1041565,reference,0,0,0.002801625058054924
medium,mp-1008677::combined_noise_0.020A_0.010,mp-1008677,combined_noise_0.020A_0.010,combined_perturbation,mp-1008374::reference,mp-1008374,reference,0,0,6.387499161064625e-05
medium,mp-1008677::combined_noise_0.020A_0.010,mp-1008677,combined_noise_0.020A_0.010,combined_perturbation,mp-1008395::reference,mp-1008395,reference,0,0,4.395795986056328e-05
medium,mp-1008677::combined_noise_0.020A_0.010,mp-1008677,combined_noise_0.020A_0.010,combined_perturbation,mp-10064::reference,mp-10064,reference,0,0,4.329101648181677e-05
medium,mp-1008677::combined_noise_0.020A_0.010,mp-1008677,combined_noise_0.020A_0.010,combined_perturbation,mp-1021503::reference,mp-1021503,reference,0,0,7.324991747736931e-05
medium,mp-1008677::combined_noise_0.020A_0.010,mp-1008677,combined_noise_0.020A_0.010,combined_perturbation,mp-1008677::reference,mp-1008677,reference,1,1,0.0016821249155327678
medium,mp-1008677::combined_noise_0.020A_0.010,mp-1008677,combined_noise_0.020A_0.010,combined_perturbation,mp-1041565::reference,mp-1041565,reference,0,0,0.002693125046789646
medium,mp-1041565::conventional_standard,mp-1041565,conventional_standard,equivalent_transform,mp-1008374::reference,mp-1008374,reference,0,0,0.0001330419909209013
medium,mp-1041565::conventional_standard,mp-1041565,conventional_standard,equivalent_transform,mp-1008395::reference,mp-1008395,reference,0,0,0.00011150003410875797
medium,mp-1041565::conventional_standard,mp-1041565,conventional_standard,equivalent_transform,mp-10064::reference,mp-10064,reference,0,0,0.00015491701196879148
medium,mp-1041565::conventional_standard,mp-1041565,conventional_standard,equivalent_transform,mp-1021503::reference,mp-1021503,reference,0,0,0.000128875020891428
medium,mp-1041565::conventional_standard,mp-1041565,conventional_standard,equivalent_transform,mp-1008677::reference,mp-1008677,reference,0,0,0.006515500019304454
medium,mp-1041565::conventional_standard,mp-1041565,conventional_standard,equivalent_transform,mp-1041565::reference,mp-1041565,reference,1,1,0.008521665935404599
medium,mp-1041565::niggli_reduced,mp-1041565,niggli_reduced,equivalent_transform,mp-1008374::reference,mp-1008374,reference,0,0,9.512505494058132e-05
medium,mp-1041565::niggli_reduced,mp-1041565,niggli_reduced,equivalent_transform,mp-1008395::reference,mp-1008395,reference,0,0,7.045804522931576e-05
medium,mp-1041565::niggli_reduced,mp-1041565,niggli_reduced,equivalent_transform,mp-10064::reference,mp-10064,reference,0,0,9.291700553148985e-05
medium,mp-1041565::niggli_reduced,mp-1041565,niggli_reduced,equivalent_transform,mp-1021503::reference,mp-1021503,reference,0,0,8.291704580187798e-05
medium,mp-1041565::niggli_reduced,mp-1041565,niggli_reduced,equivalent_transform,mp-1008677::reference,mp-1008677,reference,0,0,0.002568167052231729
medium,mp-1041565::niggli_reduced,mp-1041565,niggli_reduced,equivalent_transform,mp-1041565::reference,mp-1041565,reference,1,1,0.005939124966971576
medium,mp-1041565::origin_shifted,mp-1041565,origin_shifted,equivalent_transform,mp-1008374::reference,mp-1008374,reference,0,0,9.799993131309748e-05
medium,mp-1041565::origin_shifted,mp-1041565,origin_shifted,equivalent_transform,mp-1008395::reference,mp-1008395,reference,0,0,7.650000043213367e-05
medium,mp-1041565::origin_shifted,mp-1041565,origin_shifted,equivalent_transform,mp-10064::reference,mp-10064,reference,0,0,7.30419997125864e-05
medium,mp-1041565::origin_shifted,mp-1041565,origin_shifted,equivalent_transform,mp-1021503::reference,mp-1021503,reference,0,0,0.0001323750475421548
medium,mp-1041565::origin_shifted,mp-1041565,origin_shifted,equivalent_transform,mp-1008677::reference,mp-1008677,reference,0,0,0.00264979200437665
medium,mp-1041565::origin_shifted,mp-1041565,origin_shifted,equivalent_transform,mp-1041565::reference,mp-1041565,reference,1,1,0.004727334016934037
medium,mp-1041565::permuted_sites,mp-1041565,permuted_sites,equivalent_transform,mp-1008374::reference,mp-1008374,reference,0,0,9.841693099588156e-05
medium,mp-1041565::permuted_sites,mp-1041565,permuted_sites,equivalent_transform,mp-1008395::reference,mp-1008395,reference,0,0,0.00012079207226634026
medium,mp-1041565::permuted_sites,mp-1041565,permuted_sites,equivalent_transform,mp-10064::reference,mp-10064,reference,0,0,9.770796168595552e-05
medium,mp-1041565::permuted_sites,mp-1041565,permuted_sites,equivalent_transform,mp-1021503::reference,mp-1021503,reference,0,0,0.00010499998461455107
medium,mp-1041565::permuted_sites,mp-1041565,permuted_sites,equivalent_transform,mp-1008677::reference,mp-1008677,reference,0,0,0.003962207934819162
medium,mp-1041565::permuted_sites,mp-1041565,permuted_sites,equivalent_transform,mp-1041565::reference,mp-1041565,reference,1,1,0.005870833061635494
medium,mp-1041565::supercell_2x1x1,mp-1041565,supercell_2x1x1,equivalent_transform,mp-1008374::reference,mp-1008374,reference,0,0,0.00012779200915247202
medium,mp-1041565::supercell_2x1x1,mp-1041565,supercell_2x1x1,equivalent_transform,mp-1008395::reference,mp-1008395,reference,0,0,0.00010383396875113249
medium,mp-1041565::supercell_2x1x1,mp-1041565,supercell_2x1x1,equivalent_transform,mp-10064::reference,mp-10064,reference,0,0,0.00010391697287559509
medium,mp-1041565::supercell_2x1x1,mp-1041565,supercell_2x1x1,equivalent_transform,mp-1021503::reference,mp-1021503,reference,0,0,0.00011000002268701792
medium,mp-1041565::supercell_2x1x1,mp-1041565,supercell_2x1x1,equivalent_transform,mp-1008677::reference,mp-1008677,reference,0,0,0.006408624933101237
medium,mp-1041565::supercell_2x1x1,mp-1041565,supercell_2x1x1,equivalent_transform,mp-1041565::reference,mp-1041565,reference,1,1,0.008401500061154366
medium,mp-1041565::coord_noise_0.010A,mp-1041565,coord_noise_0.010A,coordinate_perturbation,mp-1008374::reference,mp-1008374,reference,0,0,9.958294685930014e-05
medium,mp-1041565::coord_noise_0.010A,mp-1041565,coord_noise_0.010A,coordinate_perturbation,mp-1008395::reference,mp-1008395,reference,0,0,7.12500186637044e-05
medium,mp-1041565::coord_noise_0.010A,mp-1041565,coord_noise_0.010A,coordinate_perturbation,mp-10064::reference,mp-10064,reference,0,0,7.266702596098185e-05
medium,mp-1041565::coord_noise_0.010A,mp-1041565,coord_noise_0.010A,coordinate_perturbation,mp-1021503::reference,mp-1021503,reference,0,0,0.00011458294466137886
medium,mp-1041565::coord_noise_0.010A,mp-1041565,coord_noise_0.010A,coordinate_perturbation,mp-1008677::reference,mp-1008677,reference,0,0,0.002991749905049801
medium,mp-1041565::coord_noise_0.010A,mp-1041565,coord_noise_0.010A,coordinate_perturbation,mp-1041565::reference,mp-1041565,reference,1,1,0.005151042016223073
medium,mp-1041565::coord_noise_0.020A,mp-1041565,coord_noise_0.020A,coordinate_perturbation,mp-1008374::reference,mp-1008374,reference,0,0,9.645894169807434e-05
medium,mp-1041565::coord_noise_0.020A,mp-1041565,coord_noise_0.020A,coordinate_perturbation,mp-1008395::reference,mp-1008395,reference,0,0,7.1333022788167e-05
medium,mp-1041565::coord_noise_0.020A,mp-1041565,coord_noise_0.020A,coordinate_perturbation,mp-10064::reference,mp-10064,reference,0,0,7.104198448359966e-05
medium,mp-1041565::coord_noise_0.020A,mp-1041565,coord_noise_0.020A,coordinate_perturbation,mp-1021503::reference,mp-1021503,reference,0,0,9.812507778406143e-05
medium,mp-1041565::coord_noise_0.020A,mp-1041565,coord_noise_0.020A,coordinate_perturbation,mp-1008677::reference,mp-1008677,reference,0,0,0.0031597500201314688
medium,mp-1041565::coord_noise_0.020A,mp-1041565,coord_noise_0.020A,coordinate_perturbation,mp-1041565::reference,mp-1041565,reference,1,1,0.03007783298380673
medium,mp-1041565::lattice_noise_0.010,mp-1041565,lattice_noise_0.010,lattice_perturbation,mp-1008374::reference,mp-1008374,reference,0,0,0.00011587492190301418
medium,mp-1041565::lattice_noise_0.010,mp-1041565,lattice_noise_0.010,lattice_perturbation,mp-1008395::reference,mp-1008395,reference,0,0,0.00011037499643862247
medium,mp-1041565::lattice_noise_0.010,mp-1041565,lattice_noise_0.010,lattice_perturbation,mp-10064::reference,mp-10064,reference,0,0,9.424996096640825e-05
medium,mp-1041565::lattice_noise_0.010,mp-1041565,lattice_noise_0.010,lattice_perturbation,mp-1021503::reference,mp-1021503,reference,0,0,8.73330282047391e-05
medium,mp-1041565::lattice_noise_0.010,mp-1041565,lattice_noise_0.010,lattice_perturbation,mp-1008677::reference,mp-1008677,reference,0,0,0.008086167043074965
medium,mp-1041565::lattice_noise_0.010,mp-1041565,lattice_noise_0.010,lattice_perturbation,mp-1041565::reference,mp-1041565,reference,1,1,0.004835249972529709
medium,mp-1041565::combined_noise_0.020A_0.010,mp-1041565,combined_noise_0.020A_0.010,combined_perturbation,mp-1008374::reference,mp-1008374,reference,0,0,0.00013766600750386715
medium,mp-1041565::combined_noise_0.020A_0.010,mp-1041565,combined_noise_0.020A_0.010,combined_perturbation,mp-1008395::reference,mp-1008395,reference,0,0,7.520895451307297e-05
medium,mp-1041565::combined_noise_0.020A_0.010,mp-1041565,combined_noise_0.020A_0.010,combined_perturbation,mp-10064::reference,mp-10064,reference,0,0,0.00010541698429733515
medium,mp-1041565::combined_noise_0.020A_0.010,mp-1041565,combined_noise_0.020A_0.010,combined_perturbation,mp-1021503::reference,mp-1021503,reference,0,0,8.295802399516106e-05
medium,mp-1041565::combined_noise_0.020A_0.010,mp-1041565,combined_noise_0.020A_0.010,combined_perturbation,mp-1008677::reference,mp-1008677,reference,0,0,0.02433925005607307
medium,mp-1041565::combined_noise_0.020A_0.010,mp-1041565,combined_noise_0.020A_0.010,combined_perturbation,mp-1041565::reference,mp-1041565,reference,1,1,0.01131254096981138
loose,mp-1008374::conventional_standard,mp-1008374,conventional_standard,equivalent_transform,mp-1008374::reference,mp-1008374,reference,1,1,0.0030802920227870345
loose,mp-1008374::conventional_standard,mp-1008374,conventional_standard,equivalent_transform,mp-1008395::reference,mp-1008395,reference,0,0,0.0019050409318879247
loose,mp-1008374::conventional_standard,mp-1008374,conventional_standard,equivalent_transform,mp-10064::reference,mp-10064,reference,0,0,7.745798211544752e-05
loose,mp-1008374::conventional_standard,mp-1008374,conventional_standard,equivalent_transform,mp-1021503::reference,mp-1021503,reference,0,0,6.691599264740944e-05
loose,mp-1008374::conventional_standard,mp-1008374,conventional_standard,equivalent_transform,mp-1008677::reference,mp-1008677,reference,0,0,5.312496796250343e-05
loose,mp-1008374::conventional_standard,mp-1008374,conventional_standard,equivalent_transform,mp-1041565::reference,mp-1041565,reference,0,0,8.170807268470526e-05
loose,mp-1008374::niggli_reduced,mp-1008374,niggli_reduced,equivalent_transform,mp-1008374::reference,mp-1008374,reference,1,1,0.0018524579936638474
loose,mp-1008374::niggli_reduced,mp-1008374,niggli_reduced,equivalent_transform,mp-1008395::reference,mp-1008395,reference,0,0,0.0012398340040817857
loose,mp-1008374::niggli_reduced,mp-1008374,niggli_reduced,equivalent_transform,mp-10064::reference,mp-10064,reference,0,0,5.40419714525342e-05
loose,mp-1008374::niggli_reduced,mp-1008374,niggli_reduced,equivalent_transform,mp-1021503::reference,mp-1021503,reference,0,0,5.3292023949325085e-05
loose,mp-1008374::niggli_reduced,mp-1008374,niggli_reduced,equivalent_transform,mp-1008677::reference,mp-1008677,reference,0,0,4.1958061046898365e-05
loose,mp-1008374::niggli_reduced,mp-1008374,niggli_reduced,equivalent_transform,mp-1041565::reference,mp-1041565,reference,0,0,6.933300755918026e-05
loose,mp-1008374::origin_shifted,mp-1008374,origin_shifted,equivalent_transform,mp-1008374::reference,mp-1008374,reference,1,1,0.008292875019833446
loose,mp-1008374::origin_shifted,mp-1008374,origin_shifted,equivalent_transform,mp-1008395::reference,mp-1008395,reference,0,0,0.0022016249131411314
loose,mp-1008374::origin_shifted,mp-1008374,origin_shifted,equivalent_transform,mp-10064::reference,mp-10064,reference,0,0,6.466603372246027e-05
loose,mp-1008374::origin_shifted,mp-1008374,origin_shifted,equivalent_transform,mp-1021503::reference,mp-1021503,reference,0,0,5.2999937906861305e-05
loose,mp-1008374::origin_shifted,mp-1008374,origin_shifted,equivalent_transform,mp-1008677::reference,mp-1008677,reference,0,0,4.141696263104677e-05
loose,mp-1008374::origin_shifted,mp-1008374,origin_shifted,equivalent_transform,mp-1041565::reference,mp-1041565,reference,0,0,6.945803761482239e-05
loose,mp-1008374::permuted_sites,mp-1008374,permuted_sites,equivalent_transform,mp-1008374::reference,mp-1008374,reference,1,1,0.004086916917003691
loose,mp-1008374::permuted_sites,mp-1008374,permuted_sites,equivalent_transform,mp-1008395::reference,mp-1008395,reference,0,0,0.0033862499985843897
loose,mp-1008374::permuted_sites,mp-1008374,permuted_sites,equivalent_transform,mp-10064::reference,mp-10064,reference,0,0,0.00011725001968443394
loose,mp-1008374::permuted_sites,mp-1008374,permuted_sites,equivalent_transform,mp-1021503::reference,mp-1021503,reference,0,0,7.83340074121952e-05
loose,mp-1008374::permuted_sites,mp-1008374,permuted_sites,equivalent_transform,mp-1008677::reference,mp-1008677,reference,0,0,6.350001785904169e-05
loose,mp-1008374::permuted_sites,mp-1008374,permuted_sites,equivalent_transform,mp-1041565::reference,mp-1041565,reference,0,0,7.90830235928297e-05
loose,mp-1008374::supercell_2x1x1,mp-1008374,supercell_2x1x1,equivalent_transform,mp-1008374::reference,mp-1008374,reference,1,1,0.0032536250073462725
loose,mp-1008374::supercell_2x1x1,mp-1008374,supercell_2x1x1,equivalent_transform,mp-1008395::reference,mp-1008395,reference,0,0,0.0022354170214384794
loose,mp-1008374::supercell_2x1x1,mp-1008374,supercell_2x1x1,equivalent_transform,mp-10064::reference,mp-10064,reference,0,0,9.854207746684551e-05
loose,mp-1008374::supercell_2x1x1,mp-1008374,supercell_2x1x1,equivalent_transform,mp-1021503::reference,mp-1021503,reference,0,0,8.487503509968519e-05
loose,mp-1008374::supercell_2x1x1,mp-1008374,supercell_2x1x1,equivalent_transform,mp-1008677::reference,mp-1008677,reference,0,0,8.558400440961123e-05
loose,mp-1008374::supercell_2x1x1,mp-1008374,supercell_2x1x1,equivalent_transform,mp-1041565::reference,mp-1041565,reference,0,0,8.545804303139448e-05
loose,mp-1008374::coord_noise_0.010A,mp-1008374,coord_noise_0.010A,coordinate_perturbation,mp-1008374::reference,mp-1008374,reference,1,1,0.0034923339262604713
loose,mp-1008374::coord_noise_0.010A,mp-1008374,coord_noise_0.010A,coordinate_perturbation,mp-1008395::reference,mp-1008395,reference,0,0,0.003022375050932169
loose,mp-1008374::coord_noise_0.010A,mp-1008374,coord_noise_0.010A,coordinate_perturbation,mp-10064::reference,mp-10064,reference,0,0,0.00014966691378504038
loose,mp-1008374::coord_noise_0.010A,mp-1008374,coord_noise_0.010A,coordinate_perturbation,mp-1021503::reference,mp-1021503,reference,0,0,0.00013475003652274609
loose,mp-1008374::coord_noise_0.010A,mp-1008374,coord_noise_0.010A,coordinate_perturbation,mp-1008677::reference,mp-1008677,reference,0,0,0.00010912504512816668
loose,mp-1008374::coord_noise_0.010A,mp-1008374,coord_noise_0.010A,coordinate_perturbation,mp-1041565::reference,mp-1041565,reference,0,0,0.00020283402409404516
loose,mp-1008374::coord_noise_0.020A,mp-1008374,coord_noise_0.020A,coordinate_perturbation,mp-1008374::reference,mp-1008374,reference,1,1,0.0033020409755408764
loose,mp-1008374::coord_noise_0.020A,mp-1008374,coord_noise_0.020A,coordinate_perturbation,mp-1008395::reference,mp-1008395,reference,0,0,0.0020709160016849637
loose,mp-1008374::coord_noise_0.020A,mp-1008374,coord_noise_0.020A,coordinate_perturbation,mp-10064::reference,mp-10064,reference,0,0,6.208301056176424e-05
loose,mp-1008374::coord_noise_0.020A,mp-1008374,coord_noise_0.020A,coordinate_perturbation,mp-1021503::reference,mp-1021503,reference,0,0,5.7875062339007854e-05
loose,mp-1008374::coord_noise_0.020A,mp-1008374,coord_noise_0.020A,coordinate_perturbation,mp-1008677::reference,mp-1008677,reference,0,0,4.291697405278683e-05
loose,mp-1008374::coord_noise_0.020A,mp-1008374,coord_noise_0.020A,coordinate_perturbation,mp-1041565::reference,mp-1041565,reference,0,0,7.12500186637044e-05
loose,mp-1008374::lattice_noise_0.010,mp-1008374,lattice_noise_0.010,lattice_perturbation,mp-1008374::reference,mp-1008374,reference,1,1,0.003700917004607618
loose,mp-1008374::lattice_noise_0.010,mp-1008374,lattice_noise_0.010,lattice_perturbation,mp-1008395::reference,mp-1008395,reference,0,0,0.002298500039614737
loose,mp-1008374::lattice_noise_0.010,mp-1008374,lattice_noise_0.010,lattice_perturbation,mp-10064::reference,mp-10064,reference,0,0,0.0002215839922428131
loose,mp-1008374::lattice_noise_0.010,mp-1008374,lattice_noise_0.010,lattice_perturbation,mp-1021503::reference,mp-1021503,reference,0,0,9.004108142107725e-05
loose,mp-1008374::lattice_noise_0.010,mp-1008374,lattice_noise_0.010,lattice_perturbation,mp-1008677::reference,mp-1008677,reference,0,0,6.524997297674417e-05
loose,mp-1008374::lattice_noise_0.010,mp-1008374,lattice_noise_0.010,lattice_perturbation,mp-1041565::reference,mp-1041565,reference,0,0,0.00010750000365078449
loose,mp-1008374::combined_noise_0.020A_0.010,mp-1008374,combined_noise_0.020A_0.010,combined_perturbation,mp-1008374::reference,mp-1008374,reference,1,1,0.002391916001215577
loose,mp-1008374::combined_noise_0.020A_0.010,mp-1008374,combined_noise_0.020A_0.010,combined_perturbation,mp-1008395::reference,mp-1008395,reference,0,0,0.001660957932472229
loose,mp-1008374::combined_noise_0.020A_0.010,mp-1008374,combined_noise_0.020A_0.010,combined_perturbation,mp-10064::reference,mp-10064,reference,0,0,9.712495375424623e-05
loose,mp-1008374::combined_noise_0.020A_0.010,mp-1008374,combined_noise_0.020A_0.010,combined_perturbation,mp-1021503::reference,mp-1021503,reference,0,0,7.299997378140688e-05
loose,mp-1008374::combined_noise_0.020A_0.010,mp-1008374,combined_noise_0.020A_0.010,combined_perturbation,mp-1008677::reference,mp-1008677,reference,0,0,4.2332918383181095e-05
loose,mp-1008374::combined_noise_0.020A_0.010,mp-1008374,combined_noise_0.020A_0.010,combined_perturbation,mp-1041565::reference,mp-1041565,reference,0,0,6.874999962747097e-05
loose,mp-1008395::conventional_standard,mp-1008395,conventional_standard,equivalent_transform,mp-1008374::reference,mp-1008374,reference,0,0,0.002323791035450995
loose,mp-1008395::conventional_standard,mp-1008395,conventional_standard,equivalent_transform,mp-1008395::reference,mp-1008395,reference,1,1,0.002743540913797915
loose,mp-1008395::conventional_standard,mp-1008395,conventional_standard,equivalent_transform,mp-10064::reference,mp-10064,reference,0,0,7.883401121944189e-05
loose,mp-1008395::conventional_standard,mp-1008395,conventional_standard,equivalent_transform,mp-1021503::reference,mp-1021503,reference,0,0,9.291700553148985e-05
loose,mp-1008395::conventional_standard,mp-1008395,conventional_standard,equivalent_transform,mp-1008677::reference,mp-1008677,reference,0,0,0.0006761670811101794
loose,mp-1008395::conventional_standard,mp-1008395,conventional_standard,equivalent_transform,mp-1041565::reference,mp-1041565,reference,0,0,0.0002594590187072754
loose,mp-1008395::niggli_reduced,mp-1008395,niggli_reduced,equivalent_transform,mp-1008374::reference,mp-1008374,reference,0,0,0.0025577909545972943
loose,mp-1008395::niggli_reduced,mp-1008395,niggli_reduced,equivalent_transform,mp-1008395::reference,mp-1008395,reference,1,1,0.0021552089601755142
loose,mp-1008395::niggli_reduced,mp-1008395,niggli_reduced,equivalent_transform,mp-10064::reference,mp-10064,reference,0,0,6.858399137854576e-05
loose,mp-1008395::niggli_reduced,mp-1008395,niggli_reduced,equivalent_transform,mp-1021503::reference,mp-1021503,reference,0,0,5.537504330277443e-05
loose,mp-1008395::niggli_reduced,mp-1008395,niggli_reduced,equivalent_transform,mp-1008677::reference,mp-1008677,reference,0,0,6.454205140471458e-05
loose,mp-1008395::niggli_reduced,mp-1008395,niggli_reduced,equivalent_transform,mp-1041565::reference,mp-1041565,reference,0,0,9.200000204145908e-05
loose,mp-1008395::origin_shifted,mp-1008395,origin_shifted,equivalent_transform,mp-1008374::reference,mp-1008374,reference,0,0,0.0017347499961033463
loose,mp-1008395::origin_shifted,mp-1008395,origin_shifted,equivalent_transform,mp-1008395::reference,mp-1008395,reference,1,1,0.0021911669755354524
loose,mp-1008395::origin_shifted,mp-1008395,origin_shifted,equivalent_transform,mp-10064::reference,mp-10064,reference,0,0,6.458291318267584e-05
loose,mp-1008395::origin_shifted,mp-1008395,origin_shifted,equivalent_transform,mp-1021503::reference,mp-1021503,reference,0,0,5.5916025303304195e-05
loose,mp-1008395::origin_shifted,mp-1008395,origin_shifted,equivalent_transform,mp-1008677::reference,mp-1008677,reference,0,0,4.3042004108428955e-05
loose,mp-1008395::origin_shifted,mp-1008395,origin_shifted,equivalent_transform,mp-1041565::reference,mp-1041565,reference,0,0,0.0001129580195993185
loose,mp-1008395::permuted_sites,mp-1008395,permuted_sites,equivalent_transform,mp-1008374::reference,mp-1008374,reference,0,0,0.0021002909634262323
loose,mp-1008395::permuted_sites,mp-1008395,permuted_sites,equivalent_transform,mp-1008395::reference,mp-1008395,reference,1,1,0.0024441670393571258
loose,mp-1008395::permuted_sites,mp-1008395,permuted_sites,equivalent_transform,mp-10064::reference,mp-10064,reference,0,0,5.970802158117294e-05
loose,mp-1008395::permuted_sites,mp-1008395,permuted_sites,equivalent_transform,mp-1021503::reference,mp-1021503,reference,0,0,5.2749994210898876e-05
loose,mp-1008395::permuted_sites,mp-1008395,permuted_sites,equivalent_transform,mp-1008677::reference,mp-1008677,reference,0,0,4.108308348804712e-05
loose,mp-1008395::permuted_sites,mp-1008395,permuted_sites,equivalent_transform,mp-1041565::reference,mp-1041565,reference,0,0,0.00010595796629786491
loose,mp-1008395::supercell_2x1x1,mp-1008395,supercell_2x1x1,equivalent_transform,mp-1008374::reference,mp-1008374,reference,0,0,0.003449707990512252
loose,mp-1008395::supercell_2x1x1,mp-1008395,supercell_2x1x1,equivalent_transform,mp-1008395::reference,mp-1008395,reference,1,1,0.0028181670932099223
loose,mp-1008395::supercell_2x1x1,mp-1008395,supercell_2x1x1,equivalent_transform,mp-10064::reference,mp-10064,reference,0,0,8.224998600780964e-05
loose,mp-1008395::supercell_2x1x1,mp-1008395,supercell_2x1x1,equivalent_transform,mp-1021503::reference,mp-1021503,reference,0,0,6.950006354600191e-05
loose,mp-1008395::supercell_2x1x1,mp-1008395,supercell_2x1x1,equivalent_transform,mp-1008677::reference,mp-1008677,reference,0,0,5.708297248929739e-05
loose,mp-1008395::supercell_2x1x1,mp-1008395,supercell_2x1x1,equivalent_transform,mp-1041565::reference,mp-1041565,reference,0,0,0.0001189579488709569
loose,mp-1008395::coord_noise_0.010A,mp-1008395,coord_noise_0.010A,coordinate_perturbation,mp-1008374::reference,mp-1008374,reference,0,0,0.0020488330628722906
loose,mp-1008395::coord_noise_0.010A,mp-1008395,coord_noise_0.010A,coordinate_perturbation,mp-1008395::reference,mp-1008395,reference,1,1,0.002481292001903057
loose,mp-1008395::coord_noise_0.010A,mp-1008395,coord_noise_0.010A,coordinate_perturbation,mp-10064::reference,mp-10064,reference,0,0,6.387499161064625e-05
loose,mp-1008395::coord_noise_0.010A,mp-1008395,coord_noise_0.010A,coordinate_perturbation,mp-1021503::reference,mp-1021503,reference,0,0,5.4916017688810825e-05
loose,mp-1008395::coord_noise_0.010A,mp-1008395,coord_noise_0.010A,coordinate_perturbation,mp-1008677::reference,mp-1008677,reference,0,0,4.258297849446535e-05
loose,mp-1008395::coord_noise_0.010A,mp-1008395,coord_noise_0.010A,coordinate_perturbation,mp-1041565::reference,mp-1041565,reference,0,0,9.600003249943256e-05
loose,mp-1008395::coord_noise_0.020A,mp-1008395,coord_noise_0.020A,coordinate_perturbation,mp-1008374::reference,mp-1008374,reference,0,0,0.0020939999958500266
loose,mp-1008395::coord_noise_0.020A,mp-1008395,coord_noise_0.020A,coordinate_perturbation,mp-1008395::reference,mp-1008395,reference,1,1,0.0023381669307127595
loose,mp-1008395::coord_noise_0.020A,mp-1008395,coord_noise_0.020A,coordinate_perturbation,mp-10064::reference,mp-10064,reference,0,0,8.833303581923246e-05
loose,mp-1008395::coord_noise_0.020A,mp-1008395,coord_noise_0.020A,coordinate_perturbation,mp-1021503::reference,mp-1021503,reference,0,0,9.220896754413843e-05
loose,mp-1008395::coord_noise_0.020A,mp-1008395,coord_noise_0.020A,coordinate_perturbation,mp-1008677::reference,mp-1008677,reference,0,0,5.0416914746165276e-05
loose,mp-1008395::coord_noise_0.020A,mp-1008395,coord_noise_0.020A,coordinate_perturbation,mp-1041565::reference,mp-1041565,reference,0,0,7.520802319049835e-05
loose,mp-1008395::lattice_noise_0.010,mp-1008395,lattice_noise_0.010,lattice_perturbation,mp-1008374::reference,mp-1008374,reference,0,0,0.001732999924570322
loose,mp-1008395::lattice_noise_0.010,mp-1008395,lattice_noise_0.010,lattice_perturbation,mp-1008395::reference,mp-1008395,reference,1,1,0.00235316704493016
loose,mp-1008395::lattice_noise_0.010,mp-1008395,lattice_noise_0.010,lattice_perturbation,mp-10064::reference,mp-10064,reference,0,0,7.920898497104645e-05
loose,mp-1008395::lattice_noise_0.010,mp-1008395,lattice_noise_0.010,lattice_perturbation,mp-1021503::reference,mp-1021503,reference,0,0,5.5709038861095905e-05
loose,mp-1008395::lattice_noise_0.010,mp-1008395,lattice_noise_0.010,lattice_perturbation,mp-1008677::reference,mp-1008677,reference,0,0,4.212500061839819e-05
loose,mp-1008395::lattice_noise_0.010,mp-1008395,lattice_noise_0.010,lattice_perturbation,mp-1041565::reference,mp-1041565,reference,0,0,6.9458968937397e-05
loose,mp-1008395::combined_noise_0.020A_0.010,mp-1008395,combined_noise_0.020A_0.010,combined_perturbation,mp-1008374::reference,mp-1008374,reference,0,0,0.0018544169142842293
loose,mp-1008395::combined_noise_0.020A_0.010,mp-1008395,combined_noise_0.020A_0.010,combined_perturbation,mp-1008395::reference,mp-1008395,reference,1,1,0.003003625082783401
loose,mp-1008395::combined_noise_0.020A_0.010,mp-1008395,combined_noise_0.020A_0.010,combined_perturbation,mp-10064::reference,mp-10064,reference,0,0,6.570795085281134e-05
loose,mp-1008395::combined_noise_0.020A_0.010,mp-1008395,combined_noise_0.020A_0.010,combined_perturbation,mp-1021503::reference,mp-1021503,reference,0,0,5.483301356434822e-05
loose,mp-1008395::combined_noise_0.020A_0.010,mp-1008395,combined_noise_0.020A_0.010,combined_perturbation,mp-1008677::reference,mp-1008677,reference,0,0,6.529095117002726e-05
loose,mp-1008395::combined_noise_0.020A_0.010,mp-1008395,combined_noise_0.020A_0.010,combined_perturbation,mp-1041565::reference,mp-1041565,reference,0,0,0.00011233298573642969
loose,mp-10064::conventional_standard,mp-10064,conventional_standard,equivalent_transform,mp-1008374::reference,mp-1008374,reference,0,0,7.979199290275574e-05
loose,mp-10064::conventional_standard,mp-10064,conventional_standard,equivalent_transform,mp-1008395::reference,mp-1008395,reference,0,0,6.841705180704594e-05
loose,mp-10064::conventional_standard,mp-10064,conventional_standard,equivalent_transform,mp-10064::reference,mp-10064,reference,1,1,0.0031332920771092176
loose,mp-10064::conventional_standard,mp-10064,conventional_standard,equivalent_transform,mp-1021503::reference,mp-1021503,reference,0,1,0.01533191604539752
loose,mp-10064::conventional_standard,mp-10064,conventional_standard,equivalent_transform,mp-1008677::reference,mp-1008677,reference,0,0,0.00012458395212888718
loose,mp-10064::conventional_standard,mp-10064,conventional_standard,equivalent_transform,mp-1041565::reference,mp-1041565,reference,0,0,0.00011054100468754768
loose,mp-10064::niggli_reduced,mp-10064,niggli_reduced,equivalent_transform,mp-1008374::reference,mp-1008374,reference,0,0,4.8457994125783443e-05
loose,mp-10064::niggli_reduced,mp-10064,niggli_reduced,equivalent_transform,mp-1008395::reference,mp-1008395,reference,0,0,4.383292980492115e-05
loose,mp-10064::niggli_reduced,mp-10064,niggli_reduced,equivalent_transform,mp-10064::reference,mp-10064,reference,1,1,0.002563250018283725
loose,mp-10064::niggli_reduced,mp-10064,niggli_reduced,equivalent_transform,mp-1021503::reference,mp-1021503,reference,0,1,0.010627874988131225
loose,mp-10064::niggli_reduced,mp-10064,niggli_reduced,equivalent_transform,mp-1008677::reference,mp-1008677,reference,0,0,8.449994493275881e-05
loose,mp-10064::niggli_reduced,mp-10064,niggli_reduced,equivalent_transform,mp-1041565::reference,mp-1041565,reference,0,0,7.633294444531202e-05
loose,mp-10064::origin_shifted,mp-10064,origin_shifted,equivalent_transform,mp-1008374::reference,mp-1008374,reference,0,0,4.7541921958327293e-05
loose,mp-10064::origin_shifted,mp-10064,origin_shifted,equivalent_transform,mp-1008395::reference,mp-1008395,reference,0,0,4.441698547452688e-05
loose,mp-10064::origin_shifted,mp-10064,origin_shifted,equivalent_transform,mp-10064::reference,mp-10064,reference,1,1,0.0012592499842867255
loose,mp-10064::origin_shifted,mp-10064,origin_shifted,equivalent_transform,mp-1021503::reference,mp-1021503,reference,0,1,0.006764749996364117
loose,mp-10064::origin_shifted,mp-10064,origin_shifted,equivalent_transform,mp-1008677::reference,mp-1008677,reference,0,0,0.00027708394918590784
loose,mp-10064::origin_shifted,mp-10064,origin_shifted,equivalent_transform,mp-1041565::reference,mp-1041565,reference,0,0,0.00032041710801422596
loose,mp-10064::permuted_sites,mp-10064,permuted_sites,equivalent_transform,mp-1008374::reference,mp-1008374,reference,0,0,0.0003968749660998583
loose,mp-10064::permuted_sites,mp-10064,permuted_sites,equivalent_transform,mp-1008395::reference,mp-1008395,reference,0,0,8.400005754083395e-05
loose,mp-10064::permuted_sites,mp-10064,permuted_sites,equivalent_transform,mp-10064::reference,mp-10064,reference,1,1,0.002519708010368049
loose,mp-10064::permuted_sites,mp-10064,permuted_sites,equivalent_transform,mp-1021503::reference,mp-1021503,reference,0,1,0.002195750013925135
loose,mp-10064::permuted_sites,mp-10064,permuted_sites,equivalent_transform,mp-1008677::reference,mp-1008677,reference,0,0,9.712495375424623e-05
loose,mp-10064::permuted_sites,mp-10064,permuted_sites,equivalent_transform,mp-1041565::reference,mp-1041565,reference,0,0,8.187501225620508e-05
loose,mp-10064::supercell_2x1x1,mp-10064,supercell_2x1x1,equivalent_transform,mp-1008374::reference,mp-1008374,reference,0,0,5.916703958064318e-05
loose,mp-10064::supercell_2x1x1,mp-10064,supercell_2x1x1,equivalent_transform,mp-1008395::reference,mp-1008395,reference,0,0,4.8749963752925396e-05
loose,mp-10064::supercell_2x1x1,mp-10064,supercell_2x1x1,equivalent_transform,mp-10064::reference,mp-10064,reference,1,1,0.001840708078816533
loose,mp-10064::supercell_2x1x1,mp-10064,supercell_2x1x1,equivalent_transform,mp-1021503::reference,mp-1021503,reference,0,1,0.0034420840675011277
loose,mp-10064::supercell_2x1x1,mp-10064,supercell_2x1x1,equivalent_transform,mp-1008677::reference,mp-1008677,reference,0,0,8.083309512585402e-05
loose,mp-10064::supercell_2x1x1,mp-10064,supercell_2x1x1,equivalent_transform,mp-1041565::reference,mp-1041565,reference,0,0,8.366699330508709e-05
loose,mp-10064::coord_noise_0.010A,mp-10064,coord_noise_0.010A,coordinate_perturbation,mp-1008374::reference,mp-1008374,reference,0,0,4.633399657905102e-05
loose,mp-10064::coord_noise_0.010A,mp-10064,coord_noise_0.010A,coordinate_perturbation,mp-1008395::reference,mp-1008395,reference,0,0,4.124990664422512e-05
loose,mp-10064::coord_noise_0.010A,mp-10064,coord_noise_0.010A,coordinate_perturbation,mp-10064::reference,mp-10064,reference,1,1,0.0016477080062031746
loose,mp-10064::coord_noise_0.010A,mp-10064,coord_noise_0.010A,coordinate_perturbation,mp-1021503::reference,mp-1021503,reference,0,1,0.0021468750201165676
loose,mp-10064::coord_noise_0.010A,mp-10064,coord_noise_0.010A,coordinate_perturbation,mp-1008677::reference,mp-1008677,reference,0,0,8.462497498840094e-05
loose,mp-10064::coord_noise_0.010A,mp-10064,coord_noise_0.010A,coordinate_perturbation,mp-1041565::reference,mp-1041565,reference,0,0,8.412497118115425e-05
loose,mp-10064::coord_noise_0.020A,mp-10064,coord_noise_0.020A,coordinate_perturbation,mp-1008374::reference,mp-1008374,reference,0,0,4.441605415195227e-05
loose,mp-10064::coord_noise_0.020A,mp-10064,coord_noise_0.020A,coordinate_perturbation,mp-1008395::reference,mp-1008395,reference,0,0,4.0624989196658134e-05
loose,mp-10064::coord_noise_0.020A,mp-10064,coord_noise_0.020A,coordinate_perturbation,mp-10064::reference,mp-10064,reference,1,1,0.0015858749393373728
loose,mp-10064::coord_noise_0.020A,mp-10064,coord_noise_0.020A,coordinate_perturbation,mp-1021503::reference,mp-1021503,reference,0,1,0.002077208016999066
loose,mp-10064::coord_noise_0.020A,mp-10064,coord_noise_0.020A,coordinate_perturbation,mp-1008677::reference,mp-1008677,reference,0,0,6.445799954235554e-05
loose,mp-10064::coord_noise_0.020A,mp-10064,coord_noise_0.020A,coordinate_perturbation,mp-1041565::reference,mp-1041565,reference,0,0,9.995908476412296e-05
loose,mp-10064::lattice_noise_0.010,mp-10064,lattice_noise_0.010,lattice_perturbation,mp-1008374::reference,mp-1008374,reference,0,0,4.712503869086504e-05
loose,mp-10064::lattice_noise_0.010,mp-10064,lattice_noise_0.010,lattice_perturbation,mp-1008395::reference,mp-1008395,reference,0,0,4.091695882380009e-05
loose,mp-10064::lattice_noise_0.010,mp-10064,lattice_noise_0.010,lattice_perturbation,mp-10064::reference,mp-10064,reference,1,1,0.0014694579876959324
loose,mp-10064::lattice_noise_0.010,mp-10064,lattice_noise_0.010,lattice_perturbation,mp-1021503::reference,mp-1021503,reference,0,1,0.0019923329818993807
loose,mp-10064::lattice_noise_0.010,mp-10064,lattice_noise_0.010,lattice_perturbation,mp-1008677::reference,mp-1008677,reference,0,0,6.0999998822808266e-05
loose,mp-10064::lattice_noise_0.010,mp-10064,lattice_noise_0.010,lattice_perturbation,mp-1041565::reference,mp-1041565,reference,0,0,7.162499241530895e-05
loose,mp-10064::combined_noise_0.020A_0.010,mp-10064,combined_noise_0.020A_0.010,combined_perturbation,mp-1008374::reference,mp-1008374,reference,0,0,4.466704558581114e-05
loose,mp-10064::combined_noise_0.020A_0.010,mp-10064,combined_noise_0.020A_0.010,combined_perturbation,mp-1008395::reference,mp-1008395,reference,0,0,7.470906712114811e-05
loose,mp-10064::combined_noise_0.020A_0.010,mp-10064,combined_noise_0.020A_0.010,combined_perturbation,mp-10064::reference,mp-10064,reference,1,1,0.0015676660696044564
loose,mp-10064::combined_noise_0.020A_0.010,mp-10064,combined_noise_0.020A_0.010,combined_perturbation,mp-1021503::reference,mp-1021503,reference,0,1,0.0020435419864952564
loose,mp-10064::combined_noise_0.020A_0.010,mp-10064,combined_noise_0.020A_0.010,combined_perturbation,mp-1008677::reference,mp-1008677,reference,0,0,8.233299013227224e-05
loose,mp-10064::combined_noise_0.020A_0.010,mp-10064,combined_noise_0.020A_0.010,combined_perturbation,mp-1041565::reference,mp-1041565,reference,0,0,8.037500083446503e-05
loose,mp-1021503::conventional_standard,mp-1021503,conventional_standard,equivalent_transform,mp-1008374::reference,mp-1008374,reference,0,0,5.266699008643627e-05
loose,mp-1021503::conventional_standard,mp-1021503,conventional_standard,equivalent_transform,mp-1008395::reference,mp-1008395,reference,0,0,4.962494131177664e-05
loose,mp-1021503::conventional_standard,mp-1021503,conventional_standard,equivalent_transform,mp-10064::reference,mp-10064,reference,0,1,0.0023318330058827996
loose,mp-1021503::conventional_standard,mp-1021503,conventional_standard,equivalent_transform,mp-1021503::reference,mp-1021503,reference,1,1,0.0027462919242680073
loose,mp-1021503::conventional_standard,mp-1021503,conventional_standard,equivalent_transform,mp-1008677::reference,mp-1008677,reference,0,0,7.595797069370747e-05
loose,mp-1021503::conventional_standard,mp-1021503,conventional_standard,equivalent_transform,mp-1041565::reference,mp-1041565,reference,0,0,8.220900781452656e-05
loose,mp-1021503::niggli_reduced,mp-1021503,niggli_reduced,equivalent_transform,mp-1008374::reference,mp-1008374,reference,0,0,5.408399738371372e-05
loose,mp-1021503::niggli_reduced,mp-1021503,niggli_reduced,equivalent_transform,mp-1008395::reference,mp-1008395,reference,0,0,5.083298310637474e-05
loose,mp-1021503::niggli_reduced,mp-1021503,niggli_reduced,equivalent_transform,mp-10064::reference,mp-10064,reference,0,1,0.0018840839620679617
loose,mp-1021503::niggli_reduced,mp-1021503,niggli_reduced,equivalent_transform,mp-1021503::reference,mp-1021503,reference,1,1,0.002261833054944873
loose,mp-1021503::niggli_reduced,mp-1021503,niggli_reduced,equivalent_transform,mp-1008677::reference,mp-1008677,reference,0,0,7.229193579405546e-05
loose,mp-1021503::niggli_reduced,mp-1021503,niggli_reduced,equivalent_transform,mp-1041565::reference,mp-1041565,reference,0,0,8.100003469735384e-05
loose,mp-1021503::origin_shifted,mp-1021503,origin_shifted,equivalent_transform,mp-1008374::reference,mp-1008374,reference,0,0,5.17918961122632e-05
loose,mp-1021503::origin_shifted,mp-1021503,origin_shifted,equivalent_transform,mp-1008395::reference,mp-1008395,reference,0,0,9.266601409763098e-05
loose,mp-1021503::origin_shifted,mp-1021503,origin_shifted,equivalent_transform,mp-10064::reference,mp-10064,reference,0,1,0.001886166981421411
loose,mp-1021503::origin_shifted,mp-1021503,origin_shifted,equivalent_transform,mp-1021503::reference,mp-1021503,reference,1,1,0.0024810410104691982
loose,mp-1021503::origin_shifted,mp-1021503,origin_shifted,equivalent_transform,mp-1008677::reference,mp-1008677,reference,0,0,0.00011016603093594313
loose,mp-1021503::origin_shifted,mp-1021503,origin_shifted,equivalent_transform,mp-1041565::reference,mp-1041565,reference,0,0,0.0001252919901162386
loose,mp-1021503::permuted_sites,mp-1021503,permuted_sites,equivalent_transform,mp-1008374::reference,mp-1008374,reference,0,0,5.3459079936146736e-05
loose,mp-1021503::permuted_sites,mp-1021503,permuted_sites,equivalent_transform,mp-1008395::reference,mp-1008395,reference,0,0,4.791701212525368e-05
loose,mp-1021503::permuted_sites,mp-1021503,permuted_sites,equivalent_transform,mp-10064::reference,mp-10064,reference,0,1,0.0024615420261397958
loose,mp-1021503::permuted_sites,mp-1021503,permuted_sites,equivalent_transform,mp-1021503::reference,mp-1021503,reference,1,1,0.0028271659975871444
loose,mp-1021503::permuted_sites,mp-1021503,permuted_sites,equivalent_transform,mp-1008677::reference,mp-1008677,reference,0,0,0.00012808397877961397
loose,mp-1021503::permuted_sites,mp-1021503,permuted_sites,equivalent_transform,mp-1041565::reference,mp-1041565,reference,0,0,0.0001242499565705657
loose,mp-1021503::supercell_2x1x1,mp-1021503,supercell_2x1x1,equivalent_transform,mp-1008374::reference,mp-1008374,reference,0,0,7.245899178087711e-05
loose,mp-1021503::supercell_2x1x1,mp-1021503,supercell_2x1x1,equivalent_transform,mp-1008395::reference,mp-1008395,reference,0,0,6.700004450976849e-05
loose,mp-1021503::supercell_2x1x1,mp-1021503,supercell_2x1x1,equivalent_transform,mp-10064::reference,mp-10064,reference,0,1,0.003099834080785513
loose,mp-1021503::supercell_2x1x1,mp-1021503,supercell_2x1x1,equivalent_transform,mp-1021503::reference,mp-1021503,reference,1,1,0.003455125028267503
loose,mp-1021503::supercell_2x1x1,mp-1021503,supercell_2x1x1,equivalent_transform,mp-1008677::reference,mp-1008677,reference,0,0,9.424996096640825e-05
loose,mp-1021503::supercell_2x1x1,mp-1021503,supercell_2x1x1,equivalent_transform,mp-1041565::reference,mp-1041565,reference,0,0,0.00011866702698171139
loose,mp-1021503::coord_noise_0.010A,mp-1021503,coord_noise_0.010A,coordinate_perturbation,mp-1008374::reference,mp-1008374,reference,0,0,7.116596680134535e-05
loose,mp-1021503::coord_noise_0.010A,mp-1021503,coord_noise_0.010A,coordinate_perturbation,mp-1008395::reference,mp-1008395,reference,0,0,7.112498860806227e-05
loose,mp-1021503::coord_noise_0.010A,mp-1021503,coord_noise_0.010A,coordinate_perturbation,mp-10064::reference,mp-10064,reference,0,1,0.002054042066447437
loose,mp-1021503::coord_noise_0.010A,mp-1021503,coord_noise_0.010A,coordinate_perturbation,mp-1021503::reference,mp-1021503,reference,1,1,0.0025305000599473715
loose,mp-1021503::coord_noise_0.010A,mp-1021503,coord_noise_0.010A,coordinate_perturbation,mp-1008677::reference,mp-1008677,reference,0,0,9.820796549320221e-05
loose,mp-1021503::coord_noise_0.010A,mp-1021503,coord_noise_0.010A,coordinate_perturbation,mp-1041565::reference,mp-1041565,reference,0,0,8.15829262137413e-05
loose,mp-1021503::coord_noise_0.020A,mp-1021503,coord_noise_0.020A,coordinate_perturbation,mp-1008374::reference,mp-1008374,reference,0,0,5.208409857004881e-05
loose,mp-1021503::coord_noise_0.020A,mp-1021503,coord_noise_0.020A,coordinate_perturbation,mp-1008395::reference,mp-1008395,reference,0,0,4.850002005696297e-05
loose,mp-1021503::coord_noise_0.020A,mp-1021503,coord_noise_0.020A,coordinate_perturbation,mp-10064::reference,mp-10064,reference,0,1,0.0022848750231787562
loose,mp-1021503::coord_noise_0.020A,mp-1021503,coord_noise_0.020A,coordinate_perturbation,mp-1021503::reference,mp-1021503,reference,1,1,0.002684999955818057
loose,mp-1021503::coord_noise_0.020A,mp-1021503,coord_noise_0.020A,coordinate_perturbation,mp-1008677::reference,mp-1008677,reference,0,0,7.475004531443119e-05
loose,mp-1021503::coord_noise_0.020A,mp-1021503,coord_noise_0.020A,coordinate_perturbation,mp-1041565::reference,mp-1041565,reference,0,0,0.00013212510384619236
loose,mp-1021503::lattice_noise_0.010,mp-1021503,lattice_noise_0.010,lattice_perturbation,mp-1008374::reference,mp-1008374,reference,0,0,9.200000204145908e-05
loose,mp-1021503::lattice_noise_0.010,mp-1021503,lattice_noise_0.010,lattice_perturbation,mp-1008395::reference,mp-1008395,reference,0,0,6.316695362329483e-05
loose,mp-1021503::lattice_noise_0.010,mp-1021503,lattice_noise_0.010,lattice_perturbation,mp-10064::reference,mp-10064,reference,0,1,0.002028499962761998
loose,mp-1021503::lattice_noise_0.010,mp-1021503,lattice_noise_0.010,lattice_perturbation,mp-1021503::reference,mp-1021503,reference,1,1,0.0024534580297768116
loose,mp-1021503::lattice_noise_0.010,mp-1021503,lattice_noise_0.010,lattice_perturbation,mp-1008677::reference,mp-1008677,reference,0,0,8.854200132191181e-05
loose,mp-1021503::lattice_noise_0.010,mp-1021503,lattice_noise_0.010,lattice_perturbation,mp-1041565::reference,mp-1041565,reference,0,0,0.0001005829544737935
loose,mp-1021503::combined_noise_0.020A_0.010,mp-1021503,combined_noise_0.020A_0.010,combined_perturbation,mp-1008374::reference,mp-1008374,reference,0,0,8.333392906934023e-05
loose,mp-1021503::combined_noise_0.020A_0.010,mp-1021503,combined_noise_0.020A_0.010,combined_perturbation,mp-1008395::reference,mp-1008395,reference,0,0,5.3333002142608166e-05
loose,mp-1021503::combined_noise_0.020A_0.010,mp-1021503,combined_noise_0.020A_0.010,combined_perturbation,mp-10064::reference,mp-10064,reference,0,1,0.0020405830582603812
loose,mp-1021503::combined_noise_0.020A_0.010,mp-1021503,combined_noise_0.020A_0.010,combined_perturbation,mp-1021503::reference,mp-1021503,reference,1,1,0.0023205409524962306
loose,mp-1021503::combined_noise_0.020A_0.010,mp-1021503,combined_noise_0.020A_0.010,combined_perturbation,mp-1008677::reference,mp-1008677,reference,0,0,8.13750084489584e-05
loose,mp-1021503::combined_noise_0.020A_0.010,mp-1021503,combined_noise_0.020A_0.010,combined_perturbation,mp-1041565::reference,mp-1041565,reference,0,0,0.00012862507719546556
loose,mp-1008677::conventional_standard,mp-1008677,conventional_standard,equivalent_transform,mp-1008374::reference,mp-1008374,reference,0,0,0.00011699995957314968
loose,mp-1008677::conventional_standard,mp-1008677,conventional_standard,equivalent_transform,mp-1008395::reference,mp-1008395,reference,0,0,6.929202936589718e-05
loose,mp-1008677::conventional_standard,mp-1008677,conventional_standard,equivalent_transform,mp-10064::reference,mp-10064,reference,0,0,6.824999582022429e-05
loose,mp-1008677::conventional_standard,mp-1008677,conventional_standard,equivalent_transform,mp-1021503::reference,mp-1021503,reference,0,0,7.504201494157314e-05
loose,mp-1008677::conventional_standard,mp-1008677,conventional_standard,equivalent_transform,mp-1008677::reference,mp-1008677,reference,1,1,0.0028702920535579324
loose,mp-1008677::conventional_standard,mp-1008677,conventional_standard,equivalent_transform,mp-1041565::reference,mp-1041565,reference,0,0,0.003989708959124982
loose,mp-1008677::niggli_reduced,mp-1008677,niggli_reduced,equivalent_transform,mp-1008374::reference,mp-1008374,reference,0,0,6.591703277081251e-05
loose,mp-1008677::niggli_reduced,mp-1008677,niggli_reduced,equivalent_transform,mp-1008395::reference,mp-1008395,reference,0,0,4.5082997530698776e-05
loose,mp-1008677::niggli_reduced,mp-1008677,niggli_reduced,equivalent_transform,mp-10064::reference,mp-10064,reference,0,0,4.34160465374589e-05
loose,mp-1008677::niggli_reduced,mp-1008677,niggli_reduced,equivalent_transform,mp-1021503::reference,mp-1021503,reference,0,0,5.066697485744953e-05
loose,mp-1008677::niggli_reduced,mp-1008677,niggli_reduced,equivalent_transform,mp-1008677::reference,mp-1008677,reference,1,1,0.0014546249294653535
loose,mp-1008677::niggli_reduced,mp-1008677,niggli_reduced,equivalent_transform,mp-1041565::reference,mp-1041565,reference,0,0,0.002704791957512498
loose,mp-1008677::origin_shifted,mp-1008677,origin_shifted,equivalent_transform,mp-1008374::reference,mp-1008374,reference,0,0,6.270804442465305e-05
loose,mp-1008677::origin_shifted,mp-1008677,origin_shifted,equivalent_transform,mp-1008395::reference,mp-1008395,reference,0,0,4.5625027269124985e-05
loose,mp-1008677::origin_shifted,mp-1008677,origin_shifted,equivalent_transform,mp-10064::reference,mp-10064,reference,0,0,4.537496715784073e-05
loose,mp-1008677::origin_shifted,mp-1008677,origin_shifted,equivalent_transform,mp-1021503::reference,mp-1021503,reference,0,0,5.345896352082491e-05
loose,mp-1008677::origin_shifted,mp-1008677,origin_shifted,equivalent_transform,mp-1008677::reference,mp-1008677,reference,1,1,0.0015700410585850477
loose,mp-1008677::origin_shifted,mp-1008677,origin_shifted,equivalent_transform,mp-1041565::reference,mp-1041565,reference,0,0,0.002546875039115548
loose,mp-1008677::permuted_sites,mp-1008677,permuted_sites,equivalent_transform,mp-1008374::reference,mp-1008374,reference,0,0,6.258406210690737e-05
loose,mp-1008677::permuted_sites,mp-1008677,permuted_sites,equivalent_transform,mp-1008395::reference,mp-1008395,reference,0,0,4.4332933612167835e-05
loose,mp-1008677::permuted_sites,mp-1008677,permuted_sites,equivalent_transform,mp-10064::reference,mp-10064,reference,0,0,4.558300133794546e-05
loose,mp-1008677::permuted_sites,mp-1008677,permuted_sites,equivalent_transform,mp-1021503::reference,mp-1021503,reference,0,0,5.229189991950989e-05
loose,mp-1008677::permuted_sites,mp-1008677,permuted_sites,equivalent_transform,mp-1008677::reference,mp-1008677,reference,1,1,0.0017229169607162476
loose,mp-1008677::permuted_sites,mp-1008677,permuted_sites,equivalent_transform,mp-1041565::reference,mp-1041565,reference,0,0,0.002902708016335964
loose,mp-1008677::supercell_2x1x1,mp-1008677,supercell_2x1x1,equivalent_transform,mp-1008374::reference,mp-1008374,reference,0,0,7.362500764429569e-05
loose,mp-1008677::supercell_2x1x1,mp-1008677,supercell_2x1x1,equivalent_transform,mp-1008395::reference,mp-1008395,reference,0,0,9.920902084559202e-05
loose,mp-1008677::supercell_2x1x1,mp-1008677,supercell_2x1x1,equivalent_transform,mp-10064::reference,mp-10064,reference,0,0,7.729209028184414e-05
loose,mp-1008677::supercell_2x1x1,mp-1008677,supercell_2x1x1,equivalent_transform,mp-1021503::reference,mp-1021503,reference,0,0,7.112498860806227e-05
loose,mp-1008677::supercell_2x1x1,mp-1008677,supercell_2x1x1,equivalent_transform,mp-1008677::reference,mp-1008677,reference,1,1,0.0018292919266968966
loose,mp-1008677::supercell_2x1x1,mp-1008677,supercell_2x1x1,equivalent_transform,mp-1041565::reference,mp-1041565,reference,0,0,0.0028687920421361923
loose,mp-1008677::coord_noise_0.010A,mp-1008677,coord_noise_0.010A,coordinate_perturbation,mp-1008374::reference,mp-1008374,reference,0,0,6.749993190169334e-05
loose,mp-1008677::coord_noise_0.010A,mp-1008677,coord_noise_0.010A,coordinate_perturbation,mp-1008395::reference,mp-1008395,reference,0,0,4.516704939305782e-05
loose,mp-1008677::coord_noise_0.010A,mp-1008677,coord_noise_0.010A,coordinate_perturbation,mp-10064::reference,mp-10064,reference,0,0,4.4459011405706406e-05
loose,mp-1008677::coord_noise_0.010A,mp-1008677,coord_noise_0.010A,coordinate_perturbation,mp-1021503::reference,mp-1021503,reference,0,0,5.220901221036911e-05
loose,mp-1008677::coord_noise_0.010A,mp-1008677,coord_noise_0.010A,coordinate_perturbation,mp-1008677::reference,mp-1008677,reference,1,1,0.0016580839874222875
loose,mp-1008677::coord_noise_0.010A,mp-1008677,coord_noise_0.010A,coordinate_perturbation,mp-1041565::reference,mp-1041565,reference,0,0,0.004354082979261875
loose,mp-1008677::coord_noise_0.020A,mp-1008677,coord_noise_0.020A,coordinate_perturbation,mp-1008374::reference,mp-1008374,reference,0,0,7.1333022788167e-05
loose,mp-1008677::coord_noise_0.020A,mp-1008677,coord_noise_0.020A,coordinate_perturbation,mp-1008395::reference,mp-1008395,reference,0,0,4.4792075641453266e-05
loose,mp-1008677::coord_noise_0.020A,mp-1008677,coord_noise_0.020A,coordinate_perturbation,mp-10064::reference,mp-10064,reference,0,0,4.4790911488235e-05
loose,mp-1008677::coord_noise_0.020A,mp-1008677,coord_noise_0.020A,coordinate_perturbation,mp-1021503::reference,mp-1021503,reference,0,0,5.266594234853983e-05
loose,mp-1008677::coord_noise_0.020A,mp-1008677,coord_noise_0.020A,coordinate_perturbation,mp-1008677::reference,mp-1008677,reference,1,1,0.0013918749755248427
loose,mp-1008677::coord_noise_0.020A,mp-1008677,coord_noise_0.020A,coordinate_perturbation,mp-1041565::reference,mp-1041565,reference,0,0,0.002544500050134957
loose,mp-1008677::lattice_noise_0.010,mp-1008677,lattice_noise_0.010,lattice_perturbation,mp-1008374::reference,mp-1008374,reference,0,0,8.050003089010715e-05
loose,mp-1008677::lattice_noise_0.010,mp-1008677,lattice_noise_0.010,lattice_perturbation,mp-1008395::reference,mp-1008395,reference,0,0,6.445799954235554e-05
loose,mp-1008677::lattice_noise_0.010,mp-1008677,lattice_noise_0.010,lattice_perturbation,mp-10064::reference,mp-10064,reference,0,0,8.262507617473602e-05
loose,mp-1008677::lattice_noise_0.010,mp-1008677,lattice_noise_0.010,lattice_perturbation,mp-1021503::reference,mp-1021503,reference,0,0,6.962497718632221e-05
loose,mp-1008677::lattice_noise_0.010,mp-1008677,lattice_noise_0.010,lattice_perturbation,mp-1008677::reference,mp-1008677,reference,1,1,0.001604542019777
loose,mp-1008677::lattice_noise_0.010,mp-1008677,lattice_noise_0.010,lattice_perturbation,mp-1041565::reference,mp-1041565,reference,0,1,0.008891250006854534
loose,mp-1008677::combined_noise_0.020A_0.010,mp-1008677,combined_noise_0.020A_0.010,combined_perturbation,mp-1008374::reference,mp-1008374,reference,0,0,0.00021550001110881567
loose,mp-1008677::combined_noise_0.020A_0.010,mp-1008677,combined_noise_0.020A_0.010,combined_perturbation,mp-1008395::reference,mp-1008395,reference,0,0,0.00011999998241662979
loose,mp-1008677::combined_noise_0.020A_0.010,mp-1008677,combined_noise_0.020A_0.010,combined_perturbation,mp-10064::reference,mp-10064,reference,0,0,0.00011812499724328518
loose,mp-1008677::combined_noise_0.020A_0.010,mp-1008677,combined_noise_0.020A_0.010,combined_perturbation,mp-1021503::reference,mp-1021503,reference,0,0,0.00013758300337940454
loose,mp-1008677::combined_noise_0.020A_0.010,mp-1008677,combined_noise_0.020A_0.010,combined_perturbation,mp-1008677::reference,mp-1008677,reference,1,1,0.0058887500781565905
loose,mp-1008677::combined_noise_0.020A_0.010,mp-1008677,combined_noise_0.020A_0.010,combined_perturbation,mp-1041565::reference,mp-1041565,reference,0,1,0.015348957967944443
loose,mp-1041565::conventional_standard,mp-1041565,conventional_standard,equivalent_transform,mp-1008374::reference,mp-1008374,reference,0,0,0.0001527080312371254
loose,mp-1041565::conventional_standard,mp-1041565,conventional_standard,equivalent_transform,mp-1008395::reference,mp-1008395,reference,0,0,0.00010708300396800041
loose,mp-1041565::conventional_standard,mp-1041565,conventional_standard,equivalent_transform,mp-10064::reference,mp-10064,reference,0,0,0.0001087080454453826
loose,mp-1041565::conventional_standard,mp-1041565,conventional_standard,equivalent_transform,mp-1021503::reference,mp-1021503,reference,0,0,0.00011508306488394737
loose,mp-1041565::conventional_standard,mp-1041565,conventional_standard,equivalent_transform,mp-1008677::reference,mp-1008677,reference,0,0,0.012926290975883603
loose,mp-1041565::conventional_standard,mp-1041565,conventional_standard,equivalent_transform,mp-1041565::reference,mp-1041565,reference,1,1,0.008806083002127707
loose,mp-1041565::niggli_reduced,mp-1041565,niggli_reduced,equivalent_transform,mp-1008374::reference,mp-1008374,reference,0,0,9.845790918916464e-05
loose,mp-1041565::niggli_reduced,mp-1041565,niggli_reduced,equivalent_transform,mp-1008395::reference,mp-1008395,reference,0,0,7.30419997125864e-05
loose,mp-1041565::niggli_reduced,mp-1041565,niggli_reduced,equivalent_transform,mp-10064::reference,mp-10064,reference,0,0,9.333400521427393e-05
loose,mp-1041565::niggli_reduced,mp-1041565,niggli_reduced,equivalent_transform,mp-1021503::reference,mp-1021503,reference,0,0,0.00014812499284744263
loose,mp-1041565::niggli_reduced,mp-1041565,niggli_reduced,equivalent_transform,mp-1008677::reference,mp-1008677,reference,0,0,0.0028291669441387057
loose,mp-1041565::niggli_reduced,mp-1041565,niggli_reduced,equivalent_transform,mp-1041565::reference,mp-1041565,reference,1,1,0.004828042001463473
loose,mp-1041565::origin_shifted,mp-1041565,origin_shifted,equivalent_transform,mp-1008374::reference,mp-1008374,reference,0,0,9.174994193017483e-05
loose,mp-1041565::origin_shifted,mp-1041565,origin_shifted,equivalent_transform,mp-1008395::reference,mp-1008395,reference,0,0,7.00000673532486e-05
loose,mp-1041565::origin_shifted,mp-1041565,origin_shifted,equivalent_transform,mp-10064::reference,mp-10064,reference,0,0,8.133298251777887e-05
loose,mp-1041565::origin_shifted,mp-1041565,origin_shifted,equivalent_transform,mp-1021503::reference,mp-1021503,reference,0,0,0.0001111660385504365
loose,mp-1041565::origin_shifted,mp-1041565,origin_shifted,equivalent_transform,mp-1008677::reference,mp-1008677,reference,0,0,0.0026877080090343952
loose,mp-1041565::origin_shifted,mp-1041565,origin_shifted,equivalent_transform,mp-1041565::reference,mp-1041565,reference,1,1,0.00460137496702373
loose,mp-1041565::permuted_sites,mp-1041565,permuted_sites,equivalent_transform,mp-1008374::reference,mp-1008374,reference,0,0,0.00010320800356566906
loose,mp-1041565::permuted_sites,mp-1041565,permuted_sites,equivalent_transform,mp-1008395::reference,mp-1008395,reference,0,0,7.916695903986692e-05
loose,mp-1041565::permuted_sites,mp-1041565,permuted_sites,equivalent_transform,mp-10064::reference,mp-10064,reference,0,0,7.308402564376593e-05
loose,mp-1041565::permuted_sites,mp-1041565,permuted_sites,equivalent_transform,mp-1021503::reference,mp-1021503,reference,0,0,7.904204539954662e-05
loose,mp-1041565::permuted_sites,mp-1041565,permuted_sites,equivalent_transform,mp-1008677::reference,mp-1008677,reference,0,0,0.004042458022013307
loose,mp-1041565::permuted_sites,mp-1041565,permuted_sites,equivalent_transform,mp-1041565::reference,mp-1041565,reference,1,1,0.006083333981223404
loose,mp-1041565::supercell_2x1x1,mp-1041565,supercell_2x1x1,equivalent_transform,mp-1008374::reference,mp-1008374,reference,0,0,0.00017758295871317387
loose,mp-1041565::supercell_2x1x1,mp-1041565,supercell_2x1x1,equivalent_transform,mp-1008395::reference,mp-1008395,reference,0,0,0.00011433300096541643
loose,mp-1041565::supercell_2x1x1,mp-1041565,supercell_2x1x1,equivalent_transform,mp-10064::reference,mp-10064,reference,0,0,0.00010720803402364254
loose,mp-1041565::supercell_2x1x1,mp-1041565,supercell_2x1x1,equivalent_transform,mp-1021503::reference,mp-1021503,reference,0,0,0.00015195796731859446
loose,mp-1041565::supercell_2x1x1,mp-1041565,supercell_2x1x1,equivalent_transform,mp-1008677::reference,mp-1008677,reference,0,0,0.006887291907332838
loose,mp-1041565::supercell_2x1x1,mp-1041565,supercell_2x1x1,equivalent_transform,mp-1041565::reference,mp-1041565,reference,1,1,0.008450749912299216
loose,mp-1041565::coord_noise_0.010A,mp-1041565,coord_noise_0.010A,coordinate_perturbation,mp-1008374::reference,mp-1008374,reference,0,0,0.00017141608987003565
loose,mp-1041565::coord_noise_0.010A,mp-1041565,coord_noise_0.010A,coordinate_perturbation,mp-1008395::reference,mp-1008395,reference,0,0,8.549995254725218e-05
loose,mp-1041565::coord_noise_0.010A,mp-1041565,coord_noise_0.010A,coordinate_perturbation,mp-10064::reference,mp-10064,reference,0,0,7.312500383704901e-05
loose,mp-1041565::coord_noise_0.010A,mp-1041565,coord_noise_0.010A,coordinate_perturbation,mp-1021503::reference,mp-1021503,reference,0,0,8.504197467118502e-05
loose,mp-1041565::coord_noise_0.010A,mp-1041565,coord_noise_0.010A,coordinate_perturbation,mp-1008677::reference,mp-1008677,reference,0,0,0.0031631659949198365
loose,mp-1041565::coord_noise_0.010A,mp-1041565,coord_noise_0.010A,coordinate_perturbation,mp-1041565::reference,mp-1041565,reference,1,1,0.004895249963738024
loose,mp-1041565::coord_noise_0.020A,mp-1041565,coord_noise_0.020A,coordinate_perturbation,mp-1008374::reference,mp-1008374,reference,0,0,0.00012958399020135403
loose,mp-1041565::coord_noise_0.020A,mp-1041565,coord_noise_0.020A,coordinate_perturbation,mp-1008395::reference,mp-1008395,reference,0,0,0.0001041659852489829
loose,mp-1041565::coord_noise_0.020A,mp-1041565,coord_noise_0.020A,coordinate_perturbation,mp-10064::reference,mp-10064,reference,0,0,7.487507537007332e-05
loose,mp-1041565::coord_noise_0.020A,mp-1041565,coord_noise_0.020A,coordinate_perturbation,mp-1021503::reference,mp-1021503,reference,0,0,7.866602391004562e-05
loose,mp-1041565::coord_noise_0.020A,mp-1041565,coord_noise_0.020A,coordinate_perturbation,mp-1008677::reference,mp-1008677,reference,0,0,0.003240666934289038
loose,mp-1041565::coord_noise_0.020A,mp-1041565,coord_noise_0.020A,coordinate_perturbation,mp-1041565::reference,mp-1041565,reference,1,1,0.005036249989643693
loose,mp-1041565::lattice_noise_0.010,mp-1041565,lattice_noise_0.010,lattice_perturbation,mp-1008374::reference,mp-1008374,reference,0,0,0.00013591605238616467
loose,mp-1041565::lattice_noise_0.010,mp-1041565,lattice_noise_0.010,lattice_perturbation,mp-1008395::reference,mp-1008395,reference,0,0,0.00012508302461355925
loose,mp-1041565::lattice_noise_0.010,mp-1041565,lattice_noise_0.010,lattice_perturbation,mp-10064::reference,mp-10064,reference,0,0,8.058396633714437e-05
loose,mp-1041565::lattice_noise_0.010,mp-1041565,lattice_noise_0.010,lattice_perturbation,mp-1021503::reference,mp-1021503,reference,0,0,9.750004392117262e-05
loose,mp-1041565::lattice_noise_0.010,mp-1041565,lattice_noise_0.010,lattice_perturbation,mp-1008677::reference,mp-1008677,reference,0,0,0.0029402079526335
loose,mp-1041565::lattice_noise_0.010,mp-1041565,lattice_noise_0.010,lattice_perturbation,mp-1041565::reference,mp-1041565,reference,1,1,0.005776333040557802
loose,mp-1041565::combined_noise_0.020A_0.010,mp-1041565,combined_noise_0.020A_0.010,combined_perturbation,mp-1008374::reference,mp-1008374,reference,0,0,0.00010229204781353474
loose,mp-1041565::combined_noise_0.020A_0.010,mp-1041565,combined_noise_0.020A_0.010,combined_perturbation,mp-1008395::reference,mp-1008395,reference,0,0,7.029203698039055e-05
loose,mp-1041565::combined_noise_0.020A_0.010,mp-1041565,combined_noise_0.020A_0.010,combined_perturbation,mp-10064::reference,mp-10064,reference,0,0,7.070903666317463e-05
loose,mp-1041565::combined_noise_0.020A_0.010,mp-1041565,combined_noise_0.020A_0.010,combined_perturbation,mp-1021503::reference,mp-1021503,reference,0,0,7.737497799098492e-05
loose,mp-1041565::combined_noise_0.020A_0.010,mp-1041565,combined_noise_0.020A_0.010,combined_perturbation,mp-1008677::reference,mp-1008677,reference,0,1,0.0033206669613718987
loose,mp-1041565::combined_noise_0.020A_0.010,mp-1041565,combined_noise_0.020A_0.010,combined_perturbation,mp-1041565::reference,mp-1041565,reference,1,1,0.0045955420937389135
