split,bucket,entry_id,parent_id,material_id,formula,display_name,family_name,variant,variant_family,nsites,spacegroup_symbol,spacegroup_number,source,path
reference,medium,medium::mp-1008374::reference,mp-1008374,mp-1008374,C,mp-1008374,C,reference,reference,40,Cmmm,65,materials_project_supercell_5x2x1,structures/references/medium__mp-1008374__reference__mp-1008374.cif
reference,medium,medium::mp-1008395::reference,mp-1008395,mp-1008395,C,mp-1008395,C,reference,reference,40,I4/mmm,139,materials_project_supercell_5x2x1,structures/references/medium__mp-1008395__reference__mp-1008395.cif
reference,medium,medium::mp-1018088::reference,mp-1018088,mp-1018088,C,mp-1018088,C,reference,reference,40,I4_132,214,materials_project_supercell_5x2x1,structures/references/medium__mp-1018088__reference__mp-1018088.cif
reference,medium,medium::mp-1040425::reference,mp-1040425,mp-1040425,C,mp-1040425,C,reference,reference,40,P6/mmm,191,materials_project_supercell_5x2x2,structures/references/medium__mp-1040425__reference__mp-1040425.cif
reference,medium,medium::mp-1056957::reference,mp-1056957,mp-1056957,C,mp-1056957,C,reference,reference,40,Cmcm,63,materials_project_supercell_5x2x2,structures/references/medium__mp-1056957__reference__mp-1056957.cif
reference,medium,medium::mp-1078845::reference,mp-1078845,mp-1078845,C,mp-1078845,C,reference,reference,40,Cmmm,65,materials_project_supercell_5x1x1,structures/references/medium__mp-1078845__reference__mp-1078845.cif
reference,medium,medium::mp-1080826::reference,mp-1080826,mp-1080826,C,mp-1080826,C,reference,reference,40,C2/m,12,materials_project_supercell_5x1x1,structures/references/medium__mp-1080826__reference__mp-1080826.cif
reference,medium,medium::mp-1095534::reference,mp-1095534,mp-1095534,C,mp-1095534,C,reference,reference,48,I4/mmm,139,materials_project_supercell_2x2x1,structures/references/medium__mp-1095534__reference__mp-1095534.cif
reference,medium,medium::mp-1095633::reference,mp-1095633,mp-1095633,C,mp-1095633,C,reference,reference,48,I4/mmm,139,materials_project_supercell_2x2x1,structures/references/medium__mp-1095633__reference__mp-1095633.cif
reference,medium,medium::mp-1096869::reference,mp-1096869,mp-1096869,C,mp-1096869,C,reference,reference,71,Cm,8,materials_project,structures/references/medium__mp-1096869__reference__mp-1096869.cif
reference,medium,medium::mp-1097832::reference,mp-1097832,mp-1097832,C,mp-1097832,C,reference,reference,40,Cmcm,63,materials_project_supercell_5x2x2,structures/references/medium__mp-1097832__reference__mp-1097832.cif
reference,medium,medium::mp-1181996::reference,mp-1181996,mp-1181996,C,mp-1181996,C,reference,reference,40,I4/mmm,139,materials_project_supercell_5x4x2,structures/references/medium__mp-1181996__reference__mp-1181996.cif
reference,medium,medium::mp-1182029::reference,mp-1182029,mp-1182029,C,mp-1182029,C,reference,reference,40,P2/m,10,materials_project_supercell_5x4x2,structures/references/medium__mp-1182029__reference__mp-1182029.cif
reference,medium,medium::mp-1182684::reference,mp-1182684,mp-1182684,C,mp-1182684,C,reference,reference,80,P2_12_12_1,19,materials_project,structures/references/medium__mp-1182684__reference__mp-1182684.cif
reference,medium,medium::mp-1188817::reference,mp-1188817,mp-1188817,C,mp-1188817,C,reference,reference,40,Pm-3m,221,materials_project_supercell_2x1x1,structures/references/medium__mp-1188817__reference__mp-1188817.cif
reference,medium,medium::mp-1190171::reference,mp-1190171,mp-1190171,C,mp-1190171,C,reference,reference,48,Pnma,62,materials_project_supercell_3x1x1,structures/references/medium__mp-1190171__reference__mp-1190171.cif
reference,medium,medium::mp-1192619::reference,mp-1192619,mp-1192619,C,mp-1192619,C,reference,reference,58,I-43m,217,materials_project_supercell_2x1x1,structures/references/medium__mp-1192619__reference__mp-1192619.cif
reference,medium,medium::mp-1196857::reference,mp-1196857,mp-1196857,C,mp-1196857,C,reference,reference,52,Pnma,62,materials_project,structures/references/medium__mp-1196857__reference__mp-1196857.cif
reference,medium,medium::mp-1197903::reference,mp-1197903,mp-1197903,C,mp-1197903,C,reference,reference,80,P1,1,materials_project,structures/references/medium__mp-1197903__reference__mp-1197903.cif
reference,medium,medium::mp-1205417::reference,mp-1205417,mp-1205417,C,mp-1205417,C,reference,reference,40,I4/mmm,139,materials_project_supercell_2x1x1,structures/references/medium__mp-1205417__reference__mp-1205417.cif
reference,medium,medium::mp-10064::reference,mp-10064,mp-10064,SiO2,mp-10064,SiO2,reference,reference,45,Fm-3m,225,materials_project_supercell_5x3x1,structures/references/medium__mp-10064__reference__mp-10064.cif
reference,medium,medium::mp-1021503::reference,mp-1021503,mp-1021503,SiO2,mp-1021503,SiO2,reference,reference,48,Pn-3m,224,materials_project_supercell_2x2x2,structures/references/medium__mp-1021503__reference__mp-1021503.cif
reference,medium,medium::mp-1071820::reference,mp-1071820,mp-1071820,SiO2,mp-1071820,SiO2,reference,reference,48,Ibam,72,materials_project_supercell_2x2x2,structures/references/medium__mp-1071820__reference__mp-1071820.cif
reference,medium,medium::mp-10851::reference,mp-10851,mp-10851,SiO2,mp-10851,SiO2,reference,reference,45,P6_422,181,materials_project_supercell_5x1x1,structures/references/medium__mp-10851__reference__mp-10851.cif
reference,medium,medium::mp-10948::reference,mp-10948,mp-10948,SiO2,mp-10948,SiO2,reference,reference,48,Pbcn,60,materials_project_supercell_2x2x1,structures/references/medium__mp-10948__reference__mp-10948.cif
reference,medium,medium::mp-11684::reference,mp-11684,mp-11684,SiO2,mp-11684,SiO2,reference,reference,48,C2/c,15,materials_project_supercell_2x1x1,structures/references/medium__mp-11684__reference__mp-11684.cif
reference,medium,medium::mp-1179447::reference,mp-1179447,mp-1179447,SiO2,mp-1179447,SiO2,reference,reference,48,I4_1/amd,141,materials_project_supercell_2x1x1,structures/references/medium__mp-1179447__reference__mp-1179447.cif
reference,medium,medium::mp-1179454::reference,mp-1179454,mp-1179454,SiO2,mp-1179454,SiO2,reference,reference,48,I4/mmm,139,materials_project_supercell_2x2x1,structures/references/medium__mp-1179454__reference__mp-1179454.cif
reference,medium,medium::mp-1179488::reference,mp-1179488,mp-1179488,SiO2,mp-1179488,SiO2,reference,reference,84,C2/m,12,materials_project,structures/references/medium__mp-1179488__reference__mp-1179488.cif
reference,medium,medium::mp-1179529::reference,mp-1179529,mp-1179529,SiO2,mp-1179529,SiO2,reference,reference,72,P4_12_12,92,materials_project_supercell_2x1x1,structures/references/medium__mp-1179529__reference__mp-1179529.cif
reference,medium,medium::mp-1188220::reference,mp-1188220,mp-1188220,SiO2,mp-1188220,SiO2,reference,reference,54,I-43m,217,materials_project_supercell_3x1x1,structures/references/medium__mp-1188220__reference__mp-1188220.cif
reference,medium,medium::mp-1200685::reference,mp-1200685,mp-1200685,SiO2,mp-1200685,SiO2,reference,reference,48,C222,21,materials_project,structures/references/medium__mp-1200685__reference__mp-1200685.cif
reference,medium,medium::mp-1201738::reference,mp-1201738,mp-1201738,SiO2,mp-1201738,SiO2,reference,reference,96,P2_1/c,14,materials_project,structures/references/medium__mp-1201738__reference__mp-1201738.cif
reference,medium,medium::mp-1201887::reference,mp-1201887,mp-1201887,SiO2,mp-1201887,SiO2,reference,reference,72,P6/mcc,192,materials_project,structures/references/medium__mp-1201887__reference__mp-1201887.cif
reference,medium,medium::mp-1204070::reference,mp-1204070,mp-1204070,SiO2,mp-1204070,SiO2,reference,reference,54,P-1,2,materials_project,structures/references/medium__mp-1204070__reference__mp-1204070.cif
reference,medium,medium::mp-12350::reference,mp-12350,mp-12350,SiO2,mp-12350,SiO2,reference,reference,48,Fd-3m,227,materials_project_supercell_2x1x1,structures/references/medium__mp-12350__reference__mp-12350.cif
reference,medium,medium::mp-1244945::reference,mp-1244945,mp-1244945,SiO2,mp-1244945,SiO2,reference,reference,90,P1,1,materials_project,structures/references/medium__mp-1244945__reference__mp-1244945.cif
reference,medium,medium::mp-1248957::reference,mp-1248957,mp-1248957,SiO2,mp-1248957,SiO2,reference,reference,48,C2/m,12,materials_project,structures/references/medium__mp-1248957__reference__mp-1248957.cif
reference,medium,medium::mp-1249637::reference,mp-1249637,mp-1249637,SiO2,mp-1249637,SiO2,reference,reference,84,C2/m,12,materials_project,structures/references/medium__mp-1249637__reference__mp-1249637.cif
reference,medium,medium::mp-1249969::reference,mp-1249969,mp-1249969,SiO2,mp-1249969,SiO2,reference,reference,60,P-1,2,materials_project,structures/references/medium__mp-1249969__reference__mp-1249969.cif
reference,medium,medium::mp-1008677::reference,mp-1008677,mp-1008677,TiO2,mp-1008677,TiO2,reference,reference,45,Fm-3m,225,materials_project_supercell_5x3x1,structures/references/medium__mp-1008677__reference__mp-1008677.cif
reference,medium,medium::mp-1041565::reference,mp-1041565,mp-1041565,TiO2,mp-1041565,TiO2,reference,reference,48,Imma,74,materials_project_supercell_2x2x1,structures/references/medium__mp-1041565__reference__mp-1041565.cif
reference,medium,medium::mp-1044853::reference,mp-1044853,mp-1044853,TiO2,mp-1044853,TiO2,reference,reference,72,P3m1,156,materials_project_supercell_2x1x1,structures/references/medium__mp-1044853__reference__mp-1044853.cif
reference,medium,medium::mp-1079207::reference,mp-1079207,mp-1079207,TiO2,mp-1079207,TiO2,reference,reference,45,P-62m,189,materials_project_supercell_5x1x1,structures/references/medium__mp-1079207__reference__mp-1079207.cif
reference,medium,medium::mp-1101022::reference,mp-1101022,mp-1101022,TiO2,mp-1101022,TiO2,reference,reference,48,I4/m,87,materials_project_supercell_2x2x1,structures/references/medium__mp-1101022__reference__mp-1101022.cif
reference,medium,medium::mp-1102255::reference,mp-1102255,mp-1102255,TiO2,mp-1102255,TiO2,reference,reference,48,Pnma,62,materials_project_supercell_2x2x1,structures/references/medium__mp-1102255__reference__mp-1102255.cif
reference,medium,medium::mp-1102591::reference,mp-1102591,mp-1102591,TiO2,mp-1102591,TiO2,reference,reference,48,Pa-3,205,materials_project_supercell_2x2x1,structures/references/medium__mp-1102591__reference__mp-1102591.cif
reference,medium,medium::mp-1190753::reference,mp-1190753,mp-1190753,TiO2,mp-1190753,TiO2,reference,reference,48,Pbca,61,materials_project_supercell_2x1x1,structures/references/medium__mp-1190753__reference__mp-1190753.cif
reference,medium,medium::mp-1201727::reference,mp-1201727,mp-1201727,TiO2,mp-1201727,TiO2,reference,reference,48,Pnma,62,materials_project,structures/references/medium__mp-1201727__reference__mp-1201727.cif
reference,medium,medium::mp-1245098::reference,mp-1245098,mp-1245098,TiO2,mp-1245098,TiO2,reference,reference,90,P1,1,materials_project,structures/references/medium__mp-1245098__reference__mp-1245098.cif
reference,medium,medium::mp-1245134::reference,mp-1245134,mp-1245134,TiO2,mp-1245134,TiO2,reference,reference,90,P1,1,materials_project,structures/references/medium__mp-1245134__reference__mp-1245134.cif
reference,medium,medium::mp-1245308::reference,mp-1245308,mp-1245308,TiO2,mp-1245308,TiO2,reference,reference,90,P1,1,materials_project,structures/references/medium__mp-1245308__reference__mp-1245308.cif
reference,medium,medium::mp-1245321::reference,mp-1245321,mp-1245321,TiO2,mp-1245321,TiO2,reference,reference,90,P1,1,materials_project,structures/references/medium__mp-1245321__reference__mp-1245321.cif
reference,medium,medium::mp-1341203::reference,mp-1341203,mp-1341203,TiO2,mp-1341203,TiO2,reference,reference,48,Pmmn,59,materials_project_supercell_2x1x1,structures/references/medium__mp-1341203__reference__mp-1341203.cif
reference,medium,medium::mp-1350429::reference,mp-1350429,mp-1350429,TiO2,mp-1350429,TiO2,reference,reference,48,Cm,8,materials_project,structures/references/medium__mp-1350429__reference__mp-1350429.cif
reference,medium,medium::mp-1380335::reference,mp-1380335,mp-1380335,TiO2,mp-1380335,TiO2,reference,reference,72,P3m1,156,materials_project_supercell_2x1x1,structures/references/medium__mp-1380335__reference__mp-1380335.cif
reference,medium,medium::mp-1386640::reference,mp-1386640,mp-1386640,TiO2,mp-1386640,TiO2,reference,reference,48,Cmcm,63,materials_project_supercell_2x2x1,structures/references/medium__mp-1386640__reference__mp-1386640.cif
reference,medium,medium::mp-1400963::reference,mp-1400963,mp-1400963,TiO2,mp-1400963,TiO2,reference,reference,48,I4/m,87,materials_project_supercell_2x2x1,structures/references/medium__mp-1400963__reference__mp-1400963.cif
reference,medium,medium::mp-1408285::reference,mp-1408285,mp-1408285,TiO2,mp-1408285,TiO2,reference,reference,48,R3m,160,materials_project_supercell_2x2x1,structures/references/medium__mp-1408285__reference__mp-1408285.cif
reference,medium,medium::mp-1426806::reference,mp-1426806,mp-1426806,TiO2,mp-1426806,TiO2,reference,reference,45,R-3m,166,materials_project_supercell_5x3x1,structures/references/medium__mp-1426806__reference__mp-1426806.cif
query,medium,medium::mp-1008374::conventional_standard,mp-1008374,mp-1008374,C,mp-1008374,C,conventional_standard,equivalent_transform,8,Cmmm,65,materials_project_supercell_5x2x1,structures/queries/medium__mp-1008374__conventional_standard__mp-1008374.cif
query,medium,medium::mp-1008374::niggli_reduced,mp-1008374,mp-1008374,C,mp-1008374,C,niggli_reduced,equivalent_transform,40,Cmmm,65,materials_project_supercell_5x2x1,structures/queries/medium__mp-1008374__niggli_reduced__mp-1008374.cif
query,medium,medium::mp-1008374::origin_shifted,mp-1008374,mp-1008374,C,mp-1008374,C,origin_shifted,equivalent_transform,40,Cmmm,65,materials_project_supercell_5x2x1,structures/queries/medium__mp-1008374__origin_shifted__mp-1008374.cif
query,medium,medium::mp-1008374::permuted_sites,mp-1008374,mp-1008374,C,mp-1008374,C,permuted_sites,equivalent_transform,40,Cmmm,65,materials_project_supercell_5x2x1,structures/queries/medium__mp-1008374__permuted_sites__mp-1008374.cif
query,medium,medium::mp-1008374::combined_noise_0.002A_0.003,mp-1008374,mp-1008374,C,mp-1008374,C,combined_noise_0.002A_0.003,combined_perturbation,40,Cmmm,65,materials_project_supercell_5x2x1,structures/queries/medium__mp-1008374__combined_noise_0.002A_0.003__mp-1008374.cif
query,medium,medium::mp-1008374::combined_noise_0.015A_0.003,mp-1008374,mp-1008374,C,mp-1008374,C,combined_noise_0.015A_0.003,combined_perturbation,40,P1,1,materials_project_supercell_5x2x1,structures/queries/medium__mp-1008374__combined_noise_0.015A_0.003__mp-1008374.cif
query,medium,medium::mp-1008374::combined_noise_0.050A_0.003,mp-1008374,mp-1008374,C,mp-1008374,C,combined_noise_0.050A_0.003,combined_perturbation,40,P1,1,materials_project_supercell_5x2x1,structures/queries/medium__mp-1008374__combined_noise_0.050A_0.003__mp-1008374.cif
query,medium,medium::mp-1008374::combined_noise_0.002A_0.010,mp-1008374,mp-1008374,C,mp-1008374,C,combined_noise_0.002A_0.010,combined_perturbation,40,P2/m,10,materials_project_supercell_5x2x1,structures/queries/medium__mp-1008374__combined_noise_0.002A_0.010__mp-1008374.cif
query,medium,medium::mp-1008374::combined_noise_0.015A_0.010,mp-1008374,mp-1008374,C,mp-1008374,C,combined_noise_0.015A_0.010,combined_perturbation,40,P1,1,materials_project_supercell_5x2x1,structures/queries/medium__mp-1008374__combined_noise_0.015A_0.010__mp-1008374.cif
query,medium,medium::mp-1008374::combined_noise_0.050A_0.010,mp-1008374,mp-1008374,C,mp-1008374,C,combined_noise_0.050A_0.010,combined_perturbation,40,P1,1,materials_project_supercell_5x2x1,structures/queries/medium__mp-1008374__combined_noise_0.050A_0.010__mp-1008374.cif
query,medium,medium::mp-1008374::combined_noise_0.002A_0.030,mp-1008374,mp-1008374,C,mp-1008374,C,combined_noise_0.002A_0.030,combined_perturbation,40,P-1,2,materials_project_supercell_5x2x1,structures/queries/medium__mp-1008374__combined_noise_0.002A_0.030__mp-1008374.cif
query,medium,medium::mp-1008374::combined_noise_0.015A_0.030,mp-1008374,mp-1008374,C,mp-1008374,C,combined_noise_0.015A_0.030,combined_perturbation,40,P1,1,materials_project_supercell_5x2x1,structures/queries/medium__mp-1008374__combined_noise_0.015A_0.030__mp-1008374.cif
query,medium,medium::mp-1008374::combined_noise_0.050A_0.030,mp-1008374,mp-1008374,C,mp-1008374,C,combined_noise_0.050A_0.030,combined_perturbation,40,P1,1,materials_project_supercell_5x2x1,structures/queries/medium__mp-1008374__combined_noise_0.050A_0.030__mp-1008374.cif
query,medium,medium::mp-1008395::conventional_standard,mp-1008395,mp-1008395,C,mp-1008395,C,conventional_standard,equivalent_transform,8,I4/mmm,139,materials_project_supercell_5x2x1,structures/queries/medium__mp-1008395__conventional_standard__mp-1008395.cif
query,medium,medium::mp-1008395::niggli_reduced,mp-1008395,mp-1008395,C,mp-1008395,C,niggli_reduced,equivalent_transform,40,I4/mmm,139,materials_project_supercell_5x2x1,structures/queries/medium__mp-1008395__niggli_reduced__mp-1008395.cif
query,medium,medium::mp-1008395::origin_shifted,mp-1008395,mp-1008395,C,mp-1008395,C,origin_shifted,equivalent_transform,40,I4/mmm,139,materials_project_supercell_5x2x1,structures/queries/medium__mp-1008395__origin_shifted__mp-1008395.cif
query,medium,medium::mp-1008395::permuted_sites,mp-1008395,mp-1008395,C,mp-1008395,C,permuted_sites,equivalent_transform,40,I4/mmm,139,materials_project_supercell_5x2x1,structures/queries/medium__mp-1008395__permuted_sites__mp-1008395.cif
query,medium,medium::mp-1008395::combined_noise_0.002A_0.003,mp-1008395,mp-1008395,C,mp-1008395,C,combined_noise_0.002A_0.003,combined_perturbation,40,I4/mmm,139,materials_project_supercell_5x2x1,structures/queries/medium__mp-1008395__combined_noise_0.002A_0.003__mp-1008395.cif
query,medium,medium::mp-1008395::combined_noise_0.015A_0.003,mp-1008395,mp-1008395,C,mp-1008395,C,combined_noise_0.015A_0.003,combined_perturbation,40,P1,1,materials_project_supercell_5x2x1,structures/queries/medium__mp-1008395__combined_noise_0.015A_0.003__mp-1008395.cif
query,medium,medium::mp-1008395::combined_noise_0.050A_0.003,mp-1008395,mp-1008395,C,mp-1008395,C,combined_noise_0.050A_0.003,combined_perturbation,40,P1,1,materials_project_supercell_5x2x1,structures/queries/medium__mp-1008395__combined_noise_0.050A_0.003__mp-1008395.cif
query,medium,medium::mp-1008395::combined_noise_0.002A_0.010,mp-1008395,mp-1008395,C,mp-1008395,C,combined_noise_0.002A_0.010,combined_perturbation,40,I4/mmm,139,materials_project_supercell_5x2x1,structures/queries/medium__mp-1008395__combined_noise_0.002A_0.010__mp-1008395.cif
query,medium,medium::mp-1008395::combined_noise_0.015A_0.010,mp-1008395,mp-1008395,C,mp-1008395,C,combined_noise_0.015A_0.010,combined_perturbation,40,P1,1,materials_project_supercell_5x2x1,structures/queries/medium__mp-1008395__combined_noise_0.015A_0.010__mp-1008395.cif
query,medium,medium::mp-1008395::combined_noise_0.050A_0.010,mp-1008395,mp-1008395,C,mp-1008395,C,combined_noise_0.050A_0.010,combined_perturbation,40,P1,1,materials_project_supercell_5x2x1,structures/queries/medium__mp-1008395__combined_noise_0.050A_0.010__mp-1008395.cif
query,medium,medium::mp-1008395::combined_noise_0.002A_0.030,mp-1008395,mp-1008395,C,mp-1008395,C,combined_noise_0.002A_0.030,combined_perturbation,40,I4/mmm,139,materials_project_supercell_5x2x1,structures/queries/medium__mp-1008395__combined_noise_0.002A_0.030__mp-1008395.cif
query,medium,medium::mp-1008395::combined_noise_0.015A_0.030,mp-1008395,mp-1008395,C,mp-1008395,C,combined_noise_0.015A_0.030,combined_perturbation,40,P1,1,materials_project_supercell_5x2x1,structures/queries/medium__mp-1008395__combined_noise_0.015A_0.030__mp-1008395.cif
query,medium,medium::mp-1008395::combined_noise_0.050A_0.030,mp-1008395,mp-1008395,C,mp-1008395,C,combined_noise_0.050A_0.030,combined_perturbation,40,P1,1,materials_project_supercell_5x2x1,structures/queries/medium__mp-1008395__combined_noise_0.050A_0.030__mp-1008395.cif
query,medium,medium::mp-1018088::conventional_standard,mp-1018088,mp-1018088,C,mp-1018088,C,conventional_standard,equivalent_transform,8,I4_132,214,materials_project_supercell_5x2x1,structures/queries/medium__mp-1018088__conventional_standard__mp-1018088.cif
query,medium,medium::mp-1018088::niggli_reduced,mp-1018088,mp-1018088,C,mp-1018088,C,niggli_reduced,equivalent_transform,40,I4_132,214,materials_project_supercell_5x2x1,structures/queries/medium__mp-1018088__niggli_reduced__mp-1018088.cif
query,medium,medium::mp-1018088::origin_shifted,mp-1018088,mp-1018088,C,mp-1018088,C,origin_shifted,equivalent_transform,40,I4_132,214,materials_project_supercell_5x2x1,structures/queries/medium__mp-1018088__origin_shifted__mp-1018088.cif
query,medium,medium::mp-1018088::permuted_sites,mp-1018088,mp-1018088,C,mp-1018088,C,permuted_sites,equivalent_transform,40,I4_132,214,materials_project_supercell_5x2x1,structures/queries/medium__mp-1018088__permuted_sites__mp-1018088.cif
query,medium,medium::mp-1018088::combined_noise_0.002A_0.003,mp-1018088,mp-1018088,C,mp-1018088,C,combined_noise_0.002A_0.003,combined_perturbation,40,I4_132,214,materials_project_supercell_5x2x1,structures/queries/medium__mp-1018088__combined_noise_0.002A_0.003__mp-1018088.cif
query,medium,medium::mp-1018088::combined_noise_0.015A_0.003,mp-1018088,mp-1018088,C,mp-1018088,C,combined_noise_0.015A_0.003,combined_perturbation,40,P1,1,materials_project_supercell_5x2x1,structures/queries/medium__mp-1018088__combined_noise_0.015A_0.003__mp-1018088.cif
query,medium,medium::mp-1018088::combined_noise_0.050A_0.003,mp-1018088,mp-1018088,C,mp-1018088,C,combined_noise_0.050A_0.003,combined_perturbation,40,P1,1,materials_project_supercell_5x2x1,structures/queries/medium__mp-1018088__combined_noise_0.050A_0.003__mp-1018088.cif
query,medium,medium::mp-1018088::combined_noise_0.002A_0.010,mp-1018088,mp-1018088,C,mp-1018088,C,combined_noise_0.002A_0.010,combined_perturbation,40,I4_132,214,materials_project_supercell_5x2x1,structures/queries/medium__mp-1018088__combined_noise_0.002A_0.010__mp-1018088.cif
query,medium,medium::mp-1018088::combined_noise_0.015A_0.010,mp-1018088,mp-1018088,C,mp-1018088,C,combined_noise_0.015A_0.010,combined_perturbation,40,P1,1,materials_project_supercell_5x2x1,structures/queries/medium__mp-1018088__combined_noise_0.015A_0.010__mp-1018088.cif
query,medium,medium::mp-1018088::combined_noise_0.050A_0.010,mp-1018088,mp-1018088,C,mp-1018088,C,combined_noise_0.050A_0.010,combined_perturbation,40,P1,1,materials_project_supercell_5x2x1,structures/queries/medium__mp-1018088__combined_noise_0.050A_0.010__mp-1018088.cif
query,medium,medium::mp-1018088::combined_noise_0.002A_0.030,mp-1018088,mp-1018088,C,mp-1018088,C,combined_noise_0.002A_0.030,combined_perturbation,40,P1,1,materials_project_supercell_5x2x1,structures/queries/medium__mp-1018088__combined_noise_0.002A_0.030__mp-1018088.cif
query,medium,medium::mp-1018088::combined_noise_0.015A_0.030,mp-1018088,mp-1018088,C,mp-1018088,C,combined_noise_0.015A_0.030,combined_perturbation,40,P1,1,materials_project_supercell_5x2x1,structures/queries/medium__mp-1018088__combined_noise_0.015A_0.030__mp-1018088.cif
query,medium,medium::mp-1018088::combined_noise_0.050A_0.030,mp-1018088,mp-1018088,C,mp-1018088,C,combined_noise_0.050A_0.030,combined_perturbation,40,P1,1,materials_project_supercell_5x2x1,structures/queries/medium__mp-1018088__combined_noise_0.050A_0.030__mp-1018088.cif
query,medium,medium::mp-1040425::conventional_standard,mp-1040425,mp-1040425,C,mp-1040425,C,conventional_standard,equivalent_transform,2,P6/mmm,191,materials_project_supercell_5x2x2,structures/queries/medium__mp-1040425__conventional_standard__mp-1040425.cif
query,medium,medium::mp-1040425::niggli_reduced,mp-1040425,mp-1040425,C,mp-1040425,C,niggli_reduced,equivalent_transform,40,P6/mmm,191,materials_project_supercell_5x2x2,structures/queries/medium__mp-1040425__niggli_reduced__mp-1040425.cif
query,medium,medium::mp-1040425::origin_shifted,mp-1040425,mp-1040425,C,mp-1040425,C,origin_shifted,equivalent_transform,40,P6/mmm,191,materials_project_supercell_5x2x2,structures/queries/medium__mp-1040425__origin_shifted__mp-1040425.cif
query,medium,medium::mp-1040425::permuted_sites,mp-1040425,mp-1040425,C,mp-1040425,C,permuted_sites,equivalent_transform,40,P6/mmm,191,materials_project_supercell_5x2x2,structures/queries/medium__mp-1040425__permuted_sites__mp-1040425.cif
query,medium,medium::mp-1040425::combined_noise_0.002A_0.003,mp-1040425,mp-1040425,C,mp-1040425,C,combined_noise_0.002A_0.003,combined_perturbation,40,Cmmm,65,materials_project_supercell_5x2x2,structures/queries/medium__mp-1040425__combined_noise_0.002A_0.003__mp-1040425.cif
query,medium,medium::mp-1040425::combined_noise_0.015A_0.003,mp-1040425,mp-1040425,C,mp-1040425,C,combined_noise_0.015A_0.003,combined_perturbation,40,P1,1,materials_project_supercell_5x2x2,structures/queries/medium__mp-1040425__combined_noise_0.015A_0.003__mp-1040425.cif
query,medium,medium::mp-1040425::combined_noise_0.050A_0.003,mp-1040425,mp-1040425,C,mp-1040425,C,combined_noise_0.050A_0.003,combined_perturbation,40,P1,1,materials_project_supercell_5x2x2,structures/queries/medium__mp-1040425__combined_noise_0.050A_0.003__mp-1040425.cif
query,medium,medium::mp-1040425::combined_noise_0.002A_0.010,mp-1040425,mp-1040425,C,mp-1040425,C,combined_noise_0.002A_0.010,combined_perturbation,40,Cmmm,65,materials_project_supercell_5x2x2,structures/queries/medium__mp-1040425__combined_noise_0.002A_0.010__mp-1040425.cif
query,medium,medium::mp-1040425::combined_noise_0.015A_0.010,mp-1040425,mp-1040425,C,mp-1040425,C,combined_noise_0.015A_0.010,combined_perturbation,40,P1,1,materials_project_supercell_5x2x2,structures/queries/medium__mp-1040425__combined_noise_0.015A_0.010__mp-1040425.cif
query,medium,medium::mp-1040425::combined_noise_0.050A_0.010,mp-1040425,mp-1040425,C,mp-1040425,C,combined_noise_0.050A_0.010,combined_perturbation,40,P1,1,materials_project_supercell_5x2x2,structures/queries/medium__mp-1040425__combined_noise_0.050A_0.010__mp-1040425.cif
query,medium,medium::mp-1040425::combined_noise_0.002A_0.030,mp-1040425,mp-1040425,C,mp-1040425,C,combined_noise_0.002A_0.030,combined_perturbation,40,P-1,2,materials_project_supercell_5x2x2,structures/queries/medium__mp-1040425__combined_noise_0.002A_0.030__mp-1040425.cif
query,medium,medium::mp-1040425::combined_noise_0.015A_0.030,mp-1040425,mp-1040425,C,mp-1040425,C,combined_noise_0.015A_0.030,combined_perturbation,40,P1,1,materials_project_supercell_5x2x2,structures/queries/medium__mp-1040425__combined_noise_0.015A_0.030__mp-1040425.cif
query,medium,medium::mp-1040425::combined_noise_0.050A_0.030,mp-1040425,mp-1040425,C,mp-1040425,C,combined_noise_0.050A_0.030,combined_perturbation,40,P1,1,materials_project_supercell_5x2x2,structures/queries/medium__mp-1040425__combined_noise_0.050A_0.030__mp-1040425.cif
query,medium,medium::mp-1056957::conventional_standard,mp-1056957,mp-1056957,C,mp-1056957,C,conventional_standard,equivalent_transform,4,Cmcm,63,materials_project_supercell_5x2x2,structures/queries/medium__mp-1056957__conventional_standard__mp-1056957.cif
query,medium,medium::mp-1056957::niggli_reduced,mp-1056957,mp-1056957,C,mp-1056957,C,niggli_reduced,equivalent_transform,40,Cmcm,63,materials_project_supercell_5x2x2,structures/queries/medium__mp-1056957__niggli_reduced__mp-1056957.cif
query,medium,medium::mp-1056957::origin_shifted,mp-1056957,mp-1056957,C,mp-1056957,C,origin_shifted,equivalent_transform,40,Cmcm,63,materials_project_supercell_5x2x2,structures/queries/medium__mp-1056957__origin_shifted__mp-1056957.cif
query,medium,medium::mp-1056957::permuted_sites,mp-1056957,mp-1056957,C,mp-1056957,C,permuted_sites,equivalent_transform,40,Cmcm,63,materials_project_supercell_5x2x2,structures/queries/medium__mp-1056957__permuted_sites__mp-1056957.cif
query,medium,medium::mp-1056957::combined_noise_0.002A_0.003,mp-1056957,mp-1056957,C,mp-1056957,C,combined_noise_0.002A_0.003,combined_perturbation,40,P1,1,materials_project_supercell_5x2x2,structures/queries/medium__mp-1056957__combined_noise_0.002A_0.003__mp-1056957.cif
query,medium,medium::mp-1056957::combined_noise_0.015A_0.003,mp-1056957,mp-1056957,C,mp-1056957,C,combined_noise_0.015A_0.003,combined_perturbation,40,P1,1,materials_project_supercell_5x2x2,structures/queries/medium__mp-1056957__combined_noise_0.015A_0.003__mp-1056957.cif
query,medium,medium::mp-1056957::combined_noise_0.050A_0.003,mp-1056957,mp-1056957,C,mp-1056957,C,combined_noise_0.050A_0.003,combined_perturbation,40,P1,1,materials_project_supercell_5x2x2,structures/queries/medium__mp-1056957__combined_noise_0.050A_0.003__mp-1056957.cif
query,medium,medium::mp-1056957::combined_noise_0.002A_0.010,mp-1056957,mp-1056957,C,mp-1056957,C,combined_noise_0.002A_0.010,combined_perturbation,40,Cmcm,63,materials_project_supercell_5x2x2,structures/queries/medium__mp-1056957__combined_noise_0.002A_0.010__mp-1056957.cif
query,medium,medium::mp-1056957::combined_noise_0.015A_0.010,mp-1056957,mp-1056957,C,mp-1056957,C,combined_noise_0.015A_0.010,combined_perturbation,40,P1,1,materials_project_supercell_5x2x2,structures/queries/medium__mp-1056957__combined_noise_0.015A_0.010__mp-1056957.cif
query,medium,medium::mp-1056957::combined_noise_0.050A_0.010,mp-1056957,mp-1056957,C,mp-1056957,C,combined_noise_0.050A_0.010,combined_perturbation,40,P1,1,materials_project_supercell_5x2x2,structures/queries/medium__mp-1056957__combined_noise_0.050A_0.010__mp-1056957.cif
query,medium,medium::mp-1056957::combined_noise_0.002A_0.030,mp-1056957,mp-1056957,C,mp-1056957,C,combined_noise_0.002A_0.030,combined_perturbation,40,Cmcm,63,materials_project_supercell_5x2x2,structures/queries/medium__mp-1056957__combined_noise_0.002A_0.030__mp-1056957.cif
query,medium,medium::mp-1056957::combined_noise_0.015A_0.030,mp-1056957,mp-1056957,C,mp-1056957,C,combined_noise_0.015A_0.030,combined_perturbation,40,P1,1,materials_project_supercell_5x2x2,structures/queries/medium__mp-1056957__combined_noise_0.015A_0.030__mp-1056957.cif
query,medium,medium::mp-1056957::combined_noise_0.050A_0.030,mp-1056957,mp-1056957,C,mp-1056957,C,combined_noise_0.050A_0.030,combined_perturbation,40,P1,1,materials_project_supercell_5x2x2,structures/queries/medium__mp-1056957__combined_noise_0.050A_0.030__mp-1056957.cif
query,medium,medium::mp-1078845::conventional_standard,mp-1078845,mp-1078845,C,mp-1078845,C,conventional_standard,equivalent_transform,16,Cmmm,65,materials_project_supercell_5x1x1,structures/queries/medium__mp-1078845__conventional_standard__mp-1078845.cif
query,medium,medium::mp-1078845::niggli_reduced,mp-1078845,mp-1078845,C,mp-1078845,C,niggli_reduced,equivalent_transform,40,Cmmm,65,materials_project_supercell_5x1x1,structures/queries/medium__mp-1078845__niggli_reduced__mp-1078845.cif
query,medium,medium::mp-1078845::origin_shifted,mp-1078845,mp-1078845,C,mp-1078845,C,origin_shifted,equivalent_transform,40,Cmmm,65,materials_project_supercell_5x1x1,structures/queries/medium__mp-1078845__origin_shifted__mp-1078845.cif
query,medium,medium::mp-1078845::permuted_sites,mp-1078845,mp-1078845,C,mp-1078845,C,permuted_sites,equivalent_transform,40,Cmmm,65,materials_project_supercell_5x1x1,structures/queries/medium__mp-1078845__permuted_sites__mp-1078845.cif
query,medium,medium::mp-1078845::combined_noise_0.002A_0.003,mp-1078845,mp-1078845,C,mp-1078845,C,combined_noise_0.002A_0.003,combined_perturbation,40,Cmmm,65,materials_project_supercell_5x1x1,structures/queries/medium__mp-1078845__combined_noise_0.002A_0.003__mp-1078845.cif
query,medium,medium::mp-1078845::combined_noise_0.015A_0.003,mp-1078845,mp-1078845,C,mp-1078845,C,combined_noise_0.015A_0.003,combined_perturbation,40,P1,1,materials_project_supercell_5x1x1,structures/queries/medium__mp-1078845__combined_noise_0.015A_0.003__mp-1078845.cif
query,medium,medium::mp-1078845::combined_noise_0.050A_0.003,mp-1078845,mp-1078845,C,mp-1078845,C,combined_noise_0.050A_0.003,combined_perturbation,40,P1,1,materials_project_supercell_5x1x1,structures/queries/medium__mp-1078845__combined_noise_0.050A_0.003__mp-1078845.cif
query,medium,medium::mp-1078845::combined_noise_0.002A_0.010,mp-1078845,mp-1078845,C,mp-1078845,C,combined_noise_0.002A_0.010,combined_perturbation,40,Cmmm,65,materials_project_supercell_5x1x1,structures/queries/medium__mp-1078845__combined_noise_0.002A_0.010__mp-1078845.cif
query,medium,medium::mp-1078845::combined_noise_0.015A_0.010,mp-1078845,mp-1078845,C,mp-1078845,C,combined_noise_0.015A_0.010,combined_perturbation,40,P1,1,materials_project_supercell_5x1x1,structures/queries/medium__mp-1078845__combined_noise_0.015A_0.010__mp-1078845.cif
query,medium,medium::mp-1078845::combined_noise_0.050A_0.010,mp-1078845,mp-1078845,C,mp-1078845,C,combined_noise_0.050A_0.010,combined_perturbation,40,P1,1,materials_project_supercell_5x1x1,structures/queries/medium__mp-1078845__combined_noise_0.050A_0.010__mp-1078845.cif
query,medium,medium::mp-1078845::combined_noise_0.002A_0.030,mp-1078845,mp-1078845,C,mp-1078845,C,combined_noise_0.002A_0.030,combined_perturbation,40,Cmmm,65,materials_project_supercell_5x1x1,structures/queries/medium__mp-1078845__combined_noise_0.002A_0.030__mp-1078845.cif
query,medium,medium::mp-1078845::combined_noise_0.015A_0.030,mp-1078845,mp-1078845,C,mp-1078845,C,combined_noise_0.015A_0.030,combined_perturbation,40,P1,1,materials_project_supercell_5x1x1,structures/queries/medium__mp-1078845__combined_noise_0.015A_0.030__mp-1078845.cif
query,medium,medium::mp-1078845::combined_noise_0.050A_0.030,mp-1078845,mp-1078845,C,mp-1078845,C,combined_noise_0.050A_0.030,combined_perturbation,40,P1,1,materials_project_supercell_5x1x1,structures/queries/medium__mp-1078845__combined_noise_0.050A_0.030__mp-1078845.cif
query,medium,medium::mp-1080826::conventional_standard,mp-1080826,mp-1080826,C,mp-1080826,C,conventional_standard,equivalent_transform,16,C2/m,12,materials_project_supercell_5x1x1,structures/queries/medium__mp-1080826__conventional_standard__mp-1080826.cif
query,medium,medium::mp-1080826::niggli_reduced,mp-1080826,mp-1080826,C,mp-1080826,C,niggli_reduced,equivalent_transform,40,C2/m,12,materials_project_supercell_5x1x1,structures/queries/medium__mp-1080826__niggli_reduced__mp-1080826.cif
query,medium,medium::mp-1080826::origin_shifted,mp-1080826,mp-1080826,C,mp-1080826,C,origin_shifted,equivalent_transform,40,C2/m,12,materials_project_supercell_5x1x1,structures/queries/medium__mp-1080826__origin_shifted__mp-1080826.cif
query,medium,medium::mp-1080826::permuted_sites,mp-1080826,mp-1080826,C,mp-1080826,C,permuted_sites,equivalent_transform,40,C2/m,12,materials_project_supercell_5x1x1,structures/queries/medium__mp-1080826__permuted_sites__mp-1080826.cif
query,medium,medium::mp-1080826::combined_noise_0.002A_0.003,mp-1080826,mp-1080826,C,mp-1080826,C,combined_noise_0.002A_0.003,combined_perturbation,40,C2/m,12,materials_project_supercell_5x1x1,structures/queries/medium__mp-1080826__combined_noise_0.002A_0.003__mp-1080826.cif
query,medium,medium::mp-1080826::combined_noise_0.015A_0.003,mp-1080826,mp-1080826,C,mp-1080826,C,combined_noise_0.015A_0.003,combined_perturbation,40,P1,1,materials_project_supercell_5x1x1,structures/queries/medium__mp-1080826__combined_noise_0.015A_0.003__mp-1080826.cif
query,medium,medium::mp-1080826::combined_noise_0.050A_0.003,mp-1080826,mp-1080826,C,mp-1080826,C,combined_noise_0.050A_0.003,combined_perturbation,40,P1,1,materials_project_supercell_5x1x1,structures/queries/medium__mp-1080826__combined_noise_0.050A_0.003__mp-1080826.cif
query,medium,medium::mp-1080826::combined_noise_0.002A_0.010,mp-1080826,mp-1080826,C,mp-1080826,C,combined_noise_0.002A_0.010,combined_perturbation,40,P1,1,materials_project_supercell_5x1x1,structures/queries/medium__mp-1080826__combined_noise_0.002A_0.010__mp-1080826.cif
query,medium,medium::mp-1080826::combined_noise_0.015A_0.010,mp-1080826,mp-1080826,C,mp-1080826,C,combined_noise_0.015A_0.010,combined_perturbation,40,P1,1,materials_project_supercell_5x1x1,structures/queries/medium__mp-1080826__combined_noise_0.015A_0.010__mp-1080826.cif
query,medium,medium::mp-1080826::combined_noise_0.050A_0.010,mp-1080826,mp-1080826,C,mp-1080826,C,combined_noise_0.050A_0.010,combined_perturbation,40,P1,1,materials_project_supercell_5x1x1,structures/queries/medium__mp-1080826__combined_noise_0.050A_0.010__mp-1080826.cif
query,medium,medium::mp-1080826::combined_noise_0.002A_0.030,mp-1080826,mp-1080826,C,mp-1080826,C,combined_noise_0.002A_0.030,combined_perturbation,40,C2/m,12,materials_project_supercell_5x1x1,structures/queries/medium__mp-1080826__combined_noise_0.002A_0.030__mp-1080826.cif
query,medium,medium::mp-1080826::combined_noise_0.015A_0.030,mp-1080826,mp-1080826,C,mp-1080826,C,combined_noise_0.015A_0.030,combined_perturbation,40,P1,1,materials_project_supercell_5x1x1,structures/queries/medium__mp-1080826__combined_noise_0.015A_0.030__mp-1080826.cif
query,medium,medium::mp-1080826::combined_noise_0.050A_0.030,mp-1080826,mp-1080826,C,mp-1080826,C,combined_noise_0.050A_0.030,combined_perturbation,40,P1,1,materials_project_supercell_5x1x1,structures/queries/medium__mp-1080826__combined_noise_0.050A_0.030__mp-1080826.cif
query,medium,medium::mp-1095534::conventional_standard,mp-1095534,mp-1095534,C,mp-1095534,C,conventional_standard,equivalent_transform,24,I4/mmm,139,materials_project_supercell_2x2x1,structures/queries/medium__mp-1095534__conventional_standard__mp-1095534.cif
query,medium,medium::mp-1095534::niggli_reduced,mp-1095534,mp-1095534,C,mp-1095534,C,niggli_reduced,equivalent_transform,48,I4/mmm,139,materials_project_supercell_2x2x1,structures/queries/medium__mp-1095534__niggli_reduced__mp-1095534.cif
query,medium,medium::mp-1095534::origin_shifted,mp-1095534,mp-1095534,C,mp-1095534,C,origin_shifted,equivalent_transform,48,I4/mmm,139,materials_project_supercell_2x2x1,structures/queries/medium__mp-1095534__origin_shifted__mp-1095534.cif
query,medium,medium::mp-1095534::permuted_sites,mp-1095534,mp-1095534,C,mp-1095534,C,permuted_sites,equivalent_transform,48,I4/mmm,139,materials_project_supercell_2x2x1,structures/queries/medium__mp-1095534__permuted_sites__mp-1095534.cif
query,medium,medium::mp-1095534::combined_noise_0.002A_0.003,mp-1095534,mp-1095534,C,mp-1095534,C,combined_noise_0.002A_0.003,combined_perturbation,48,P-1,2,materials_project_supercell_2x2x1,structures/queries/medium__mp-1095534__combined_noise_0.002A_0.003__mp-1095534.cif
query,medium,medium::mp-1095534::combined_noise_0.015A_0.003,mp-1095534,mp-1095534,C,mp-1095534,C,combined_noise_0.015A_0.003,combined_perturbation,48,P1,1,materials_project_supercell_2x2x1,structures/queries/medium__mp-1095534__combined_noise_0.015A_0.003__mp-1095534.cif
query,medium,medium::mp-1095534::combined_noise_0.050A_0.003,mp-1095534,mp-1095534,C,mp-1095534,C,combined_noise_0.050A_0.003,combined_perturbation,48,P1,1,materials_project_supercell_2x2x1,structures/queries/medium__mp-1095534__combined_noise_0.050A_0.003__mp-1095534.cif
query,medium,medium::mp-1095534::combined_noise_0.002A_0.010,mp-1095534,mp-1095534,C,mp-1095534,C,combined_noise_0.002A_0.010,combined_perturbation,48,C2,5,materials_project_supercell_2x2x1,structures/queries/medium__mp-1095534__combined_noise_0.002A_0.010__mp-1095534.cif
query,medium,medium::mp-1095534::combined_noise_0.015A_0.010,mp-1095534,mp-1095534,C,mp-1095534,C,combined_noise_0.015A_0.010,combined_perturbation,48,P1,1,materials_project_supercell_2x2x1,structures/queries/medium__mp-1095534__combined_noise_0.015A_0.010__mp-1095534.cif
query,medium,medium::mp-1095534::combined_noise_0.050A_0.010,mp-1095534,mp-1095534,C,mp-1095534,C,combined_noise_0.050A_0.010,combined_perturbation,48,P1,1,materials_project_supercell_2x2x1,structures/queries/medium__mp-1095534__combined_noise_0.050A_0.010__mp-1095534.cif
query,medium,medium::mp-1095534::combined_noise_0.002A_0.030,mp-1095534,mp-1095534,C,mp-1095534,C,combined_noise_0.002A_0.030,combined_perturbation,48,P-1,2,materials_project_supercell_2x2x1,structures/queries/medium__mp-1095534__combined_noise_0.002A_0.030__mp-1095534.cif
query,medium,medium::mp-1095534::combined_noise_0.015A_0.030,mp-1095534,mp-1095534,C,mp-1095534,C,combined_noise_0.015A_0.030,combined_perturbation,48,P1,1,materials_project_supercell_2x2x1,structures/queries/medium__mp-1095534__combined_noise_0.015A_0.030__mp-1095534.cif
query,medium,medium::mp-1095534::combined_noise_0.050A_0.030,mp-1095534,mp-1095534,C,mp-1095534,C,combined_noise_0.050A_0.030,combined_perturbation,48,P1,1,materials_project_supercell_2x2x1,structures/queries/medium__mp-1095534__combined_noise_0.050A_0.030__mp-1095534.cif
query,medium,medium::mp-1095633::conventional_standard,mp-1095633,mp-1095633,C,mp-1095633,C,conventional_standard,equivalent_transform,24,I4/mmm,139,materials_project_supercell_2x2x1,structures/queries/medium__mp-1095633__conventional_standard__mp-1095633.cif
query,medium,medium::mp-1095633::niggli_reduced,mp-1095633,mp-1095633,C,mp-1095633,C,niggli_reduced,equivalent_transform,48,I4/mmm,139,materials_project_supercell_2x2x1,structures/queries/medium__mp-1095633__niggli_reduced__mp-1095633.cif
query,medium,medium::mp-1095633::origin_shifted,mp-1095633,mp-1095633,C,mp-1095633,C,origin_shifted,equivalent_transform,48,I4/mmm,139,materials_project_supercell_2x2x1,structures/queries/medium__mp-1095633__origin_shifted__mp-1095633.cif
query,medium,medium::mp-1095633::permuted_sites,mp-1095633,mp-1095633,C,mp-1095633,C,permuted_sites,equivalent_transform,48,I4/mmm,139,materials_project_supercell_2x2x1,structures/queries/medium__mp-1095633__permuted_sites__mp-1095633.cif
query,medium,medium::mp-1095633::combined_noise_0.002A_0.003,mp-1095633,mp-1095633,C,mp-1095633,C,combined_noise_0.002A_0.003,combined_perturbation,48,P-1,2,materials_project_supercell_2x2x1,structures/queries/medium__mp-1095633__combined_noise_0.002A_0.003__mp-1095633.cif
query,medium,medium::mp-1095633::combined_noise_0.015A_0.003,mp-1095633,mp-1095633,C,mp-1095633,C,combined_noise_0.015A_0.003,combined_perturbation,48,P1,1,materials_project_supercell_2x2x1,structures/queries/medium__mp-1095633__combined_noise_0.015A_0.003__mp-1095633.cif
query,medium,medium::mp-1095633::combined_noise_0.050A_0.003,mp-1095633,mp-1095633,C,mp-1095633,C,combined_noise_0.050A_0.003,combined_perturbation,48,P1,1,materials_project_supercell_2x2x1,structures/queries/medium__mp-1095633__combined_noise_0.050A_0.003__mp-1095633.cif
query,medium,medium::mp-1095633::combined_noise_0.002A_0.010,mp-1095633,mp-1095633,C,mp-1095633,C,combined_noise_0.002A_0.010,combined_perturbation,48,P-1,2,materials_project_supercell_2x2x1,structures/queries/medium__mp-1095633__combined_noise_0.002A_0.010__mp-1095633.cif
query,medium,medium::mp-1095633::combined_noise_0.015A_0.010,mp-1095633,mp-1095633,C,mp-1095633,C,combined_noise_0.015A_0.010,combined_perturbation,48,P1,1,materials_project_supercell_2x2x1,structures/queries/medium__mp-1095633__combined_noise_0.015A_0.010__mp-1095633.cif
query,medium,medium::mp-1095633::combined_noise_0.050A_0.010,mp-1095633,mp-1095633,C,mp-1095633,C,combined_noise_0.050A_0.010,combined_perturbation,48,P1,1,materials_project_supercell_2x2x1,structures/queries/medium__mp-1095633__combined_noise_0.050A_0.010__mp-1095633.cif
query,medium,medium::mp-1095633::combined_noise_0.002A_0.030,mp-1095633,mp-1095633,C,mp-1095633,C,combined_noise_0.002A_0.030,combined_perturbation,48,P1,1,materials_project_supercell_2x2x1,structures/queries/medium__mp-1095633__combined_noise_0.002A_0.030__mp-1095633.cif
query,medium,medium::mp-1095633::combined_noise_0.015A_0.030,mp-1095633,mp-1095633,C,mp-1095633,C,combined_noise_0.015A_0.030,combined_perturbation,48,P1,1,materials_project_supercell_2x2x1,structures/queries/medium__mp-1095633__combined_noise_0.015A_0.030__mp-1095633.cif
query,medium,medium::mp-1095633::combined_noise_0.050A_0.030,mp-1095633,mp-1095633,C,mp-1095633,C,combined_noise_0.050A_0.030,combined_perturbation,48,P1,1,materials_project_supercell_2x2x1,structures/queries/medium__mp-1095633__combined_noise_0.050A_0.030__mp-1095633.cif
query,medium,medium::mp-1096869::conventional_standard,mp-1096869,mp-1096869,C,mp-1096869,C,conventional_standard,equivalent_transform,142,Cm,8,materials_project,structures/queries/medium__mp-1096869__conventional_standard__mp-1096869.cif
query,medium,medium::mp-1096869::niggli_reduced,mp-1096869,mp-1096869,C,mp-1096869,C,niggli_reduced,equivalent_transform,71,Cm,8,materials_project,structures/queries/medium__mp-1096869__niggli_reduced__mp-1096869.cif
query,medium,medium::mp-1096869::origin_shifted,mp-1096869,mp-1096869,C,mp-1096869,C,origin_shifted,equivalent_transform,71,Cm,8,materials_project,structures/queries/medium__mp-1096869__origin_shifted__mp-1096869.cif
query,medium,medium::mp-1096869::permuted_sites,mp-1096869,mp-1096869,C,mp-1096869,C,permuted_sites,equivalent_transform,71,Cm,8,materials_project,structures/queries/medium__mp-1096869__permuted_sites__mp-1096869.cif
query,medium,medium::mp-1096869::combined_noise_0.002A_0.003,mp-1096869,mp-1096869,C,mp-1096869,C,combined_noise_0.002A_0.003,combined_perturbation,71,P1,1,materials_project,structures/queries/medium__mp-1096869__combined_noise_0.002A_0.003__mp-1096869.cif
query,medium,medium::mp-1096869::combined_noise_0.015A_0.003,mp-1096869,mp-1096869,C,mp-1096869,C,combined_noise_0.015A_0.003,combined_perturbation,71,P1,1,materials_project,structures/queries/medium__mp-1096869__combined_noise_0.015A_0.003__mp-1096869.cif
query,medium,medium::mp-1096869::combined_noise_0.050A_0.003,mp-1096869,mp-1096869,C,mp-1096869,C,combined_noise_0.050A_0.003,combined_perturbation,71,P1,1,materials_project,structures/queries/medium__mp-1096869__combined_noise_0.050A_0.003__mp-1096869.cif
query,medium,medium::mp-1096869::combined_noise_0.002A_0.010,mp-1096869,mp-1096869,C,mp-1096869,C,combined_noise_0.002A_0.010,combined_perturbation,71,P1,1,materials_project,structures/queries/medium__mp-1096869__combined_noise_0.002A_0.010__mp-1096869.cif
query,medium,medium::mp-1096869::combined_noise_0.015A_0.010,mp-1096869,mp-1096869,C,mp-1096869,C,combined_noise_0.015A_0.010,combined_perturbation,71,P1,1,materials_project,structures/queries/medium__mp-1096869__combined_noise_0.015A_0.010__mp-1096869.cif
query,medium,medium::mp-1096869::combined_noise_0.050A_0.010,mp-1096869,mp-1096869,C,mp-1096869,C,combined_noise_0.050A_0.010,combined_perturbation,71,P1,1,materials_project,structures/queries/medium__mp-1096869__combined_noise_0.050A_0.010__mp-1096869.cif
query,medium,medium::mp-1096869::combined_noise_0.002A_0.030,mp-1096869,mp-1096869,C,mp-1096869,C,combined_noise_0.002A_0.030,combined_perturbation,71,P1,1,materials_project,structures/queries/medium__mp-1096869__combined_noise_0.002A_0.030__mp-1096869.cif
query,medium,medium::mp-1096869::combined_noise_0.015A_0.030,mp-1096869,mp-1096869,C,mp-1096869,C,combined_noise_0.015A_0.030,combined_perturbation,71,P1,1,materials_project,structures/queries/medium__mp-1096869__combined_noise_0.015A_0.030__mp-1096869.cif
query,medium,medium::mp-1096869::combined_noise_0.050A_0.030,mp-1096869,mp-1096869,C,mp-1096869,C,combined_noise_0.050A_0.030,combined_perturbation,71,P1,1,materials_project,structures/queries/medium__mp-1096869__combined_noise_0.050A_0.030__mp-1096869.cif
query,medium,medium::mp-1097832::conventional_standard,mp-1097832,mp-1097832,C,mp-1097832,C,conventional_standard,equivalent_transform,4,Cmcm,63,materials_project_supercell_5x2x2,structures/queries/medium__mp-1097832__conventional_standard__mp-1097832.cif
query,medium,medium::mp-1097832::niggli_reduced,mp-1097832,mp-1097832,C,mp-1097832,C,niggli_reduced,equivalent_transform,40,Cmcm,63,materials_project_supercell_5x2x2,structures/queries/medium__mp-1097832__niggli_reduced__mp-1097832.cif
query,medium,medium::mp-1097832::origin_shifted,mp-1097832,mp-1097832,C,mp-1097832,C,origin_shifted,equivalent_transform,40,Cmcm,63,materials_project_supercell_5x2x2,structures/queries/medium__mp-1097832__origin_shifted__mp-1097832.cif
query,medium,medium::mp-1097832::permuted_sites,mp-1097832,mp-1097832,C,mp-1097832,C,permuted_sites,equivalent_transform,40,Cmcm,63,materials_project_supercell_5x2x2,structures/queries/medium__mp-1097832__permuted_sites__mp-1097832.cif
query,medium,medium::mp-1097832::combined_noise_0.002A_0.003,mp-1097832,mp-1097832,C,mp-1097832,C,combined_noise_0.002A_0.003,combined_perturbation,40,Cmcm,63,materials_project_supercell_5x2x2,structures/queries/medium__mp-1097832__combined_noise_0.002A_0.003__mp-1097832.cif
query,medium,medium::mp-1097832::combined_noise_0.015A_0.003,mp-1097832,mp-1097832,C,mp-1097832,C,combined_noise_0.015A_0.003,combined_perturbation,40,P1,1,materials_project_supercell_5x2x2,structures/queries/medium__mp-1097832__combined_noise_0.015A_0.003__mp-1097832.cif
query,medium,medium::mp-1097832::combined_noise_0.050A_0.003,mp-1097832,mp-1097832,C,mp-1097832,C,combined_noise_0.050A_0.003,combined_perturbation,40,P1,1,materials_project_supercell_5x2x2,structures/queries/medium__mp-1097832__combined_noise_0.050A_0.003__mp-1097832.cif
query,medium,medium::mp-1097832::combined_noise_0.002A_0.010,mp-1097832,mp-1097832,C,mp-1097832,C,combined_noise_0.002A_0.010,combined_perturbation,40,Cmcm,63,materials_project_supercell_5x2x2,structures/queries/medium__mp-1097832__combined_noise_0.002A_0.010__mp-1097832.cif
query,medium,medium::mp-1097832::combined_noise_0.015A_0.010,mp-1097832,mp-1097832,C,mp-1097832,C,combined_noise_0.015A_0.010,combined_perturbation,40,P1,1,materials_project_supercell_5x2x2,structures/queries/medium__mp-1097832__combined_noise_0.015A_0.010__mp-1097832.cif
query,medium,medium::mp-1097832::combined_noise_0.050A_0.010,mp-1097832,mp-1097832,C,mp-1097832,C,combined_noise_0.050A_0.010,combined_perturbation,40,P1,1,materials_project_supercell_5x2x2,structures/queries/medium__mp-1097832__combined_noise_0.050A_0.010__mp-1097832.cif
query,medium,medium::mp-1097832::combined_noise_0.002A_0.030,mp-1097832,mp-1097832,C,mp-1097832,C,combined_noise_0.002A_0.030,combined_perturbation,40,Cmcm,63,materials_project_supercell_5x2x2,structures/queries/medium__mp-1097832__combined_noise_0.002A_0.030__mp-1097832.cif
query,medium,medium::mp-1097832::combined_noise_0.015A_0.030,mp-1097832,mp-1097832,C,mp-1097832,C,combined_noise_0.015A_0.030,combined_perturbation,40,P1,1,materials_project_supercell_5x2x2,structures/queries/medium__mp-1097832__combined_noise_0.015A_0.030__mp-1097832.cif
query,medium,medium::mp-1097832::combined_noise_0.050A_0.030,mp-1097832,mp-1097832,C,mp-1097832,C,combined_noise_0.050A_0.030,combined_perturbation,40,P1,1,materials_project_supercell_5x2x2,structures/queries/medium__mp-1097832__combined_noise_0.050A_0.030__mp-1097832.cif
query,medium,medium::mp-1181996::conventional_standard,mp-1181996,mp-1181996,C,mp-1181996,C,conventional_standard,equivalent_transform,2,I4/mmm,139,materials_project_supercell_5x4x2,structures/queries/medium__mp-1181996__conventional_standard__mp-1181996.cif
query,medium,medium::mp-1181996::niggli_reduced,mp-1181996,mp-1181996,C,mp-1181996,C,niggli_reduced,equivalent_transform,40,I4/mmm,139,materials_project_supercell_5x4x2,structures/queries/medium__mp-1181996__niggli_reduced__mp-1181996.cif
query,medium,medium::mp-1181996::origin_shifted,mp-1181996,mp-1181996,C,mp-1181996,C,origin_shifted,equivalent_transform,40,I4/mmm,139,materials_project_supercell_5x4x2,structures/queries/medium__mp-1181996__origin_shifted__mp-1181996.cif
query,medium,medium::mp-1181996::permuted_sites,mp-1181996,mp-1181996,C,mp-1181996,C,permuted_sites,equivalent_transform,40,I4/mmm,139,materials_project_supercell_5x4x2,structures/queries/medium__mp-1181996__permuted_sites__mp-1181996.cif
query,medium,medium::mp-1181996::combined_noise_0.002A_0.003,mp-1181996,mp-1181996,C,mp-1181996,C,combined_noise_0.002A_0.003,combined_perturbation,40,I4/mmm,139,materials_project_supercell_5x4x2,structures/queries/medium__mp-1181996__combined_noise_0.002A_0.003__mp-1181996.cif
query,medium,medium::mp-1181996::combined_noise_0.015A_0.003,mp-1181996,mp-1181996,C,mp-1181996,C,combined_noise_0.015A_0.003,combined_perturbation,40,P1,1,materials_project_supercell_5x4x2,structures/queries/medium__mp-1181996__combined_noise_0.015A_0.003__mp-1181996.cif
query,medium,medium::mp-1181996::combined_noise_0.050A_0.003,mp-1181996,mp-1181996,C,mp-1181996,C,combined_noise_0.050A_0.003,combined_perturbation,40,P1,1,materials_project_supercell_5x4x2,structures/queries/medium__mp-1181996__combined_noise_0.050A_0.003__mp-1181996.cif
query,medium,medium::mp-1181996::combined_noise_0.002A_0.010,mp-1181996,mp-1181996,C,mp-1181996,C,combined_noise_0.002A_0.010,combined_perturbation,40,Immm,71,materials_project_supercell_5x4x2,structures/queries/medium__mp-1181996__combined_noise_0.002A_0.010__mp-1181996.cif
query,medium,medium::mp-1181996::combined_noise_0.015A_0.010,mp-1181996,mp-1181996,C,mp-1181996,C,combined_noise_0.015A_0.010,combined_perturbation,40,P1,1,materials_project_supercell_5x4x2,structures/queries/medium__mp-1181996__combined_noise_0.015A_0.010__mp-1181996.cif
query,medium,medium::mp-1181996::combined_noise_0.050A_0.010,mp-1181996,mp-1181996,C,mp-1181996,C,combined_noise_0.050A_0.010,combined_perturbation,40,P1,1,materials_project_supercell_5x4x2,structures/queries/medium__mp-1181996__combined_noise_0.050A_0.010__mp-1181996.cif
query,medium,medium::mp-1181996::combined_noise_0.002A_0.030,mp-1181996,mp-1181996,C,mp-1181996,C,combined_noise_0.002A_0.030,combined_perturbation,40,Immm,71,materials_project_supercell_5x4x2,structures/queries/medium__mp-1181996__combined_noise_0.002A_0.030__mp-1181996.cif
query,medium,medium::mp-1181996::combined_noise_0.015A_0.030,mp-1181996,mp-1181996,C,mp-1181996,C,combined_noise_0.015A_0.030,combined_perturbation,40,P1,1,materials_project_supercell_5x4x2,structures/queries/medium__mp-1181996__combined_noise_0.015A_0.030__mp-1181996.cif
query,medium,medium::mp-1181996::combined_noise_0.050A_0.030,mp-1181996,mp-1181996,C,mp-1181996,C,combined_noise_0.050A_0.030,combined_perturbation,40,P1,1,materials_project_supercell_5x4x2,structures/queries/medium__mp-1181996__combined_noise_0.050A_0.030__mp-1181996.cif
query,medium,medium::mp-1182029::conventional_standard,mp-1182029,mp-1182029,C,mp-1182029,C,conventional_standard,equivalent_transform,1,P2/m,10,materials_project_supercell_5x4x2,structures/queries/medium__mp-1182029__conventional_standard__mp-1182029.cif
query,medium,medium::mp-1182029::niggli_reduced,mp-1182029,mp-1182029,C,mp-1182029,C,niggli_reduced,equivalent_transform,40,P2/m,10,materials_project_supercell_5x4x2,structures/queries/medium__mp-1182029__niggli_reduced__mp-1182029.cif
query,medium,medium::mp-1182029::origin_shifted,mp-1182029,mp-1182029,C,mp-1182029,C,origin_shifted,equivalent_transform,40,P2/m,10,materials_project_supercell_5x4x2,structures/queries/medium__mp-1182029__origin_shifted__mp-1182029.cif
query,medium,medium::mp-1182029::permuted_sites,mp-1182029,mp-1182029,C,mp-1182029,C,permuted_sites,equivalent_transform,40,P2/m,10,materials_project_supercell_5x4x2,structures/queries/medium__mp-1182029__permuted_sites__mp-1182029.cif
query,medium,medium::mp-1182029::combined_noise_0.002A_0.003,mp-1182029,mp-1182029,C,mp-1182029,C,combined_noise_0.002A_0.003,combined_perturbation,40,P2/m,10,materials_project_supercell_5x4x2,structures/queries/medium__mp-1182029__combined_noise_0.002A_0.003__mp-1182029.cif
query,medium,medium::mp-1182029::combined_noise_0.015A_0.003,mp-1182029,mp-1182029,C,mp-1182029,C,combined_noise_0.015A_0.003,combined_perturbation,40,P1,1,materials_project_supercell_5x4x2,structures/queries/medium__mp-1182029__combined_noise_0.015A_0.003__mp-1182029.cif
query,medium,medium::mp-1182029::combined_noise_0.050A_0.003,mp-1182029,mp-1182029,C,mp-1182029,C,combined_noise_0.050A_0.003,combined_perturbation,40,P1,1,materials_project_supercell_5x4x2,structures/queries/medium__mp-1182029__combined_noise_0.050A_0.003__mp-1182029.cif
query,medium,medium::mp-1182029::combined_noise_0.002A_0.010,mp-1182029,mp-1182029,C,mp-1182029,C,combined_noise_0.002A_0.010,combined_perturbation,40,P2/m,10,materials_project_supercell_5x4x2,structures/queries/medium__mp-1182029__combined_noise_0.002A_0.010__mp-1182029.cif
query,medium,medium::mp-1182029::combined_noise_0.015A_0.010,mp-1182029,mp-1182029,C,mp-1182029,C,combined_noise_0.015A_0.010,combined_perturbation,40,P1,1,materials_project_supercell_5x4x2,structures/queries/medium__mp-1182029__combined_noise_0.015A_0.010__mp-1182029.cif
query,medium,medium::mp-1182029::combined_noise_0.050A_0.010,mp-1182029,mp-1182029,C,mp-1182029,C,combined_noise_0.050A_0.010,combined_perturbation,40,P1,1,materials_project_supercell_5x4x2,structures/queries/medium__mp-1182029__combined_noise_0.050A_0.010__mp-1182029.cif
query,medium,medium::mp-1182029::combined_noise_0.002A_0.030,mp-1182029,mp-1182029,C,mp-1182029,C,combined_noise_0.002A_0.030,combined_perturbation,40,P2/m,10,materials_project_supercell_5x4x2,structures/queries/medium__mp-1182029__combined_noise_0.002A_0.030__mp-1182029.cif
query,medium,medium::mp-1182029::combined_noise_0.015A_0.030,mp-1182029,mp-1182029,C,mp-1182029,C,combined_noise_0.015A_0.030,combined_perturbation,40,P1,1,materials_project_supercell_5x4x2,structures/queries/medium__mp-1182029__combined_noise_0.015A_0.030__mp-1182029.cif
query,medium,medium::mp-1182029::combined_noise_0.050A_0.030,mp-1182029,mp-1182029,C,mp-1182029,C,combined_noise_0.050A_0.030,combined_perturbation,40,P1,1,materials_project_supercell_5x4x2,structures/queries/medium__mp-1182029__combined_noise_0.050A_0.030__mp-1182029.cif
query,medium,medium::mp-1182684::conventional_standard,mp-1182684,mp-1182684,C,mp-1182684,C,conventional_standard,equivalent_transform,80,P2_12_12_1,19,materials_project,structures/queries/medium__mp-1182684__conventional_standard__mp-1182684.cif
query,medium,medium::mp-1182684::niggli_reduced,mp-1182684,mp-1182684,C,mp-1182684,C,niggli_reduced,equivalent_transform,80,P2_12_12_1,19,materials_project,structures/queries/medium__mp-1182684__niggli_reduced__mp-1182684.cif
query,medium,medium::mp-1182684::origin_shifted,mp-1182684,mp-1182684,C,mp-1182684,C,origin_shifted,equivalent_transform,80,P2_12_12_1,19,materials_project,structures/queries/medium__mp-1182684__origin_shifted__mp-1182684.cif
query,medium,medium::mp-1182684::permuted_sites,mp-1182684,mp-1182684,C,mp-1182684,C,permuted_sites,equivalent_transform,80,P2_12_12_1,19,materials_project,structures/queries/medium__mp-1182684__permuted_sites__mp-1182684.cif
query,medium,medium::mp-1182684::combined_noise_0.002A_0.003,mp-1182684,mp-1182684,C,mp-1182684,C,combined_noise_0.002A_0.003,combined_perturbation,80,P2_1,4,materials_project,structures/queries/medium__mp-1182684__combined_noise_0.002A_0.003__mp-1182684.cif
query,medium,medium::mp-1182684::combined_noise_0.015A_0.003,mp-1182684,mp-1182684,C,mp-1182684,C,combined_noise_0.015A_0.003,combined_perturbation,80,P1,1,materials_project,structures/queries/medium__mp-1182684__combined_noise_0.015A_0.003__mp-1182684.cif
query,medium,medium::mp-1182684::combined_noise_0.050A_0.003,mp-1182684,mp-1182684,C,mp-1182684,C,combined_noise_0.050A_0.003,combined_perturbation,80,P1,1,materials_project,structures/queries/medium__mp-1182684__combined_noise_0.050A_0.003__mp-1182684.cif
query,medium,medium::mp-1182684::combined_noise_0.002A_0.010,mp-1182684,mp-1182684,C,mp-1182684,C,combined_noise_0.002A_0.010,combined_perturbation,80,P2_1,4,materials_project,structures/queries/medium__mp-1182684__combined_noise_0.002A_0.010__mp-1182684.cif
query,medium,medium::mp-1182684::combined_noise_0.015A_0.010,mp-1182684,mp-1182684,C,mp-1182684,C,combined_noise_0.015A_0.010,combined_perturbation,80,P1,1,materials_project,structures/queries/medium__mp-1182684__combined_noise_0.015A_0.010__mp-1182684.cif
query,medium,medium::mp-1182684::combined_noise_0.050A_0.010,mp-1182684,mp-1182684,C,mp-1182684,C,combined_noise_0.050A_0.010,combined_perturbation,80,P1,1,materials_project,structures/queries/medium__mp-1182684__combined_noise_0.050A_0.010__mp-1182684.cif
query,medium,medium::mp-1182684::combined_noise_0.002A_0.030,mp-1182684,mp-1182684,C,mp-1182684,C,combined_noise_0.002A_0.030,combined_perturbation,80,P1,1,materials_project,structures/queries/medium__mp-1182684__combined_noise_0.002A_0.030__mp-1182684.cif
query,medium,medium::mp-1182684::combined_noise_0.015A_0.030,mp-1182684,mp-1182684,C,mp-1182684,C,combined_noise_0.015A_0.030,combined_perturbation,80,P1,1,materials_project,structures/queries/medium__mp-1182684__combined_noise_0.015A_0.030__mp-1182684.cif
query,medium,medium::mp-1182684::combined_noise_0.050A_0.030,mp-1182684,mp-1182684,C,mp-1182684,C,combined_noise_0.050A_0.030,combined_perturbation,80,P1,1,materials_project,structures/queries/medium__mp-1182684__combined_noise_0.050A_0.030__mp-1182684.cif
query,medium,medium::mp-1188817::conventional_standard,mp-1188817,mp-1188817,C,mp-1188817,C,conventional_standard,equivalent_transform,20,Pm-3m,221,materials_project_supercell_2x1x1,structures/queries/medium__mp-1188817__conventional_standard__mp-1188817.cif
query,medium,medium::mp-1188817::niggli_reduced,mp-1188817,mp-1188817,C,mp-1188817,C,niggli_reduced,equivalent_transform,40,Pm-3m,221,materials_project_supercell_2x1x1,structures/queries/medium__mp-1188817__niggli_reduced__mp-1188817.cif
query,medium,medium::mp-1188817::origin_shifted,mp-1188817,mp-1188817,C,mp-1188817,C,origin_shifted,equivalent_transform,40,Pm-3m,221,materials_project_supercell_2x1x1,structures/queries/medium__mp-1188817__origin_shifted__mp-1188817.cif
query,medium,medium::mp-1188817::permuted_sites,mp-1188817,mp-1188817,C,mp-1188817,C,permuted_sites,equivalent_transform,40,Pm-3m,221,materials_project_supercell_2x1x1,structures/queries/medium__mp-1188817__permuted_sites__mp-1188817.cif
query,medium,medium::mp-1188817::combined_noise_0.002A_0.003,mp-1188817,mp-1188817,C,mp-1188817,C,combined_noise_0.002A_0.003,combined_perturbation,40,P2,3,materials_project_supercell_2x1x1,structures/queries/medium__mp-1188817__combined_noise_0.002A_0.003__mp-1188817.cif
query,medium,medium::mp-1188817::combined_noise_0.015A_0.003,mp-1188817,mp-1188817,C,mp-1188817,C,combined_noise_0.015A_0.003,combined_perturbation,40,P1,1,materials_project_supercell_2x1x1,structures/queries/medium__mp-1188817__combined_noise_0.015A_0.003__mp-1188817.cif
query,medium,medium::mp-1188817::combined_noise_0.050A_0.003,mp-1188817,mp-1188817,C,mp-1188817,C,combined_noise_0.050A_0.003,combined_perturbation,40,P1,1,materials_project_supercell_2x1x1,structures/queries/medium__mp-1188817__combined_noise_0.050A_0.003__mp-1188817.cif
query,medium,medium::mp-1188817::combined_noise_0.002A_0.010,mp-1188817,mp-1188817,C,mp-1188817,C,combined_noise_0.002A_0.010,combined_perturbation,40,P4/mmm,123,materials_project_supercell_2x1x1,structures/queries/medium__mp-1188817__combined_noise_0.002A_0.010__mp-1188817.cif
query,medium,medium::mp-1188817::combined_noise_0.015A_0.010,mp-1188817,mp-1188817,C,mp-1188817,C,combined_noise_0.015A_0.010,combined_perturbation,40,P1,1,materials_project_supercell_2x1x1,structures/queries/medium__mp-1188817__combined_noise_0.015A_0.010__mp-1188817.cif
query,medium,medium::mp-1188817::combined_noise_0.050A_0.010,mp-1188817,mp-1188817,C,mp-1188817,C,combined_noise_0.050A_0.010,combined_perturbation,40,P1,1,materials_project_supercell_2x1x1,structures/queries/medium__mp-1188817__combined_noise_0.050A_0.010__mp-1188817.cif
query,medium,medium::mp-1188817::combined_noise_0.002A_0.030,mp-1188817,mp-1188817,C,mp-1188817,C,combined_noise_0.002A_0.030,combined_perturbation,40,Pc,7,materials_project_supercell_2x1x1,structures/queries/medium__mp-1188817__combined_noise_0.002A_0.030__mp-1188817.cif
query,medium,medium::mp-1188817::combined_noise_0.015A_0.030,mp-1188817,mp-1188817,C,mp-1188817,C,combined_noise_0.015A_0.030,combined_perturbation,40,P1,1,materials_project_supercell_2x1x1,structures/queries/medium__mp-1188817__combined_noise_0.015A_0.030__mp-1188817.cif
query,medium,medium::mp-1188817::combined_noise_0.050A_0.030,mp-1188817,mp-1188817,C,mp-1188817,C,combined_noise_0.050A_0.030,combined_perturbation,40,P1,1,materials_project_supercell_2x1x1,structures/queries/medium__mp-1188817__combined_noise_0.050A_0.030__mp-1188817.cif
query,medium,medium::mp-1190171::conventional_standard,mp-1190171,mp-1190171,C,mp-1190171,C,conventional_standard,equivalent_transform,16,Pnma,62,materials_project_supercell_3x1x1,structures/queries/medium__mp-1190171__conventional_standard__mp-1190171.cif
query,medium,medium::mp-1190171::niggli_reduced,mp-1190171,mp-1190171,C,mp-1190171,C,niggli_reduced,equivalent_transform,48,Pnma,62,materials_project_supercell_3x1x1,structures/queries/medium__mp-1190171__niggli_reduced__mp-1190171.cif
query,medium,medium::mp-1190171::origin_shifted,mp-1190171,mp-1190171,C,mp-1190171,C,origin_shifted,equivalent_transform,48,Pnma,62,materials_project_supercell_3x1x1,structures/queries/medium__mp-1190171__origin_shifted__mp-1190171.cif
query,medium,medium::mp-1190171::permuted_sites,mp-1190171,mp-1190171,C,mp-1190171,C,permuted_sites,equivalent_transform,48,Pnma,62,materials_project_supercell_3x1x1,structures/queries/medium__mp-1190171__permuted_sites__mp-1190171.cif
query,medium,medium::mp-1190171::combined_noise_0.002A_0.003,mp-1190171,mp-1190171,C,mp-1190171,C,combined_noise_0.002A_0.003,combined_perturbation,48,P-1,2,materials_project_supercell_3x1x1,structures/queries/medium__mp-1190171__combined_noise_0.002A_0.003__mp-1190171.cif
query,medium,medium::mp-1190171::combined_noise_0.015A_0.003,mp-1190171,mp-1190171,C,mp-1190171,C,combined_noise_0.015A_0.003,combined_perturbation,48,P1,1,materials_project_supercell_3x1x1,structures/queries/medium__mp-1190171__combined_noise_0.015A_0.003__mp-1190171.cif
query,medium,medium::mp-1190171::combined_noise_0.050A_0.003,mp-1190171,mp-1190171,C,mp-1190171,C,combined_noise_0.050A_0.003,combined_perturbation,48,P1,1,materials_project_supercell_3x1x1,structures/queries/medium__mp-1190171__combined_noise_0.050A_0.003__mp-1190171.cif
query,medium,medium::mp-1190171::combined_noise_0.002A_0.010,mp-1190171,mp-1190171,C,mp-1190171,C,combined_noise_0.002A_0.010,combined_perturbation,48,P2_1,4,materials_project_supercell_3x1x1,structures/queries/medium__mp-1190171__combined_noise_0.002A_0.010__mp-1190171.cif
query,medium,medium::mp-1190171::combined_noise_0.015A_0.010,mp-1190171,mp-1190171,C,mp-1190171,C,combined_noise_0.015A_0.010,combined_perturbation,48,P1,1,materials_project_supercell_3x1x1,structures/queries/medium__mp-1190171__combined_noise_0.015A_0.010__mp-1190171.cif
query,medium,medium::mp-1190171::combined_noise_0.050A_0.010,mp-1190171,mp-1190171,C,mp-1190171,C,combined_noise_0.050A_0.010,combined_perturbation,48,P1,1,materials_project_supercell_3x1x1,structures/queries/medium__mp-1190171__combined_noise_0.050A_0.010__mp-1190171.cif
query,medium,medium::mp-1190171::combined_noise_0.002A_0.030,mp-1190171,mp-1190171,C,mp-1190171,C,combined_noise_0.002A_0.030,combined_perturbation,48,P2_1,4,materials_project_supercell_3x1x1,structures/queries/medium__mp-1190171__combined_noise_0.002A_0.030__mp-1190171.cif
query,medium,medium::mp-1190171::combined_noise_0.015A_0.030,mp-1190171,mp-1190171,C,mp-1190171,C,combined_noise_0.015A_0.030,combined_perturbation,48,P1,1,materials_project_supercell_3x1x1,structures/queries/medium__mp-1190171__combined_noise_0.015A_0.030__mp-1190171.cif
query,medium,medium::mp-1190171::combined_noise_0.050A_0.030,mp-1190171,mp-1190171,C,mp-1190171,C,combined_noise_0.050A_0.030,combined_perturbation,48,P1,1,materials_project_supercell_3x1x1,structures/queries/medium__mp-1190171__combined_noise_0.050A_0.030__mp-1190171.cif
query,medium,medium::mp-1192619::conventional_standard,mp-1192619,mp-1192619,C,mp-1192619,C,conventional_standard,equivalent_transform,58,I-43m,217,materials_project_supercell_2x1x1,structures/queries/medium__mp-1192619__conventional_standard__mp-1192619.cif
query,medium,medium::mp-1192619::niggli_reduced,mp-1192619,mp-1192619,C,mp-1192619,C,niggli_reduced,equivalent_transform,58,I-43m,217,materials_project_supercell_2x1x1,structures/queries/medium__mp-1192619__niggli_reduced__mp-1192619.cif
query,medium,medium::mp-1192619::origin_shifted,mp-1192619,mp-1192619,C,mp-1192619,C,origin_shifted,equivalent_transform,58,I-43m,217,materials_project_supercell_2x1x1,structures/queries/medium__mp-1192619__origin_shifted__mp-1192619.cif
query,medium,medium::mp-1192619::permuted_sites,mp-1192619,mp-1192619,C,mp-1192619,C,permuted_sites,equivalent_transform,58,I-43m,217,materials_project_supercell_2x1x1,structures/queries/medium__mp-1192619__permuted_sites__mp-1192619.cif
query,medium,medium::mp-1192619::combined_noise_0.002A_0.003,mp-1192619,mp-1192619,C,mp-1192619,C,combined_noise_0.002A_0.003,combined_perturbation,58,I-43m,217,materials_project_supercell_2x1x1,structures/queries/medium__mp-1192619__combined_noise_0.002A_0.003__mp-1192619.cif
query,medium,medium::mp-1192619::combined_noise_0.015A_0.003,mp-1192619,mp-1192619,C,mp-1192619,C,combined_noise_0.015A_0.003,combined_perturbation,58,P1,1,materials_project_supercell_2x1x1,structures/queries/medium__mp-1192619__combined_noise_0.015A_0.003__mp-1192619.cif
query,medium,medium::mp-1192619::combined_noise_0.050A_0.003,mp-1192619,mp-1192619,C,mp-1192619,C,combined_noise_0.050A_0.003,combined_perturbation,58,P1,1,materials_project_supercell_2x1x1,structures/queries/medium__mp-1192619__combined_noise_0.050A_0.003__mp-1192619.cif
query,medium,medium::mp-1192619::combined_noise_0.002A_0.010,mp-1192619,mp-1192619,C,mp-1192619,C,combined_noise_0.002A_0.010,combined_perturbation,58,C2,5,materials_project_supercell_2x1x1,structures/queries/medium__mp-1192619__combined_noise_0.002A_0.010__mp-1192619.cif
query,medium,medium::mp-1192619::combined_noise_0.015A_0.010,mp-1192619,mp-1192619,C,mp-1192619,C,combined_noise_0.015A_0.010,combined_perturbation,58,P1,1,materials_project_supercell_2x1x1,structures/queries/medium__mp-1192619__combined_noise_0.015A_0.010__mp-1192619.cif
query,medium,medium::mp-1192619::combined_noise_0.050A_0.010,mp-1192619,mp-1192619,C,mp-1192619,C,combined_noise_0.050A_0.010,combined_perturbation,58,P1,1,materials_project_supercell_2x1x1,structures/queries/medium__mp-1192619__combined_noise_0.050A_0.010__mp-1192619.cif
query,medium,medium::mp-1192619::combined_noise_0.002A_0.030,mp-1192619,mp-1192619,C,mp-1192619,C,combined_noise_0.002A_0.030,combined_perturbation,58,Amm2,38,materials_project_supercell_2x1x1,structures/queries/medium__mp-1192619__combined_noise_0.002A_0.030__mp-1192619.cif
query,medium,medium::mp-1192619::combined_noise_0.015A_0.030,mp-1192619,mp-1192619,C,mp-1192619,C,combined_noise_0.015A_0.030,combined_perturbation,58,P1,1,materials_project_supercell_2x1x1,structures/queries/medium__mp-1192619__combined_noise_0.015A_0.030__mp-1192619.cif
query,medium,medium::mp-1192619::combined_noise_0.050A_0.030,mp-1192619,mp-1192619,C,mp-1192619,C,combined_noise_0.050A_0.030,combined_perturbation,58,P1,1,materials_project_supercell_2x1x1,structures/queries/medium__mp-1192619__combined_noise_0.050A_0.030__mp-1192619.cif
query,medium,medium::mp-1196857::conventional_standard,mp-1196857,mp-1196857,C,mp-1196857,C,conventional_standard,equivalent_transform,52,Pnma,62,materials_project,structures/queries/medium__mp-1196857__conventional_standard__mp-1196857.cif
query,medium,medium::mp-1196857::niggli_reduced,mp-1196857,mp-1196857,C,mp-1196857,C,niggli_reduced,equivalent_transform,52,Pnma,62,materials_project,structures/queries/medium__mp-1196857__niggli_reduced__mp-1196857.cif
query,medium,medium::mp-1196857::origin_shifted,mp-1196857,mp-1196857,C,mp-1196857,C,origin_shifted,equivalent_transform,52,Pnma,62,materials_project,structures/queries/medium__mp-1196857__origin_shifted__mp-1196857.cif
query,medium,medium::mp-1196857::permuted_sites,mp-1196857,mp-1196857,C,mp-1196857,C,permuted_sites,equivalent_transform,52,Pnma,62,materials_project,structures/queries/medium__mp-1196857__permuted_sites__mp-1196857.cif
query,medium,medium::mp-1196857::combined_noise_0.002A_0.003,mp-1196857,mp-1196857,C,mp-1196857,C,combined_noise_0.002A_0.003,combined_perturbation,52,P-1,2,materials_project,structures/queries/medium__mp-1196857__combined_noise_0.002A_0.003__mp-1196857.cif
query,medium,medium::mp-1196857::combined_noise_0.015A_0.003,mp-1196857,mp-1196857,C,mp-1196857,C,combined_noise_0.015A_0.003,combined_perturbation,52,P1,1,materials_project,structures/queries/medium__mp-1196857__combined_noise_0.015A_0.003__mp-1196857.cif
query,medium,medium::mp-1196857::combined_noise_0.050A_0.003,mp-1196857,mp-1196857,C,mp-1196857,C,combined_noise_0.050A_0.003,combined_perturbation,52,P1,1,materials_project,structures/queries/medium__mp-1196857__combined_noise_0.050A_0.003__mp-1196857.cif
query,medium,medium::mp-1196857::combined_noise_0.002A_0.010,mp-1196857,mp-1196857,C,mp-1196857,C,combined_noise_0.002A_0.010,combined_perturbation,52,P1,1,materials_project,structures/queries/medium__mp-1196857__combined_noise_0.002A_0.010__mp-1196857.cif
query,medium,medium::mp-1196857::combined_noise_0.015A_0.010,mp-1196857,mp-1196857,C,mp-1196857,C,combined_noise_0.015A_0.010,combined_perturbation,52,P1,1,materials_project,structures/queries/medium__mp-1196857__combined_noise_0.015A_0.010__mp-1196857.cif
query,medium,medium::mp-1196857::combined_noise_0.050A_0.010,mp-1196857,mp-1196857,C,mp-1196857,C,combined_noise_0.050A_0.010,combined_perturbation,52,P1,1,materials_project,structures/queries/medium__mp-1196857__combined_noise_0.050A_0.010__mp-1196857.cif
query,medium,medium::mp-1196857::combined_noise_0.002A_0.030,mp-1196857,mp-1196857,C,mp-1196857,C,combined_noise_0.002A_0.030,combined_perturbation,52,P1,1,materials_project,structures/queries/medium__mp-1196857__combined_noise_0.002A_0.030__mp-1196857.cif
query,medium,medium::mp-1196857::combined_noise_0.015A_0.030,mp-1196857,mp-1196857,C,mp-1196857,C,combined_noise_0.015A_0.030,combined_perturbation,52,P1,1,materials_project,structures/queries/medium__mp-1196857__combined_noise_0.015A_0.030__mp-1196857.cif
query,medium,medium::mp-1196857::combined_noise_0.050A_0.030,mp-1196857,mp-1196857,C,mp-1196857,C,combined_noise_0.050A_0.030,combined_perturbation,52,P1,1,materials_project,structures/queries/medium__mp-1196857__combined_noise_0.050A_0.030__mp-1196857.cif
query,medium,medium::mp-1197903::conventional_standard,mp-1197903,mp-1197903,C,mp-1197903,C,conventional_standard,equivalent_transform,80,P1,1,materials_project,structures/queries/medium__mp-1197903__conventional_standard__mp-1197903.cif
query,medium,medium::mp-1197903::niggli_reduced,mp-1197903,mp-1197903,C,mp-1197903,C,niggli_reduced,equivalent_transform,80,P1,1,materials_project,structures/queries/medium__mp-1197903__niggli_reduced__mp-1197903.cif
query,medium,medium::mp-1197903::origin_shifted,mp-1197903,mp-1197903,C,mp-1197903,C,origin_shifted,equivalent_transform,80,P1,1,materials_project,structures/queries/medium__mp-1197903__origin_shifted__mp-1197903.cif
query,medium,medium::mp-1197903::permuted_sites,mp-1197903,mp-1197903,C,mp-1197903,C,permuted_sites,equivalent_transform,80,P1,1,materials_project,structures/queries/medium__mp-1197903__permuted_sites__mp-1197903.cif
query,medium,medium::mp-1197903::combined_noise_0.002A_0.003,mp-1197903,mp-1197903,C,mp-1197903,C,combined_noise_0.002A_0.003,combined_perturbation,80,P1,1,materials_project,structures/queries/medium__mp-1197903__combined_noise_0.002A_0.003__mp-1197903.cif
query,medium,medium::mp-1197903::combined_noise_0.015A_0.003,mp-1197903,mp-1197903,C,mp-1197903,C,combined_noise_0.015A_0.003,combined_perturbation,80,P1,1,materials_project,structures/queries/medium__mp-1197903__combined_noise_0.015A_0.003__mp-1197903.cif
query,medium,medium::mp-1197903::combined_noise_0.050A_0.003,mp-1197903,mp-1197903,C,mp-1197903,C,combined_noise_0.050A_0.003,combined_perturbation,80,P1,1,materials_project,structures/queries/medium__mp-1197903__combined_noise_0.050A_0.003__mp-1197903.cif
query,medium,medium::mp-1197903::combined_noise_0.002A_0.010,mp-1197903,mp-1197903,C,mp-1197903,C,combined_noise_0.002A_0.010,combined_perturbation,80,P1,1,materials_project,structures/queries/medium__mp-1197903__combined_noise_0.002A_0.010__mp-1197903.cif
query,medium,medium::mp-1197903::combined_noise_0.015A_0.010,mp-1197903,mp-1197903,C,mp-1197903,C,combined_noise_0.015A_0.010,combined_perturbation,80,P1,1,materials_project,structures/queries/medium__mp-1197903__combined_noise_0.015A_0.010__mp-1197903.cif
query,medium,medium::mp-1197903::combined_noise_0.050A_0.010,mp-1197903,mp-1197903,C,mp-1197903,C,combined_noise_0.050A_0.010,combined_perturbation,80,P1,1,materials_project,structures/queries/medium__mp-1197903__combined_noise_0.050A_0.010__mp-1197903.cif
query,medium,medium::mp-1197903::combined_noise_0.002A_0.030,mp-1197903,mp-1197903,C,mp-1197903,C,combined_noise_0.002A_0.030,combined_perturbation,80,P1,1,materials_project,structures/queries/medium__mp-1197903__combined_noise_0.002A_0.030__mp-1197903.cif
query,medium,medium::mp-1197903::combined_noise_0.015A_0.030,mp-1197903,mp-1197903,C,mp-1197903,C,combined_noise_0.015A_0.030,combined_perturbation,80,P1,1,materials_project,structures/queries/medium__mp-1197903__combined_noise_0.015A_0.030__mp-1197903.cif
query,medium,medium::mp-1197903::combined_noise_0.050A_0.030,mp-1197903,mp-1197903,C,mp-1197903,C,combined_noise_0.050A_0.030,combined_perturbation,80,P1,1,materials_project,structures/queries/medium__mp-1197903__combined_noise_0.050A_0.030__mp-1197903.cif
query,medium,medium::mp-1205417::conventional_standard,mp-1205417,mp-1205417,C,mp-1205417,C,conventional_standard,equivalent_transform,40,I4/mmm,139,materials_project_supercell_2x1x1,structures/queries/medium__mp-1205417__conventional_standard__mp-1205417.cif
query,medium,medium::mp-1205417::niggli_reduced,mp-1205417,mp-1205417,C,mp-1205417,C,niggli_reduced,equivalent_transform,40,I4/mmm,139,materials_project_supercell_2x1x1,structures/queries/medium__mp-1205417__niggli_reduced__mp-1205417.cif
query,medium,medium::mp-1205417::origin_shifted,mp-1205417,mp-1205417,C,mp-1205417,C,origin_shifted,equivalent_transform,40,I4/mmm,139,materials_project_supercell_2x1x1,structures/queries/medium__mp-1205417__origin_shifted__mp-1205417.cif
query,medium,medium::mp-1205417::permuted_sites,mp-1205417,mp-1205417,C,mp-1205417,C,permuted_sites,equivalent_transform,40,I4/mmm,139,materials_project_supercell_2x1x1,structures/queries/medium__mp-1205417__permuted_sites__mp-1205417.cif
query,medium,medium::mp-1205417::combined_noise_0.002A_0.003,mp-1205417,mp-1205417,C,mp-1205417,C,combined_noise_0.002A_0.003,combined_perturbation,40,P1,1,materials_project_supercell_2x1x1,structures/queries/medium__mp-1205417__combined_noise_0.002A_0.003__mp-1205417.cif
query,medium,medium::mp-1205417::combined_noise_0.015A_0.003,mp-1205417,mp-1205417,C,mp-1205417,C,combined_noise_0.015A_0.003,combined_perturbation,40,P1,1,materials_project_supercell_2x1x1,structures/queries/medium__mp-1205417__combined_noise_0.015A_0.003__mp-1205417.cif
query,medium,medium::mp-1205417::combined_noise_0.050A_0.003,mp-1205417,mp-1205417,C,mp-1205417,C,combined_noise_0.050A_0.003,combined_perturbation,40,P1,1,materials_project_supercell_2x1x1,structures/queries/medium__mp-1205417__combined_noise_0.050A_0.003__mp-1205417.cif
query,medium,medium::mp-1205417::combined_noise_0.002A_0.010,mp-1205417,mp-1205417,C,mp-1205417,C,combined_noise_0.002A_0.010,combined_perturbation,40,C2,5,materials_project_supercell_2x1x1,structures/queries/medium__mp-1205417__combined_noise_0.002A_0.010__mp-1205417.cif
query,medium,medium::mp-1205417::combined_noise_0.015A_0.010,mp-1205417,mp-1205417,C,mp-1205417,C,combined_noise_0.015A_0.010,combined_perturbation,40,P1,1,materials_project_supercell_2x1x1,structures/queries/medium__mp-1205417__combined_noise_0.015A_0.010__mp-1205417.cif
query,medium,medium::mp-1205417::combined_noise_0.050A_0.010,mp-1205417,mp-1205417,C,mp-1205417,C,combined_noise_0.050A_0.010,combined_perturbation,40,P1,1,materials_project_supercell_2x1x1,structures/queries/medium__mp-1205417__combined_noise_0.050A_0.010__mp-1205417.cif
query,medium,medium::mp-1205417::combined_noise_0.002A_0.030,mp-1205417,mp-1205417,C,mp-1205417,C,combined_noise_0.002A_0.030,combined_perturbation,40,P1,1,materials_project_supercell_2x1x1,structures/queries/medium__mp-1205417__combined_noise_0.002A_0.030__mp-1205417.cif
query,medium,medium::mp-1205417::combined_noise_0.015A_0.030,mp-1205417,mp-1205417,C,mp-1205417,C,combined_noise_0.015A_0.030,combined_perturbation,40,P1,1,materials_project_supercell_2x1x1,structures/queries/medium__mp-1205417__combined_noise_0.015A_0.030__mp-1205417.cif
query,medium,medium::mp-1205417::combined_noise_0.050A_0.030,mp-1205417,mp-1205417,C,mp-1205417,C,combined_noise_0.050A_0.030,combined_perturbation,40,P1,1,materials_project_supercell_2x1x1,structures/queries/medium__mp-1205417__combined_noise_0.050A_0.030__mp-1205417.cif
query,medium,medium::mp-10064::conventional_standard,mp-10064,mp-10064,SiO2,mp-10064,SiO2,conventional_standard,equivalent_transform,12,Fm-3m,225,materials_project_supercell_5x3x1,structures/queries/medium__mp-10064__conventional_standard__mp-10064.cif
query,medium,medium::mp-10064::niggli_reduced,mp-10064,mp-10064,SiO2,mp-10064,SiO2,niggli_reduced,equivalent_transform,45,Fm-3m,225,materials_project_supercell_5x3x1,structures/queries/medium__mp-10064__niggli_reduced__mp-10064.cif
query,medium,medium::mp-10064::origin_shifted,mp-10064,mp-10064,SiO2,mp-10064,SiO2,origin_shifted,equivalent_transform,45,Fm-3m,225,materials_project_supercell_5x3x1,structures/queries/medium__mp-10064__origin_shifted__mp-10064.cif
query,medium,medium::mp-10064::permuted_sites,mp-10064,mp-10064,SiO2,mp-10064,SiO2,permuted_sites,equivalent_transform,45,Fm-3m,225,materials_project_supercell_5x3x1,structures/queries/medium__mp-10064__permuted_sites__mp-10064.cif
query,medium,medium::mp-10064::combined_noise_0.002A_0.003,mp-10064,mp-10064,SiO2,mp-10064,SiO2,combined_noise_0.002A_0.003,combined_perturbation,45,I4/mmm,139,materials_project_supercell_5x3x1,structures/queries/medium__mp-10064__combined_noise_0.002A_0.003__mp-10064.cif
query,medium,medium::mp-10064::combined_noise_0.015A_0.003,mp-10064,mp-10064,SiO2,mp-10064,SiO2,combined_noise_0.015A_0.003,combined_perturbation,45,P1,1,materials_project_supercell_5x3x1,structures/queries/medium__mp-10064__combined_noise_0.015A_0.003__mp-10064.cif
query,medium,medium::mp-10064::combined_noise_0.050A_0.003,mp-10064,mp-10064,SiO2,mp-10064,SiO2,combined_noise_0.050A_0.003,combined_perturbation,45,P1,1,materials_project_supercell_5x3x1,structures/queries/medium__mp-10064__combined_noise_0.050A_0.003__mp-10064.cif
query,medium,medium::mp-10064::combined_noise_0.002A_0.010,mp-10064,mp-10064,SiO2,mp-10064,SiO2,combined_noise_0.002A_0.010,combined_perturbation,45,P1,1,materials_project_supercell_5x3x1,structures/queries/medium__mp-10064__combined_noise_0.002A_0.010__mp-10064.cif
query,medium,medium::mp-10064::combined_noise_0.015A_0.010,mp-10064,mp-10064,SiO2,mp-10064,SiO2,combined_noise_0.015A_0.010,combined_perturbation,45,P1,1,materials_project_supercell_5x3x1,structures/queries/medium__mp-10064__combined_noise_0.015A_0.010__mp-10064.cif
query,medium,medium::mp-10064::combined_noise_0.050A_0.010,mp-10064,mp-10064,SiO2,mp-10064,SiO2,combined_noise_0.050A_0.010,combined_perturbation,45,P1,1,materials_project_supercell_5x3x1,structures/queries/medium__mp-10064__combined_noise_0.050A_0.010__mp-10064.cif
query,medium,medium::mp-10064::combined_noise_0.002A_0.030,mp-10064,mp-10064,SiO2,mp-10064,SiO2,combined_noise_0.002A_0.030,combined_perturbation,45,Fmmm,69,materials_project_supercell_5x3x1,structures/queries/medium__mp-10064__combined_noise_0.002A_0.030__mp-10064.cif
query,medium,medium::mp-10064::combined_noise_0.015A_0.030,mp-10064,mp-10064,SiO2,mp-10064,SiO2,combined_noise_0.015A_0.030,combined_perturbation,45,P1,1,materials_project_supercell_5x3x1,structures/queries/medium__mp-10064__combined_noise_0.015A_0.030__mp-10064.cif
query,medium,medium::mp-10064::combined_noise_0.050A_0.030,mp-10064,mp-10064,SiO2,mp-10064,SiO2,combined_noise_0.050A_0.030,combined_perturbation,45,P1,1,materials_project_supercell_5x3x1,structures/queries/medium__mp-10064__combined_noise_0.050A_0.030__mp-10064.cif
query,medium,medium::mp-1021503::conventional_standard,mp-1021503,mp-1021503,SiO2,mp-1021503,SiO2,conventional_standard,equivalent_transform,6,Pn-3m,224,materials_project_supercell_2x2x2,structures/queries/medium__mp-1021503__conventional_standard__mp-1021503.cif
query,medium,medium::mp-1021503::niggli_reduced,mp-1021503,mp-1021503,SiO2,mp-1021503,SiO2,niggli_reduced,equivalent_transform,48,Pn-3m,224,materials_project_supercell_2x2x2,structures/queries/medium__mp-1021503__niggli_reduced__mp-1021503.cif
query,medium,medium::mp-1021503::origin_shifted,mp-1021503,mp-1021503,SiO2,mp-1021503,SiO2,origin_shifted,equivalent_transform,48,Pn-3m,224,materials_project_supercell_2x2x2,structures/queries/medium__mp-1021503__origin_shifted__mp-1021503.cif
query,medium,medium::mp-1021503::permuted_sites,mp-1021503,mp-1021503,SiO2,mp-1021503,SiO2,permuted_sites,equivalent_transform,48,Pn-3m,224,materials_project_supercell_2x2x2,structures/queries/medium__mp-1021503__permuted_sites__mp-1021503.cif
query,medium,medium::mp-1021503::combined_noise_0.002A_0.003,mp-1021503,mp-1021503,SiO2,mp-1021503,SiO2,combined_noise_0.002A_0.003,combined_perturbation,48,P1,1,materials_project_supercell_2x2x2,structures/queries/medium__mp-1021503__combined_noise_0.002A_0.003__mp-1021503.cif
query,medium,medium::mp-1021503::combined_noise_0.015A_0.003,mp-1021503,mp-1021503,SiO2,mp-1021503,SiO2,combined_noise_0.015A_0.003,combined_perturbation,48,P1,1,materials_project_supercell_2x2x2,structures/queries/medium__mp-1021503__combined_noise_0.015A_0.003__mp-1021503.cif
query,medium,medium::mp-1021503::combined_noise_0.050A_0.003,mp-1021503,mp-1021503,SiO2,mp-1021503,SiO2,combined_noise_0.050A_0.003,combined_perturbation,48,P1,1,materials_project_supercell_2x2x2,structures/queries/medium__mp-1021503__combined_noise_0.050A_0.003__mp-1021503.cif
query,medium,medium::mp-1021503::combined_noise_0.002A_0.010,mp-1021503,mp-1021503,SiO2,mp-1021503,SiO2,combined_noise_0.002A_0.010,combined_perturbation,48,Pnnn,48,materials_project_supercell_2x2x2,structures/queries/medium__mp-1021503__combined_noise_0.002A_0.010__mp-1021503.cif
query,medium,medium::mp-1021503::combined_noise_0.015A_0.010,mp-1021503,mp-1021503,SiO2,mp-1021503,SiO2,combined_noise_0.015A_0.010,combined_perturbation,48,P1,1,materials_project_supercell_2x2x2,structures/queries/medium__mp-1021503__combined_noise_0.015A_0.010__mp-1021503.cif
query,medium,medium::mp-1021503::combined_noise_0.050A_0.010,mp-1021503,mp-1021503,SiO2,mp-1021503,SiO2,combined_noise_0.050A_0.010,combined_perturbation,48,P1,1,materials_project_supercell_2x2x2,structures/queries/medium__mp-1021503__combined_noise_0.050A_0.010__mp-1021503.cif
query,medium,medium::mp-1021503::combined_noise_0.002A_0.030,mp-1021503,mp-1021503,SiO2,mp-1021503,SiO2,combined_noise_0.002A_0.030,combined_perturbation,48,P1,1,materials_project_supercell_2x2x2,structures/queries/medium__mp-1021503__combined_noise_0.002A_0.030__mp-1021503.cif
query,medium,medium::mp-1021503::combined_noise_0.015A_0.030,mp-1021503,mp-1021503,SiO2,mp-1021503,SiO2,combined_noise_0.015A_0.030,combined_perturbation,48,P1,1,materials_project_supercell_2x2x2,structures/queries/medium__mp-1021503__combined_noise_0.015A_0.030__mp-1021503.cif
query,medium,medium::mp-1021503::combined_noise_0.050A_0.030,mp-1021503,mp-1021503,SiO2,mp-1021503,SiO2,combined_noise_0.050A_0.030,combined_perturbation,48,P1,1,materials_project_supercell_2x2x2,structures/queries/medium__mp-1021503__combined_noise_0.050A_0.030__mp-1021503.cif
query,medium,medium::mp-1071820::conventional_standard,mp-1071820,mp-1071820,SiO2,mp-1071820,SiO2,conventional_standard,equivalent_transform,12,Ibam,72,materials_project_supercell_2x2x2,structures/queries/medium__mp-1071820__conventional_standard__mp-1071820.cif
query,medium,medium::mp-1071820::niggli_reduced,mp-1071820,mp-1071820,SiO2,mp-1071820,SiO2,niggli_reduced,equivalent_transform,48,Ibam,72,materials_project_supercell_2x2x2,structures/queries/medium__mp-1071820__niggli_reduced__mp-1071820.cif
query,medium,medium::mp-1071820::origin_shifted,mp-1071820,mp-1071820,SiO2,mp-1071820,SiO2,origin_shifted,equivalent_transform,48,Ibam,72,materials_project_supercell_2x2x2,structures/queries/medium__mp-1071820__origin_shifted__mp-1071820.cif
query,medium,medium::mp-1071820::permuted_sites,mp-1071820,mp-1071820,SiO2,mp-1071820,SiO2,permuted_sites,equivalent_transform,48,Ibam,72,materials_project_supercell_2x2x2,structures/queries/medium__mp-1071820__permuted_sites__mp-1071820.cif
query,medium,medium::mp-1071820::combined_noise_0.002A_0.003,mp-1071820,mp-1071820,SiO2,mp-1071820,SiO2,combined_noise_0.002A_0.003,combined_perturbation,48,P1,1,materials_project_supercell_2x2x2,structures/queries/medium__mp-1071820__combined_noise_0.002A_0.003__mp-1071820.cif
query,medium,medium::mp-1071820::combined_noise_0.015A_0.003,mp-1071820,mp-1071820,SiO2,mp-1071820,SiO2,combined_noise_0.015A_0.003,combined_perturbation,48,P1,1,materials_project_supercell_2x2x2,structures/queries/medium__mp-1071820__combined_noise_0.015A_0.003__mp-1071820.cif
query,medium,medium::mp-1071820::combined_noise_0.050A_0.003,mp-1071820,mp-1071820,SiO2,mp-1071820,SiO2,combined_noise_0.050A_0.003,combined_perturbation,48,P1,1,materials_project_supercell_2x2x2,structures/queries/medium__mp-1071820__combined_noise_0.050A_0.003__mp-1071820.cif
query,medium,medium::mp-1071820::combined_noise_0.002A_0.010,mp-1071820,mp-1071820,SiO2,mp-1071820,SiO2,combined_noise_0.002A_0.010,combined_perturbation,48,C2,5,materials_project_supercell_2x2x2,structures/queries/medium__mp-1071820__combined_noise_0.002A_0.010__mp-1071820.cif
query,medium,medium::mp-1071820::combined_noise_0.015A_0.010,mp-1071820,mp-1071820,SiO2,mp-1071820,SiO2,combined_noise_0.015A_0.010,combined_perturbation,48,P1,1,materials_project_supercell_2x2x2,structures/queries/medium__mp-1071820__combined_noise_0.015A_0.010__mp-1071820.cif
query,medium,medium::mp-1071820::combined_noise_0.050A_0.010,mp-1071820,mp-1071820,SiO2,mp-1071820,SiO2,combined_noise_0.050A_0.010,combined_perturbation,48,P1,1,materials_project_supercell_2x2x2,structures/queries/medium__mp-1071820__combined_noise_0.050A_0.010__mp-1071820.cif
query,medium,medium::mp-1071820::combined_noise_0.002A_0.030,mp-1071820,mp-1071820,SiO2,mp-1071820,SiO2,combined_noise_0.002A_0.030,combined_perturbation,48,P-1,2,materials_project_supercell_2x2x2,structures/queries/medium__mp-1071820__combined_noise_0.002A_0.030__mp-1071820.cif
query,medium,medium::mp-1071820::combined_noise_0.015A_0.030,mp-1071820,mp-1071820,SiO2,mp-1071820,SiO2,combined_noise_0.015A_0.030,combined_perturbation,48,P1,1,materials_project_supercell_2x2x2,structures/queries/medium__mp-1071820__combined_noise_0.015A_0.030__mp-1071820.cif
query,medium,medium::mp-1071820::combined_noise_0.050A_0.030,mp-1071820,mp-1071820,SiO2,mp-1071820,SiO2,combined_noise_0.050A_0.030,combined_perturbation,48,P1,1,materials_project_supercell_2x2x2,structures/queries/medium__mp-1071820__combined_noise_0.050A_0.030__mp-1071820.cif
query,medium,medium::mp-10851::conventional_standard,mp-10851,mp-10851,SiO2,mp-10851,SiO2,conventional_standard,equivalent_transform,9,P6_422,181,materials_project_supercell_5x1x1,structures/queries/medium__mp-10851__conventional_standard__mp-10851.cif
query,medium,medium::mp-10851::niggli_reduced,mp-10851,mp-10851,SiO2,mp-10851,SiO2,niggli_reduced,equivalent_transform,45,P6_422,181,materials_project_supercell_5x1x1,structures/queries/medium__mp-10851__niggli_reduced__mp-10851.cif
query,medium,medium::mp-10851::origin_shifted,mp-10851,mp-10851,SiO2,mp-10851,SiO2,origin_shifted,equivalent_transform,45,P6_422,181,materials_project_supercell_5x1x1,structures/queries/medium__mp-10851__origin_shifted__mp-10851.cif
query,medium,medium::mp-10851::permuted_sites,mp-10851,mp-10851,SiO2,mp-10851,SiO2,permuted_sites,equivalent_transform,45,P6_422,181,materials_project_supercell_5x1x1,structures/queries/medium__mp-10851__permuted_sites__mp-10851.cif
query,medium,medium::mp-10851::combined_noise_0.002A_0.003,mp-10851,mp-10851,SiO2,mp-10851,SiO2,combined_noise_0.002A_0.003,combined_perturbation,45,C222,21,materials_project_supercell_5x1x1,structures/queries/medium__mp-10851__combined_noise_0.002A_0.003__mp-10851.cif
query,medium,medium::mp-10851::combined_noise_0.015A_0.003,mp-10851,mp-10851,SiO2,mp-10851,SiO2,combined_noise_0.015A_0.003,combined_perturbation,45,P1,1,materials_project_supercell_5x1x1,structures/queries/medium__mp-10851__combined_noise_0.015A_0.003__mp-10851.cif
query,medium,medium::mp-10851::combined_noise_0.050A_0.003,mp-10851,mp-10851,SiO2,mp-10851,SiO2,combined_noise_0.050A_0.003,combined_perturbation,45,P1,1,materials_project_supercell_5x1x1,structures/queries/medium__mp-10851__combined_noise_0.050A_0.003__mp-10851.cif
query,medium,medium::mp-10851::combined_noise_0.002A_0.010,mp-10851,mp-10851,SiO2,mp-10851,SiO2,combined_noise_0.002A_0.010,combined_perturbation,45,P6_422,181,materials_project_supercell_5x1x1,structures/queries/medium__mp-10851__combined_noise_0.002A_0.010__mp-10851.cif
query,medium,medium::mp-10851::combined_noise_0.015A_0.010,mp-10851,mp-10851,SiO2,mp-10851,SiO2,combined_noise_0.015A_0.010,combined_perturbation,45,P1,1,materials_project_supercell_5x1x1,structures/queries/medium__mp-10851__combined_noise_0.015A_0.010__mp-10851.cif
query,medium,medium::mp-10851::combined_noise_0.050A_0.010,mp-10851,mp-10851,SiO2,mp-10851,SiO2,combined_noise_0.050A_0.010,combined_perturbation,45,P1,1,materials_project_supercell_5x1x1,structures/queries/medium__mp-10851__combined_noise_0.050A_0.010__mp-10851.cif
query,medium,medium::mp-10851::combined_noise_0.002A_0.030,mp-10851,mp-10851,SiO2,mp-10851,SiO2,combined_noise_0.002A_0.030,combined_perturbation,45,C222,21,materials_project_supercell_5x1x1,structures/queries/medium__mp-10851__combined_noise_0.002A_0.030__mp-10851.cif
query,medium,medium::mp-10851::combined_noise_0.015A_0.030,mp-10851,mp-10851,SiO2,mp-10851,SiO2,combined_noise_0.015A_0.030,combined_perturbation,45,P1,1,materials_project_supercell_5x1x1,structures/queries/medium__mp-10851__combined_noise_0.015A_0.030__mp-10851.cif
query,medium,medium::mp-10851::combined_noise_0.050A_0.030,mp-10851,mp-10851,SiO2,mp-10851,SiO2,combined_noise_0.050A_0.030,combined_perturbation,45,P1,1,materials_project_supercell_5x1x1,structures/queries/medium__mp-10851__combined_noise_0.050A_0.030__mp-10851.cif
query,medium,medium::mp-10948::conventional_standard,mp-10948,mp-10948,SiO2,mp-10948,SiO2,conventional_standard,equivalent_transform,12,Pbcn,60,materials_project_supercell_2x2x1,structures/queries/medium__mp-10948__conventional_standard__mp-10948.cif
query,medium,medium::mp-10948::niggli_reduced,mp-10948,mp-10948,SiO2,mp-10948,SiO2,niggli_reduced,equivalent_transform,48,Pbcn,60,materials_project_supercell_2x2x1,structures/queries/medium__mp-10948__niggli_reduced__mp-10948.cif
query,medium,medium::mp-10948::origin_shifted,mp-10948,mp-10948,SiO2,mp-10948,SiO2,origin_shifted,equivalent_transform,48,Pbcn,60,materials_project_supercell_2x2x1,structures/queries/medium__mp-10948__origin_shifted__mp-10948.cif
query,medium,medium::mp-10948::permuted_sites,mp-10948,mp-10948,SiO2,mp-10948,SiO2,permuted_sites,equivalent_transform,48,Pbcn,60,materials_project_supercell_2x2x1,structures/queries/medium__mp-10948__permuted_sites__mp-10948.cif
query,medium,medium::mp-10948::combined_noise_0.002A_0.003,mp-10948,mp-10948,SiO2,mp-10948,SiO2,combined_noise_0.002A_0.003,combined_perturbation,48,P1,1,materials_project_supercell_2x2x1,structures/queries/medium__mp-10948__combined_noise_0.002A_0.003__mp-10948.cif
query,medium,medium::mp-10948::combined_noise_0.015A_0.003,mp-10948,mp-10948,SiO2,mp-10948,SiO2,combined_noise_0.015A_0.003,combined_perturbation,48,P1,1,materials_project_supercell_2x2x1,structures/queries/medium__mp-10948__combined_noise_0.015A_0.003__mp-10948.cif
query,medium,medium::mp-10948::combined_noise_0.050A_0.003,mp-10948,mp-10948,SiO2,mp-10948,SiO2,combined_noise_0.050A_0.003,combined_perturbation,48,P1,1,materials_project_supercell_2x2x1,structures/queries/medium__mp-10948__combined_noise_0.050A_0.003__mp-10948.cif
query,medium,medium::mp-10948::combined_noise_0.002A_0.010,mp-10948,mp-10948,SiO2,mp-10948,SiO2,combined_noise_0.002A_0.010,combined_perturbation,48,P-1,2,materials_project_supercell_2x2x1,structures/queries/medium__mp-10948__combined_noise_0.002A_0.010__mp-10948.cif
query,medium,medium::mp-10948::combined_noise_0.015A_0.010,mp-10948,mp-10948,SiO2,mp-10948,SiO2,combined_noise_0.015A_0.010,combined_perturbation,48,P1,1,materials_project_supercell_2x2x1,structures/queries/medium__mp-10948__combined_noise_0.015A_0.010__mp-10948.cif
query,medium,medium::mp-10948::combined_noise_0.050A_0.010,mp-10948,mp-10948,SiO2,mp-10948,SiO2,combined_noise_0.050A_0.010,combined_perturbation,48,P1,1,materials_project_supercell_2x2x1,structures/queries/medium__mp-10948__combined_noise_0.050A_0.010__mp-10948.cif
query,medium,medium::mp-10948::combined_noise_0.002A_0.030,mp-10948,mp-10948,SiO2,mp-10948,SiO2,combined_noise_0.002A_0.030,combined_perturbation,48,Pbcn,60,materials_project_supercell_2x2x1,structures/queries/medium__mp-10948__combined_noise_0.002A_0.030__mp-10948.cif
query,medium,medium::mp-10948::combined_noise_0.015A_0.030,mp-10948,mp-10948,SiO2,mp-10948,SiO2,combined_noise_0.015A_0.030,combined_perturbation,48,P1,1,materials_project_supercell_2x2x1,structures/queries/medium__mp-10948__combined_noise_0.015A_0.030__mp-10948.cif
query,medium,medium::mp-10948::combined_noise_0.050A_0.030,mp-10948,mp-10948,SiO2,mp-10948,SiO2,combined_noise_0.050A_0.030,combined_perturbation,48,P1,1,materials_project_supercell_2x2x1,structures/queries/medium__mp-10948__combined_noise_0.050A_0.030__mp-10948.cif
query,medium,medium::mp-11684::conventional_standard,mp-11684,mp-11684,SiO2,mp-11684,SiO2,conventional_standard,equivalent_transform,48,C2/c,15,materials_project_supercell_2x1x1,structures/queries/medium__mp-11684__conventional_standard__mp-11684.cif
query,medium,medium::mp-11684::niggli_reduced,mp-11684,mp-11684,SiO2,mp-11684,SiO2,niggli_reduced,equivalent_transform,48,C2/c,15,materials_project_supercell_2x1x1,structures/queries/medium__mp-11684__niggli_reduced__mp-11684.cif
query,medium,medium::mp-11684::origin_shifted,mp-11684,mp-11684,SiO2,mp-11684,SiO2,origin_shifted,equivalent_transform,48,C2/c,15,materials_project_supercell_2x1x1,structures/queries/medium__mp-11684__origin_shifted__mp-11684.cif
query,medium,medium::mp-11684::permuted_sites,mp-11684,mp-11684,SiO2,mp-11684,SiO2,permuted_sites,equivalent_transform,48,C2/c,15,materials_project_supercell_2x1x1,structures/queries/medium__mp-11684__permuted_sites__mp-11684.cif
query,medium,medium::mp-11684::combined_noise_0.002A_0.003,mp-11684,mp-11684,SiO2,mp-11684,SiO2,combined_noise_0.002A_0.003,combined_perturbation,48,P1,1,materials_project_supercell_2x1x1,structures/queries/medium__mp-11684__combined_noise_0.002A_0.003__mp-11684.cif
query,medium,medium::mp-11684::combined_noise_0.015A_0.003,mp-11684,mp-11684,SiO2,mp-11684,SiO2,combined_noise_0.015A_0.003,combined_perturbation,48,P1,1,materials_project_supercell_2x1x1,structures/queries/medium__mp-11684__combined_noise_0.015A_0.003__mp-11684.cif
query,medium,medium::mp-11684::combined_noise_0.050A_0.003,mp-11684,mp-11684,SiO2,mp-11684,SiO2,combined_noise_0.050A_0.003,combined_perturbation,48,P1,1,materials_project_supercell_2x1x1,structures/queries/medium__mp-11684__combined_noise_0.050A_0.003__mp-11684.cif
query,medium,medium::mp-11684::combined_noise_0.002A_0.010,mp-11684,mp-11684,SiO2,mp-11684,SiO2,combined_noise_0.002A_0.010,combined_perturbation,48,C2/c,15,materials_project_supercell_2x1x1,structures/queries/medium__mp-11684__combined_noise_0.002A_0.010__mp-11684.cif
query,medium,medium::mp-11684::combined_noise_0.015A_0.010,mp-11684,mp-11684,SiO2,mp-11684,SiO2,combined_noise_0.015A_0.010,combined_perturbation,48,P1,1,materials_project_supercell_2x1x1,structures/queries/medium__mp-11684__combined_noise_0.015A_0.010__mp-11684.cif
query,medium,medium::mp-11684::combined_noise_0.050A_0.010,mp-11684,mp-11684,SiO2,mp-11684,SiO2,combined_noise_0.050A_0.010,combined_perturbation,48,P1,1,materials_project_supercell_2x1x1,structures/queries/medium__mp-11684__combined_noise_0.050A_0.010__mp-11684.cif
query,medium,medium::mp-11684::combined_noise_0.002A_0.030,mp-11684,mp-11684,SiO2,mp-11684,SiO2,combined_noise_0.002A_0.030,combined_perturbation,48,P1,1,materials_project_supercell_2x1x1,structures/queries/medium__mp-11684__combined_noise_0.002A_0.030__mp-11684.cif
query,medium,medium::mp-11684::combined_noise_0.015A_0.030,mp-11684,mp-11684,SiO2,mp-11684,SiO2,combined_noise_0.015A_0.030,combined_perturbation,48,P1,1,materials_project_supercell_2x1x1,structures/queries/medium__mp-11684__combined_noise_0.015A_0.030__mp-11684.cif
query,medium,medium::mp-11684::combined_noise_0.050A_0.030,mp-11684,mp-11684,SiO2,mp-11684,SiO2,combined_noise_0.050A_0.030,combined_perturbation,48,P1,1,materials_project_supercell_2x1x1,structures/queries/medium__mp-11684__combined_noise_0.050A_0.030__mp-11684.cif
query,medium,medium::mp-1179447::conventional_standard,mp-1179447,mp-1179447,SiO2,mp-1179447,SiO2,conventional_standard,equivalent_transform,48,I4_1/amd,141,materials_project_supercell_2x1x1,structures/queries/medium__mp-1179447__conventional_standard__mp-1179447.cif
query,medium,medium::mp-1179447::niggli_reduced,mp-1179447,mp-1179447,SiO2,mp-1179447,SiO2,niggli_reduced,equivalent_transform,48,I4_1/amd,141,materials_project_supercell_2x1x1,structures/queries/medium__mp-1179447__niggli_reduced__mp-1179447.cif
query,medium,medium::mp-1179447::origin_shifted,mp-1179447,mp-1179447,SiO2,mp-1179447,SiO2,origin_shifted,equivalent_transform,48,I4_1/amd,141,materials_project_supercell_2x1x1,structures/queries/medium__mp-1179447__origin_shifted__mp-1179447.cif
query,medium,medium::mp-1179447::permuted_sites,mp-1179447,mp-1179447,SiO2,mp-1179447,SiO2,permuted_sites,equivalent_transform,48,I4_1/amd,141,materials_project_supercell_2x1x1,structures/queries/medium__mp-1179447__permuted_sites__mp-1179447.cif
query,medium,medium::mp-1179447::combined_noise_0.002A_0.003,mp-1179447,mp-1179447,SiO2,mp-1179447,SiO2,combined_noise_0.002A_0.003,combined_perturbation,48,P1,1,materials_project_supercell_2x1x1,structures/queries/medium__mp-1179447__combined_noise_0.002A_0.003__mp-1179447.cif
query,medium,medium::mp-1179447::combined_noise_0.015A_0.003,mp-1179447,mp-1179447,SiO2,mp-1179447,SiO2,combined_noise_0.015A_0.003,combined_perturbation,48,P1,1,materials_project_supercell_2x1x1,structures/queries/medium__mp-1179447__combined_noise_0.015A_0.003__mp-1179447.cif
query,medium,medium::mp-1179447::combined_noise_0.050A_0.003,mp-1179447,mp-1179447,SiO2,mp-1179447,SiO2,combined_noise_0.050A_0.003,combined_perturbation,48,P1,1,materials_project_supercell_2x1x1,structures/queries/medium__mp-1179447__combined_noise_0.050A_0.003__mp-1179447.cif
query,medium,medium::mp-1179447::combined_noise_0.002A_0.010,mp-1179447,mp-1179447,SiO2,mp-1179447,SiO2,combined_noise_0.002A_0.010,combined_perturbation,48,P1,1,materials_project_supercell_2x1x1,structures/queries/medium__mp-1179447__combined_noise_0.002A_0.010__mp-1179447.cif
query,medium,medium::mp-1179447::combined_noise_0.015A_0.010,mp-1179447,mp-1179447,SiO2,mp-1179447,SiO2,combined_noise_0.015A_0.010,combined_perturbation,48,P1,1,materials_project_supercell_2x1x1,structures/queries/medium__mp-1179447__combined_noise_0.015A_0.010__mp-1179447.cif
query,medium,medium::mp-1179447::combined_noise_0.050A_0.010,mp-1179447,mp-1179447,SiO2,mp-1179447,SiO2,combined_noise_0.050A_0.010,combined_perturbation,48,P1,1,materials_project_supercell_2x1x1,structures/queries/medium__mp-1179447__combined_noise_0.050A_0.010__mp-1179447.cif
query,medium,medium::mp-1179447::combined_noise_0.002A_0.030,mp-1179447,mp-1179447,SiO2,mp-1179447,SiO2,combined_noise_0.002A_0.030,combined_perturbation,48,Cm,8,materials_project_supercell_2x1x1,structures/queries/medium__mp-1179447__combined_noise_0.002A_0.030__mp-1179447.cif
query,medium,medium::mp-1179447::combined_noise_0.015A_0.030,mp-1179447,mp-1179447,SiO2,mp-1179447,SiO2,combined_noise_0.015A_0.030,combined_perturbation,48,P1,1,materials_project_supercell_2x1x1,structures/queries/medium__mp-1179447__combined_noise_0.015A_0.030__mp-1179447.cif
query,medium,medium::mp-1179447::combined_noise_0.050A_0.030,mp-1179447,mp-1179447,SiO2,mp-1179447,SiO2,combined_noise_0.050A_0.030,combined_perturbation,48,P1,1,materials_project_supercell_2x1x1,structures/queries/medium__mp-1179447__combined_noise_0.050A_0.030__mp-1179447.cif
query,medium,medium::mp-1179454::conventional_standard,mp-1179454,mp-1179454,SiO2,mp-1179454,SiO2,conventional_standard,equivalent_transform,24,I4/mmm,139,materials_project_supercell_2x2x1,structures/queries/medium__mp-1179454__conventional_standard__mp-1179454.cif
query,medium,medium::mp-1179454::niggli_reduced,mp-1179454,mp-1179454,SiO2,mp-1179454,SiO2,niggli_reduced,equivalent_transform,48,I4/mmm,139,materials_project_supercell_2x2x1,structures/queries/medium__mp-1179454__niggli_reduced__mp-1179454.cif
query,medium,medium::mp-1179454::origin_shifted,mp-1179454,mp-1179454,SiO2,mp-1179454,SiO2,origin_shifted,equivalent_transform,48,I4/mmm,139,materials_project_supercell_2x2x1,structures/queries/medium__mp-1179454__origin_shifted__mp-1179454.cif
query,medium,medium::mp-1179454::permuted_sites,mp-1179454,mp-1179454,SiO2,mp-1179454,SiO2,permuted_sites,equivalent_transform,48,I4/mmm,139,materials_project_supercell_2x2x1,structures/queries/medium__mp-1179454__permuted_sites__mp-1179454.cif
query,medium,medium::mp-1179454::combined_noise_0.002A_0.003,mp-1179454,mp-1179454,SiO2,mp-1179454,SiO2,combined_noise_0.002A_0.003,combined_perturbation,48,P1,1,materials_project_supercell_2x2x1,structures/queries/medium__mp-1179454__combined_noise_0.002A_0.003__mp-1179454.cif
query,medium,medium::mp-1179454::combined_noise_0.015A_0.003,mp-1179454,mp-1179454,SiO2,mp-1179454,SiO2,combined_noise_0.015A_0.003,combined_perturbation,48,P1,1,materials_project_supercell_2x2x1,structures/queries/medium__mp-1179454__combined_noise_0.015A_0.003__mp-1179454.cif
query,medium,medium::mp-1179454::combined_noise_0.050A_0.003,mp-1179454,mp-1179454,SiO2,mp-1179454,SiO2,combined_noise_0.050A_0.003,combined_perturbation,48,P1,1,materials_project_supercell_2x2x1,structures/queries/medium__mp-1179454__combined_noise_0.050A_0.003__mp-1179454.cif
query,medium,medium::mp-1179454::combined_noise_0.002A_0.010,mp-1179454,mp-1179454,SiO2,mp-1179454,SiO2,combined_noise_0.002A_0.010,combined_perturbation,48,I4/mmm,139,materials_project_supercell_2x2x1,structures/queries/medium__mp-1179454__combined_noise_0.002A_0.010__mp-1179454.cif
query,medium,medium::mp-1179454::combined_noise_0.015A_0.010,mp-1179454,mp-1179454,SiO2,mp-1179454,SiO2,combined_noise_0.015A_0.010,combined_perturbation,48,P1,1,materials_project_supercell_2x2x1,structures/queries/medium__mp-1179454__combined_noise_0.015A_0.010__mp-1179454.cif
query,medium,medium::mp-1179454::combined_noise_0.050A_0.010,mp-1179454,mp-1179454,SiO2,mp-1179454,SiO2,combined_noise_0.050A_0.010,combined_perturbation,48,P1,1,materials_project_supercell_2x2x1,structures/queries/medium__mp-1179454__combined_noise_0.050A_0.010__mp-1179454.cif
query,medium,medium::mp-1179454::combined_noise_0.002A_0.030,mp-1179454,mp-1179454,SiO2,mp-1179454,SiO2,combined_noise_0.002A_0.030,combined_perturbation,48,P1,1,materials_project_supercell_2x2x1,structures/queries/medium__mp-1179454__combined_noise_0.002A_0.030__mp-1179454.cif
query,medium,medium::mp-1179454::combined_noise_0.015A_0.030,mp-1179454,mp-1179454,SiO2,mp-1179454,SiO2,combined_noise_0.015A_0.030,combined_perturbation,48,P1,1,materials_project_supercell_2x2x1,structures/queries/medium__mp-1179454__combined_noise_0.015A_0.030__mp-1179454.cif
query,medium,medium::mp-1179454::combined_noise_0.050A_0.030,mp-1179454,mp-1179454,SiO2,mp-1179454,SiO2,combined_noise_0.050A_0.030,combined_perturbation,48,P1,1,materials_project_supercell_2x2x1,structures/queries/medium__mp-1179454__combined_noise_0.050A_0.030__mp-1179454.cif
query,medium,medium::mp-1179488::conventional_standard,mp-1179488,mp-1179488,SiO2,mp-1179488,SiO2,conventional_standard,equivalent_transform,168,C2/m,12,materials_project,structures/queries/medium__mp-1179488__conventional_standard__mp-1179488.cif
query,medium,medium::mp-1179488::niggli_reduced,mp-1179488,mp-1179488,SiO2,mp-1179488,SiO2,niggli_reduced,equivalent_transform,84,C2/m,12,materials_project,structures/queries/medium__mp-1179488__niggli_reduced__mp-1179488.cif
query,medium,medium::mp-1179488::origin_shifted,mp-1179488,mp-1179488,SiO2,mp-1179488,SiO2,origin_shifted,equivalent_transform,84,C2/m,12,materials_project,structures/queries/medium__mp-1179488__origin_shifted__mp-1179488.cif
query,medium,medium::mp-1179488::permuted_sites,mp-1179488,mp-1179488,SiO2,mp-1179488,SiO2,permuted_sites,equivalent_transform,84,C2/m,12,materials_project,structures/queries/medium__mp-1179488__permuted_sites__mp-1179488.cif
query,medium,medium::mp-1179488::combined_noise_0.002A_0.003,mp-1179488,mp-1179488,SiO2,mp-1179488,SiO2,combined_noise_0.002A_0.003,combined_perturbation,84,Cm,8,materials_project,structures/queries/medium__mp-1179488__combined_noise_0.002A_0.003__mp-1179488.cif
query,medium,medium::mp-1179488::combined_noise_0.015A_0.003,mp-1179488,mp-1179488,SiO2,mp-1179488,SiO2,combined_noise_0.015A_0.003,combined_perturbation,84,P1,1,materials_project,structures/queries/medium__mp-1179488__combined_noise_0.015A_0.003__mp-1179488.cif
query,medium,medium::mp-1179488::combined_noise_0.050A_0.003,mp-1179488,mp-1179488,SiO2,mp-1179488,SiO2,combined_noise_0.050A_0.003,combined_perturbation,84,P1,1,materials_project,structures/queries/medium__mp-1179488__combined_noise_0.050A_0.003__mp-1179488.cif
query,medium,medium::mp-1179488::combined_noise_0.002A_0.010,mp-1179488,mp-1179488,SiO2,mp-1179488,SiO2,combined_noise_0.002A_0.010,combined_perturbation,84,P1,1,materials_project,structures/queries/medium__mp-1179488__combined_noise_0.002A_0.010__mp-1179488.cif
query,medium,medium::mp-1179488::combined_noise_0.015A_0.010,mp-1179488,mp-1179488,SiO2,mp-1179488,SiO2,combined_noise_0.015A_0.010,combined_perturbation,84,P1,1,materials_project,structures/queries/medium__mp-1179488__combined_noise_0.015A_0.010__mp-1179488.cif
query,medium,medium::mp-1179488::combined_noise_0.050A_0.010,mp-1179488,mp-1179488,SiO2,mp-1179488,SiO2,combined_noise_0.050A_0.010,combined_perturbation,84,P1,1,materials_project,structures/queries/medium__mp-1179488__combined_noise_0.050A_0.010__mp-1179488.cif
query,medium,medium::mp-1179488::combined_noise_0.002A_0.030,mp-1179488,mp-1179488,SiO2,mp-1179488,SiO2,combined_noise_0.002A_0.030,combined_perturbation,84,P1,1,materials_project,structures/queries/medium__mp-1179488__combined_noise_0.002A_0.030__mp-1179488.cif
query,medium,medium::mp-1179488::combined_noise_0.015A_0.030,mp-1179488,mp-1179488,SiO2,mp-1179488,SiO2,combined_noise_0.015A_0.030,combined_perturbation,84,P1,1,materials_project,structures/queries/medium__mp-1179488__combined_noise_0.015A_0.030__mp-1179488.cif
query,medium,medium::mp-1179488::combined_noise_0.050A_0.030,mp-1179488,mp-1179488,SiO2,mp-1179488,SiO2,combined_noise_0.050A_0.030,combined_perturbation,84,P1,1,materials_project,structures/queries/medium__mp-1179488__combined_noise_0.050A_0.030__mp-1179488.cif
query,medium,medium::mp-1179529::conventional_standard,mp-1179529,mp-1179529,SiO2,mp-1179529,SiO2,conventional_standard,equivalent_transform,36,P4_12_12,92,materials_project_supercell_2x1x1,structures/queries/medium__mp-1179529__conventional_standard__mp-1179529.cif
query,medium,medium::mp-1179529::niggli_reduced,mp-1179529,mp-1179529,SiO2,mp-1179529,SiO2,niggli_reduced,equivalent_transform,72,P4_12_12,92,materials_project_supercell_2x1x1,structures/queries/medium__mp-1179529__niggli_reduced__mp-1179529.cif
query,medium,medium::mp-1179529::origin_shifted,mp-1179529,mp-1179529,SiO2,mp-1179529,SiO2,origin_shifted,equivalent_transform,72,P4_12_12,92,materials_project_supercell_2x1x1,structures/queries/medium__mp-1179529__origin_shifted__mp-1179529.cif
query,medium,medium::mp-1179529::permuted_sites,mp-1179529,mp-1179529,SiO2,mp-1179529,SiO2,permuted_sites,equivalent_transform,72,P4_12_12,92,materials_project_supercell_2x1x1,structures/queries/medium__mp-1179529__permuted_sites__mp-1179529.cif
query,medium,medium::mp-1179529::combined_noise_0.002A_0.003,mp-1179529,mp-1179529,SiO2,mp-1179529,SiO2,combined_noise_0.002A_0.003,combined_perturbation,72,P2_1,4,materials_project_supercell_2x1x1,structures/queries/medium__mp-1179529__combined_noise_0.002A_0.003__mp-1179529.cif
query,medium,medium::mp-1179529::combined_noise_0.015A_0.003,mp-1179529,mp-1179529,SiO2,mp-1179529,SiO2,combined_noise_0.015A_0.003,combined_perturbation,72,P1,1,materials_project_supercell_2x1x1,structures/queries/medium__mp-1179529__combined_noise_0.015A_0.003__mp-1179529.cif
query,medium,medium::mp-1179529::combined_noise_0.050A_0.003,mp-1179529,mp-1179529,SiO2,mp-1179529,SiO2,combined_noise_0.050A_0.003,combined_perturbation,72,P1,1,materials_project_supercell_2x1x1,structures/queries/medium__mp-1179529__combined_noise_0.050A_0.003__mp-1179529.cif
query,medium,medium::mp-1179529::combined_noise_0.002A_0.010,mp-1179529,mp-1179529,SiO2,mp-1179529,SiO2,combined_noise_0.002A_0.010,combined_perturbation,72,P2_1,4,materials_project_supercell_2x1x1,structures/queries/medium__mp-1179529__combined_noise_0.002A_0.010__mp-1179529.cif
query,medium,medium::mp-1179529::combined_noise_0.015A_0.010,mp-1179529,mp-1179529,SiO2,mp-1179529,SiO2,combined_noise_0.015A_0.010,combined_perturbation,72,P1,1,materials_project_supercell_2x1x1,structures/queries/medium__mp-1179529__combined_noise_0.015A_0.010__mp-1179529.cif
query,medium,medium::mp-1179529::combined_noise_0.050A_0.010,mp-1179529,mp-1179529,SiO2,mp-1179529,SiO2,combined_noise_0.050A_0.010,combined_perturbation,72,P1,1,materials_project_supercell_2x1x1,structures/queries/medium__mp-1179529__combined_noise_0.050A_0.010__mp-1179529.cif
query,medium,medium::mp-1179529::combined_noise_0.002A_0.030,mp-1179529,mp-1179529,SiO2,mp-1179529,SiO2,combined_noise_0.002A_0.030,combined_perturbation,72,P1,1,materials_project_supercell_2x1x1,structures/queries/medium__mp-1179529__combined_noise_0.002A_0.030__mp-1179529.cif
query,medium,medium::mp-1179529::combined_noise_0.015A_0.030,mp-1179529,mp-1179529,SiO2,mp-1179529,SiO2,combined_noise_0.015A_0.030,combined_perturbation,72,P1,1,materials_project_supercell_2x1x1,structures/queries/medium__mp-1179529__combined_noise_0.015A_0.030__mp-1179529.cif
query,medium,medium::mp-1179529::combined_noise_0.050A_0.030,mp-1179529,mp-1179529,SiO2,mp-1179529,SiO2,combined_noise_0.050A_0.030,combined_perturbation,72,P1,1,materials_project_supercell_2x1x1,structures/queries/medium__mp-1179529__combined_noise_0.050A_0.030__mp-1179529.cif
query,medium,medium::mp-1188220::conventional_standard,mp-1188220,mp-1188220,SiO2,mp-1188220,SiO2,conventional_standard,equivalent_transform,36,I-43m,217,materials_project_supercell_3x1x1,structures/queries/medium__mp-1188220__conventional_standard__mp-1188220.cif
query,medium,medium::mp-1188220::niggli_reduced,mp-1188220,mp-1188220,SiO2,mp-1188220,SiO2,niggli_reduced,equivalent_transform,54,I-43m,217,materials_project_supercell_3x1x1,structures/queries/medium__mp-1188220__niggli_reduced__mp-1188220.cif
query,medium,medium::mp-1188220::origin_shifted,mp-1188220,mp-1188220,SiO2,mp-1188220,SiO2,origin_shifted,equivalent_transform,54,I-43m,217,materials_project_supercell_3x1x1,structures/queries/medium__mp-1188220__origin_shifted__mp-1188220.cif
query,medium,medium::mp-1188220::permuted_sites,mp-1188220,mp-1188220,SiO2,mp-1188220,SiO2,permuted_sites,equivalent_transform,54,I-43m,217,materials_project_supercell_3x1x1,structures/queries/medium__mp-1188220__permuted_sites__mp-1188220.cif
query,medium,medium::mp-1188220::combined_noise_0.002A_0.003,mp-1188220,mp-1188220,SiO2,mp-1188220,SiO2,combined_noise_0.002A_0.003,combined_perturbation,54,P1,1,materials_project_supercell_3x1x1,structures/queries/medium__mp-1188220__combined_noise_0.002A_0.003__mp-1188220.cif
query,medium,medium::mp-1188220::combined_noise_0.015A_0.003,mp-1188220,mp-1188220,SiO2,mp-1188220,SiO2,combined_noise_0.015A_0.003,combined_perturbation,54,P1,1,materials_project_supercell_3x1x1,structures/queries/medium__mp-1188220__combined_noise_0.015A_0.003__mp-1188220.cif
query,medium,medium::mp-1188220::combined_noise_0.050A_0.003,mp-1188220,mp-1188220,SiO2,mp-1188220,SiO2,combined_noise_0.050A_0.003,combined_perturbation,54,P1,1,materials_project_supercell_3x1x1,structures/queries/medium__mp-1188220__combined_noise_0.050A_0.003__mp-1188220.cif
query,medium,medium::mp-1188220::combined_noise_0.002A_0.010,mp-1188220,mp-1188220,SiO2,mp-1188220,SiO2,combined_noise_0.002A_0.010,combined_perturbation,54,Cm,8,materials_project_supercell_3x1x1,structures/queries/medium__mp-1188220__combined_noise_0.002A_0.010__mp-1188220.cif
query,medium,medium::mp-1188220::combined_noise_0.015A_0.010,mp-1188220,mp-1188220,SiO2,mp-1188220,SiO2,combined_noise_0.015A_0.010,combined_perturbation,54,P1,1,materials_project_supercell_3x1x1,structures/queries/medium__mp-1188220__combined_noise_0.015A_0.010__mp-1188220.cif
query,medium,medium::mp-1188220::combined_noise_0.050A_0.010,mp-1188220,mp-1188220,SiO2,mp-1188220,SiO2,combined_noise_0.050A_0.010,combined_perturbation,54,P1,1,materials_project_supercell_3x1x1,structures/queries/medium__mp-1188220__combined_noise_0.050A_0.010__mp-1188220.cif
query,medium,medium::mp-1188220::combined_noise_0.002A_0.030,mp-1188220,mp-1188220,SiO2,mp-1188220,SiO2,combined_noise_0.002A_0.030,combined_perturbation,54,P1,1,materials_project_supercell_3x1x1,structures/queries/medium__mp-1188220__combined_noise_0.002A_0.030__mp-1188220.cif
query,medium,medium::mp-1188220::combined_noise_0.015A_0.030,mp-1188220,mp-1188220,SiO2,mp-1188220,SiO2,combined_noise_0.015A_0.030,combined_perturbation,54,P1,1,materials_project_supercell_3x1x1,structures/queries/medium__mp-1188220__combined_noise_0.015A_0.030__mp-1188220.cif
query,medium,medium::mp-1188220::combined_noise_0.050A_0.030,mp-1188220,mp-1188220,SiO2,mp-1188220,SiO2,combined_noise_0.050A_0.030,combined_perturbation,54,P1,1,materials_project_supercell_3x1x1,structures/queries/medium__mp-1188220__combined_noise_0.050A_0.030__mp-1188220.cif
query,medium,medium::mp-1200685::conventional_standard,mp-1200685,mp-1200685,SiO2,mp-1200685,SiO2,conventional_standard,equivalent_transform,96,C222,21,materials_project,structures/queries/medium__mp-1200685__conventional_standard__mp-1200685.cif
query,medium,medium::mp-1200685::niggli_reduced,mp-1200685,mp-1200685,SiO2,mp-1200685,SiO2,niggli_reduced,equivalent_transform,48,C222,21,materials_project,structures/queries/medium__mp-1200685__niggli_reduced__mp-1200685.cif
query,medium,medium::mp-1200685::origin_shifted,mp-1200685,mp-1200685,SiO2,mp-1200685,SiO2,origin_shifted,equivalent_transform,48,C222,21,materials_project,structures/queries/medium__mp-1200685__origin_shifted__mp-1200685.cif
query,medium,medium::mp-1200685::permuted_sites,mp-1200685,mp-1200685,SiO2,mp-1200685,SiO2,permuted_sites,equivalent_transform,48,C222,21,materials_project,structures/queries/medium__mp-1200685__permuted_sites__mp-1200685.cif
query,medium,medium::mp-1200685::combined_noise_0.002A_0.003,mp-1200685,mp-1200685,SiO2,mp-1200685,SiO2,combined_noise_0.002A_0.003,combined_perturbation,48,C2,5,materials_project,structures/queries/medium__mp-1200685__combined_noise_0.002A_0.003__mp-1200685.cif
query,medium,medium::mp-1200685::combined_noise_0.015A_0.003,mp-1200685,mp-1200685,SiO2,mp-1200685,SiO2,combined_noise_0.015A_0.003,combined_perturbation,48,P1,1,materials_project,structures/queries/medium__mp-1200685__combined_noise_0.015A_0.003__mp-1200685.cif
query,medium,medium::mp-1200685::combined_noise_0.050A_0.003,mp-1200685,mp-1200685,SiO2,mp-1200685,SiO2,combined_noise_0.050A_0.003,combined_perturbation,48,P1,1,materials_project,structures/queries/medium__mp-1200685__combined_noise_0.050A_0.003__mp-1200685.cif
query,medium,medium::mp-1200685::combined_noise_0.002A_0.010,mp-1200685,mp-1200685,SiO2,mp-1200685,SiO2,combined_noise_0.002A_0.010,combined_perturbation,48,P2,3,materials_project,structures/queries/medium__mp-1200685__combined_noise_0.002A_0.010__mp-1200685.cif
query,medium,medium::mp-1200685::combined_noise_0.015A_0.010,mp-1200685,mp-1200685,SiO2,mp-1200685,SiO2,combined_noise_0.015A_0.010,combined_perturbation,48,P1,1,materials_project,structures/queries/medium__mp-1200685__combined_noise_0.015A_0.010__mp-1200685.cif
query,medium,medium::mp-1200685::combined_noise_0.050A_0.010,mp-1200685,mp-1200685,SiO2,mp-1200685,SiO2,combined_noise_0.050A_0.010,combined_perturbation,48,P1,1,materials_project,structures/queries/medium__mp-1200685__combined_noise_0.050A_0.010__mp-1200685.cif
query,medium,medium::mp-1200685::combined_noise_0.002A_0.030,mp-1200685,mp-1200685,SiO2,mp-1200685,SiO2,combined_noise_0.002A_0.030,combined_perturbation,48,P1,1,materials_project,structures/queries/medium__mp-1200685__combined_noise_0.002A_0.030__mp-1200685.cif
query,medium,medium::mp-1200685::combined_noise_0.015A_0.030,mp-1200685,mp-1200685,SiO2,mp-1200685,SiO2,combined_noise_0.015A_0.030,combined_perturbation,48,P1,1,materials_project,structures/queries/medium__mp-1200685__combined_noise_0.015A_0.030__mp-1200685.cif
query,medium,medium::mp-1200685::combined_noise_0.050A_0.030,mp-1200685,mp-1200685,SiO2,mp-1200685,SiO2,combined_noise_0.050A_0.030,combined_perturbation,48,P1,1,materials_project,structures/queries/medium__mp-1200685__combined_noise_0.050A_0.030__mp-1200685.cif
query,medium,medium::mp-1201738::conventional_standard,mp-1201738,mp-1201738,SiO2,mp-1201738,SiO2,conventional_standard,equivalent_transform,96,P2_1/c,14,materials_project,structures/queries/medium__mp-1201738__conventional_standard__mp-1201738.cif
query,medium,medium::mp-1201738::niggli_reduced,mp-1201738,mp-1201738,SiO2,mp-1201738,SiO2,niggli_reduced,equivalent_transform,96,P2_1/c,14,materials_project,structures/queries/medium__mp-1201738__niggli_reduced__mp-1201738.cif
query,medium,medium::mp-1201738::origin_shifted,mp-1201738,mp-1201738,SiO2,mp-1201738,SiO2,origin_shifted,equivalent_transform,96,P2_1/c,14,materials_project,structures/queries/medium__mp-1201738__origin_shifted__mp-1201738.cif
query,medium,medium::mp-1201738::permuted_sites,mp-1201738,mp-1201738,SiO2,mp-1201738,SiO2,permuted_sites,equivalent_transform,96,P2_1/c,14,materials_project,structures/queries/medium__mp-1201738__permuted_sites__mp-1201738.cif
query,medium,medium::mp-1201738::combined_noise_0.002A_0.003,mp-1201738,mp-1201738,SiO2,mp-1201738,SiO2,combined_noise_0.002A_0.003,combined_perturbation,96,P1,1,materials_project,structures/queries/medium__mp-1201738__combined_noise_0.002A_0.003__mp-1201738.cif
query,medium,medium::mp-1201738::combined_noise_0.015A_0.003,mp-1201738,mp-1201738,SiO2,mp-1201738,SiO2,combined_noise_0.015A_0.003,combined_perturbation,96,P1,1,materials_project,structures/queries/medium__mp-1201738__combined_noise_0.015A_0.003__mp-1201738.cif
query,medium,medium::mp-1201738::combined_noise_0.050A_0.003,mp-1201738,mp-1201738,SiO2,mp-1201738,SiO2,combined_noise_0.050A_0.003,combined_perturbation,96,P1,1,materials_project,structures/queries/medium__mp-1201738__combined_noise_0.050A_0.003__mp-1201738.cif
query,medium,medium::mp-1201738::combined_noise_0.002A_0.010,mp-1201738,mp-1201738,SiO2,mp-1201738,SiO2,combined_noise_0.002A_0.010,combined_perturbation,96,P1,1,materials_project,structures/queries/medium__mp-1201738__combined_noise_0.002A_0.010__mp-1201738.cif
query,medium,medium::mp-1201738::combined_noise_0.015A_0.010,mp-1201738,mp-1201738,SiO2,mp-1201738,SiO2,combined_noise_0.015A_0.010,combined_perturbation,96,P1,1,materials_project,structures/queries/medium__mp-1201738__combined_noise_0.015A_0.010__mp-1201738.cif
query,medium,medium::mp-1201738::combined_noise_0.050A_0.010,mp-1201738,mp-1201738,SiO2,mp-1201738,SiO2,combined_noise_0.050A_0.010,combined_perturbation,96,P1,1,materials_project,structures/queries/medium__mp-1201738__combined_noise_0.050A_0.010__mp-1201738.cif
query,medium,medium::mp-1201738::combined_noise_0.002A_0.030,mp-1201738,mp-1201738,SiO2,mp-1201738,SiO2,combined_noise_0.002A_0.030,combined_perturbation,96,P1,1,materials_project,structures/queries/medium__mp-1201738__combined_noise_0.002A_0.030__mp-1201738.cif
query,medium,medium::mp-1201738::combined_noise_0.015A_0.030,mp-1201738,mp-1201738,SiO2,mp-1201738,SiO2,combined_noise_0.015A_0.030,combined_perturbation,96,P1,1,materials_project,structures/queries/medium__mp-1201738__combined_noise_0.015A_0.030__mp-1201738.cif
query,medium,medium::mp-1201738::combined_noise_0.050A_0.030,mp-1201738,mp-1201738,SiO2,mp-1201738,SiO2,combined_noise_0.050A_0.030,combined_perturbation,96,P1,1,materials_project,structures/queries/medium__mp-1201738__combined_noise_0.050A_0.030__mp-1201738.cif
query,medium,medium::mp-1201887::conventional_standard,mp-1201887,mp-1201887,SiO2,mp-1201887,SiO2,conventional_standard,equivalent_transform,72,P6/mcc,192,materials_project,structures/queries/medium__mp-1201887__conventional_standard__mp-1201887.cif
query,medium,medium::mp-1201887::niggli_reduced,mp-1201887,mp-1201887,SiO2,mp-1201887,SiO2,niggli_reduced,equivalent_transform,72,P6/mcc,192,materials_project,structures/queries/medium__mp-1201887__niggli_reduced__mp-1201887.cif
query,medium,medium::mp-1201887::origin_shifted,mp-1201887,mp-1201887,SiO2,mp-1201887,SiO2,origin_shifted,equivalent_transform,72,P6/mcc,192,materials_project,structures/queries/medium__mp-1201887__origin_shifted__mp-1201887.cif
query,medium,medium::mp-1201887::permuted_sites,mp-1201887,mp-1201887,SiO2,mp-1201887,SiO2,permuted_sites,equivalent_transform,72,P6/mcc,192,materials_project,structures/queries/medium__mp-1201887__permuted_sites__mp-1201887.cif
query,medium,medium::mp-1201887::combined_noise_0.002A_0.003,mp-1201887,mp-1201887,SiO2,mp-1201887,SiO2,combined_noise_0.002A_0.003,combined_perturbation,72,P1,1,materials_project,structures/queries/medium__mp-1201887__combined_noise_0.002A_0.003__mp-1201887.cif
query,medium,medium::mp-1201887::combined_noise_0.015A_0.003,mp-1201887,mp-1201887,SiO2,mp-1201887,SiO2,combined_noise_0.015A_0.003,combined_perturbation,72,P1,1,materials_project,structures/queries/medium__mp-1201887__combined_noise_0.015A_0.003__mp-1201887.cif
query,medium,medium::mp-1201887::combined_noise_0.050A_0.003,mp-1201887,mp-1201887,SiO2,mp-1201887,SiO2,combined_noise_0.050A_0.003,combined_perturbation,72,P1,1,materials_project,structures/queries/medium__mp-1201887__combined_noise_0.050A_0.003__mp-1201887.cif
query,medium,medium::mp-1201887::combined_noise_0.002A_0.010,mp-1201887,mp-1201887,SiO2,mp-1201887,SiO2,combined_noise_0.002A_0.010,combined_perturbation,72,P1,1,materials_project,structures/queries/medium__mp-1201887__combined_noise_0.002A_0.010__mp-1201887.cif
query,medium,medium::mp-1201887::combined_noise_0.015A_0.010,mp-1201887,mp-1201887,SiO2,mp-1201887,SiO2,combined_noise_0.015A_0.010,combined_perturbation,72,P1,1,materials_project,structures/queries/medium__mp-1201887__combined_noise_0.015A_0.010__mp-1201887.cif
query,medium,medium::mp-1201887::combined_noise_0.050A_0.010,mp-1201887,mp-1201887,SiO2,mp-1201887,SiO2,combined_noise_0.050A_0.010,combined_perturbation,72,P1,1,materials_project,structures/queries/medium__mp-1201887__combined_noise_0.050A_0.010__mp-1201887.cif
query,medium,medium::mp-1201887::combined_noise_0.002A_0.030,mp-1201887,mp-1201887,SiO2,mp-1201887,SiO2,combined_noise_0.002A_0.030,combined_perturbation,72,P1,1,materials_project,structures/queries/medium__mp-1201887__combined_noise_0.002A_0.030__mp-1201887.cif
query,medium,medium::mp-1201887::combined_noise_0.015A_0.030,mp-1201887,mp-1201887,SiO2,mp-1201887,SiO2,combined_noise_0.015A_0.030,combined_perturbation,72,P1,1,materials_project,structures/queries/medium__mp-1201887__combined_noise_0.015A_0.030__mp-1201887.cif
query,medium,medium::mp-1201887::combined_noise_0.050A_0.030,mp-1201887,mp-1201887,SiO2,mp-1201887,SiO2,combined_noise_0.050A_0.030,combined_perturbation,72,P1,1,materials_project,structures/queries/medium__mp-1201887__combined_noise_0.050A_0.030__mp-1201887.cif
query,medium,medium::mp-1204070::conventional_standard,mp-1204070,mp-1204070,SiO2,mp-1204070,SiO2,conventional_standard,equivalent_transform,54,P-1,2,materials_project,structures/queries/medium__mp-1204070__conventional_standard__mp-1204070.cif
query,medium,medium::mp-1204070::niggli_reduced,mp-1204070,mp-1204070,SiO2,mp-1204070,SiO2,niggli_reduced,equivalent_transform,54,P-1,2,materials_project,structures/queries/medium__mp-1204070__niggli_reduced__mp-1204070.cif
query,medium,medium::mp-1204070::origin_shifted,mp-1204070,mp-1204070,SiO2,mp-1204070,SiO2,origin_shifted,equivalent_transform,54,P-1,2,materials_project,structures/queries/medium__mp-1204070__origin_shifted__mp-1204070.cif
query,medium,medium::mp-1204070::permuted_sites,mp-1204070,mp-1204070,SiO2,mp-1204070,SiO2,permuted_sites,equivalent_transform,54,P-1,2,materials_project,structures/queries/medium__mp-1204070__permuted_sites__mp-1204070.cif
query,medium,medium::mp-1204070::combined_noise_0.002A_0.003,mp-1204070,mp-1204070,SiO2,mp-1204070,SiO2,combined_noise_0.002A_0.003,combined_perturbation,54,P1,1,materials_project,structures/queries/medium__mp-1204070__combined_noise_0.002A_0.003__mp-1204070.cif
query,medium,medium::mp-1204070::combined_noise_0.015A_0.003,mp-1204070,mp-1204070,SiO2,mp-1204070,SiO2,combined_noise_0.015A_0.003,combined_perturbation,54,P1,1,materials_project,structures/queries/medium__mp-1204070__combined_noise_0.015A_0.003__mp-1204070.cif
query,medium,medium::mp-1204070::combined_noise_0.050A_0.003,mp-1204070,mp-1204070,SiO2,mp-1204070,SiO2,combined_noise_0.050A_0.003,combined_perturbation,54,P1,1,materials_project,structures/queries/medium__mp-1204070__combined_noise_0.050A_0.003__mp-1204070.cif
query,medium,medium::mp-1204070::combined_noise_0.002A_0.010,mp-1204070,mp-1204070,SiO2,mp-1204070,SiO2,combined_noise_0.002A_0.010,combined_perturbation,54,P-1,2,materials_project,structures/queries/medium__mp-1204070__combined_noise_0.002A_0.010__mp-1204070.cif
query,medium,medium::mp-1204070::combined_noise_0.015A_0.010,mp-1204070,mp-1204070,SiO2,mp-1204070,SiO2,combined_noise_0.015A_0.010,combined_perturbation,54,P1,1,materials_project,structures/queries/medium__mp-1204070__combined_noise_0.015A_0.010__mp-1204070.cif
query,medium,medium::mp-1204070::combined_noise_0.050A_0.010,mp-1204070,mp-1204070,SiO2,mp-1204070,SiO2,combined_noise_0.050A_0.010,combined_perturbation,54,P1,1,materials_project,structures/queries/medium__mp-1204070__combined_noise_0.050A_0.010__mp-1204070.cif
query,medium,medium::mp-1204070::combined_noise_0.002A_0.030,mp-1204070,mp-1204070,SiO2,mp-1204070,SiO2,combined_noise_0.002A_0.030,combined_perturbation,54,P1,1,materials_project,structures/queries/medium__mp-1204070__combined_noise_0.002A_0.030__mp-1204070.cif
query,medium,medium::mp-1204070::combined_noise_0.015A_0.030,mp-1204070,mp-1204070,SiO2,mp-1204070,SiO2,combined_noise_0.015A_0.030,combined_perturbation,54,P1,1,materials_project,structures/queries/medium__mp-1204070__combined_noise_0.015A_0.030__mp-1204070.cif
query,medium,medium::mp-1204070::combined_noise_0.050A_0.030,mp-1204070,mp-1204070,SiO2,mp-1204070,SiO2,combined_noise_0.050A_0.030,combined_perturbation,54,P1,1,materials_project,structures/queries/medium__mp-1204070__combined_noise_0.050A_0.030__mp-1204070.cif
query,medium,medium::mp-12350::conventional_standard,mp-12350,mp-12350,SiO2,mp-12350,SiO2,conventional_standard,equivalent_transform,96,Fd-3m,227,materials_project_supercell_2x1x1,structures/queries/medium__mp-12350__conventional_standard__mp-12350.cif
query,medium,medium::mp-12350::niggli_reduced,mp-12350,mp-12350,SiO2,mp-12350,SiO2,niggli_reduced,equivalent_transform,48,Fd-3m,227,materials_project_supercell_2x1x1,structures/queries/medium__mp-12350__niggli_reduced__mp-12350.cif
query,medium,medium::mp-12350::origin_shifted,mp-12350,mp-12350,SiO2,mp-12350,SiO2,origin_shifted,equivalent_transform,48,Fd-3m,227,materials_project_supercell_2x1x1,structures/queries/medium__mp-12350__origin_shifted__mp-12350.cif
query,medium,medium::mp-12350::permuted_sites,mp-12350,mp-12350,SiO2,mp-12350,SiO2,permuted_sites,equivalent_transform,48,Fd-3m,227,materials_project_supercell_2x1x1,structures/queries/medium__mp-12350__permuted_sites__mp-12350.cif
query,medium,medium::mp-12350::combined_noise_0.002A_0.003,mp-12350,mp-12350,SiO2,mp-12350,SiO2,combined_noise_0.002A_0.003,combined_perturbation,48,C2,5,materials_project_supercell_2x1x1,structures/queries/medium__mp-12350__combined_noise_0.002A_0.003__mp-12350.cif
query,medium,medium::mp-12350::combined_noise_0.015A_0.003,mp-12350,mp-12350,SiO2,mp-12350,SiO2,combined_noise_0.015A_0.003,combined_perturbation,48,P1,1,materials_project_supercell_2x1x1,structures/queries/medium__mp-12350__combined_noise_0.015A_0.003__mp-12350.cif
query,medium,medium::mp-12350::combined_noise_0.050A_0.003,mp-12350,mp-12350,SiO2,mp-12350,SiO2,combined_noise_0.050A_0.003,combined_perturbation,48,P1,1,materials_project_supercell_2x1x1,structures/queries/medium__mp-12350__combined_noise_0.050A_0.003__mp-12350.cif
query,medium,medium::mp-12350::combined_noise_0.002A_0.010,mp-12350,mp-12350,SiO2,mp-12350,SiO2,combined_noise_0.002A_0.010,combined_perturbation,48,Fddd,70,materials_project_supercell_2x1x1,structures/queries/medium__mp-12350__combined_noise_0.002A_0.010__mp-12350.cif
query,medium,medium::mp-12350::combined_noise_0.015A_0.010,mp-12350,mp-12350,SiO2,mp-12350,SiO2,combined_noise_0.015A_0.010,combined_perturbation,48,P1,1,materials_project_supercell_2x1x1,structures/queries/medium__mp-12350__combined_noise_0.015A_0.010__mp-12350.cif
query,medium,medium::mp-12350::combined_noise_0.050A_0.010,mp-12350,mp-12350,SiO2,mp-12350,SiO2,combined_noise_0.050A_0.010,combined_perturbation,48,P1,1,materials_project_supercell_2x1x1,structures/queries/medium__mp-12350__combined_noise_0.050A_0.010__mp-12350.cif
query,medium,medium::mp-12350::combined_noise_0.002A_0.030,mp-12350,mp-12350,SiO2,mp-12350,SiO2,combined_noise_0.002A_0.030,combined_perturbation,48,P-1,2,materials_project_supercell_2x1x1,structures/queries/medium__mp-12350__combined_noise_0.002A_0.030__mp-12350.cif
query,medium,medium::mp-12350::combined_noise_0.015A_0.030,mp-12350,mp-12350,SiO2,mp-12350,SiO2,combined_noise_0.015A_0.030,combined_perturbation,48,P1,1,materials_project_supercell_2x1x1,structures/queries/medium__mp-12350__combined_noise_0.015A_0.030__mp-12350.cif
query,medium,medium::mp-12350::combined_noise_0.050A_0.030,mp-12350,mp-12350,SiO2,mp-12350,SiO2,combined_noise_0.050A_0.030,combined_perturbation,48,P1,1,materials_project_supercell_2x1x1,structures/queries/medium__mp-12350__combined_noise_0.050A_0.030__mp-12350.cif
query,medium,medium::mp-1244945::conventional_standard,mp-1244945,mp-1244945,SiO2,mp-1244945,SiO2,conventional_standard,equivalent_transform,90,P1,1,materials_project,structures/queries/medium__mp-1244945__conventional_standard__mp-1244945.cif
query,medium,medium::mp-1244945::niggli_reduced,mp-1244945,mp-1244945,SiO2,mp-1244945,SiO2,niggli_reduced,equivalent_transform,90,P1,1,materials_project,structures/queries/medium__mp-1244945__niggli_reduced__mp-1244945.cif
query,medium,medium::mp-1244945::origin_shifted,mp-1244945,mp-1244945,SiO2,mp-1244945,SiO2,origin_shifted,equivalent_transform,90,P1,1,materials_project,structures/queries/medium__mp-1244945__origin_shifted__mp-1244945.cif
query,medium,medium::mp-1244945::permuted_sites,mp-1244945,mp-1244945,SiO2,mp-1244945,SiO2,permuted_sites,equivalent_transform,90,P1,1,materials_project,structures/queries/medium__mp-1244945__permuted_sites__mp-1244945.cif
query,medium,medium::mp-1244945::combined_noise_0.002A_0.003,mp-1244945,mp-1244945,SiO2,mp-1244945,SiO2,combined_noise_0.002A_0.003,combined_perturbation,90,P1,1,materials_project,structures/queries/medium__mp-1244945__combined_noise_0.002A_0.003__mp-1244945.cif
query,medium,medium::mp-1244945::combined_noise_0.015A_0.003,mp-1244945,mp-1244945,SiO2,mp-1244945,SiO2,combined_noise_0.015A_0.003,combined_perturbation,90,P1,1,materials_project,structures/queries/medium__mp-1244945__combined_noise_0.015A_0.003__mp-1244945.cif
query,medium,medium::mp-1244945::combined_noise_0.050A_0.003,mp-1244945,mp-1244945,SiO2,mp-1244945,SiO2,combined_noise_0.050A_0.003,combined_perturbation,90,P1,1,materials_project,structures/queries/medium__mp-1244945__combined_noise_0.050A_0.003__mp-1244945.cif
query,medium,medium::mp-1244945::combined_noise_0.002A_0.010,mp-1244945,mp-1244945,SiO2,mp-1244945,SiO2,combined_noise_0.002A_0.010,combined_perturbation,90,P1,1,materials_project,structures/queries/medium__mp-1244945__combined_noise_0.002A_0.010__mp-1244945.cif
query,medium,medium::mp-1244945::combined_noise_0.015A_0.010,mp-1244945,mp-1244945,SiO2,mp-1244945,SiO2,combined_noise_0.015A_0.010,combined_perturbation,90,P1,1,materials_project,structures/queries/medium__mp-1244945__combined_noise_0.015A_0.010__mp-1244945.cif
query,medium,medium::mp-1244945::combined_noise_0.050A_0.010,mp-1244945,mp-1244945,SiO2,mp-1244945,SiO2,combined_noise_0.050A_0.010,combined_perturbation,90,P1,1,materials_project,structures/queries/medium__mp-1244945__combined_noise_0.050A_0.010__mp-1244945.cif
query,medium,medium::mp-1244945::combined_noise_0.002A_0.030,mp-1244945,mp-1244945,SiO2,mp-1244945,SiO2,combined_noise_0.002A_0.030,combined_perturbation,90,P1,1,materials_project,structures/queries/medium__mp-1244945__combined_noise_0.002A_0.030__mp-1244945.cif
query,medium,medium::mp-1244945::combined_noise_0.015A_0.030,mp-1244945,mp-1244945,SiO2,mp-1244945,SiO2,combined_noise_0.015A_0.030,combined_perturbation,90,P1,1,materials_project,structures/queries/medium__mp-1244945__combined_noise_0.015A_0.030__mp-1244945.cif
query,medium,medium::mp-1244945::combined_noise_0.050A_0.030,mp-1244945,mp-1244945,SiO2,mp-1244945,SiO2,combined_noise_0.050A_0.030,combined_perturbation,90,P1,1,materials_project,structures/queries/medium__mp-1244945__combined_noise_0.050A_0.030__mp-1244945.cif
query,medium,medium::mp-1248957::conventional_standard,mp-1248957,mp-1248957,SiO2,mp-1248957,SiO2,conventional_standard,equivalent_transform,96,C2/m,12,materials_project,structures/queries/medium__mp-1248957__conventional_standard__mp-1248957.cif
query,medium,medium::mp-1248957::niggli_reduced,mp-1248957,mp-1248957,SiO2,mp-1248957,SiO2,niggli_reduced,equivalent_transform,48,C2/m,12,materials_project,structures/queries/medium__mp-1248957__niggli_reduced__mp-1248957.cif
query,medium,medium::mp-1248957::origin_shifted,mp-1248957,mp-1248957,SiO2,mp-1248957,SiO2,origin_shifted,equivalent_transform,48,C2/m,12,materials_project,structures/queries/medium__mp-1248957__origin_shifted__mp-1248957.cif
query,medium,medium::mp-1248957::permuted_sites,mp-1248957,mp-1248957,SiO2,mp-1248957,SiO2,permuted_sites,equivalent_transform,48,C2/m,12,materials_project,structures/queries/medium__mp-1248957__permuted_sites__mp-1248957.cif
query,medium,medium::mp-1248957::combined_noise_0.002A_0.003,mp-1248957,mp-1248957,SiO2,mp-1248957,SiO2,combined_noise_0.002A_0.003,combined_perturbation,48,P1,1,materials_project,structures/queries/medium__mp-1248957__combined_noise_0.002A_0.003__mp-1248957.cif
query,medium,medium::mp-1248957::combined_noise_0.015A_0.003,mp-1248957,mp-1248957,SiO2,mp-1248957,SiO2,combined_noise_0.015A_0.003,combined_perturbation,48,P1,1,materials_project,structures/queries/medium__mp-1248957__combined_noise_0.015A_0.003__mp-1248957.cif
query,medium,medium::mp-1248957::combined_noise_0.050A_0.003,mp-1248957,mp-1248957,SiO2,mp-1248957,SiO2,combined_noise_0.050A_0.003,combined_perturbation,48,P1,1,materials_project,structures/queries/medium__mp-1248957__combined_noise_0.050A_0.003__mp-1248957.cif
query,medium,medium::mp-1248957::combined_noise_0.002A_0.010,mp-1248957,mp-1248957,SiO2,mp-1248957,SiO2,combined_noise_0.002A_0.010,combined_perturbation,48,P1,1,materials_project,structures/queries/medium__mp-1248957__combined_noise_0.002A_0.010__mp-1248957.cif
query,medium,medium::mp-1248957::combined_noise_0.015A_0.010,mp-1248957,mp-1248957,SiO2,mp-1248957,SiO2,combined_noise_0.015A_0.010,combined_perturbation,48,P1,1,materials_project,structures/queries/medium__mp-1248957__combined_noise_0.015A_0.010__mp-1248957.cif
query,medium,medium::mp-1248957::combined_noise_0.050A_0.010,mp-1248957,mp-1248957,SiO2,mp-1248957,SiO2,combined_noise_0.050A_0.010,combined_perturbation,48,P1,1,materials_project,structures/queries/medium__mp-1248957__combined_noise_0.050A_0.010__mp-1248957.cif
query,medium,medium::mp-1248957::combined_noise_0.002A_0.030,mp-1248957,mp-1248957,SiO2,mp-1248957,SiO2,combined_noise_0.002A_0.030,combined_perturbation,48,P-1,2,materials_project,structures/queries/medium__mp-1248957__combined_noise_0.002A_0.030__mp-1248957.cif
query,medium,medium::mp-1248957::combined_noise_0.015A_0.030,mp-1248957,mp-1248957,SiO2,mp-1248957,SiO2,combined_noise_0.015A_0.030,combined_perturbation,48,P1,1,materials_project,structures/queries/medium__mp-1248957__combined_noise_0.015A_0.030__mp-1248957.cif
query,medium,medium::mp-1248957::combined_noise_0.050A_0.030,mp-1248957,mp-1248957,SiO2,mp-1248957,SiO2,combined_noise_0.050A_0.030,combined_perturbation,48,P1,1,materials_project,structures/queries/medium__mp-1248957__combined_noise_0.050A_0.030__mp-1248957.cif
query,medium,medium::mp-1249637::conventional_standard,mp-1249637,mp-1249637,SiO2,mp-1249637,SiO2,conventional_standard,equivalent_transform,168,C2/m,12,materials_project,structures/queries/medium__mp-1249637__conventional_standard__mp-1249637.cif
query,medium,medium::mp-1249637::niggli_reduced,mp-1249637,mp-1249637,SiO2,mp-1249637,SiO2,niggli_reduced,equivalent_transform,84,C2/m,12,materials_project,structures/queries/medium__mp-1249637__niggli_reduced__mp-1249637.cif
query,medium,medium::mp-1249637::origin_shifted,mp-1249637,mp-1249637,SiO2,mp-1249637,SiO2,origin_shifted,equivalent_transform,84,C2/m,12,materials_project,structures/queries/medium__mp-1249637__origin_shifted__mp-1249637.cif
query,medium,medium::mp-1249637::permuted_sites,mp-1249637,mp-1249637,SiO2,mp-1249637,SiO2,permuted_sites,equivalent_transform,84,C2/m,12,materials_project,structures/queries/medium__mp-1249637__permuted_sites__mp-1249637.cif
query,medium,medium::mp-1249637::combined_noise_0.002A_0.003,mp-1249637,mp-1249637,SiO2,mp-1249637,SiO2,combined_noise_0.002A_0.003,combined_perturbation,84,P-1,2,materials_project,structures/queries/medium__mp-1249637__combined_noise_0.002A_0.003__mp-1249637.cif
query,medium,medium::mp-1249637::combined_noise_0.015A_0.003,mp-1249637,mp-1249637,SiO2,mp-1249637,SiO2,combined_noise_0.015A_0.003,combined_perturbation,84,P1,1,materials_project,structures/queries/medium__mp-1249637__combined_noise_0.015A_0.003__mp-1249637.cif
query,medium,medium::mp-1249637::combined_noise_0.050A_0.003,mp-1249637,mp-1249637,SiO2,mp-1249637,SiO2,combined_noise_0.050A_0.003,combined_perturbation,84,P1,1,materials_project,structures/queries/medium__mp-1249637__combined_noise_0.050A_0.003__mp-1249637.cif
query,medium,medium::mp-1249637::combined_noise_0.002A_0.010,mp-1249637,mp-1249637,SiO2,mp-1249637,SiO2,combined_noise_0.002A_0.010,combined_perturbation,84,P1,1,materials_project,structures/queries/medium__mp-1249637__combined_noise_0.002A_0.010__mp-1249637.cif
query,medium,medium::mp-1249637::combined_noise_0.015A_0.010,mp-1249637,mp-1249637,SiO2,mp-1249637,SiO2,combined_noise_0.015A_0.010,combined_perturbation,84,P1,1,materials_project,structures/queries/medium__mp-1249637__combined_noise_0.015A_0.010__mp-1249637.cif
query,medium,medium::mp-1249637::combined_noise_0.050A_0.010,mp-1249637,mp-1249637,SiO2,mp-1249637,SiO2,combined_noise_0.050A_0.010,combined_perturbation,84,P1,1,materials_project,structures/queries/medium__mp-1249637__combined_noise_0.050A_0.010__mp-1249637.cif
query,medium,medium::mp-1249637::combined_noise_0.002A_0.030,mp-1249637,mp-1249637,SiO2,mp-1249637,SiO2,combined_noise_0.002A_0.030,combined_perturbation,84,C2,5,materials_project,structures/queries/medium__mp-1249637__combined_noise_0.002A_0.030__mp-1249637.cif
query,medium,medium::mp-1249637::combined_noise_0.015A_0.030,mp-1249637,mp-1249637,SiO2,mp-1249637,SiO2,combined_noise_0.015A_0.030,combined_perturbation,84,P1,1,materials_project,structures/queries/medium__mp-1249637__combined_noise_0.015A_0.030__mp-1249637.cif
query,medium,medium::mp-1249637::combined_noise_0.050A_0.030,mp-1249637,mp-1249637,SiO2,mp-1249637,SiO2,combined_noise_0.050A_0.030,combined_perturbation,84,P1,1,materials_project,structures/queries/medium__mp-1249637__combined_noise_0.050A_0.030__mp-1249637.cif
query,medium,medium::mp-1249969::conventional_standard,mp-1249969,mp-1249969,SiO2,mp-1249969,SiO2,conventional_standard,equivalent_transform,60,P-1,2,materials_project,structures/queries/medium__mp-1249969__conventional_standard__mp-1249969.cif
query,medium,medium::mp-1249969::niggli_reduced,mp-1249969,mp-1249969,SiO2,mp-1249969,SiO2,niggli_reduced,equivalent_transform,60,P-1,2,materials_project,structures/queries/medium__mp-1249969__niggli_reduced__mp-1249969.cif
query,medium,medium::mp-1249969::origin_shifted,mp-1249969,mp-1249969,SiO2,mp-1249969,SiO2,origin_shifted,equivalent_transform,60,P-1,2,materials_project,structures/queries/medium__mp-1249969__origin_shifted__mp-1249969.cif
query,medium,medium::mp-1249969::permuted_sites,mp-1249969,mp-1249969,SiO2,mp-1249969,SiO2,permuted_sites,equivalent_transform,60,P-1,2,materials_project,structures/queries/medium__mp-1249969__permuted_sites__mp-1249969.cif
query,medium,medium::mp-1249969::combined_noise_0.002A_0.003,mp-1249969,mp-1249969,SiO2,mp-1249969,SiO2,combined_noise_0.002A_0.003,combined_perturbation,60,P1,1,materials_project,structures/queries/medium__mp-1249969__combined_noise_0.002A_0.003__mp-1249969.cif
query,medium,medium::mp-1249969::combined_noise_0.015A_0.003,mp-1249969,mp-1249969,SiO2,mp-1249969,SiO2,combined_noise_0.015A_0.003,combined_perturbation,60,P1,1,materials_project,structures/queries/medium__mp-1249969__combined_noise_0.015A_0.003__mp-1249969.cif
query,medium,medium::mp-1249969::combined_noise_0.050A_0.003,mp-1249969,mp-1249969,SiO2,mp-1249969,SiO2,combined_noise_0.050A_0.003,combined_perturbation,60,P1,1,materials_project,structures/queries/medium__mp-1249969__combined_noise_0.050A_0.003__mp-1249969.cif
query,medium,medium::mp-1249969::combined_noise_0.002A_0.010,mp-1249969,mp-1249969,SiO2,mp-1249969,SiO2,combined_noise_0.002A_0.010,combined_perturbation,60,P1,1,materials_project,structures/queries/medium__mp-1249969__combined_noise_0.002A_0.010__mp-1249969.cif
query,medium,medium::mp-1249969::combined_noise_0.015A_0.010,mp-1249969,mp-1249969,SiO2,mp-1249969,SiO2,combined_noise_0.015A_0.010,combined_perturbation,60,P1,1,materials_project,structures/queries/medium__mp-1249969__combined_noise_0.015A_0.010__mp-1249969.cif
query,medium,medium::mp-1249969::combined_noise_0.050A_0.010,mp-1249969,mp-1249969,SiO2,mp-1249969,SiO2,combined_noise_0.050A_0.010,combined_perturbation,60,P1,1,materials_project,structures/queries/medium__mp-1249969__combined_noise_0.050A_0.010__mp-1249969.cif
query,medium,medium::mp-1249969::combined_noise_0.002A_0.030,mp-1249969,mp-1249969,SiO2,mp-1249969,SiO2,combined_noise_0.002A_0.030,combined_perturbation,60,P1,1,materials_project,structures/queries/medium__mp-1249969__combined_noise_0.002A_0.030__mp-1249969.cif
query,medium,medium::mp-1249969::combined_noise_0.015A_0.030,mp-1249969,mp-1249969,SiO2,mp-1249969,SiO2,combined_noise_0.015A_0.030,combined_perturbation,60,P1,1,materials_project,structures/queries/medium__mp-1249969__combined_noise_0.015A_0.030__mp-1249969.cif
query,medium,medium::mp-1249969::combined_noise_0.050A_0.030,mp-1249969,mp-1249969,SiO2,mp-1249969,SiO2,combined_noise_0.050A_0.030,combined_perturbation,60,P1,1,materials_project,structures/queries/medium__mp-1249969__combined_noise_0.050A_0.030__mp-1249969.cif
query,medium,medium::mp-1008677::conventional_standard,mp-1008677,mp-1008677,TiO2,mp-1008677,TiO2,conventional_standard,equivalent_transform,12,Fm-3m,225,materials_project_supercell_5x3x1,structures/queries/medium__mp-1008677__conventional_standard__mp-1008677.cif
query,medium,medium::mp-1008677::niggli_reduced,mp-1008677,mp-1008677,TiO2,mp-1008677,TiO2,niggli_reduced,equivalent_transform,45,Fm-3m,225,materials_project_supercell_5x3x1,structures/queries/medium__mp-1008677__niggli_reduced__mp-1008677.cif
query,medium,medium::mp-1008677::origin_shifted,mp-1008677,mp-1008677,TiO2,mp-1008677,TiO2,origin_shifted,equivalent_transform,45,Fm-3m,225,materials_project_supercell_5x3x1,structures/queries/medium__mp-1008677__origin_shifted__mp-1008677.cif
query,medium,medium::mp-1008677::permuted_sites,mp-1008677,mp-1008677,TiO2,mp-1008677,TiO2,permuted_sites,equivalent_transform,45,Fm-3m,225,materials_project_supercell_5x3x1,structures/queries/medium__mp-1008677__permuted_sites__mp-1008677.cif
query,medium,medium::mp-1008677::combined_noise_0.002A_0.003,mp-1008677,mp-1008677,TiO2,mp-1008677,TiO2,combined_noise_0.002A_0.003,combined_perturbation,45,I4/mmm,139,materials_project_supercell_5x3x1,structures/queries/medium__mp-1008677__combined_noise_0.002A_0.003__mp-1008677.cif
query,medium,medium::mp-1008677::combined_noise_0.015A_0.003,mp-1008677,mp-1008677,TiO2,mp-1008677,TiO2,combined_noise_0.015A_0.003,combined_perturbation,45,P1,1,materials_project_supercell_5x3x1,structures/queries/medium__mp-1008677__combined_noise_0.015A_0.003__mp-1008677.cif
query,medium,medium::mp-1008677::combined_noise_0.050A_0.003,mp-1008677,mp-1008677,TiO2,mp-1008677,TiO2,combined_noise_0.050A_0.003,combined_perturbation,45,P1,1,materials_project_supercell_5x3x1,structures/queries/medium__mp-1008677__combined_noise_0.050A_0.003__mp-1008677.cif
query,medium,medium::mp-1008677::combined_noise_0.002A_0.010,mp-1008677,mp-1008677,TiO2,mp-1008677,TiO2,combined_noise_0.002A_0.010,combined_perturbation,45,I4/mmm,139,materials_project_supercell_5x3x1,structures/queries/medium__mp-1008677__combined_noise_0.002A_0.010__mp-1008677.cif
query,medium,medium::mp-1008677::combined_noise_0.015A_0.010,mp-1008677,mp-1008677,TiO2,mp-1008677,TiO2,combined_noise_0.015A_0.010,combined_perturbation,45,P1,1,materials_project_supercell_5x3x1,structures/queries/medium__mp-1008677__combined_noise_0.015A_0.010__mp-1008677.cif
query,medium,medium::mp-1008677::combined_noise_0.050A_0.010,mp-1008677,mp-1008677,TiO2,mp-1008677,TiO2,combined_noise_0.050A_0.010,combined_perturbation,45,P1,1,materials_project_supercell_5x3x1,structures/queries/medium__mp-1008677__combined_noise_0.050A_0.010__mp-1008677.cif
query,medium,medium::mp-1008677::combined_noise_0.002A_0.030,mp-1008677,mp-1008677,TiO2,mp-1008677,TiO2,combined_noise_0.002A_0.030,combined_perturbation,45,P-1,2,materials_project_supercell_5x3x1,structures/queries/medium__mp-1008677__combined_noise_0.002A_0.030__mp-1008677.cif
query,medium,medium::mp-1008677::combined_noise_0.015A_0.030,mp-1008677,mp-1008677,TiO2,mp-1008677,TiO2,combined_noise_0.015A_0.030,combined_perturbation,45,P1,1,materials_project_supercell_5x3x1,structures/queries/medium__mp-1008677__combined_noise_0.015A_0.030__mp-1008677.cif
query,medium,medium::mp-1008677::combined_noise_0.050A_0.030,mp-1008677,mp-1008677,TiO2,mp-1008677,TiO2,combined_noise_0.050A_0.030,combined_perturbation,45,P1,1,materials_project_supercell_5x3x1,structures/queries/medium__mp-1008677__combined_noise_0.050A_0.030__mp-1008677.cif
query,medium,medium::mp-1041565::conventional_standard,mp-1041565,mp-1041565,TiO2,mp-1041565,TiO2,conventional_standard,equivalent_transform,24,Imma,74,materials_project_supercell_2x2x1,structures/queries/medium__mp-1041565__conventional_standard__mp-1041565.cif
query,medium,medium::mp-1041565::niggli_reduced,mp-1041565,mp-1041565,TiO2,mp-1041565,TiO2,niggli_reduced,equivalent_transform,48,Imma,74,materials_project_supercell_2x2x1,structures/queries/medium__mp-1041565__niggli_reduced__mp-1041565.cif
query,medium,medium::mp-1041565::origin_shifted,mp-1041565,mp-1041565,TiO2,mp-1041565,TiO2,origin_shifted,equivalent_transform,48,Imma,74,materials_project_supercell_2x2x1,structures/queries/medium__mp-1041565__origin_shifted__mp-1041565.cif
query,medium,medium::mp-1041565::permuted_sites,mp-1041565,mp-1041565,TiO2,mp-1041565,TiO2,permuted_sites,equivalent_transform,48,Imma,74,materials_project_supercell_2x2x1,structures/queries/medium__mp-1041565__permuted_sites__mp-1041565.cif
query,medium,medium::mp-1041565::combined_noise_0.002A_0.003,mp-1041565,mp-1041565,TiO2,mp-1041565,TiO2,combined_noise_0.002A_0.003,combined_perturbation,48,P1,1,materials_project_supercell_2x2x1,structures/queries/medium__mp-1041565__combined_noise_0.002A_0.003__mp-1041565.cif
query,medium,medium::mp-1041565::combined_noise_0.015A_0.003,mp-1041565,mp-1041565,TiO2,mp-1041565,TiO2,combined_noise_0.015A_0.003,combined_perturbation,48,P1,1,materials_project_supercell_2x2x1,structures/queries/medium__mp-1041565__combined_noise_0.015A_0.003__mp-1041565.cif
query,medium,medium::mp-1041565::combined_noise_0.050A_0.003,mp-1041565,mp-1041565,TiO2,mp-1041565,TiO2,combined_noise_0.050A_0.003,combined_perturbation,48,P1,1,materials_project_supercell_2x2x1,structures/queries/medium__mp-1041565__combined_noise_0.050A_0.003__mp-1041565.cif
query,medium,medium::mp-1041565::combined_noise_0.002A_0.010,mp-1041565,mp-1041565,TiO2,mp-1041565,TiO2,combined_noise_0.002A_0.010,combined_perturbation,48,P1,1,materials_project_supercell_2x2x1,structures/queries/medium__mp-1041565__combined_noise_0.002A_0.010__mp-1041565.cif
query,medium,medium::mp-1041565::combined_noise_0.015A_0.010,mp-1041565,mp-1041565,TiO2,mp-1041565,TiO2,combined_noise_0.015A_0.010,combined_perturbation,48,P1,1,materials_project_supercell_2x2x1,structures/queries/medium__mp-1041565__combined_noise_0.015A_0.010__mp-1041565.cif
query,medium,medium::mp-1041565::combined_noise_0.050A_0.010,mp-1041565,mp-1041565,TiO2,mp-1041565,TiO2,combined_noise_0.050A_0.010,combined_perturbation,48,P1,1,materials_project_supercell_2x2x1,structures/queries/medium__mp-1041565__combined_noise_0.050A_0.010__mp-1041565.cif
query,medium,medium::mp-1041565::combined_noise_0.002A_0.030,mp-1041565,mp-1041565,TiO2,mp-1041565,TiO2,combined_noise_0.002A_0.030,combined_perturbation,48,P-1,2,materials_project_supercell_2x2x1,structures/queries/medium__mp-1041565__combined_noise_0.002A_0.030__mp-1041565.cif
query,medium,medium::mp-1041565::combined_noise_0.015A_0.030,mp-1041565,mp-1041565,TiO2,mp-1041565,TiO2,combined_noise_0.015A_0.030,combined_perturbation,48,P1,1,materials_project_supercell_2x2x1,structures/queries/medium__mp-1041565__combined_noise_0.015A_0.030__mp-1041565.cif
query,medium,medium::mp-1041565::combined_noise_0.050A_0.030,mp-1041565,mp-1041565,TiO2,mp-1041565,TiO2,combined_noise_0.050A_0.030,combined_perturbation,48,P1,1,materials_project_supercell_2x2x1,structures/queries/medium__mp-1041565__combined_noise_0.050A_0.030__mp-1041565.cif
query,medium,medium::mp-1044853::conventional_standard,mp-1044853,mp-1044853,TiO2,mp-1044853,TiO2,conventional_standard,equivalent_transform,36,P3m1,156,materials_project_supercell_2x1x1,structures/queries/medium__mp-1044853__conventional_standard__mp-1044853.cif
query,medium,medium::mp-1044853::niggli_reduced,mp-1044853,mp-1044853,TiO2,mp-1044853,TiO2,niggli_reduced,equivalent_transform,72,P3m1,156,materials_project_supercell_2x1x1,structures/queries/medium__mp-1044853__niggli_reduced__mp-1044853.cif
query,medium,medium::mp-1044853::origin_shifted,mp-1044853,mp-1044853,TiO2,mp-1044853,TiO2,origin_shifted,equivalent_transform,72,P3m1,156,materials_project_supercell_2x1x1,structures/queries/medium__mp-1044853__origin_shifted__mp-1044853.cif
query,medium,medium::mp-1044853::permuted_sites,mp-1044853,mp-1044853,TiO2,mp-1044853,TiO2,permuted_sites,equivalent_transform,72,P3m1,156,materials_project_supercell_2x1x1,structures/queries/medium__mp-1044853__permuted_sites__mp-1044853.cif
query,medium,medium::mp-1044853::combined_noise_0.002A_0.003,mp-1044853,mp-1044853,TiO2,mp-1044853,TiO2,combined_noise_0.002A_0.003,combined_perturbation,72,Pc,7,materials_project_supercell_2x1x1,structures/queries/medium__mp-1044853__combined_noise_0.002A_0.003__mp-1044853.cif
query,medium,medium::mp-1044853::combined_noise_0.015A_0.003,mp-1044853,mp-1044853,TiO2,mp-1044853,TiO2,combined_noise_0.015A_0.003,combined_perturbation,72,P1,1,materials_project_supercell_2x1x1,structures/queries/medium__mp-1044853__combined_noise_0.015A_0.003__mp-1044853.cif
query,medium,medium::mp-1044853::combined_noise_0.050A_0.003,mp-1044853,mp-1044853,TiO2,mp-1044853,TiO2,combined_noise_0.050A_0.003,combined_perturbation,72,P1,1,materials_project_supercell_2x1x1,structures/queries/medium__mp-1044853__combined_noise_0.050A_0.003__mp-1044853.cif
query,medium,medium::mp-1044853::combined_noise_0.002A_0.010,mp-1044853,mp-1044853,TiO2,mp-1044853,TiO2,combined_noise_0.002A_0.010,combined_perturbation,72,P1,1,materials_project_supercell_2x1x1,structures/queries/medium__mp-1044853__combined_noise_0.002A_0.010__mp-1044853.cif
query,medium,medium::mp-1044853::combined_noise_0.015A_0.010,mp-1044853,mp-1044853,TiO2,mp-1044853,TiO2,combined_noise_0.015A_0.010,combined_perturbation,72,P1,1,materials_project_supercell_2x1x1,structures/queries/medium__mp-1044853__combined_noise_0.015A_0.010__mp-1044853.cif
query,medium,medium::mp-1044853::combined_noise_0.050A_0.010,mp-1044853,mp-1044853,TiO2,mp-1044853,TiO2,combined_noise_0.050A_0.010,combined_perturbation,72,P1,1,materials_project_supercell_2x1x1,structures/queries/medium__mp-1044853__combined_noise_0.050A_0.010__mp-1044853.cif
query,medium,medium::mp-1044853::combined_noise_0.002A_0.030,mp-1044853,mp-1044853,TiO2,mp-1044853,TiO2,combined_noise_0.002A_0.030,combined_perturbation,72,P1,1,materials_project_supercell_2x1x1,structures/queries/medium__mp-1044853__combined_noise_0.002A_0.030__mp-1044853.cif
query,medium,medium::mp-1044853::combined_noise_0.015A_0.030,mp-1044853,mp-1044853,TiO2,mp-1044853,TiO2,combined_noise_0.015A_0.030,combined_perturbation,72,P1,1,materials_project_supercell_2x1x1,structures/queries/medium__mp-1044853__combined_noise_0.015A_0.030__mp-1044853.cif
query,medium,medium::mp-1044853::combined_noise_0.050A_0.030,mp-1044853,mp-1044853,TiO2,mp-1044853,TiO2,combined_noise_0.050A_0.030,combined_perturbation,72,P1,1,materials_project_supercell_2x1x1,structures/queries/medium__mp-1044853__combined_noise_0.050A_0.030__mp-1044853.cif
query,medium,medium::mp-1079207::conventional_standard,mp-1079207,mp-1079207,TiO2,mp-1079207,TiO2,conventional_standard,equivalent_transform,9,P-62m,189,materials_project_supercell_5x1x1,structures/queries/medium__mp-1079207__conventional_standard__mp-1079207.cif
query,medium,medium::mp-1079207::niggli_reduced,mp-1079207,mp-1079207,TiO2,mp-1079207,TiO2,niggli_reduced,equivalent_transform,45,P-62m,189,materials_project_supercell_5x1x1,structures/queries/medium__mp-1079207__niggli_reduced__mp-1079207.cif
query,medium,medium::mp-1079207::origin_shifted,mp-1079207,mp-1079207,TiO2,mp-1079207,TiO2,origin_shifted,equivalent_transform,45,P-62m,189,materials_project_supercell_5x1x1,structures/queries/medium__mp-1079207__origin_shifted__mp-1079207.cif
query,medium,medium::mp-1079207::permuted_sites,mp-1079207,mp-1079207,TiO2,mp-1079207,TiO2,permuted_sites,equivalent_transform,45,P-62m,189,materials_project_supercell_5x1x1,structures/queries/medium__mp-1079207__permuted_sites__mp-1079207.cif
query,medium,medium::mp-1079207::combined_noise_0.002A_0.003,mp-1079207,mp-1079207,TiO2,mp-1079207,TiO2,combined_noise_0.002A_0.003,combined_perturbation,45,Pm,6,materials_project_supercell_5x1x1,structures/queries/medium__mp-1079207__combined_noise_0.002A_0.003__mp-1079207.cif
query,medium,medium::mp-1079207::combined_noise_0.015A_0.003,mp-1079207,mp-1079207,TiO2,mp-1079207,TiO2,combined_noise_0.015A_0.003,combined_perturbation,45,P1,1,materials_project_supercell_5x1x1,structures/queries/medium__mp-1079207__combined_noise_0.015A_0.003__mp-1079207.cif
query,medium,medium::mp-1079207::combined_noise_0.050A_0.003,mp-1079207,mp-1079207,TiO2,mp-1079207,TiO2,combined_noise_0.050A_0.003,combined_perturbation,45,P1,1,materials_project_supercell_5x1x1,structures/queries/medium__mp-1079207__combined_noise_0.050A_0.003__mp-1079207.cif
query,medium,medium::mp-1079207::combined_noise_0.002A_0.010,mp-1079207,mp-1079207,TiO2,mp-1079207,TiO2,combined_noise_0.002A_0.010,combined_perturbation,45,Amm2,38,materials_project_supercell_5x1x1,structures/queries/medium__mp-1079207__combined_noise_0.002A_0.010__mp-1079207.cif
query,medium,medium::mp-1079207::combined_noise_0.015A_0.010,mp-1079207,mp-1079207,TiO2,mp-1079207,TiO2,combined_noise_0.015A_0.010,combined_perturbation,45,P1,1,materials_project_supercell_5x1x1,structures/queries/medium__mp-1079207__combined_noise_0.015A_0.010__mp-1079207.cif
query,medium,medium::mp-1079207::combined_noise_0.050A_0.010,mp-1079207,mp-1079207,TiO2,mp-1079207,TiO2,combined_noise_0.050A_0.010,combined_perturbation,45,P1,1,materials_project_supercell_5x1x1,structures/queries/medium__mp-1079207__combined_noise_0.050A_0.010__mp-1079207.cif
query,medium,medium::mp-1079207::combined_noise_0.002A_0.030,mp-1079207,mp-1079207,TiO2,mp-1079207,TiO2,combined_noise_0.002A_0.030,combined_perturbation,45,Pm,6,materials_project_supercell_5x1x1,structures/queries/medium__mp-1079207__combined_noise_0.002A_0.030__mp-1079207.cif
query,medium,medium::mp-1079207::combined_noise_0.015A_0.030,mp-1079207,mp-1079207,TiO2,mp-1079207,TiO2,combined_noise_0.015A_0.030,combined_perturbation,45,P1,1,materials_project_supercell_5x1x1,structures/queries/medium__mp-1079207__combined_noise_0.015A_0.030__mp-1079207.cif
query,medium,medium::mp-1079207::combined_noise_0.050A_0.030,mp-1079207,mp-1079207,TiO2,mp-1079207,TiO2,combined_noise_0.050A_0.030,combined_perturbation,45,P1,1,materials_project_supercell_5x1x1,structures/queries/medium__mp-1079207__combined_noise_0.050A_0.030__mp-1079207.cif
query,medium,medium::mp-1101022::conventional_standard,mp-1101022,mp-1101022,TiO2,mp-1101022,TiO2,conventional_standard,equivalent_transform,24,I4/m,87,materials_project_supercell_2x2x1,structures/queries/medium__mp-1101022__conventional_standard__mp-1101022.cif
query,medium,medium::mp-1101022::niggli_reduced,mp-1101022,mp-1101022,TiO2,mp-1101022,TiO2,niggli_reduced,equivalent_transform,48,I4/m,87,materials_project_supercell_2x2x1,structures/queries/medium__mp-1101022__niggli_reduced__mp-1101022.cif
query,medium,medium::mp-1101022::origin_shifted,mp-1101022,mp-1101022,TiO2,mp-1101022,TiO2,origin_shifted,equivalent_transform,48,I4/m,87,materials_project_supercell_2x2x1,structures/queries/medium__mp-1101022__origin_shifted__mp-1101022.cif
query,medium,medium::mp-1101022::permuted_sites,mp-1101022,mp-1101022,TiO2,mp-1101022,TiO2,permuted_sites,equivalent_transform,48,I4/m,87,materials_project_supercell_2x2x1,structures/queries/medium__mp-1101022__permuted_sites__mp-1101022.cif
query,medium,medium::mp-1101022::combined_noise_0.002A_0.003,mp-1101022,mp-1101022,TiO2,mp-1101022,TiO2,combined_noise_0.002A_0.003,combined_perturbation,48,P-1,2,materials_project_supercell_2x2x1,structures/queries/medium__mp-1101022__combined_noise_0.002A_0.003__mp-1101022.cif
query,medium,medium::mp-1101022::combined_noise_0.015A_0.003,mp-1101022,mp-1101022,TiO2,mp-1101022,TiO2,combined_noise_0.015A_0.003,combined_perturbation,48,P1,1,materials_project_supercell_2x2x1,structures/queries/medium__mp-1101022__combined_noise_0.015A_0.003__mp-1101022.cif
query,medium,medium::mp-1101022::combined_noise_0.050A_0.003,mp-1101022,mp-1101022,TiO2,mp-1101022,TiO2,combined_noise_0.050A_0.003,combined_perturbation,48,P1,1,materials_project_supercell_2x2x1,structures/queries/medium__mp-1101022__combined_noise_0.050A_0.003__mp-1101022.cif
query,medium,medium::mp-1101022::combined_noise_0.002A_0.010,mp-1101022,mp-1101022,TiO2,mp-1101022,TiO2,combined_noise_0.002A_0.010,combined_perturbation,48,P-1,2,materials_project_supercell_2x2x1,structures/queries/medium__mp-1101022__combined_noise_0.002A_0.010__mp-1101022.cif
query,medium,medium::mp-1101022::combined_noise_0.015A_0.010,mp-1101022,mp-1101022,TiO2,mp-1101022,TiO2,combined_noise_0.015A_0.010,combined_perturbation,48,P1,1,materials_project_supercell_2x2x1,structures/queries/medium__mp-1101022__combined_noise_0.015A_0.010__mp-1101022.cif
query,medium,medium::mp-1101022::combined_noise_0.050A_0.010,mp-1101022,mp-1101022,TiO2,mp-1101022,TiO2,combined_noise_0.050A_0.010,combined_perturbation,48,P1,1,materials_project_supercell_2x2x1,structures/queries/medium__mp-1101022__combined_noise_0.050A_0.010__mp-1101022.cif
query,medium,medium::mp-1101022::combined_noise_0.002A_0.030,mp-1101022,mp-1101022,TiO2,mp-1101022,TiO2,combined_noise_0.002A_0.030,combined_perturbation,48,P1,1,materials_project_supercell_2x2x1,structures/queries/medium__mp-1101022__combined_noise_0.002A_0.030__mp-1101022.cif
query,medium,medium::mp-1101022::combined_noise_0.015A_0.030,mp-1101022,mp-1101022,TiO2,mp-1101022,TiO2,combined_noise_0.015A_0.030,combined_perturbation,48,P1,1,materials_project_supercell_2x2x1,structures/queries/medium__mp-1101022__combined_noise_0.015A_0.030__mp-1101022.cif
query,medium,medium::mp-1101022::combined_noise_0.050A_0.030,mp-1101022,mp-1101022,TiO2,mp-1101022,TiO2,combined_noise_0.050A_0.030,combined_perturbation,48,P1,1,materials_project_supercell_2x2x1,structures/queries/medium__mp-1101022__combined_noise_0.050A_0.030__mp-1101022.cif
query,medium,medium::mp-1102255::conventional_standard,mp-1102255,mp-1102255,TiO2,mp-1102255,TiO2,conventional_standard,equivalent_transform,12,Pnma,62,materials_project_supercell_2x2x1,structures/queries/medium__mp-1102255__conventional_standard__mp-1102255.cif
query,medium,medium::mp-1102255::niggli_reduced,mp-1102255,mp-1102255,TiO2,mp-1102255,TiO2,niggli_reduced,equivalent_transform,48,Pnma,62,materials_project_supercell_2x2x1,structures/queries/medium__mp-1102255__niggli_reduced__mp-1102255.cif
query,medium,medium::mp-1102255::origin_shifted,mp-1102255,mp-1102255,TiO2,mp-1102255,TiO2,origin_shifted,equivalent_transform,48,Pnma,62,materials_project_supercell_2x2x1,structures/queries/medium__mp-1102255__origin_shifted__mp-1102255.cif
query,medium,medium::mp-1102255::permuted_sites,mp-1102255,mp-1102255,TiO2,mp-1102255,TiO2,permuted_sites,equivalent_transform,48,Pnma,62,materials_project_supercell_2x2x1,structures/queries/medium__mp-1102255__permuted_sites__mp-1102255.cif
query,medium,medium::mp-1102255::combined_noise_0.002A_0.003,mp-1102255,mp-1102255,TiO2,mp-1102255,TiO2,combined_noise_0.002A_0.003,combined_perturbation,48,P-1,2,materials_project_supercell_2x2x1,structures/queries/medium__mp-1102255__combined_noise_0.002A_0.003__mp-1102255.cif
query,medium,medium::mp-1102255::combined_noise_0.015A_0.003,mp-1102255,mp-1102255,TiO2,mp-1102255,TiO2,combined_noise_0.015A_0.003,combined_perturbation,48,P1,1,materials_project_supercell_2x2x1,structures/queries/medium__mp-1102255__combined_noise_0.015A_0.003__mp-1102255.cif
query,medium,medium::mp-1102255::combined_noise_0.050A_0.003,mp-1102255,mp-1102255,TiO2,mp-1102255,TiO2,combined_noise_0.050A_0.003,combined_perturbation,48,P1,1,materials_project_supercell_2x2x1,structures/queries/medium__mp-1102255__combined_noise_0.050A_0.003__mp-1102255.cif
query,medium,medium::mp-1102255::combined_noise_0.002A_0.010,mp-1102255,mp-1102255,TiO2,mp-1102255,TiO2,combined_noise_0.002A_0.010,combined_perturbation,48,P-1,2,materials_project_supercell_2x2x1,structures/queries/medium__mp-1102255__combined_noise_0.002A_0.010__mp-1102255.cif
query,medium,medium::mp-1102255::combined_noise_0.015A_0.010,mp-1102255,mp-1102255,TiO2,mp-1102255,TiO2,combined_noise_0.015A_0.010,combined_perturbation,48,P1,1,materials_project_supercell_2x2x1,structures/queries/medium__mp-1102255__combined_noise_0.015A_0.010__mp-1102255.cif
query,medium,medium::mp-1102255::combined_noise_0.050A_0.010,mp-1102255,mp-1102255,TiO2,mp-1102255,TiO2,combined_noise_0.050A_0.010,combined_perturbation,48,P1,1,materials_project_supercell_2x2x1,structures/queries/medium__mp-1102255__combined_noise_0.050A_0.010__mp-1102255.cif
query,medium,medium::mp-1102255::combined_noise_0.002A_0.030,mp-1102255,mp-1102255,TiO2,mp-1102255,TiO2,combined_noise_0.002A_0.030,combined_perturbation,48,P-1,2,materials_project_supercell_2x2x1,structures/queries/medium__mp-1102255__combined_noise_0.002A_0.030__mp-1102255.cif
query,medium,medium::mp-1102255::combined_noise_0.015A_0.030,mp-1102255,mp-1102255,TiO2,mp-1102255,TiO2,combined_noise_0.015A_0.030,combined_perturbation,48,P1,1,materials_project_supercell_2x2x1,structures/queries/medium__mp-1102255__combined_noise_0.015A_0.030__mp-1102255.cif
query,medium,medium::mp-1102255::combined_noise_0.050A_0.030,mp-1102255,mp-1102255,TiO2,mp-1102255,TiO2,combined_noise_0.050A_0.030,combined_perturbation,48,P1,1,materials_project_supercell_2x2x1,structures/queries/medium__mp-1102255__combined_noise_0.050A_0.030__mp-1102255.cif
query,medium,medium::mp-1102591::conventional_standard,mp-1102591,mp-1102591,TiO2,mp-1102591,TiO2,conventional_standard,equivalent_transform,12,Pa-3,205,materials_project_supercell_2x2x1,structures/queries/medium__mp-1102591__conventional_standard__mp-1102591.cif
query,medium,medium::mp-1102591::niggli_reduced,mp-1102591,mp-1102591,TiO2,mp-1102591,TiO2,niggli_reduced,equivalent_transform,48,Pa-3,205,materials_project_supercell_2x2x1,structures/queries/medium__mp-1102591__niggli_reduced__mp-1102591.cif
query,medium,medium::mp-1102591::origin_shifted,mp-1102591,mp-1102591,TiO2,mp-1102591,TiO2,origin_shifted,equivalent_transform,48,Pa-3,205,materials_project_supercell_2x2x1,structures/queries/medium__mp-1102591__origin_shifted__mp-1102591.cif
query,medium,medium::mp-1102591::permuted_sites,mp-1102591,mp-1102591,TiO2,mp-1102591,TiO2,permuted_sites,equivalent_transform,48,Pa-3,205,materials_project_supercell_2x2x1,structures/queries/medium__mp-1102591__permuted_sites__mp-1102591.cif
query,medium,medium::mp-1102591::combined_noise_0.002A_0.003,mp-1102591,mp-1102591,TiO2,mp-1102591,TiO2,combined_noise_0.002A_0.003,combined_perturbation,48,Pbca,61,materials_project_supercell_2x2x1,structures/queries/medium__mp-1102591__combined_noise_0.002A_0.003__mp-1102591.cif
query,medium,medium::mp-1102591::combined_noise_0.015A_0.003,mp-1102591,mp-1102591,TiO2,mp-1102591,TiO2,combined_noise_0.015A_0.003,combined_perturbation,48,P1,1,materials_project_supercell_2x2x1,structures/queries/medium__mp-1102591__combined_noise_0.015A_0.003__mp-1102591.cif
query,medium,medium::mp-1102591::combined_noise_0.050A_0.003,mp-1102591,mp-1102591,TiO2,mp-1102591,TiO2,combined_noise_0.050A_0.003,combined_perturbation,48,P1,1,materials_project_supercell_2x2x1,structures/queries/medium__mp-1102591__combined_noise_0.050A_0.003__mp-1102591.cif
query,medium,medium::mp-1102591::combined_noise_0.002A_0.010,mp-1102591,mp-1102591,TiO2,mp-1102591,TiO2,combined_noise_0.002A_0.010,combined_perturbation,48,P1,1,materials_project_supercell_2x2x1,structures/queries/medium__mp-1102591__combined_noise_0.002A_0.010__mp-1102591.cif
query,medium,medium::mp-1102591::combined_noise_0.015A_0.010,mp-1102591,mp-1102591,TiO2,mp-1102591,TiO2,combined_noise_0.015A_0.010,combined_perturbation,48,P1,1,materials_project_supercell_2x2x1,structures/queries/medium__mp-1102591__combined_noise_0.015A_0.010__mp-1102591.cif
query,medium,medium::mp-1102591::combined_noise_0.050A_0.010,mp-1102591,mp-1102591,TiO2,mp-1102591,TiO2,combined_noise_0.050A_0.010,combined_perturbation,48,P1,1,materials_project_supercell_2x2x1,structures/queries/medium__mp-1102591__combined_noise_0.050A_0.010__mp-1102591.cif
query,medium,medium::mp-1102591::combined_noise_0.002A_0.030,mp-1102591,mp-1102591,TiO2,mp-1102591,TiO2,combined_noise_0.002A_0.030,combined_perturbation,48,P1,1,materials_project_supercell_2x2x1,structures/queries/medium__mp-1102591__combined_noise_0.002A_0.030__mp-1102591.cif
query,medium,medium::mp-1102591::combined_noise_0.015A_0.030,mp-1102591,mp-1102591,TiO2,mp-1102591,TiO2,combined_noise_0.015A_0.030,combined_perturbation,48,P1,1,materials_project_supercell_2x2x1,structures/queries/medium__mp-1102591__combined_noise_0.015A_0.030__mp-1102591.cif
query,medium,medium::mp-1102591::combined_noise_0.050A_0.030,mp-1102591,mp-1102591,TiO2,mp-1102591,TiO2,combined_noise_0.050A_0.030,combined_perturbation,48,P1,1,materials_project_supercell_2x2x1,structures/queries/medium__mp-1102591__combined_noise_0.050A_0.030__mp-1102591.cif
query,medium,medium::mp-1190753::conventional_standard,mp-1190753,mp-1190753,TiO2,mp-1190753,TiO2,conventional_standard,equivalent_transform,24,Pbca,61,materials_project_supercell_2x1x1,structures/queries/medium__mp-1190753__conventional_standard__mp-1190753.cif
query,medium,medium::mp-1190753::niggli_reduced,mp-1190753,mp-1190753,TiO2,mp-1190753,TiO2,niggli_reduced,equivalent_transform,48,Pbca,61,materials_project_supercell_2x1x1,structures/queries/medium__mp-1190753__niggli_reduced__mp-1190753.cif
query,medium,medium::mp-1190753::origin_shifted,mp-1190753,mp-1190753,TiO2,mp-1190753,TiO2,origin_shifted,equivalent_transform,48,Pbca,61,materials_project_supercell_2x1x1,structures/queries/medium__mp-1190753__origin_shifted__mp-1190753.cif
query,medium,medium::mp-1190753::permuted_sites,mp-1190753,mp-1190753,TiO2,mp-1190753,TiO2,permuted_sites,equivalent_transform,48,Pbca,61,materials_project_supercell_2x1x1,structures/queries/medium__mp-1190753__permuted_sites__mp-1190753.cif
query,medium,medium::mp-1190753::combined_noise_0.002A_0.003,mp-1190753,mp-1190753,TiO2,mp-1190753,TiO2,combined_noise_0.002A_0.003,combined_perturbation,48,P1,1,materials_project_supercell_2x1x1,structures/queries/medium__mp-1190753__combined_noise_0.002A_0.003__mp-1190753.cif
query,medium,medium::mp-1190753::combined_noise_0.015A_0.003,mp-1190753,mp-1190753,TiO2,mp-1190753,TiO2,combined_noise_0.015A_0.003,combined_perturbation,48,P1,1,materials_project_supercell_2x1x1,structures/queries/medium__mp-1190753__combined_noise_0.015A_0.003__mp-1190753.cif
query,medium,medium::mp-1190753::combined_noise_0.050A_0.003,mp-1190753,mp-1190753,TiO2,mp-1190753,TiO2,combined_noise_0.050A_0.003,combined_perturbation,48,P1,1,materials_project_supercell_2x1x1,structures/queries/medium__mp-1190753__combined_noise_0.050A_0.003__mp-1190753.cif
query,medium,medium::mp-1190753::combined_noise_0.002A_0.010,mp-1190753,mp-1190753,TiO2,mp-1190753,TiO2,combined_noise_0.002A_0.010,combined_perturbation,48,P1,1,materials_project_supercell_2x1x1,structures/queries/medium__mp-1190753__combined_noise_0.002A_0.010__mp-1190753.cif
query,medium,medium::mp-1190753::combined_noise_0.015A_0.010,mp-1190753,mp-1190753,TiO2,mp-1190753,TiO2,combined_noise_0.015A_0.010,combined_perturbation,48,P1,1,materials_project_supercell_2x1x1,structures/queries/medium__mp-1190753__combined_noise_0.015A_0.010__mp-1190753.cif
query,medium,medium::mp-1190753::combined_noise_0.050A_0.010,mp-1190753,mp-1190753,TiO2,mp-1190753,TiO2,combined_noise_0.050A_0.010,combined_perturbation,48,P1,1,materials_project_supercell_2x1x1,structures/queries/medium__mp-1190753__combined_noise_0.050A_0.010__mp-1190753.cif
query,medium,medium::mp-1190753::combined_noise_0.002A_0.030,mp-1190753,mp-1190753,TiO2,mp-1190753,TiO2,combined_noise_0.002A_0.030,combined_perturbation,48,Pbca,61,materials_project_supercell_2x1x1,structures/queries/medium__mp-1190753__combined_noise_0.002A_0.030__mp-1190753.cif
query,medium,medium::mp-1190753::combined_noise_0.015A_0.030,mp-1190753,mp-1190753,TiO2,mp-1190753,TiO2,combined_noise_0.015A_0.030,combined_perturbation,48,P1,1,materials_project_supercell_2x1x1,structures/queries/medium__mp-1190753__combined_noise_0.015A_0.030__mp-1190753.cif
query,medium,medium::mp-1190753::combined_noise_0.050A_0.030,mp-1190753,mp-1190753,TiO2,mp-1190753,TiO2,combined_noise_0.050A_0.030,combined_perturbation,48,P1,1,materials_project_supercell_2x1x1,structures/queries/medium__mp-1190753__combined_noise_0.050A_0.030__mp-1190753.cif
query,medium,medium::mp-1201727::conventional_standard,mp-1201727,mp-1201727,TiO2,mp-1201727,TiO2,conventional_standard,equivalent_transform,48,Pnma,62,materials_project,structures/queries/medium__mp-1201727__conventional_standard__mp-1201727.cif
query,medium,medium::mp-1201727::niggli_reduced,mp-1201727,mp-1201727,TiO2,mp-1201727,TiO2,niggli_reduced,equivalent_transform,48,Pnma,62,materials_project,structures/queries/medium__mp-1201727__niggli_reduced__mp-1201727.cif
query,medium,medium::mp-1201727::origin_shifted,mp-1201727,mp-1201727,TiO2,mp-1201727,TiO2,origin_shifted,equivalent_transform,48,Pnma,62,materials_project,structures/queries/medium__mp-1201727__origin_shifted__mp-1201727.cif
query,medium,medium::mp-1201727::permuted_sites,mp-1201727,mp-1201727,TiO2,mp-1201727,TiO2,permuted_sites,equivalent_transform,48,Pnma,62,materials_project,structures/queries/medium__mp-1201727__permuted_sites__mp-1201727.cif
query,medium,medium::mp-1201727::combined_noise_0.002A_0.003,mp-1201727,mp-1201727,TiO2,mp-1201727,TiO2,combined_noise_0.002A_0.003,combined_perturbation,48,P2_1,4,materials_project,structures/queries/medium__mp-1201727__combined_noise_0.002A_0.003__mp-1201727.cif
query,medium,medium::mp-1201727::combined_noise_0.015A_0.003,mp-1201727,mp-1201727,TiO2,mp-1201727,TiO2,combined_noise_0.015A_0.003,combined_perturbation,48,P1,1,materials_project,structures/queries/medium__mp-1201727__combined_noise_0.015A_0.003__mp-1201727.cif
query,medium,medium::mp-1201727::combined_noise_0.050A_0.003,mp-1201727,mp-1201727,TiO2,mp-1201727,TiO2,combined_noise_0.050A_0.003,combined_perturbation,48,P1,1,materials_project,structures/queries/medium__mp-1201727__combined_noise_0.050A_0.003__mp-1201727.cif
query,medium,medium::mp-1201727::combined_noise_0.002A_0.010,mp-1201727,mp-1201727,TiO2,mp-1201727,TiO2,combined_noise_0.002A_0.010,combined_perturbation,48,P1,1,materials_project,structures/queries/medium__mp-1201727__combined_noise_0.002A_0.010__mp-1201727.cif
query,medium,medium::mp-1201727::combined_noise_0.015A_0.010,mp-1201727,mp-1201727,TiO2,mp-1201727,TiO2,combined_noise_0.015A_0.010,combined_perturbation,48,P1,1,materials_project,structures/queries/medium__mp-1201727__combined_noise_0.015A_0.010__mp-1201727.cif
query,medium,medium::mp-1201727::combined_noise_0.050A_0.010,mp-1201727,mp-1201727,TiO2,mp-1201727,TiO2,combined_noise_0.050A_0.010,combined_perturbation,48,P1,1,materials_project,structures/queries/medium__mp-1201727__combined_noise_0.050A_0.010__mp-1201727.cif
query,medium,medium::mp-1201727::combined_noise_0.002A_0.030,mp-1201727,mp-1201727,TiO2,mp-1201727,TiO2,combined_noise_0.002A_0.030,combined_perturbation,48,P1,1,materials_project,structures/queries/medium__mp-1201727__combined_noise_0.002A_0.030__mp-1201727.cif
query,medium,medium::mp-1201727::combined_noise_0.015A_0.030,mp-1201727,mp-1201727,TiO2,mp-1201727,TiO2,combined_noise_0.015A_0.030,combined_perturbation,48,P1,1,materials_project,structures/queries/medium__mp-1201727__combined_noise_0.015A_0.030__mp-1201727.cif
query,medium,medium::mp-1201727::combined_noise_0.050A_0.030,mp-1201727,mp-1201727,TiO2,mp-1201727,TiO2,combined_noise_0.050A_0.030,combined_perturbation,48,P1,1,materials_project,structures/queries/medium__mp-1201727__combined_noise_0.050A_0.030__mp-1201727.cif
query,medium,medium::mp-1245098::conventional_standard,mp-1245098,mp-1245098,TiO2,mp-1245098,TiO2,conventional_standard,equivalent_transform,90,P1,1,materials_project,structures/queries/medium__mp-1245098__conventional_standard__mp-1245098.cif
query,medium,medium::mp-1245098::niggli_reduced,mp-1245098,mp-1245098,TiO2,mp-1245098,TiO2,niggli_reduced,equivalent_transform,90,P1,1,materials_project,structures/queries/medium__mp-1245098__niggli_reduced__mp-1245098.cif
query,medium,medium::mp-1245098::origin_shifted,mp-1245098,mp-1245098,TiO2,mp-1245098,TiO2,origin_shifted,equivalent_transform,90,P1,1,materials_project,structures/queries/medium__mp-1245098__origin_shifted__mp-1245098.cif
query,medium,medium::mp-1245098::permuted_sites,mp-1245098,mp-1245098,TiO2,mp-1245098,TiO2,permuted_sites,equivalent_transform,90,P1,1,materials_project,structures/queries/medium__mp-1245098__permuted_sites__mp-1245098.cif
query,medium,medium::mp-1245098::combined_noise_0.002A_0.003,mp-1245098,mp-1245098,TiO2,mp-1245098,TiO2,combined_noise_0.002A_0.003,combined_perturbation,90,P1,1,materials_project,structures/queries/medium__mp-1245098__combined_noise_0.002A_0.003__mp-1245098.cif
query,medium,medium::mp-1245098::combined_noise_0.015A_0.003,mp-1245098,mp-1245098,TiO2,mp-1245098,TiO2,combined_noise_0.015A_0.003,combined_perturbation,90,P1,1,materials_project,structures/queries/medium__mp-1245098__combined_noise_0.015A_0.003__mp-1245098.cif
query,medium,medium::mp-1245098::combined_noise_0.050A_0.003,mp-1245098,mp-1245098,TiO2,mp-1245098,TiO2,combined_noise_0.050A_0.003,combined_perturbation,90,P1,1,materials_project,structures/queries/medium__mp-1245098__combined_noise_0.050A_0.003__mp-1245098.cif
query,medium,medium::mp-1245098::combined_noise_0.002A_0.010,mp-1245098,mp-1245098,TiO2,mp-1245098,TiO2,combined_noise_0.002A_0.010,combined_perturbation,90,P1,1,materials_project,structures/queries/medium__mp-1245098__combined_noise_0.002A_0.010__mp-1245098.cif
query,medium,medium::mp-1245098::combined_noise_0.015A_0.010,mp-1245098,mp-1245098,TiO2,mp-1245098,TiO2,combined_noise_0.015A_0.010,combined_perturbation,90,P1,1,materials_project,structures/queries/medium__mp-1245098__combined_noise_0.015A_0.010__mp-1245098.cif
query,medium,medium::mp-1245098::combined_noise_0.050A_0.010,mp-1245098,mp-1245098,TiO2,mp-1245098,TiO2,combined_noise_0.050A_0.010,combined_perturbation,90,P1,1,materials_project,structures/queries/medium__mp-1245098__combined_noise_0.050A_0.010__mp-1245098.cif
query,medium,medium::mp-1245098::combined_noise_0.002A_0.030,mp-1245098,mp-1245098,TiO2,mp-1245098,TiO2,combined_noise_0.002A_0.030,combined_perturbation,90,P1,1,materials_project,structures/queries/medium__mp-1245098__combined_noise_0.002A_0.030__mp-1245098.cif
query,medium,medium::mp-1245098::combined_noise_0.015A_0.030,mp-1245098,mp-1245098,TiO2,mp-1245098,TiO2,combined_noise_0.015A_0.030,combined_perturbation,90,P1,1,materials_project,structures/queries/medium__mp-1245098__combined_noise_0.015A_0.030__mp-1245098.cif
query,medium,medium::mp-1245098::combined_noise_0.050A_0.030,mp-1245098,mp-1245098,TiO2,mp-1245098,TiO2,combined_noise_0.050A_0.030,combined_perturbation,90,P1,1,materials_project,structures/queries/medium__mp-1245098__combined_noise_0.050A_0.030__mp-1245098.cif
query,medium,medium::mp-1245134::conventional_standard,mp-1245134,mp-1245134,TiO2,mp-1245134,TiO2,conventional_standard,equivalent_transform,90,P1,1,materials_project,structures/queries/medium__mp-1245134__conventional_standard__mp-1245134.cif
query,medium,medium::mp-1245134::niggli_reduced,mp-1245134,mp-1245134,TiO2,mp-1245134,TiO2,niggli_reduced,equivalent_transform,90,P1,1,materials_project,structures/queries/medium__mp-1245134__niggli_reduced__mp-1245134.cif
query,medium,medium::mp-1245134::origin_shifted,mp-1245134,mp-1245134,TiO2,mp-1245134,TiO2,origin_shifted,equivalent_transform,90,P1,1,materials_project,structures/queries/medium__mp-1245134__origin_shifted__mp-1245134.cif
query,medium,medium::mp-1245134::permuted_sites,mp-1245134,mp-1245134,TiO2,mp-1245134,TiO2,permuted_sites,equivalent_transform,90,P1,1,materials_project,structures/queries/medium__mp-1245134__permuted_sites__mp-1245134.cif
query,medium,medium::mp-1245134::combined_noise_0.002A_0.003,mp-1245134,mp-1245134,TiO2,mp-1245134,TiO2,combined_noise_0.002A_0.003,combined_perturbation,90,P1,1,materials_project,structures/queries/medium__mp-1245134__combined_noise_0.002A_0.003__mp-1245134.cif
query,medium,medium::mp-1245134::combined_noise_0.015A_0.003,mp-1245134,mp-1245134,TiO2,mp-1245134,TiO2,combined_noise_0.015A_0.003,combined_perturbation,90,P1,1,materials_project,structures/queries/medium__mp-1245134__combined_noise_0.015A_0.003__mp-1245134.cif
query,medium,medium::mp-1245134::combined_noise_0.050A_0.003,mp-1245134,mp-1245134,TiO2,mp-1245134,TiO2,combined_noise_0.050A_0.003,combined_perturbation,90,P1,1,materials_project,structures/queries/medium__mp-1245134__combined_noise_0.050A_0.003__mp-1245134.cif
query,medium,medium::mp-1245134::combined_noise_0.002A_0.010,mp-1245134,mp-1245134,TiO2,mp-1245134,TiO2,combined_noise_0.002A_0.010,combined_perturbation,90,P1,1,materials_project,structures/queries/medium__mp-1245134__combined_noise_0.002A_0.010__mp-1245134.cif
query,medium,medium::mp-1245134::combined_noise_0.015A_0.010,mp-1245134,mp-1245134,TiO2,mp-1245134,TiO2,combined_noise_0.015A_0.010,combined_perturbation,90,P1,1,materials_project,structures/queries/medium__mp-1245134__combined_noise_0.015A_0.010__mp-1245134.cif
query,medium,medium::mp-1245134::combined_noise_0.050A_0.010,mp-1245134,mp-1245134,TiO2,mp-1245134,TiO2,combined_noise_0.050A_0.010,combined_perturbation,90,P1,1,materials_project,structures/queries/medium__mp-1245134__combined_noise_0.050A_0.010__mp-1245134.cif
query,medium,medium::mp-1245134::combined_noise_0.002A_0.030,mp-1245134,mp-1245134,TiO2,mp-1245134,TiO2,combined_noise_0.002A_0.030,combined_perturbation,90,P1,1,materials_project,structures/queries/medium__mp-1245134__combined_noise_0.002A_0.030__mp-1245134.cif
query,medium,medium::mp-1245134::combined_noise_0.015A_0.030,mp-1245134,mp-1245134,TiO2,mp-1245134,TiO2,combined_noise_0.015A_0.030,combined_perturbation,90,P1,1,materials_project,structures/queries/medium__mp-1245134__combined_noise_0.015A_0.030__mp-1245134.cif
query,medium,medium::mp-1245134::combined_noise_0.050A_0.030,mp-1245134,mp-1245134,TiO2,mp-1245134,TiO2,combined_noise_0.050A_0.030,combined_perturbation,90,P1,1,materials_project,structures/queries/medium__mp-1245134__combined_noise_0.050A_0.030__mp-1245134.cif
query,medium,medium::mp-1245308::conventional_standard,mp-1245308,mp-1245308,TiO2,mp-1245308,TiO2,conventional_standard,equivalent_transform,90,P1,1,materials_project,structures/queries/medium__mp-1245308__conventional_standard__mp-1245308.cif
query,medium,medium::mp-1245308::niggli_reduced,mp-1245308,mp-1245308,TiO2,mp-1245308,TiO2,niggli_reduced,equivalent_transform,90,P1,1,materials_project,structures/queries/medium__mp-1245308__niggli_reduced__mp-1245308.cif
query,medium,medium::mp-1245308::origin_shifted,mp-1245308,mp-1245308,TiO2,mp-1245308,TiO2,origin_shifted,equivalent_transform,90,P1,1,materials_project,structures/queries/medium__mp-1245308__origin_shifted__mp-1245308.cif
query,medium,medium::mp-1245308::permuted_sites,mp-1245308,mp-1245308,TiO2,mp-1245308,TiO2,permuted_sites,equivalent_transform,90,P1,1,materials_project,structures/queries/medium__mp-1245308__permuted_sites__mp-1245308.cif
query,medium,medium::mp-1245308::combined_noise_0.002A_0.003,mp-1245308,mp-1245308,TiO2,mp-1245308,TiO2,combined_noise_0.002A_0.003,combined_perturbation,90,P1,1,materials_project,structures/queries/medium__mp-1245308__combined_noise_0.002A_0.003__mp-1245308.cif
query,medium,medium::mp-1245308::combined_noise_0.015A_0.003,mp-1245308,mp-1245308,TiO2,mp-1245308,TiO2,combined_noise_0.015A_0.003,combined_perturbation,90,P1,1,materials_project,structures/queries/medium__mp-1245308__combined_noise_0.015A_0.003__mp-1245308.cif
query,medium,medium::mp-1245308::combined_noise_0.050A_0.003,mp-1245308,mp-1245308,TiO2,mp-1245308,TiO2,combined_noise_0.050A_0.003,combined_perturbation,90,P1,1,materials_project,structures/queries/medium__mp-1245308__combined_noise_0.050A_0.003__mp-1245308.cif
query,medium,medium::mp-1245308::combined_noise_0.002A_0.010,mp-1245308,mp-1245308,TiO2,mp-1245308,TiO2,combined_noise_0.002A_0.010,combined_perturbation,90,P1,1,materials_project,structures/queries/medium__mp-1245308__combined_noise_0.002A_0.010__mp-1245308.cif
query,medium,medium::mp-1245308::combined_noise_0.015A_0.010,mp-1245308,mp-1245308,TiO2,mp-1245308,TiO2,combined_noise_0.015A_0.010,combined_perturbation,90,P1,1,materials_project,structures/queries/medium__mp-1245308__combined_noise_0.015A_0.010__mp-1245308.cif
query,medium,medium::mp-1245308::combined_noise_0.050A_0.010,mp-1245308,mp-1245308,TiO2,mp-1245308,TiO2,combined_noise_0.050A_0.010,combined_perturbation,90,P1,1,materials_project,structures/queries/medium__mp-1245308__combined_noise_0.050A_0.010__mp-1245308.cif
query,medium,medium::mp-1245308::combined_noise_0.002A_0.030,mp-1245308,mp-1245308,TiO2,mp-1245308,TiO2,combined_noise_0.002A_0.030,combined_perturbation,90,P1,1,materials_project,structures/queries/medium__mp-1245308__combined_noise_0.002A_0.030__mp-1245308.cif
query,medium,medium::mp-1245308::combined_noise_0.015A_0.030,mp-1245308,mp-1245308,TiO2,mp-1245308,TiO2,combined_noise_0.015A_0.030,combined_perturbation,90,P1,1,materials_project,structures/queries/medium__mp-1245308__combined_noise_0.015A_0.030__mp-1245308.cif
query,medium,medium::mp-1245308::combined_noise_0.050A_0.030,mp-1245308,mp-1245308,TiO2,mp-1245308,TiO2,combined_noise_0.050A_0.030,combined_perturbation,90,P1,1,materials_project,structures/queries/medium__mp-1245308__combined_noise_0.050A_0.030__mp-1245308.cif
query,medium,medium::mp-1245321::conventional_standard,mp-1245321,mp-1245321,TiO2,mp-1245321,TiO2,conventional_standard,equivalent_transform,90,P1,1,materials_project,structures/queries/medium__mp-1245321__conventional_standard__mp-1245321.cif
query,medium,medium::mp-1245321::niggli_reduced,mp-1245321,mp-1245321,TiO2,mp-1245321,TiO2,niggli_reduced,equivalent_transform,90,P1,1,materials_project,structures/queries/medium__mp-1245321__niggli_reduced__mp-1245321.cif
query,medium,medium::mp-1245321::origin_shifted,mp-1245321,mp-1245321,TiO2,mp-1245321,TiO2,origin_shifted,equivalent_transform,90,P1,1,materials_project,structures/queries/medium__mp-1245321__origin_shifted__mp-1245321.cif
query,medium,medium::mp-1245321::permuted_sites,mp-1245321,mp-1245321,TiO2,mp-1245321,TiO2,permuted_sites,equivalent_transform,90,P1,1,materials_project,structures/queries/medium__mp-1245321__permuted_sites__mp-1245321.cif
query,medium,medium::mp-1245321::combined_noise_0.002A_0.003,mp-1245321,mp-1245321,TiO2,mp-1245321,TiO2,combined_noise_0.002A_0.003,combined_perturbation,90,P1,1,materials_project,structures/queries/medium__mp-1245321__combined_noise_0.002A_0.003__mp-1245321.cif
query,medium,medium::mp-1245321::combined_noise_0.015A_0.003,mp-1245321,mp-1245321,TiO2,mp-1245321,TiO2,combined_noise_0.015A_0.003,combined_perturbation,90,P1,1,materials_project,structures/queries/medium__mp-1245321__combined_noise_0.015A_0.003__mp-1245321.cif
query,medium,medium::mp-1245321::combined_noise_0.050A_0.003,mp-1245321,mp-1245321,TiO2,mp-1245321,TiO2,combined_noise_0.050A_0.003,combined_perturbation,90,P1,1,materials_project,structures/queries/medium__mp-1245321__combined_noise_0.050A_0.003__mp-1245321.cif
query,medium,medium::mp-1245321::combined_noise_0.002A_0.010,mp-1245321,mp-1245321,TiO2,mp-1245321,TiO2,combined_noise_0.002A_0.010,combined_perturbation,90,P1,1,materials_project,structures/queries/medium__mp-1245321__combined_noise_0.002A_0.010__mp-1245321.cif
query,medium,medium::mp-1245321::combined_noise_0.015A_0.010,mp-1245321,mp-1245321,TiO2,mp-1245321,TiO2,combined_noise_0.015A_0.010,combined_perturbation,90,P1,1,materials_project,structures/queries/medium__mp-1245321__combined_noise_0.015A_0.010__mp-1245321.cif
query,medium,medium::mp-1245321::combined_noise_0.050A_0.010,mp-1245321,mp-1245321,TiO2,mp-1245321,TiO2,combined_noise_0.050A_0.010,combined_perturbation,90,P1,1,materials_project,structures/queries/medium__mp-1245321__combined_noise_0.050A_0.010__mp-1245321.cif
query,medium,medium::mp-1245321::combined_noise_0.002A_0.030,mp-1245321,mp-1245321,TiO2,mp-1245321,TiO2,combined_noise_0.002A_0.030,combined_perturbation,90,P1,1,materials_project,structures/queries/medium__mp-1245321__combined_noise_0.002A_0.030__mp-1245321.cif
query,medium,medium::mp-1245321::combined_noise_0.015A_0.030,mp-1245321,mp-1245321,TiO2,mp-1245321,TiO2,combined_noise_0.015A_0.030,combined_perturbation,90,P1,1,materials_project,structures/queries/medium__mp-1245321__combined_noise_0.015A_0.030__mp-1245321.cif
query,medium,medium::mp-1245321::combined_noise_0.050A_0.030,mp-1245321,mp-1245321,TiO2,mp-1245321,TiO2,combined_noise_0.050A_0.030,combined_perturbation,90,P1,1,materials_project,structures/queries/medium__mp-1245321__combined_noise_0.050A_0.030__mp-1245321.cif
query,medium,medium::mp-1341203::conventional_standard,mp-1341203,mp-1341203,TiO2,mp-1341203,TiO2,conventional_standard,equivalent_transform,24,Pmmn,59,materials_project_supercell_2x1x1,structures/queries/medium__mp-1341203__conventional_standard__mp-1341203.cif
query,medium,medium::mp-1341203::niggli_reduced,mp-1341203,mp-1341203,TiO2,mp-1341203,TiO2,niggli_reduced,equivalent_transform,48,Pmmn,59,materials_project_supercell_2x1x1,structures/queries/medium__mp-1341203__niggli_reduced__mp-1341203.cif
query,medium,medium::mp-1341203::origin_shifted,mp-1341203,mp-1341203,TiO2,mp-1341203,TiO2,origin_shifted,equivalent_transform,48,Pmmn,59,materials_project_supercell_2x1x1,structures/queries/medium__mp-1341203__origin_shifted__mp-1341203.cif
query,medium,medium::mp-1341203::permuted_sites,mp-1341203,mp-1341203,TiO2,mp-1341203,TiO2,permuted_sites,equivalent_transform,48,Pmmn,59,materials_project_supercell_2x1x1,structures/queries/medium__mp-1341203__permuted_sites__mp-1341203.cif
query,medium,medium::mp-1341203::combined_noise_0.002A_0.003,mp-1341203,mp-1341203,TiO2,mp-1341203,TiO2,combined_noise_0.002A_0.003,combined_perturbation,48,P1,1,materials_project_supercell_2x1x1,structures/queries/medium__mp-1341203__combined_noise_0.002A_0.003__mp-1341203.cif
query,medium,medium::mp-1341203::combined_noise_0.015A_0.003,mp-1341203,mp-1341203,TiO2,mp-1341203,TiO2,combined_noise_0.015A_0.003,combined_perturbation,48,P1,1,materials_project_supercell_2x1x1,structures/queries/medium__mp-1341203__combined_noise_0.015A_0.003__mp-1341203.cif
query,medium,medium::mp-1341203::combined_noise_0.050A_0.003,mp-1341203,mp-1341203,TiO2,mp-1341203,TiO2,combined_noise_0.050A_0.003,combined_perturbation,48,P1,1,materials_project_supercell_2x1x1,structures/queries/medium__mp-1341203__combined_noise_0.050A_0.003__mp-1341203.cif
query,medium,medium::mp-1341203::combined_noise_0.002A_0.010,mp-1341203,mp-1341203,TiO2,mp-1341203,TiO2,combined_noise_0.002A_0.010,combined_perturbation,48,P-1,2,materials_project_supercell_2x1x1,structures/queries/medium__mp-1341203__combined_noise_0.002A_0.010__mp-1341203.cif
query,medium,medium::mp-1341203::combined_noise_0.015A_0.010,mp-1341203,mp-1341203,TiO2,mp-1341203,TiO2,combined_noise_0.015A_0.010,combined_perturbation,48,P1,1,materials_project_supercell_2x1x1,structures/queries/medium__mp-1341203__combined_noise_0.015A_0.010__mp-1341203.cif
query,medium,medium::mp-1341203::combined_noise_0.050A_0.010,mp-1341203,mp-1341203,TiO2,mp-1341203,TiO2,combined_noise_0.050A_0.010,combined_perturbation,48,P1,1,materials_project_supercell_2x1x1,structures/queries/medium__mp-1341203__combined_noise_0.050A_0.010__mp-1341203.cif
query,medium,medium::mp-1341203::combined_noise_0.002A_0.030,mp-1341203,mp-1341203,TiO2,mp-1341203,TiO2,combined_noise_0.002A_0.030,combined_perturbation,48,Pmmn,59,materials_project_supercell_2x1x1,structures/queries/medium__mp-1341203__combined_noise_0.002A_0.030__mp-1341203.cif
query,medium,medium::mp-1341203::combined_noise_0.015A_0.030,mp-1341203,mp-1341203,TiO2,mp-1341203,TiO2,combined_noise_0.015A_0.030,combined_perturbation,48,P1,1,materials_project_supercell_2x1x1,structures/queries/medium__mp-1341203__combined_noise_0.015A_0.030__mp-1341203.cif
query,medium,medium::mp-1341203::combined_noise_0.050A_0.030,mp-1341203,mp-1341203,TiO2,mp-1341203,TiO2,combined_noise_0.050A_0.030,combined_perturbation,48,P1,1,materials_project_supercell_2x1x1,structures/queries/medium__mp-1341203__combined_noise_0.050A_0.030__mp-1341203.cif
query,medium,medium::mp-1350429::conventional_standard,mp-1350429,mp-1350429,TiO2,mp-1350429,TiO2,conventional_standard,equivalent_transform,96,Cm,8,materials_project,structures/queries/medium__mp-1350429__conventional_standard__mp-1350429.cif
query,medium,medium::mp-1350429::niggli_reduced,mp-1350429,mp-1350429,TiO2,mp-1350429,TiO2,niggli_reduced,equivalent_transform,48,Cm,8,materials_project,structures/queries/medium__mp-1350429__niggli_reduced__mp-1350429.cif
query,medium,medium::mp-1350429::origin_shifted,mp-1350429,mp-1350429,TiO2,mp-1350429,TiO2,origin_shifted,equivalent_transform,48,Cm,8,materials_project,structures/queries/medium__mp-1350429__origin_shifted__mp-1350429.cif
query,medium,medium::mp-1350429::permuted_sites,mp-1350429,mp-1350429,TiO2,mp-1350429,TiO2,permuted_sites,equivalent_transform,48,Cm,8,materials_project,structures/queries/medium__mp-1350429__permuted_sites__mp-1350429.cif
query,medium,medium::mp-1350429::combined_noise_0.002A_0.003,mp-1350429,mp-1350429,TiO2,mp-1350429,TiO2,combined_noise_0.002A_0.003,combined_perturbation,48,P1,1,materials_project,structures/queries/medium__mp-1350429__combined_noise_0.002A_0.003__mp-1350429.cif
query,medium,medium::mp-1350429::combined_noise_0.015A_0.003,mp-1350429,mp-1350429,TiO2,mp-1350429,TiO2,combined_noise_0.015A_0.003,combined_perturbation,48,P1,1,materials_project,structures/queries/medium__mp-1350429__combined_noise_0.015A_0.003__mp-1350429.cif
query,medium,medium::mp-1350429::combined_noise_0.050A_0.003,mp-1350429,mp-1350429,TiO2,mp-1350429,TiO2,combined_noise_0.050A_0.003,combined_perturbation,48,P1,1,materials_project,structures/queries/medium__mp-1350429__combined_noise_0.050A_0.003__mp-1350429.cif
query,medium,medium::mp-1350429::combined_noise_0.002A_0.010,mp-1350429,mp-1350429,TiO2,mp-1350429,TiO2,combined_noise_0.002A_0.010,combined_perturbation,48,P1,1,materials_project,structures/queries/medium__mp-1350429__combined_noise_0.002A_0.010__mp-1350429.cif
query,medium,medium::mp-1350429::combined_noise_0.015A_0.010,mp-1350429,mp-1350429,TiO2,mp-1350429,TiO2,combined_noise_0.015A_0.010,combined_perturbation,48,P1,1,materials_project,structures/queries/medium__mp-1350429__combined_noise_0.015A_0.010__mp-1350429.cif
query,medium,medium::mp-1350429::combined_noise_0.050A_0.010,mp-1350429,mp-1350429,TiO2,mp-1350429,TiO2,combined_noise_0.050A_0.010,combined_perturbation,48,P1,1,materials_project,structures/queries/medium__mp-1350429__combined_noise_0.050A_0.010__mp-1350429.cif
query,medium,medium::mp-1350429::combined_noise_0.002A_0.030,mp-1350429,mp-1350429,TiO2,mp-1350429,TiO2,combined_noise_0.002A_0.030,combined_perturbation,48,P1,1,materials_project,structures/queries/medium__mp-1350429__combined_noise_0.002A_0.030__mp-1350429.cif
query,medium,medium::mp-1350429::combined_noise_0.015A_0.030,mp-1350429,mp-1350429,TiO2,mp-1350429,TiO2,combined_noise_0.015A_0.030,combined_perturbation,48,P1,1,materials_project,structures/queries/medium__mp-1350429__combined_noise_0.015A_0.030__mp-1350429.cif
query,medium,medium::mp-1350429::combined_noise_0.050A_0.030,mp-1350429,mp-1350429,TiO2,mp-1350429,TiO2,combined_noise_0.050A_0.030,combined_perturbation,48,P1,1,materials_project,structures/queries/medium__mp-1350429__combined_noise_0.050A_0.030__mp-1350429.cif
query,medium,medium::mp-1380335::conventional_standard,mp-1380335,mp-1380335,TiO2,mp-1380335,TiO2,conventional_standard,equivalent_transform,36,P3m1,156,materials_project_supercell_2x1x1,structures/queries/medium__mp-1380335__conventional_standard__mp-1380335.cif
query,medium,medium::mp-1380335::niggli_reduced,mp-1380335,mp-1380335,TiO2,mp-1380335,TiO2,niggli_reduced,equivalent_transform,72,P3m1,156,materials_project_supercell_2x1x1,structures/queries/medium__mp-1380335__niggli_reduced__mp-1380335.cif
query,medium,medium::mp-1380335::origin_shifted,mp-1380335,mp-1380335,TiO2,mp-1380335,TiO2,origin_shifted,equivalent_transform,72,P3m1,156,materials_project_supercell_2x1x1,structures/queries/medium__mp-1380335__origin_shifted__mp-1380335.cif
query,medium,medium::mp-1380335::permuted_sites,mp-1380335,mp-1380335,TiO2,mp-1380335,TiO2,permuted_sites,equivalent_transform,72,P3m1,156,materials_project_supercell_2x1x1,structures/queries/medium__mp-1380335__permuted_sites__mp-1380335.cif
query,medium,medium::mp-1380335::combined_noise_0.002A_0.003,mp-1380335,mp-1380335,TiO2,mp-1380335,TiO2,combined_noise_0.002A_0.003,combined_perturbation,72,P1,1,materials_project_supercell_2x1x1,structures/queries/medium__mp-1380335__combined_noise_0.002A_0.003__mp-1380335.cif
query,medium,medium::mp-1380335::combined_noise_0.015A_0.003,mp-1380335,mp-1380335,TiO2,mp-1380335,TiO2,combined_noise_0.015A_0.003,combined_perturbation,72,P1,1,materials_project_supercell_2x1x1,structures/queries/medium__mp-1380335__combined_noise_0.015A_0.003__mp-1380335.cif
query,medium,medium::mp-1380335::combined_noise_0.050A_0.003,mp-1380335,mp-1380335,TiO2,mp-1380335,TiO2,combined_noise_0.050A_0.003,combined_perturbation,72,P1,1,materials_project_supercell_2x1x1,structures/queries/medium__mp-1380335__combined_noise_0.050A_0.003__mp-1380335.cif
query,medium,medium::mp-1380335::combined_noise_0.002A_0.010,mp-1380335,mp-1380335,TiO2,mp-1380335,TiO2,combined_noise_0.002A_0.010,combined_perturbation,72,Cm,8,materials_project_supercell_2x1x1,structures/queries/medium__mp-1380335__combined_noise_0.002A_0.010__mp-1380335.cif
query,medium,medium::mp-1380335::combined_noise_0.015A_0.010,mp-1380335,mp-1380335,TiO2,mp-1380335,TiO2,combined_noise_0.015A_0.010,combined_perturbation,72,P1,1,materials_project_supercell_2x1x1,structures/queries/medium__mp-1380335__combined_noise_0.015A_0.010__mp-1380335.cif
query,medium,medium::mp-1380335::combined_noise_0.050A_0.010,mp-1380335,mp-1380335,TiO2,mp-1380335,TiO2,combined_noise_0.050A_0.010,combined_perturbation,72,P1,1,materials_project_supercell_2x1x1,structures/queries/medium__mp-1380335__combined_noise_0.050A_0.010__mp-1380335.cif
query,medium,medium::mp-1380335::combined_noise_0.002A_0.030,mp-1380335,mp-1380335,TiO2,mp-1380335,TiO2,combined_noise_0.002A_0.030,combined_perturbation,72,P1,1,materials_project_supercell_2x1x1,structures/queries/medium__mp-1380335__combined_noise_0.002A_0.030__mp-1380335.cif
query,medium,medium::mp-1380335::combined_noise_0.015A_0.030,mp-1380335,mp-1380335,TiO2,mp-1380335,TiO2,combined_noise_0.015A_0.030,combined_perturbation,72,P1,1,materials_project_supercell_2x1x1,structures/queries/medium__mp-1380335__combined_noise_0.015A_0.030__mp-1380335.cif
query,medium,medium::mp-1380335::combined_noise_0.050A_0.030,mp-1380335,mp-1380335,TiO2,mp-1380335,TiO2,combined_noise_0.050A_0.030,combined_perturbation,72,P1,1,materials_project_supercell_2x1x1,structures/queries/medium__mp-1380335__combined_noise_0.050A_0.030__mp-1380335.cif
query,medium,medium::mp-1386640::conventional_standard,mp-1386640,mp-1386640,TiO2,mp-1386640,TiO2,conventional_standard,equivalent_transform,24,Cmcm,63,materials_project_supercell_2x2x1,structures/queries/medium__mp-1386640__conventional_standard__mp-1386640.cif
query,medium,medium::mp-1386640::niggli_reduced,mp-1386640,mp-1386640,TiO2,mp-1386640,TiO2,niggli_reduced,equivalent_transform,48,Cmcm,63,materials_project_supercell_2x2x1,structures/queries/medium__mp-1386640__niggli_reduced__mp-1386640.cif
query,medium,medium::mp-1386640::origin_shifted,mp-1386640,mp-1386640,TiO2,mp-1386640,TiO2,origin_shifted,equivalent_transform,48,Cmcm,63,materials_project_supercell_2x2x1,structures/queries/medium__mp-1386640__origin_shifted__mp-1386640.cif
query,medium,medium::mp-1386640::permuted_sites,mp-1386640,mp-1386640,TiO2,mp-1386640,TiO2,permuted_sites,equivalent_transform,48,Cmcm,63,materials_project_supercell_2x2x1,structures/queries/medium__mp-1386640__permuted_sites__mp-1386640.cif
query,medium,medium::mp-1386640::combined_noise_0.002A_0.003,mp-1386640,mp-1386640,TiO2,mp-1386640,TiO2,combined_noise_0.002A_0.003,combined_perturbation,48,Cm,8,materials_project_supercell_2x2x1,structures/queries/medium__mp-1386640__combined_noise_0.002A_0.003__mp-1386640.cif
query,medium,medium::mp-1386640::combined_noise_0.015A_0.003,mp-1386640,mp-1386640,TiO2,mp-1386640,TiO2,combined_noise_0.015A_0.003,combined_perturbation,48,P1,1,materials_project_supercell_2x2x1,structures/queries/medium__mp-1386640__combined_noise_0.015A_0.003__mp-1386640.cif
query,medium,medium::mp-1386640::combined_noise_0.050A_0.003,mp-1386640,mp-1386640,TiO2,mp-1386640,TiO2,combined_noise_0.050A_0.003,combined_perturbation,48,P1,1,materials_project_supercell_2x2x1,structures/queries/medium__mp-1386640__combined_noise_0.050A_0.003__mp-1386640.cif
query,medium,medium::mp-1386640::combined_noise_0.002A_0.010,mp-1386640,mp-1386640,TiO2,mp-1386640,TiO2,combined_noise_0.002A_0.010,combined_perturbation,48,P1,1,materials_project_supercell_2x2x1,structures/queries/medium__mp-1386640__combined_noise_0.002A_0.010__mp-1386640.cif
query,medium,medium::mp-1386640::combined_noise_0.015A_0.010,mp-1386640,mp-1386640,TiO2,mp-1386640,TiO2,combined_noise_0.015A_0.010,combined_perturbation,48,P1,1,materials_project_supercell_2x2x1,structures/queries/medium__mp-1386640__combined_noise_0.015A_0.010__mp-1386640.cif
query,medium,medium::mp-1386640::combined_noise_0.050A_0.010,mp-1386640,mp-1386640,TiO2,mp-1386640,TiO2,combined_noise_0.050A_0.010,combined_perturbation,48,P1,1,materials_project_supercell_2x2x1,structures/queries/medium__mp-1386640__combined_noise_0.050A_0.010__mp-1386640.cif
query,medium,medium::mp-1386640::combined_noise_0.002A_0.030,mp-1386640,mp-1386640,TiO2,mp-1386640,TiO2,combined_noise_0.002A_0.030,combined_perturbation,48,C2,5,materials_project_supercell_2x2x1,structures/queries/medium__mp-1386640__combined_noise_0.002A_0.030__mp-1386640.cif
query,medium,medium::mp-1386640::combined_noise_0.015A_0.030,mp-1386640,mp-1386640,TiO2,mp-1386640,TiO2,combined_noise_0.015A_0.030,combined_perturbation,48,P1,1,materials_project_supercell_2x2x1,structures/queries/medium__mp-1386640__combined_noise_0.015A_0.030__mp-1386640.cif
query,medium,medium::mp-1386640::combined_noise_0.050A_0.030,mp-1386640,mp-1386640,TiO2,mp-1386640,TiO2,combined_noise_0.050A_0.030,combined_perturbation,48,P1,1,materials_project_supercell_2x2x1,structures/queries/medium__mp-1386640__combined_noise_0.050A_0.030__mp-1386640.cif
query,medium,medium::mp-1400963::conventional_standard,mp-1400963,mp-1400963,TiO2,mp-1400963,TiO2,conventional_standard,equivalent_transform,24,I4/m,87,materials_project_supercell_2x2x1,structures/queries/medium__mp-1400963__conventional_standard__mp-1400963.cif
query,medium,medium::mp-1400963::niggli_reduced,mp-1400963,mp-1400963,TiO2,mp-1400963,TiO2,niggli_reduced,equivalent_transform,48,I4/m,87,materials_project_supercell_2x2x1,structures/queries/medium__mp-1400963__niggli_reduced__mp-1400963.cif
query,medium,medium::mp-1400963::origin_shifted,mp-1400963,mp-1400963,TiO2,mp-1400963,TiO2,origin_shifted,equivalent_transform,48,I4/m,87,materials_project_supercell_2x2x1,structures/queries/medium__mp-1400963__origin_shifted__mp-1400963.cif
query,medium,medium::mp-1400963::permuted_sites,mp-1400963,mp-1400963,TiO2,mp-1400963,TiO2,permuted_sites,equivalent_transform,48,I4/m,87,materials_project_supercell_2x2x1,structures/queries/medium__mp-1400963__permuted_sites__mp-1400963.cif
query,medium,medium::mp-1400963::combined_noise_0.002A_0.003,mp-1400963,mp-1400963,TiO2,mp-1400963,TiO2,combined_noise_0.002A_0.003,combined_perturbation,48,P1,1,materials_project_supercell_2x2x1,structures/queries/medium__mp-1400963__combined_noise_0.002A_0.003__mp-1400963.cif
query,medium,medium::mp-1400963::combined_noise_0.015A_0.003,mp-1400963,mp-1400963,TiO2,mp-1400963,TiO2,combined_noise_0.015A_0.003,combined_perturbation,48,P1,1,materials_project_supercell_2x2x1,structures/queries/medium__mp-1400963__combined_noise_0.015A_0.003__mp-1400963.cif
query,medium,medium::mp-1400963::combined_noise_0.050A_0.003,mp-1400963,mp-1400963,TiO2,mp-1400963,TiO2,combined_noise_0.050A_0.003,combined_perturbation,48,P1,1,materials_project_supercell_2x2x1,structures/queries/medium__mp-1400963__combined_noise_0.050A_0.003__mp-1400963.cif
query,medium,medium::mp-1400963::combined_noise_0.002A_0.010,mp-1400963,mp-1400963,TiO2,mp-1400963,TiO2,combined_noise_0.002A_0.010,combined_perturbation,48,P-1,2,materials_project_supercell_2x2x1,structures/queries/medium__mp-1400963__combined_noise_0.002A_0.010__mp-1400963.cif
query,medium,medium::mp-1400963::combined_noise_0.015A_0.010,mp-1400963,mp-1400963,TiO2,mp-1400963,TiO2,combined_noise_0.015A_0.010,combined_perturbation,48,P1,1,materials_project_supercell_2x2x1,structures/queries/medium__mp-1400963__combined_noise_0.015A_0.010__mp-1400963.cif
query,medium,medium::mp-1400963::combined_noise_0.050A_0.010,mp-1400963,mp-1400963,TiO2,mp-1400963,TiO2,combined_noise_0.050A_0.010,combined_perturbation,48,P1,1,materials_project_supercell_2x2x1,structures/queries/medium__mp-1400963__combined_noise_0.050A_0.010__mp-1400963.cif
query,medium,medium::mp-1400963::combined_noise_0.002A_0.030,mp-1400963,mp-1400963,TiO2,mp-1400963,TiO2,combined_noise_0.002A_0.030,combined_perturbation,48,P-1,2,materials_project_supercell_2x2x1,structures/queries/medium__mp-1400963__combined_noise_0.002A_0.030__mp-1400963.cif
query,medium,medium::mp-1400963::combined_noise_0.015A_0.030,mp-1400963,mp-1400963,TiO2,mp-1400963,TiO2,combined_noise_0.015A_0.030,combined_perturbation,48,P1,1,materials_project_supercell_2x2x1,structures/queries/medium__mp-1400963__combined_noise_0.015A_0.030__mp-1400963.cif
query,medium,medium::mp-1400963::combined_noise_0.050A_0.030,mp-1400963,mp-1400963,TiO2,mp-1400963,TiO2,combined_noise_0.050A_0.030,combined_perturbation,48,P1,1,materials_project_supercell_2x2x1,structures/queries/medium__mp-1400963__combined_noise_0.050A_0.030__mp-1400963.cif
query,medium,medium::mp-1408285::conventional_standard,mp-1408285,mp-1408285,TiO2,mp-1408285,TiO2,conventional_standard,equivalent_transform,36,R3m,160,materials_project_supercell_2x2x1,structures/queries/medium__mp-1408285__conventional_standard__mp-1408285.cif
query,medium,medium::mp-1408285::niggli_reduced,mp-1408285,mp-1408285,TiO2,mp-1408285,TiO2,niggli_reduced,equivalent_transform,48,R3m,160,materials_project_supercell_2x2x1,structures/queries/medium__mp-1408285__niggli_reduced__mp-1408285.cif
query,medium,medium::mp-1408285::origin_shifted,mp-1408285,mp-1408285,TiO2,mp-1408285,TiO2,origin_shifted,equivalent_transform,48,R3m,160,materials_project_supercell_2x2x1,structures/queries/medium__mp-1408285__origin_shifted__mp-1408285.cif
query,medium,medium::mp-1408285::permuted_sites,mp-1408285,mp-1408285,TiO2,mp-1408285,TiO2,permuted_sites,equivalent_transform,48,R3m,160,materials_project_supercell_2x2x1,structures/queries/medium__mp-1408285__permuted_sites__mp-1408285.cif
query,medium,medium::mp-1408285::combined_noise_0.002A_0.003,mp-1408285,mp-1408285,TiO2,mp-1408285,TiO2,combined_noise_0.002A_0.003,combined_perturbation,48,P1,1,materials_project_supercell_2x2x1,structures/queries/medium__mp-1408285__combined_noise_0.002A_0.003__mp-1408285.cif
query,medium,medium::mp-1408285::combined_noise_0.015A_0.003,mp-1408285,mp-1408285,TiO2,mp-1408285,TiO2,combined_noise_0.015A_0.003,combined_perturbation,48,P1,1,materials_project_supercell_2x2x1,structures/queries/medium__mp-1408285__combined_noise_0.015A_0.003__mp-1408285.cif
query,medium,medium::mp-1408285::combined_noise_0.050A_0.003,mp-1408285,mp-1408285,TiO2,mp-1408285,TiO2,combined_noise_0.050A_0.003,combined_perturbation,48,P1,1,materials_project_supercell_2x2x1,structures/queries/medium__mp-1408285__combined_noise_0.050A_0.003__mp-1408285.cif
query,medium,medium::mp-1408285::combined_noise_0.002A_0.010,mp-1408285,mp-1408285,TiO2,mp-1408285,TiO2,combined_noise_0.002A_0.010,combined_perturbation,48,P1,1,materials_project_supercell_2x2x1,structures/queries/medium__mp-1408285__combined_noise_0.002A_0.010__mp-1408285.cif
query,medium,medium::mp-1408285::combined_noise_0.015A_0.010,mp-1408285,mp-1408285,TiO2,mp-1408285,TiO2,combined_noise_0.015A_0.010,combined_perturbation,48,P1,1,materials_project_supercell_2x2x1,structures/queries/medium__mp-1408285__combined_noise_0.015A_0.010__mp-1408285.cif
query,medium,medium::mp-1408285::combined_noise_0.050A_0.010,mp-1408285,mp-1408285,TiO2,mp-1408285,TiO2,combined_noise_0.050A_0.010,combined_perturbation,48,P1,1,materials_project_supercell_2x2x1,structures/queries/medium__mp-1408285__combined_noise_0.050A_0.010__mp-1408285.cif
query,medium,medium::mp-1408285::combined_noise_0.002A_0.030,mp-1408285,mp-1408285,TiO2,mp-1408285,TiO2,combined_noise_0.002A_0.030,combined_perturbation,48,P1,1,materials_project_supercell_2x2x1,structures/queries/medium__mp-1408285__combined_noise_0.002A_0.030__mp-1408285.cif
query,medium,medium::mp-1408285::combined_noise_0.015A_0.030,mp-1408285,mp-1408285,TiO2,mp-1408285,TiO2,combined_noise_0.015A_0.030,combined_perturbation,48,P1,1,materials_project_supercell_2x2x1,structures/queries/medium__mp-1408285__combined_noise_0.015A_0.030__mp-1408285.cif
query,medium,medium::mp-1408285::combined_noise_0.050A_0.030,mp-1408285,mp-1408285,TiO2,mp-1408285,TiO2,combined_noise_0.050A_0.030,combined_perturbation,48,P1,1,materials_project_supercell_2x2x1,structures/queries/medium__mp-1408285__combined_noise_0.050A_0.030__mp-1408285.cif
query,medium,medium::mp-1426806::conventional_standard,mp-1426806,mp-1426806,TiO2,mp-1426806,TiO2,conventional_standard,equivalent_transform,9,R-3m,166,materials_project_supercell_5x3x1,structures/queries/medium__mp-1426806__conventional_standard__mp-1426806.cif
query,medium,medium::mp-1426806::niggli_reduced,mp-1426806,mp-1426806,TiO2,mp-1426806,TiO2,niggli_reduced,equivalent_transform,45,R-3m,166,materials_project_supercell_5x3x1,structures/queries/medium__mp-1426806__niggli_reduced__mp-1426806.cif
query,medium,medium::mp-1426806::origin_shifted,mp-1426806,mp-1426806,TiO2,mp-1426806,TiO2,origin_shifted,equivalent_transform,45,R-3m,166,materials_project_supercell_5x3x1,structures/queries/medium__mp-1426806__origin_shifted__mp-1426806.cif
query,medium,medium::mp-1426806::permuted_sites,mp-1426806,mp-1426806,TiO2,mp-1426806,TiO2,permuted_sites,equivalent_transform,45,R-3m,166,materials_project_supercell_5x3x1,structures/queries/medium__mp-1426806__permuted_sites__mp-1426806.cif
query,medium,medium::mp-1426806::combined_noise_0.002A_0.003,mp-1426806,mp-1426806,TiO2,mp-1426806,TiO2,combined_noise_0.002A_0.003,combined_perturbation,45,R-3m,166,materials_project_supercell_5x3x1,structures/queries/medium__mp-1426806__combined_noise_0.002A_0.003__mp-1426806.cif
query,medium,medium::mp-1426806::combined_noise_0.015A_0.003,mp-1426806,mp-1426806,TiO2,mp-1426806,TiO2,combined_noise_0.015A_0.003,combined_perturbation,45,P1,1,materials_project_supercell_5x3x1,structures/queries/medium__mp-1426806__combined_noise_0.015A_0.003__mp-1426806.cif
query,medium,medium::mp-1426806::combined_noise_0.050A_0.003,mp-1426806,mp-1426806,TiO2,mp-1426806,TiO2,combined_noise_0.050A_0.003,combined_perturbation,45,P1,1,materials_project_supercell_5x3x1,structures/queries/medium__mp-1426806__combined_noise_0.050A_0.003__mp-1426806.cif
query,medium,medium::mp-1426806::combined_noise_0.002A_0.010,mp-1426806,mp-1426806,TiO2,mp-1426806,TiO2,combined_noise_0.002A_0.010,combined_perturbation,45,C2/m,12,materials_project_supercell_5x3x1,structures/queries/medium__mp-1426806__combined_noise_0.002A_0.010__mp-1426806.cif
query,medium,medium::mp-1426806::combined_noise_0.015A_0.010,mp-1426806,mp-1426806,TiO2,mp-1426806,TiO2,combined_noise_0.015A_0.010,combined_perturbation,45,P1,1,materials_project_supercell_5x3x1,structures/queries/medium__mp-1426806__combined_noise_0.015A_0.010__mp-1426806.cif
query,medium,medium::mp-1426806::combined_noise_0.050A_0.010,mp-1426806,mp-1426806,TiO2,mp-1426806,TiO2,combined_noise_0.050A_0.010,combined_perturbation,45,P1,1,materials_project_supercell_5x3x1,structures/queries/medium__mp-1426806__combined_noise_0.050A_0.010__mp-1426806.cif
query,medium,medium::mp-1426806::combined_noise_0.002A_0.030,mp-1426806,mp-1426806,TiO2,mp-1426806,TiO2,combined_noise_0.002A_0.030,combined_perturbation,45,C2/m,12,materials_project_supercell_5x3x1,structures/queries/medium__mp-1426806__combined_noise_0.002A_0.030__mp-1426806.cif
query,medium,medium::mp-1426806::combined_noise_0.015A_0.030,mp-1426806,mp-1426806,TiO2,mp-1426806,TiO2,combined_noise_0.015A_0.030,combined_perturbation,45,P1,1,materials_project_supercell_5x3x1,structures/queries/medium__mp-1426806__combined_noise_0.015A_0.030__mp-1426806.cif
query,medium,medium::mp-1426806::combined_noise_0.050A_0.030,mp-1426806,mp-1426806,TiO2,mp-1426806,TiO2,combined_noise_0.050A_0.030,combined_perturbation,45,P1,1,materials_project_supercell_5x3x1,structures/queries/medium__mp-1426806__combined_noise_0.050A_0.030__mp-1426806.cif
