setting,bucket,query_id,query_parent_id,query_display_name,query_family_name,query_variant,query_variant_family,query_noise_group,true_parent_matched,candidate_count,num_matches,timeout_count,false_positives,false_negatives,matched_reference_ids,query_runtime_seconds
strict,large,large::mp-1008374::conventional_standard,mp-1008374,mp-1008374,C,conventional_standard,equivalent_transform,no_noise,1,20,1,0,0,0,large::mp-1008374::reference,22.584979183971882
strict,large,large::mp-1008374::niggli_reduced,mp-1008374,mp-1008374,C,niggli_reduced,equivalent_transform,no_noise,1,20,1,0,0,0,large::mp-1008374::reference,2.9336981680244207
strict,large,large::mp-1008374::origin_shifted,mp-1008374,mp-1008374,C,origin_shifted,equivalent_transform,no_noise,1,20,1,0,0,0,large::mp-1008374::reference,2.9839672707021236
strict,large,large::mp-1008374::permuted_sites,mp-1008374,mp-1008374,C,permuted_sites,equivalent_transform,no_noise,1,20,1,0,0,0,large::mp-1008374::reference,5.228483391925693
strict,large,large::mp-1008374::combined_noise_0.002A_0.003,mp-1008374,mp-1008374,C,combined_noise_0.002A_0.003,combined_perturbation,noise,1,20,1,0,0,0,large::mp-1008374::reference,2.9538475926965475
strict,large,large::mp-1008374::combined_noise_0.015A_0.003,mp-1008374,mp-1008374,C,combined_noise_0.015A_0.003,combined_perturbation,noise,1,20,1,0,0,0,large::mp-1008374::reference,2.944910829886794
strict,large,large::mp-1008374::combined_noise_0.050A_0.003,mp-1008374,mp-1008374,C,combined_noise_0.050A_0.003,combined_perturbation,noise,1,20,1,0,0,0,large::mp-1008374::reference,2.9428620655089617
strict,large,large::mp-1008374::combined_noise_0.002A_0.010,mp-1008374,mp-1008374,C,combined_noise_0.002A_0.010,combined_perturbation,noise,1,20,1,0,0,0,large::mp-1008374::reference,2.960372656583786
strict,large,large::mp-1008374::combined_noise_0.015A_0.010,mp-1008374,mp-1008374,C,combined_noise_0.015A_0.010,combined_perturbation,noise,1,20,1,0,0,0,large::mp-1008374::reference,2.954444007948041
strict,large,large::mp-1008374::combined_noise_0.050A_0.010,mp-1008374,mp-1008374,C,combined_noise_0.050A_0.010,combined_perturbation,noise,1,20,1,0,0,0,large::mp-1008374::reference,2.9599081855267286
strict,large,large::mp-1008374::combined_noise_0.002A_0.030,mp-1008374,mp-1008374,C,combined_noise_0.002A_0.030,combined_perturbation,noise,1,20,1,0,0,0,large::mp-1008374::reference,2.960477689281106
strict,large,large::mp-1008374::combined_noise_0.015A_0.030,mp-1008374,mp-1008374,C,combined_noise_0.015A_0.030,combined_perturbation,noise,1,20,1,0,0,0,large::mp-1008374::reference,2.987377816811204
strict,large,large::mp-1008374::combined_noise_0.050A_0.030,mp-1008374,mp-1008374,C,combined_noise_0.050A_0.030,combined_perturbation,noise,1,20,1,0,0,0,large::mp-1008374::reference,2.9527482390403748
strict,large,large::mp-1008395::conventional_standard,mp-1008395,mp-1008395,C,conventional_standard,equivalent_transform,no_noise,1,20,1,0,0,0,large::mp-1008395::reference,1.7981467619538307
strict,large,large::mp-1008395::niggli_reduced,mp-1008395,mp-1008395,C,niggli_reduced,equivalent_transform,no_noise,1,20,1,0,0,0,large::mp-1008395::reference,2.947338419035077
strict,large,large::mp-1008395::origin_shifted,mp-1008395,mp-1008395,C,origin_shifted,equivalent_transform,no_noise,1,20,1,0,0,0,large::mp-1008395::reference,3.0409362632781267
strict,large,large::mp-1008395::permuted_sites,mp-1008395,mp-1008395,C,permuted_sites,equivalent_transform,no_noise,1,20,1,0,0,0,large::mp-1008395::reference,7.455202775076032
strict,large,large::mp-1008395::combined_noise_0.002A_0.003,mp-1008395,mp-1008395,C,combined_noise_0.002A_0.003,combined_perturbation,noise,1,20,1,0,0,0,large::mp-1008395::reference,2.9515013471245766
strict,large,large::mp-1008395::combined_noise_0.015A_0.003,mp-1008395,mp-1008395,C,combined_noise_0.015A_0.003,combined_perturbation,noise,1,20,1,0,0,0,large::mp-1008395::reference,2.9381022602319717
strict,large,large::mp-1008395::combined_noise_0.050A_0.003,mp-1008395,mp-1008395,C,combined_noise_0.050A_0.003,combined_perturbation,noise,1,20,1,0,0,0,large::mp-1008395::reference,3.952667325735092
strict,large,large::mp-1008395::combined_noise_0.002A_0.010,mp-1008395,mp-1008395,C,combined_noise_0.002A_0.010,combined_perturbation,noise,1,20,1,0,0,0,large::mp-1008395::reference,2.948872970417142
strict,large,large::mp-1008395::combined_noise_0.015A_0.010,mp-1008395,mp-1008395,C,combined_noise_0.015A_0.010,combined_perturbation,noise,1,20,1,0,0,0,large::mp-1008395::reference,2.935088485479355
strict,large,large::mp-1008395::combined_noise_0.050A_0.010,mp-1008395,mp-1008395,C,combined_noise_0.050A_0.010,combined_perturbation,noise,0,20,0,0,0,1,,4.1079993061721325
strict,large,large::mp-1008395::combined_noise_0.002A_0.030,mp-1008395,mp-1008395,C,combined_noise_0.002A_0.030,combined_perturbation,noise,1,20,1,0,0,0,large::mp-1008395::reference,2.948735300451517
strict,large,large::mp-1008395::combined_noise_0.015A_0.030,mp-1008395,mp-1008395,C,combined_noise_0.015A_0.030,combined_perturbation,noise,1,20,1,0,0,0,large::mp-1008395::reference,4.014103667810559
strict,large,large::mp-1008395::combined_noise_0.050A_0.030,mp-1008395,mp-1008395,C,combined_noise_0.050A_0.030,combined_perturbation,noise,1,20,1,0,0,0,large::mp-1008395::reference,3.960344748571515
strict,large,large::mp-1018088::conventional_standard,mp-1018088,mp-1018088,C,conventional_standard,equivalent_transform,no_noise,1,20,1,0,0,0,large::mp-1018088::reference,1.87614799849689
strict,large,large::mp-1018088::niggli_reduced,mp-1018088,mp-1018088,C,niggli_reduced,equivalent_transform,no_noise,1,20,1,0,0,0,large::mp-1018088::reference,3.0417841635644436
strict,large,large::mp-1018088::origin_shifted,mp-1018088,mp-1018088,C,origin_shifted,equivalent_transform,no_noise,1,20,1,0,0,0,large::mp-1018088::reference,3.0795734338462353
strict,large,large::mp-1018088::permuted_sites,mp-1018088,mp-1018088,C,permuted_sites,equivalent_transform,no_noise,1,20,1,0,0,0,large::mp-1018088::reference,5.327374771237373
strict,large,large::mp-1018088::combined_noise_0.002A_0.003,mp-1018088,mp-1018088,C,combined_noise_0.002A_0.003,combined_perturbation,noise,1,20,1,0,0,0,large::mp-1018088::reference,3.0343820322304964
strict,large,large::mp-1018088::combined_noise_0.015A_0.003,mp-1018088,mp-1018088,C,combined_noise_0.015A_0.003,combined_perturbation,noise,1,20,1,0,0,0,large::mp-1018088::reference,3.034712126478553
strict,large,large::mp-1018088::combined_noise_0.050A_0.003,mp-1018088,mp-1018088,C,combined_noise_0.050A_0.003,combined_perturbation,noise,1,20,1,0,0,0,large::mp-1018088::reference,4.046926451846957
strict,large,large::mp-1018088::combined_noise_0.002A_0.010,mp-1018088,mp-1018088,C,combined_noise_0.002A_0.010,combined_perturbation,noise,1,20,1,0,0,0,large::mp-1018088::reference,3.0365166310220957
strict,large,large::mp-1018088::combined_noise_0.015A_0.010,mp-1018088,mp-1018088,C,combined_noise_0.015A_0.010,combined_perturbation,noise,1,20,1,0,0,0,large::mp-1018088::reference,2.936797646805644
strict,large,large::mp-1018088::combined_noise_0.050A_0.010,mp-1018088,mp-1018088,C,combined_noise_0.050A_0.010,combined_perturbation,noise,1,20,1,0,0,0,large::mp-1018088::reference,4.065264984965324
strict,large,large::mp-1018088::combined_noise_0.002A_0.030,mp-1018088,mp-1018088,C,combined_noise_0.002A_0.030,combined_perturbation,noise,1,20,1,0,0,0,large::mp-1018088::reference,3.04737501218915
strict,large,large::mp-1018088::combined_noise_0.015A_0.030,mp-1018088,mp-1018088,C,combined_noise_0.015A_0.030,combined_perturbation,noise,0,20,0,0,0,1,,3.0086472257971764
strict,large,large::mp-1018088::combined_noise_0.050A_0.030,mp-1018088,mp-1018088,C,combined_noise_0.050A_0.030,combined_perturbation,noise,1,20,1,0,0,0,large::mp-1018088::reference,4.156918143853545
strict,large,large::mp-1040425::conventional_standard,mp-1040425,mp-1040425,C,conventional_standard,equivalent_transform,no_noise,1,20,1,0,0,0,large::mp-1040425::reference,1.8592955861240625
strict,large,large::mp-1040425::niggli_reduced,mp-1040425,mp-1040425,C,niggli_reduced,equivalent_transform,no_noise,1,20,1,0,0,0,large::mp-1040425::reference,5.283369019627571
strict,large,large::mp-1040425::origin_shifted,mp-1040425,mp-1040425,C,origin_shifted,equivalent_transform,no_noise,1,20,1,0,0,0,large::mp-1040425::reference,3.12467803619802
strict,large,large::mp-1040425::permuted_sites,mp-1040425,mp-1040425,C,permuted_sites,equivalent_transform,no_noise,1,20,1,0,0,0,large::mp-1040425::reference,7.579427955672145
strict,large,large::mp-1040425::combined_noise_0.002A_0.003,mp-1040425,mp-1040425,C,combined_noise_0.002A_0.003,combined_perturbation,noise,1,20,1,0,0,0,large::mp-1040425::reference,3.0422496739774942
strict,large,large::mp-1040425::combined_noise_0.015A_0.003,mp-1040425,mp-1040425,C,combined_noise_0.015A_0.003,combined_perturbation,noise,1,20,1,0,0,0,large::mp-1040425::reference,3.0360444020479918
strict,large,large::mp-1040425::combined_noise_0.050A_0.003,mp-1040425,mp-1040425,C,combined_noise_0.050A_0.003,combined_perturbation,noise,1,20,1,0,0,0,large::mp-1040425::reference,3.040841281414032
strict,large,large::mp-1040425::combined_noise_0.002A_0.010,mp-1040425,mp-1040425,C,combined_noise_0.002A_0.010,combined_perturbation,noise,1,20,1,0,0,0,large::mp-1040425::reference,3.02978858910501
strict,large,large::mp-1040425::combined_noise_0.015A_0.010,mp-1040425,mp-1040425,C,combined_noise_0.015A_0.010,combined_perturbation,noise,1,20,1,0,0,0,large::mp-1040425::reference,3.0266119558364153
strict,large,large::mp-1040425::combined_noise_0.050A_0.010,mp-1040425,mp-1040425,C,combined_noise_0.050A_0.010,combined_perturbation,noise,1,20,1,0,0,0,large::mp-1040425::reference,3.0307398326694965
strict,large,large::mp-1040425::combined_noise_0.002A_0.030,mp-1040425,mp-1040425,C,combined_noise_0.002A_0.030,combined_perturbation,noise,1,20,1,0,0,0,large::mp-1040425::reference,3.054682333022356
strict,large,large::mp-1040425::combined_noise_0.015A_0.030,mp-1040425,mp-1040425,C,combined_noise_0.015A_0.030,combined_perturbation,noise,1,20,1,0,0,0,large::mp-1040425::reference,3.0505120046436787
strict,large,large::mp-1040425::combined_noise_0.050A_0.030,mp-1040425,mp-1040425,C,combined_noise_0.050A_0.030,combined_perturbation,noise,1,20,1,0,0,0,large::mp-1040425::reference,3.0604893509298563
strict,large,large::mp-1056957::conventional_standard,mp-1056957,mp-1056957,C,conventional_standard,equivalent_transform,no_noise,1,20,1,0,0,0,large::mp-1056957::reference,1.9005860332399607
strict,large,large::mp-1056957::niggli_reduced,mp-1056957,mp-1056957,C,niggli_reduced,equivalent_transform,no_noise,1,20,1,0,0,0,large::mp-1056957::reference,3.1630257479846478
strict,large,large::mp-1056957::origin_shifted,mp-1056957,mp-1056957,C,origin_shifted,equivalent_transform,no_noise,1,20,1,0,0,0,large::mp-1056957::reference,3.2126330826431513
strict,large,large::mp-1056957::permuted_sites,mp-1056957,mp-1056957,C,permuted_sites,equivalent_transform,no_noise,1,20,1,0,0,0,large::mp-1056957::reference,7.888415599241853
strict,large,large::mp-1056957::combined_noise_0.002A_0.003,mp-1056957,mp-1056957,C,combined_noise_0.002A_0.003,combined_perturbation,noise,1,20,1,0,0,0,large::mp-1056957::reference,3.0778916236013174
strict,large,large::mp-1056957::combined_noise_0.015A_0.003,mp-1056957,mp-1056957,C,combined_noise_0.015A_0.003,combined_perturbation,noise,1,20,1,0,0,0,large::mp-1056957::reference,3.061888724565506
strict,large,large::mp-1056957::combined_noise_0.050A_0.003,mp-1056957,mp-1056957,C,combined_noise_0.050A_0.003,combined_perturbation,noise,1,20,1,0,0,0,large::mp-1056957::reference,3.076379142701626
strict,large,large::mp-1056957::combined_noise_0.002A_0.010,mp-1056957,mp-1056957,C,combined_noise_0.002A_0.010,combined_perturbation,noise,1,20,1,0,0,0,large::mp-1056957::reference,3.0486563108861446
strict,large,large::mp-1056957::combined_noise_0.015A_0.010,mp-1056957,mp-1056957,C,combined_noise_0.015A_0.010,combined_perturbation,noise,1,20,1,0,0,0,large::mp-1056957::reference,3.073787536472082
strict,large,large::mp-1056957::combined_noise_0.050A_0.010,mp-1056957,mp-1056957,C,combined_noise_0.050A_0.010,combined_perturbation,noise,1,20,1,0,0,0,large::mp-1056957::reference,3.068290239199996
strict,large,large::mp-1056957::combined_noise_0.002A_0.030,mp-1056957,mp-1056957,C,combined_noise_0.002A_0.030,combined_perturbation,noise,1,20,1,0,0,0,large::mp-1056957::reference,3.037412539124489
strict,large,large::mp-1056957::combined_noise_0.015A_0.030,mp-1056957,mp-1056957,C,combined_noise_0.015A_0.030,combined_perturbation,noise,1,20,1,0,0,0,large::mp-1056957::reference,3.0635699685662985
strict,large,large::mp-1056957::combined_noise_0.050A_0.030,mp-1056957,mp-1056957,C,combined_noise_0.050A_0.030,combined_perturbation,noise,1,20,1,0,0,0,large::mp-1056957::reference,3.0644681584089994
strict,large,large::mp-1078845::conventional_standard,mp-1078845,mp-1078845,C,conventional_standard,equivalent_transform,no_noise,1,20,1,0,0,0,large::mp-1078845::reference,1.8165064584463835
strict,large,large::mp-1078845::niggli_reduced,mp-1078845,mp-1078845,C,niggli_reduced,equivalent_transform,no_noise,1,20,1,0,0,0,large::mp-1078845::reference,3.439620926976204
strict,large,large::mp-1078845::origin_shifted,mp-1078845,mp-1078845,C,origin_shifted,equivalent_transform,no_noise,1,20,1,0,0,0,large::mp-1078845::reference,3.505422217771411
strict,large,large::mp-1078845::permuted_sites,mp-1078845,mp-1078845,C,permuted_sites,equivalent_transform,no_noise,1,20,1,0,0,0,large::mp-1078845::reference,6.733674040064216
strict,large,large::mp-1078845::combined_noise_0.002A_0.003,mp-1078845,mp-1078845,C,combined_noise_0.002A_0.003,combined_perturbation,noise,1,20,1,0,0,0,large::mp-1078845::reference,3.456876028329134
strict,large,large::mp-1078845::combined_noise_0.015A_0.003,mp-1078845,mp-1078845,C,combined_noise_0.015A_0.003,combined_perturbation,noise,1,20,1,0,0,0,large::mp-1078845::reference,3.4439073763787746
strict,large,large::mp-1078845::combined_noise_0.050A_0.003,mp-1078845,mp-1078845,C,combined_noise_0.050A_0.003,combined_perturbation,noise,1,20,1,0,0,0,large::mp-1078845::reference,3.5182368606328964
strict,large,large::mp-1078845::combined_noise_0.002A_0.010,mp-1078845,mp-1078845,C,combined_noise_0.002A_0.010,combined_perturbation,noise,1,20,1,0,0,0,large::mp-1078845::reference,3.45156311057508
strict,large,large::mp-1078845::combined_noise_0.015A_0.010,mp-1078845,mp-1078845,C,combined_noise_0.015A_0.010,combined_perturbation,noise,1,20,1,0,0,0,large::mp-1078845::reference,3.453498663380742
strict,large,large::mp-1078845::combined_noise_0.050A_0.010,mp-1078845,mp-1078845,C,combined_noise_0.050A_0.010,combined_perturbation,noise,1,20,1,0,0,0,large::mp-1078845::reference,3.5117042791098356
strict,large,large::mp-1078845::combined_noise_0.002A_0.030,mp-1078845,mp-1078845,C,combined_noise_0.002A_0.030,combined_perturbation,noise,0,20,0,0,0,1,,3.44578436948359
strict,large,large::mp-1078845::combined_noise_0.015A_0.030,mp-1078845,mp-1078845,C,combined_noise_0.015A_0.030,combined_perturbation,noise,1,20,1,0,0,0,large::mp-1078845::reference,3.4480958748608828
strict,large,large::mp-1078845::combined_noise_0.050A_0.030,mp-1078845,mp-1078845,C,combined_noise_0.050A_0.030,combined_perturbation,noise,1,20,1,0,0,0,large::mp-1078845::reference,3.511072549968958
strict,large,large::mp-1080826::conventional_standard,mp-1080826,mp-1080826,C,conventional_standard,equivalent_transform,no_noise,1,20,1,0,0,0,large::mp-1080826::reference,1.810814207419753
strict,large,large::mp-1080826::niggli_reduced,mp-1080826,mp-1080826,C,niggli_reduced,equivalent_transform,no_noise,1,20,1,0,0,0,large::mp-1080826::reference,3.441262451931834
strict,large,large::mp-1080826::origin_shifted,mp-1080826,mp-1080826,C,origin_shifted,equivalent_transform,no_noise,1,20,1,0,0,0,large::mp-1080826::reference,3.538386868312955
strict,large,large::mp-1080826::permuted_sites,mp-1080826,mp-1080826,C,permuted_sites,equivalent_transform,no_noise,1,20,1,0,0,0,large::mp-1080826::reference,9.926552345976233
strict,large,large::mp-1080826::combined_noise_0.002A_0.003,mp-1080826,mp-1080826,C,combined_noise_0.002A_0.003,combined_perturbation,noise,1,20,1,0,0,0,large::mp-1080826::reference,3.42747506685555
strict,large,large::mp-1080826::combined_noise_0.015A_0.003,mp-1080826,mp-1080826,C,combined_noise_0.015A_0.003,combined_perturbation,noise,1,20,1,0,0,0,large::mp-1080826::reference,3.4325410071760416
strict,large,large::mp-1080826::combined_noise_0.050A_0.003,mp-1080826,mp-1080826,C,combined_noise_0.050A_0.003,combined_perturbation,noise,1,20,1,0,0,0,large::mp-1080826::reference,3.429372949525714
strict,large,large::mp-1080826::combined_noise_0.002A_0.010,mp-1080826,mp-1080826,C,combined_noise_0.002A_0.010,combined_perturbation,noise,1,20,1,0,0,0,large::mp-1080826::reference,3.4333861395716667
strict,large,large::mp-1080826::combined_noise_0.015A_0.010,mp-1080826,mp-1080826,C,combined_noise_0.015A_0.010,combined_perturbation,noise,1,20,1,0,0,0,large::mp-1080826::reference,3.438880240544677
strict,large,large::mp-1080826::combined_noise_0.050A_0.010,mp-1080826,mp-1080826,C,combined_noise_0.050A_0.010,combined_perturbation,noise,1,20,1,0,0,0,large::mp-1080826::reference,3.4452687948942184
strict,large,large::mp-1080826::combined_noise_0.002A_0.030,mp-1080826,mp-1080826,C,combined_noise_0.002A_0.030,combined_perturbation,noise,1,20,1,0,0,0,large::mp-1080826::reference,3.4390051923692226
strict,large,large::mp-1080826::combined_noise_0.015A_0.030,mp-1080826,mp-1080826,C,combined_noise_0.015A_0.030,combined_perturbation,noise,1,20,1,0,0,0,large::mp-1080826::reference,3.451455583795905
strict,large,large::mp-1080826::combined_noise_0.050A_0.030,mp-1080826,mp-1080826,C,combined_noise_0.050A_0.030,combined_perturbation,noise,1,20,1,0,0,0,large::mp-1080826::reference,3.439244359731674
strict,large,large::mp-1095534::conventional_standard,mp-1095534,mp-1095534,C,conventional_standard,equivalent_transform,no_noise,1,20,1,0,0,0,large::mp-1095534::reference,1.869238331913948
strict,large,large::mp-1095534::niggli_reduced,mp-1095534,mp-1095534,C,niggli_reduced,equivalent_transform,no_noise,1,20,1,0,0,0,large::mp-1095534::reference,3.1362499073147774
strict,large,large::mp-1095534::origin_shifted,mp-1095534,mp-1095534,C,origin_shifted,equivalent_transform,no_noise,1,20,1,0,0,0,large::mp-1095534::reference,3.2386914305388927
strict,large,large::mp-1095534::permuted_sites,mp-1095534,mp-1095534,C,permuted_sites,equivalent_transform,no_noise,1,20,1,0,0,0,large::mp-1095534::reference,8.427111469209194
strict,large,large::mp-1095534::combined_noise_0.002A_0.003,mp-1095534,mp-1095534,C,combined_noise_0.002A_0.003,combined_perturbation,noise,1,20,1,0,0,0,large::mp-1095534::reference,3.140396336093545
strict,large,large::mp-1095534::combined_noise_0.015A_0.003,mp-1095534,mp-1095534,C,combined_noise_0.015A_0.003,combined_perturbation,noise,1,20,1,0,0,0,large::mp-1095534::reference,3.136787138879299
strict,large,large::mp-1095534::combined_noise_0.050A_0.003,mp-1095534,mp-1095534,C,combined_noise_0.050A_0.003,combined_perturbation,noise,1,20,1,0,0,0,large::mp-1095534::reference,3.1342526841908693
strict,large,large::mp-1095534::combined_noise_0.002A_0.010,mp-1095534,mp-1095534,C,combined_noise_0.002A_0.010,combined_perturbation,noise,1,20,1,0,0,0,large::mp-1095534::reference,3.142386320978403
strict,large,large::mp-1095534::combined_noise_0.015A_0.010,mp-1095534,mp-1095534,C,combined_noise_0.015A_0.010,combined_perturbation,noise,1,20,1,0,0,0,large::mp-1095534::reference,3.1362981479614973
strict,large,large::mp-1095534::combined_noise_0.050A_0.010,mp-1095534,mp-1095534,C,combined_noise_0.050A_0.010,combined_perturbation,noise,1,20,1,0,0,0,large::mp-1095534::reference,3.1381222419440746
strict,large,large::mp-1095534::combined_noise_0.002A_0.030,mp-1095534,mp-1095534,C,combined_noise_0.002A_0.030,combined_perturbation,noise,0,20,0,0,0,1,,3.127847431227565
strict,large,large::mp-1095534::combined_noise_0.015A_0.030,mp-1095534,mp-1095534,C,combined_noise_0.015A_0.030,combined_perturbation,noise,1,20,1,0,0,0,large::mp-1095534::reference,3.1274879425764084
strict,large,large::mp-1095534::combined_noise_0.050A_0.030,mp-1095534,mp-1095534,C,combined_noise_0.050A_0.030,combined_perturbation,noise,0,20,0,0,0,1,,5.115025769919157
strict,large,large::mp-1095633::conventional_standard,mp-1095633,mp-1095633,C,conventional_standard,equivalent_transform,no_noise,1,20,1,0,0,0,large::mp-1095633::reference,1.9229054767638445
strict,large,large::mp-1095633::niggli_reduced,mp-1095633,mp-1095633,C,niggli_reduced,equivalent_transform,no_noise,1,20,1,0,0,0,large::mp-1095633::reference,3.1972532123327255
strict,large,large::mp-1095633::origin_shifted,mp-1095633,mp-1095633,C,origin_shifted,equivalent_transform,no_noise,1,20,1,0,0,0,large::mp-1095633::reference,3.2516464572399855
strict,large,large::mp-1095633::permuted_sites,mp-1095633,mp-1095633,C,permuted_sites,equivalent_transform,no_noise,1,20,1,0,0,0,large::mp-1095633::reference,5.852562053129077
strict,large,large::mp-1095633::combined_noise_0.002A_0.003,mp-1095633,mp-1095633,C,combined_noise_0.002A_0.003,combined_perturbation,noise,1,20,1,0,0,0,large::mp-1095633::reference,3.1922859363257885
strict,large,large::mp-1095633::combined_noise_0.015A_0.003,mp-1095633,mp-1095633,C,combined_noise_0.015A_0.003,combined_perturbation,noise,1,20,1,0,0,0,large::mp-1095633::reference,3.190586719661951
strict,large,large::mp-1095633::combined_noise_0.050A_0.003,mp-1095633,mp-1095633,C,combined_noise_0.050A_0.003,combined_perturbation,noise,1,20,1,0,0,0,large::mp-1095633::reference,4.519949583336711
strict,large,large::mp-1095633::combined_noise_0.002A_0.010,mp-1095633,mp-1095633,C,combined_noise_0.002A_0.010,combined_perturbation,noise,1,20,1,0,0,0,large::mp-1095633::reference,3.206993881613016
strict,large,large::mp-1095633::combined_noise_0.015A_0.010,mp-1095633,mp-1095633,C,combined_noise_0.015A_0.010,combined_perturbation,noise,1,20,1,0,0,0,large::mp-1095633::reference,3.204442147165537
strict,large,large::mp-1095633::combined_noise_0.050A_0.010,mp-1095633,mp-1095633,C,combined_noise_0.050A_0.010,combined_perturbation,noise,1,20,1,0,0,0,large::mp-1095633::reference,4.5416446551680565
strict,large,large::mp-1095633::combined_noise_0.002A_0.030,mp-1095633,mp-1095633,C,combined_noise_0.002A_0.030,combined_perturbation,noise,0,20,0,0,0,1,,3.1300145350396633
strict,large,large::mp-1095633::combined_noise_0.015A_0.030,mp-1095633,mp-1095633,C,combined_noise_0.015A_0.030,combined_perturbation,noise,0,20,0,0,0,1,,3.2093307431787252
strict,large,large::mp-1095633::combined_noise_0.050A_0.030,mp-1095633,mp-1095633,C,combined_noise_0.050A_0.030,combined_perturbation,noise,1,20,1,0,0,0,large::mp-1095633::reference,4.805712444707751
strict,large,large::mp-1096869::conventional_standard,mp-1096869,mp-1096869,C,conventional_standard,equivalent_transform,no_noise,1,20,1,0,0,0,large::mp-1096869::reference,4.257203217595816
strict,large,large::mp-1096869::niggli_reduced,mp-1096869,mp-1096869,C,niggli_reduced,equivalent_transform,no_noise,1,20,1,0,0,0,large::mp-1096869::reference,4.244474211707711
strict,large,large::mp-1096869::origin_shifted,mp-1096869,mp-1096869,C,origin_shifted,equivalent_transform,no_noise,1,20,1,0,0,0,large::mp-1096869::reference,4.308339783921838
strict,large,large::mp-1096869::permuted_sites,mp-1096869,mp-1096869,C,permuted_sites,equivalent_transform,no_noise,1,20,1,0,0,0,large::mp-1096869::reference,8.797389224171638
strict,large,large::mp-1096869::combined_noise_0.002A_0.003,mp-1096869,mp-1096869,C,combined_noise_0.002A_0.003,combined_perturbation,noise,1,20,1,0,0,0,large::mp-1096869::reference,4.5273224376142025
strict,large,large::mp-1096869::combined_noise_0.015A_0.003,mp-1096869,mp-1096869,C,combined_noise_0.015A_0.003,combined_perturbation,noise,1,20,1,0,0,0,large::mp-1096869::reference,4.247698912397027
strict,large,large::mp-1096869::combined_noise_0.050A_0.003,mp-1096869,mp-1096869,C,combined_noise_0.050A_0.003,combined_perturbation,noise,1,20,1,0,0,0,large::mp-1096869::reference,8.625336017459631
strict,large,large::mp-1096869::combined_noise_0.002A_0.010,mp-1096869,mp-1096869,C,combined_noise_0.002A_0.010,combined_perturbation,noise,1,20,1,0,0,0,large::mp-1096869::reference,4.496732037514448
strict,large,large::mp-1096869::combined_noise_0.015A_0.010,mp-1096869,mp-1096869,C,combined_noise_0.015A_0.010,combined_perturbation,noise,1,20,1,0,0,0,large::mp-1096869::reference,4.25482570566237
strict,large,large::mp-1096869::combined_noise_0.050A_0.010,mp-1096869,mp-1096869,C,combined_noise_0.050A_0.010,combined_perturbation,noise,1,20,1,0,0,0,large::mp-1096869::reference,8.48011731915176
strict,large,large::mp-1096869::combined_noise_0.002A_0.030,mp-1096869,mp-1096869,C,combined_noise_0.002A_0.030,combined_perturbation,noise,1,20,1,0,0,0,large::mp-1096869::reference,4.515724923461676
strict,large,large::mp-1096869::combined_noise_0.015A_0.030,mp-1096869,mp-1096869,C,combined_noise_0.015A_0.030,combined_perturbation,noise,1,20,1,0,0,0,large::mp-1096869::reference,4.228211855515838
strict,large,large::mp-1096869::combined_noise_0.050A_0.030,mp-1096869,mp-1096869,C,combined_noise_0.050A_0.030,combined_perturbation,noise,1,20,1,0,0,0,large::mp-1096869::reference,8.653881961479783
strict,large,large::mp-1097832::conventional_standard,mp-1097832,mp-1097832,C,conventional_standard,equivalent_transform,no_noise,1,20,1,0,0,0,large::mp-1097832::reference,1.870011756196618
strict,large,large::mp-1097832::niggli_reduced,mp-1097832,mp-1097832,C,niggli_reduced,equivalent_transform,no_noise,1,20,1,0,0,0,large::mp-1097832::reference,7.526267759501934
strict,large,large::mp-1097832::origin_shifted,mp-1097832,mp-1097832,C,origin_shifted,equivalent_transform,no_noise,1,20,1,0,0,0,large::mp-1097832::reference,3.174079639837146
strict,large,large::mp-1097832::permuted_sites,mp-1097832,mp-1097832,C,permuted_sites,equivalent_transform,no_noise,1,20,1,0,0,0,large::mp-1097832::reference,9.797475615516305
strict,large,large::mp-1097832::combined_noise_0.002A_0.003,mp-1097832,mp-1097832,C,combined_noise_0.002A_0.003,combined_perturbation,noise,1,20,1,0,0,0,large::mp-1097832::reference,3.054380565881729
strict,large,large::mp-1097832::combined_noise_0.015A_0.003,mp-1097832,mp-1097832,C,combined_noise_0.015A_0.003,combined_perturbation,noise,1,20,1,0,0,0,large::mp-1097832::reference,3.0515523608773947
strict,large,large::mp-1097832::combined_noise_0.050A_0.003,mp-1097832,mp-1097832,C,combined_noise_0.050A_0.003,combined_perturbation,noise,1,20,1,0,0,0,large::mp-1097832::reference,3.3253454249352217
strict,large,large::mp-1097832::combined_noise_0.002A_0.010,mp-1097832,mp-1097832,C,combined_noise_0.002A_0.010,combined_perturbation,noise,1,20,1,0,0,0,large::mp-1097832::reference,3.0515827797353268
strict,large,large::mp-1097832::combined_noise_0.015A_0.010,mp-1097832,mp-1097832,C,combined_noise_0.015A_0.010,combined_perturbation,noise,1,20,1,0,0,0,large::mp-1097832::reference,3.0521459095180035
strict,large,large::mp-1097832::combined_noise_0.050A_0.010,mp-1097832,mp-1097832,C,combined_noise_0.050A_0.010,combined_perturbation,noise,1,20,1,0,0,0,large::mp-1097832::reference,3.074659874662757
strict,large,large::mp-1097832::combined_noise_0.002A_0.030,mp-1097832,mp-1097832,C,combined_noise_0.002A_0.030,combined_perturbation,noise,1,20,1,0,0,0,large::mp-1097832::reference,3.0619257483631372
strict,large,large::mp-1097832::combined_noise_0.015A_0.030,mp-1097832,mp-1097832,C,combined_noise_0.015A_0.030,combined_perturbation,noise,0,20,0,0,0,1,,3.0616425294429064
strict,large,large::mp-1097832::combined_noise_0.050A_0.030,mp-1097832,mp-1097832,C,combined_noise_0.050A_0.030,combined_perturbation,noise,0,20,0,0,0,1,,3.0559302382171154
strict,large,large::mp-1147718::conventional_standard,mp-1147718,mp-1147718,C,conventional_standard,equivalent_transform,no_noise,1,20,1,0,0,0,large::mp-1147718::reference,5.5945903565734625
strict,large,large::mp-1147718::niggli_reduced,mp-1147718,mp-1147718,C,niggli_reduced,equivalent_transform,no_noise,1,20,1,0,0,0,large::mp-1147718::reference,5.593395156785846
strict,large,large::mp-1147718::origin_shifted,mp-1147718,mp-1147718,C,origin_shifted,equivalent_transform,no_noise,1,20,1,0,0,0,large::mp-1147718::reference,6.497381497174501
strict,large,large::mp-1147718::permuted_sites,mp-1147718,mp-1147718,C,permuted_sites,equivalent_transform,no_noise,1,20,1,0,0,0,large::mp-1147718::reference,9.462795335799456
strict,large,large::mp-1147718::combined_noise_0.002A_0.003,mp-1147718,mp-1147718,C,combined_noise_0.002A_0.003,combined_perturbation,noise,1,20,1,0,0,0,large::mp-1147718::reference,6.511246308684349
strict,large,large::mp-1147718::combined_noise_0.015A_0.003,mp-1147718,mp-1147718,C,combined_noise_0.015A_0.003,combined_perturbation,noise,1,20,1,0,0,0,large::mp-1147718::reference,6.424270724877715
strict,large,large::mp-1147718::combined_noise_0.050A_0.003,mp-1147718,mp-1147718,C,combined_noise_0.050A_0.003,combined_perturbation,noise,1,20,1,0,0,0,large::mp-1147718::reference,6.515172714367509
strict,large,large::mp-1147718::combined_noise_0.002A_0.010,mp-1147718,mp-1147718,C,combined_noise_0.002A_0.010,combined_perturbation,noise,1,20,1,0,0,0,large::mp-1147718::reference,6.531480556353927
strict,large,large::mp-1147718::combined_noise_0.015A_0.010,mp-1147718,mp-1147718,C,combined_noise_0.015A_0.010,combined_perturbation,noise,1,20,1,0,0,0,large::mp-1147718::reference,6.449926249682903
strict,large,large::mp-1147718::combined_noise_0.050A_0.010,mp-1147718,mp-1147718,C,combined_noise_0.050A_0.010,combined_perturbation,noise,1,20,1,0,0,0,large::mp-1147718::reference,6.512724021449685
strict,large,large::mp-1147718::combined_noise_0.002A_0.030,mp-1147718,mp-1147718,C,combined_noise_0.002A_0.030,combined_perturbation,noise,1,20,1,0,0,0,large::mp-1147718::reference,6.213182559236884
strict,large,large::mp-1147718::combined_noise_0.015A_0.030,mp-1147718,mp-1147718,C,combined_noise_0.015A_0.030,combined_perturbation,noise,1,20,1,0,0,0,large::mp-1147718::reference,6.467315612360835
strict,large,large::mp-1147718::combined_noise_0.050A_0.030,mp-1147718,mp-1147718,C,combined_noise_0.050A_0.030,combined_perturbation,noise,1,20,1,0,0,0,large::mp-1147718::reference,6.103560768067837
strict,large,large::mp-1181996::conventional_standard,mp-1181996,mp-1181996,C,conventional_standard,equivalent_transform,no_noise,1,20,1,0,0,0,large::mp-1181996::reference,2.4287218917161226
strict,large,large::mp-1181996::niggli_reduced,mp-1181996,mp-1181996,C,niggli_reduced,equivalent_transform,no_noise,1,20,1,0,0,0,large::mp-1181996::reference,3.6131250020116568
strict,large,large::mp-1181996::origin_shifted,mp-1181996,mp-1181996,C,origin_shifted,equivalent_transform,no_noise,1,20,1,0,0,0,large::mp-1181996::reference,3.663676558062434
strict,large,large::mp-1181996::permuted_sites,mp-1181996,mp-1181996,C,permuted_sites,equivalent_transform,no_noise,1,20,1,0,0,0,large::mp-1181996::reference,5.8892703000456095
strict,large,large::mp-1181996::combined_noise_0.002A_0.003,mp-1181996,mp-1181996,C,combined_noise_0.002A_0.003,combined_perturbation,noise,1,20,1,0,0,0,large::mp-1181996::reference,3.6055337879806757
strict,large,large::mp-1181996::combined_noise_0.015A_0.003,mp-1181996,mp-1181996,C,combined_noise_0.015A_0.003,combined_perturbation,noise,1,20,1,0,0,0,large::mp-1181996::reference,3.6073639914393425
strict,large,large::mp-1181996::combined_noise_0.050A_0.003,mp-1181996,mp-1181996,C,combined_noise_0.050A_0.003,combined_perturbation,noise,1,20,1,0,0,0,large::mp-1181996::reference,3.636999337002635
strict,large,large::mp-1181996::combined_noise_0.002A_0.010,mp-1181996,mp-1181996,C,combined_noise_0.002A_0.010,combined_perturbation,noise,1,20,1,0,0,0,large::mp-1181996::reference,3.6195185612887144
strict,large,large::mp-1181996::combined_noise_0.015A_0.010,mp-1181996,mp-1181996,C,combined_noise_0.015A_0.010,combined_perturbation,noise,1,20,1,0,0,0,large::mp-1181996::reference,3.640955625101924
strict,large,large::mp-1181996::combined_noise_0.050A_0.010,mp-1181996,mp-1181996,C,combined_noise_0.050A_0.010,combined_perturbation,noise,1,20,1,0,0,0,large::mp-1181996::reference,3.5533018577843904
strict,large,large::mp-1181996::combined_noise_0.002A_0.030,mp-1181996,mp-1181996,C,combined_noise_0.002A_0.030,combined_perturbation,noise,1,20,1,0,0,0,large::mp-1181996::reference,3.8702948428690434
strict,large,large::mp-1181996::combined_noise_0.015A_0.030,mp-1181996,mp-1181996,C,combined_noise_0.015A_0.030,combined_perturbation,noise,1,20,1,0,0,0,large::mp-1181996::reference,3.569734947755933
strict,large,large::mp-1181996::combined_noise_0.050A_0.030,mp-1181996,mp-1181996,C,combined_noise_0.050A_0.030,combined_perturbation,noise,1,20,1,0,0,0,large::mp-1181996::reference,3.5748218279331923
strict,large,large::mp-1182029::conventional_standard,mp-1182029,mp-1182029,C,conventional_standard,equivalent_transform,no_noise,1,20,1,0,0,0,large::mp-1182029::reference,2.453761499375105
strict,large,large::mp-1182029::niggli_reduced,mp-1182029,mp-1182029,C,niggli_reduced,equivalent_transform,no_noise,1,20,1,0,0,0,large::mp-1182029::reference,3.645750353112817
strict,large,large::mp-1182029::origin_shifted,mp-1182029,mp-1182029,C,origin_shifted,equivalent_transform,no_noise,1,20,1,0,0,0,large::mp-1182029::reference,3.6893521565943956
strict,large,large::mp-1182029::permuted_sites,mp-1182029,mp-1182029,C,permuted_sites,equivalent_transform,no_noise,1,20,1,0,0,0,large::mp-1182029::reference,5.939952898770571
strict,large,large::mp-1182029::combined_noise_0.002A_0.003,mp-1182029,mp-1182029,C,combined_noise_0.002A_0.003,combined_perturbation,noise,1,20,1,0,0,0,large::mp-1182029::reference,3.6179687324911356
strict,large,large::mp-1182029::combined_noise_0.015A_0.003,mp-1182029,mp-1182029,C,combined_noise_0.015A_0.003,combined_perturbation,noise,1,20,1,0,0,0,large::mp-1182029::reference,3.665466858074069
strict,large,large::mp-1182029::combined_noise_0.050A_0.003,mp-1182029,mp-1182029,C,combined_noise_0.050A_0.003,combined_perturbation,noise,1,20,1,0,0,0,large::mp-1182029::reference,3.649085756391287
strict,large,large::mp-1182029::combined_noise_0.002A_0.010,mp-1182029,mp-1182029,C,combined_noise_0.002A_0.010,combined_perturbation,noise,1,20,1,0,0,0,large::mp-1182029::reference,3.656140800565481
strict,large,large::mp-1182029::combined_noise_0.015A_0.010,mp-1182029,mp-1182029,C,combined_noise_0.015A_0.010,combined_perturbation,noise,1,20,1,0,0,0,large::mp-1182029::reference,3.6596566569060087
strict,large,large::mp-1182029::combined_noise_0.050A_0.010,mp-1182029,mp-1182029,C,combined_noise_0.050A_0.010,combined_perturbation,noise,1,20,1,0,0,0,large::mp-1182029::reference,3.6642893850803375
strict,large,large::mp-1182029::combined_noise_0.002A_0.030,mp-1182029,mp-1182029,C,combined_noise_0.002A_0.030,combined_perturbation,noise,1,20,1,0,0,0,large::mp-1182029::reference,3.636432161554694
strict,large,large::mp-1182029::combined_noise_0.015A_0.030,mp-1182029,mp-1182029,C,combined_noise_0.015A_0.030,combined_perturbation,noise,1,20,1,0,0,0,large::mp-1182029::reference,3.552289115265012
strict,large,large::mp-1182029::combined_noise_0.050A_0.030,mp-1182029,mp-1182029,C,combined_noise_0.050A_0.030,combined_perturbation,noise,1,20,1,0,0,0,large::mp-1182029::reference,3.636671820655465
strict,large,large::mp-1182684::conventional_standard,mp-1182684,mp-1182684,C,conventional_standard,equivalent_transform,no_noise,1,20,1,0,0,0,large::mp-1182684::reference,2.9720256086438894
strict,large,large::mp-1182684::niggli_reduced,mp-1182684,mp-1182684,C,niggli_reduced,equivalent_transform,no_noise,1,20,1,0,0,0,large::mp-1182684::reference,5.4894479382783175
strict,large,large::mp-1182684::origin_shifted,mp-1182684,mp-1182684,C,origin_shifted,equivalent_transform,no_noise,1,20,1,0,0,0,large::mp-1182684::reference,5.297161974012852
strict,large,large::mp-1182684::permuted_sites,mp-1182684,mp-1182684,C,permuted_sites,equivalent_transform,no_noise,1,20,1,0,0,0,large::mp-1182684::reference,11.297048684209585
strict,large,large::mp-1182684::combined_noise_0.002A_0.003,mp-1182684,mp-1182684,C,combined_noise_0.002A_0.003,combined_perturbation,noise,1,20,1,0,0,0,large::mp-1182684::reference,5.217371128499508
strict,large,large::mp-1182684::combined_noise_0.015A_0.003,mp-1182684,mp-1182684,C,combined_noise_0.015A_0.003,combined_perturbation,noise,1,20,1,0,0,0,large::mp-1182684::reference,5.503844127058983
strict,large,large::mp-1182684::combined_noise_0.050A_0.003,mp-1182684,mp-1182684,C,combined_noise_0.050A_0.003,combined_perturbation,noise,1,20,1,0,0,0,large::mp-1182684::reference,5.210166132077575
strict,large,large::mp-1182684::combined_noise_0.002A_0.010,mp-1182684,mp-1182684,C,combined_noise_0.002A_0.010,combined_perturbation,noise,1,20,1,0,0,0,large::mp-1182684::reference,5.49497384019196
strict,large,large::mp-1182684::combined_noise_0.015A_0.010,mp-1182684,mp-1182684,C,combined_noise_0.015A_0.010,combined_perturbation,noise,1,20,1,0,0,0,large::mp-1182684::reference,5.238738877698779
strict,large,large::mp-1182684::combined_noise_0.050A_0.010,mp-1182684,mp-1182684,C,combined_noise_0.050A_0.010,combined_perturbation,noise,1,20,1,0,0,0,large::mp-1182684::reference,5.52002228051424
strict,large,large::mp-1182684::combined_noise_0.002A_0.030,mp-1182684,mp-1182684,C,combined_noise_0.002A_0.030,combined_perturbation,noise,1,20,1,0,0,0,large::mp-1182684::reference,5.217973588034511
strict,large,large::mp-1182684::combined_noise_0.015A_0.030,mp-1182684,mp-1182684,C,combined_noise_0.015A_0.030,combined_perturbation,noise,1,20,1,0,0,0,large::mp-1182684::reference,5.426184386014938
strict,large,large::mp-1182684::combined_noise_0.050A_0.030,mp-1182684,mp-1182684,C,combined_noise_0.050A_0.030,combined_perturbation,noise,1,20,1,0,0,0,large::mp-1182684::reference,5.197140887379646
strict,large,large::mp-1188817::conventional_standard,mp-1188817,mp-1188817,C,conventional_standard,equivalent_transform,no_noise,1,20,1,0,0,0,large::mp-1188817::reference,1.8810703437775373
strict,large,large::mp-1188817::niggli_reduced,mp-1188817,mp-1188817,C,niggli_reduced,equivalent_transform,no_noise,1,20,1,0,0,0,large::mp-1188817::reference,3.012641217559576
strict,large,large::mp-1188817::origin_shifted,mp-1188817,mp-1188817,C,origin_shifted,equivalent_transform,no_noise,1,20,1,0,0,0,large::mp-1188817::reference,3.0553311221301556
strict,large,large::mp-1188817::permuted_sites,mp-1188817,mp-1188817,C,permuted_sites,equivalent_transform,no_noise,1,20,1,0,0,0,large::mp-1188817::reference,5.312395293265581
strict,large,large::mp-1188817::combined_noise_0.002A_0.003,mp-1188817,mp-1188817,C,combined_noise_0.002A_0.003,combined_perturbation,noise,1,20,1,0,0,0,large::mp-1188817::reference,3.0132717695087194
strict,large,large::mp-1188817::combined_noise_0.015A_0.003,mp-1188817,mp-1188817,C,combined_noise_0.015A_0.003,combined_perturbation,noise,1,20,1,0,0,0,large::mp-1188817::reference,3.0121762473136187
strict,large,large::mp-1188817::combined_noise_0.050A_0.003,mp-1188817,mp-1188817,C,combined_noise_0.050A_0.003,combined_perturbation,noise,1,20,1,0,0,0,large::mp-1188817::reference,3.0145849343389273
strict,large,large::mp-1188817::combined_noise_0.002A_0.010,mp-1188817,mp-1188817,C,combined_noise_0.002A_0.010,combined_perturbation,noise,1,20,1,0,0,0,large::mp-1188817::reference,3.007689105346799
strict,large,large::mp-1188817::combined_noise_0.015A_0.010,mp-1188817,mp-1188817,C,combined_noise_0.015A_0.010,combined_perturbation,noise,1,20,1,0,0,0,large::mp-1188817::reference,3.0047708582133055
strict,large,large::mp-1188817::combined_noise_0.050A_0.010,mp-1188817,mp-1188817,C,combined_noise_0.050A_0.010,combined_perturbation,noise,1,20,1,0,0,0,large::mp-1188817::reference,3.0096547566354275
strict,large,large::mp-1188817::combined_noise_0.002A_0.030,mp-1188817,mp-1188817,C,combined_noise_0.002A_0.030,combined_perturbation,noise,1,20,1,0,0,0,large::mp-1188817::reference,2.972606483846903
strict,large,large::mp-1188817::combined_noise_0.015A_0.030,mp-1188817,mp-1188817,C,combined_noise_0.015A_0.030,combined_perturbation,noise,1,20,1,0,0,0,large::mp-1188817::reference,2.972209433093667
strict,large,large::mp-1188817::combined_noise_0.050A_0.030,mp-1188817,mp-1188817,C,combined_noise_0.050A_0.030,combined_perturbation,noise,1,20,1,0,0,0,large::mp-1188817::reference,3.0166552402079105
strict,large,large::mp-1190171::conventional_standard,mp-1190171,mp-1190171,C,conventional_standard,equivalent_transform,no_noise,1,20,1,0,0,0,large::mp-1190171::reference,1.8340270891785622
strict,large,large::mp-1190171::niggli_reduced,mp-1190171,mp-1190171,C,niggli_reduced,equivalent_transform,no_noise,1,20,1,0,0,0,large::mp-1190171::reference,5.216670647263527
strict,large,large::mp-1190171::origin_shifted,mp-1190171,mp-1190171,C,origin_shifted,equivalent_transform,no_noise,1,20,1,0,0,0,large::mp-1190171::reference,3.7373916916549206
strict,large,large::mp-1190171::permuted_sites,mp-1190171,mp-1190171,C,permuted_sites,equivalent_transform,no_noise,1,20,1,0,0,0,large::mp-1190171::reference,7.430068176239729
strict,large,large::mp-1190171::combined_noise_0.002A_0.003,mp-1190171,mp-1190171,C,combined_noise_0.002A_0.003,combined_perturbation,noise,1,20,1,0,0,0,large::mp-1190171::reference,3.6942548155784607
strict,large,large::mp-1190171::combined_noise_0.015A_0.003,mp-1190171,mp-1190171,C,combined_noise_0.015A_0.003,combined_perturbation,noise,1,20,1,0,0,0,large::mp-1190171::reference,3.7054559905081987
strict,large,large::mp-1190171::combined_noise_0.050A_0.003,mp-1190171,mp-1190171,C,combined_noise_0.050A_0.003,combined_perturbation,noise,1,20,1,0,0,0,large::mp-1190171::reference,3.704757357016206
strict,large,large::mp-1190171::combined_noise_0.002A_0.010,mp-1190171,mp-1190171,C,combined_noise_0.002A_0.010,combined_perturbation,noise,1,20,1,0,0,0,large::mp-1190171::reference,3.6978139840066433
strict,large,large::mp-1190171::combined_noise_0.015A_0.010,mp-1190171,mp-1190171,C,combined_noise_0.015A_0.010,combined_perturbation,noise,1,20,1,0,0,0,large::mp-1190171::reference,3.9813105519860983
strict,large,large::mp-1190171::combined_noise_0.050A_0.010,mp-1190171,mp-1190171,C,combined_noise_0.050A_0.010,combined_perturbation,noise,1,20,1,0,0,0,large::mp-1190171::reference,3.7155879214406013
strict,large,large::mp-1190171::combined_noise_0.002A_0.030,mp-1190171,mp-1190171,C,combined_noise_0.002A_0.030,combined_perturbation,noise,1,20,1,0,0,0,large::mp-1190171::reference,3.7152677793055773
strict,large,large::mp-1190171::combined_noise_0.015A_0.030,mp-1190171,mp-1190171,C,combined_noise_0.015A_0.030,combined_perturbation,noise,1,20,1,0,0,0,large::mp-1190171::reference,3.7124567925930023
strict,large,large::mp-1190171::combined_noise_0.050A_0.030,mp-1190171,mp-1190171,C,combined_noise_0.050A_0.030,combined_perturbation,noise,1,20,1,0,0,0,large::mp-1190171::reference,3.700044309720397
strict,large,large::mp-1192619::conventional_standard,mp-1192619,mp-1192619,C,conventional_standard,equivalent_transform,no_noise,1,20,1,0,0,0,large::mp-1192619::reference,2.1925739236176014
strict,large,large::mp-1192619::niggli_reduced,mp-1192619,mp-1192619,C,niggli_reduced,equivalent_transform,no_noise,1,20,1,0,0,0,large::mp-1192619::reference,3.3450391590595245
strict,large,large::mp-1192619::origin_shifted,mp-1192619,mp-1192619,C,origin_shifted,equivalent_transform,no_noise,1,20,1,0,0,0,large::mp-1192619::reference,3.40398165397346
strict,large,large::mp-1192619::permuted_sites,mp-1192619,mp-1192619,C,permuted_sites,equivalent_transform,no_noise,1,20,1,0,0,0,large::mp-1192619::reference,6.408420680090785
strict,large,large::mp-1192619::combined_noise_0.002A_0.003,mp-1192619,mp-1192619,C,combined_noise_0.002A_0.003,combined_perturbation,noise,1,20,1,0,0,0,large::mp-1192619::reference,3.367053871974349
strict,large,large::mp-1192619::combined_noise_0.015A_0.003,mp-1192619,mp-1192619,C,combined_noise_0.015A_0.003,combined_perturbation,noise,1,20,1,0,0,0,large::mp-1192619::reference,3.3496899269521236
strict,large,large::mp-1192619::combined_noise_0.050A_0.003,mp-1192619,mp-1192619,C,combined_noise_0.050A_0.003,combined_perturbation,noise,1,20,1,0,0,0,large::mp-1192619::reference,4.712163675576448
strict,large,large::mp-1192619::combined_noise_0.002A_0.010,mp-1192619,mp-1192619,C,combined_noise_0.002A_0.010,combined_perturbation,noise,1,20,1,0,0,0,large::mp-1192619::reference,3.3496265579015017
strict,large,large::mp-1192619::combined_noise_0.015A_0.010,mp-1192619,mp-1192619,C,combined_noise_0.015A_0.010,combined_perturbation,noise,1,20,1,0,0,0,large::mp-1192619::reference,3.346868732944131
strict,large,large::mp-1192619::combined_noise_0.050A_0.010,mp-1192619,mp-1192619,C,combined_noise_0.050A_0.010,combined_perturbation,noise,1,20,1,0,0,0,large::mp-1192619::reference,4.7073899656534195
strict,large,large::mp-1192619::combined_noise_0.002A_0.030,mp-1192619,mp-1192619,C,combined_noise_0.002A_0.030,combined_perturbation,noise,1,20,1,0,0,0,large::mp-1192619::reference,3.3463412523269653
strict,large,large::mp-1192619::combined_noise_0.015A_0.030,mp-1192619,mp-1192619,C,combined_noise_0.015A_0.030,combined_perturbation,noise,1,20,1,0,0,0,large::mp-1192619::reference,3.3484586160629988
strict,large,large::mp-1192619::combined_noise_0.050A_0.030,mp-1192619,mp-1192619,C,combined_noise_0.050A_0.030,combined_perturbation,noise,1,20,1,0,0,0,large::mp-1192619::reference,4.708913389593363
strict,large,large::mp-1196583::conventional_standard,mp-1196583,mp-1196583,C,conventional_standard,equivalent_transform,no_noise,1,20,1,0,0,0,large::mp-1196583::reference,19.755684170871973
strict,large,large::mp-1196583::niggli_reduced,mp-1196583,mp-1196583,C,niggli_reduced,equivalent_transform,no_noise,1,20,1,0,0,0,large::mp-1196583::reference,19.771526157855988
strict,large,large::mp-1196583::origin_shifted,mp-1196583,mp-1196583,C,origin_shifted,equivalent_transform,no_noise,1,20,1,0,0,0,large::mp-1196583::reference,33.915205512195826
strict,large,large::mp-1196583::permuted_sites,mp-1196583,mp-1196583,C,permuted_sites,equivalent_transform,no_noise,1,20,1,0,0,0,large::mp-1196583::reference,47.188015474006534
strict,large,large::mp-1196583::combined_noise_0.002A_0.003,mp-1196583,mp-1196583,C,combined_noise_0.002A_0.003,combined_perturbation,noise,1,20,1,0,0,0,large::mp-1196583::reference,34.00090389512479
strict,large,large::mp-1196583::combined_noise_0.015A_0.003,mp-1196583,mp-1196583,C,combined_noise_0.015A_0.003,combined_perturbation,noise,1,20,1,0,0,0,large::mp-1196583::reference,34.727680053561926
strict,large,large::mp-1196583::combined_noise_0.050A_0.003,mp-1196583,mp-1196583,C,combined_noise_0.050A_0.003,combined_perturbation,noise,1,20,1,0,0,0,large::mp-1196583::reference,34.44203010201454
strict,large,large::mp-1196583::combined_noise_0.002A_0.010,mp-1196583,mp-1196583,C,combined_noise_0.002A_0.010,combined_perturbation,noise,1,20,1,0,0,0,large::mp-1196583::reference,34.18350970745087
strict,large,large::mp-1196583::combined_noise_0.015A_0.010,mp-1196583,mp-1196583,C,combined_noise_0.015A_0.010,combined_perturbation,noise,1,20,1,0,0,0,large::mp-1196583::reference,33.818502843379974
strict,large,large::mp-1196583::combined_noise_0.050A_0.010,mp-1196583,mp-1196583,C,combined_noise_0.050A_0.010,combined_perturbation,noise,1,20,1,0,0,0,large::mp-1196583::reference,35.04563630372286
strict,large,large::mp-1196583::combined_noise_0.002A_0.030,mp-1196583,mp-1196583,C,combined_noise_0.002A_0.030,combined_perturbation,noise,1,20,1,0,0,0,large::mp-1196583::reference,35.766512125730515
strict,large,large::mp-1196583::combined_noise_0.015A_0.030,mp-1196583,mp-1196583,C,combined_noise_0.015A_0.030,combined_perturbation,noise,1,20,1,0,0,0,large::mp-1196583::reference,34.771721582859755
strict,large,large::mp-1196583::combined_noise_0.050A_0.030,mp-1196583,mp-1196583,C,combined_noise_0.050A_0.030,combined_perturbation,noise,1,20,1,0,0,0,large::mp-1196583::reference,34.47142701596022
strict,large,large::mp-1196857::conventional_standard,mp-1196857,mp-1196857,C,conventional_standard,equivalent_transform,no_noise,1,20,1,0,0,0,large::mp-1196857::reference,2.212436990812421
strict,large,large::mp-1196857::niggli_reduced,mp-1196857,mp-1196857,C,niggli_reduced,equivalent_transform,no_noise,1,20,1,0,0,0,large::mp-1196857::reference,3.1375641860067844
strict,large,large::mp-1196857::origin_shifted,mp-1196857,mp-1196857,C,origin_shifted,equivalent_transform,no_noise,1,20,1,0,0,0,large::mp-1196857::reference,3.1993292812258005
strict,large,large::mp-1196857::permuted_sites,mp-1196857,mp-1196857,C,permuted_sites,equivalent_transform,no_noise,1,20,1,0,0,0,large::mp-1196857::reference,5.6044375486671925
strict,large,large::mp-1196857::combined_noise_0.002A_0.003,mp-1196857,mp-1196857,C,combined_noise_0.002A_0.003,combined_perturbation,noise,1,20,1,0,0,0,large::mp-1196857::reference,3.139125917106867
strict,large,large::mp-1196857::combined_noise_0.015A_0.003,mp-1196857,mp-1196857,C,combined_noise_0.015A_0.003,combined_perturbation,noise,1,20,1,0,0,0,large::mp-1196857::reference,3.147342534735799
strict,large,large::mp-1196857::combined_noise_0.050A_0.003,mp-1196857,mp-1196857,C,combined_noise_0.050A_0.003,combined_perturbation,noise,1,20,1,0,0,0,large::mp-1196857::reference,3.1428578346967697
strict,large,large::mp-1196857::combined_noise_0.002A_0.010,mp-1196857,mp-1196857,C,combined_noise_0.002A_0.010,combined_perturbation,noise,1,20,1,0,0,0,large::mp-1196857::reference,3.1382535491138697
strict,large,large::mp-1196857::combined_noise_0.015A_0.010,mp-1196857,mp-1196857,C,combined_noise_0.015A_0.010,combined_perturbation,noise,1,20,1,0,0,0,large::mp-1196857::reference,3.1364072039723396
strict,large,large::mp-1196857::combined_noise_0.050A_0.010,mp-1196857,mp-1196857,C,combined_noise_0.050A_0.010,combined_perturbation,noise,1,20,1,0,0,0,large::mp-1196857::reference,3.139520639553666
strict,large,large::mp-1196857::combined_noise_0.002A_0.030,mp-1196857,mp-1196857,C,combined_noise_0.002A_0.030,combined_perturbation,noise,1,20,1,0,0,0,large::mp-1196857::reference,3.13932478800416
strict,large,large::mp-1196857::combined_noise_0.015A_0.030,mp-1196857,mp-1196857,C,combined_noise_0.015A_0.030,combined_perturbation,noise,1,20,1,0,0,0,large::mp-1196857::reference,3.4635076131671667
strict,large,large::mp-1196857::combined_noise_0.050A_0.030,mp-1196857,mp-1196857,C,combined_noise_0.050A_0.030,combined_perturbation,noise,1,20,1,0,0,0,large::mp-1196857::reference,3.7627289183437824
strict,large,large::mp-10064::conventional_standard,mp-10064,mp-10064,SiO2,conventional_standard,equivalent_transform,no_noise,1,20,1,0,0,0,large::mp-10064::reference,3.928663620725274
strict,large,large::mp-10064::niggli_reduced,mp-10064,mp-10064,SiO2,niggli_reduced,equivalent_transform,no_noise,1,20,1,0,0,0,large::mp-10064::reference,2.8523892983794212
strict,large,large::mp-10064::origin_shifted,mp-10064,mp-10064,SiO2,origin_shifted,equivalent_transform,no_noise,1,20,1,0,0,0,large::mp-10064::reference,2.873700587078929
strict,large,large::mp-10064::permuted_sites,mp-10064,mp-10064,SiO2,permuted_sites,equivalent_transform,no_noise,1,20,1,0,0,0,large::mp-10064::reference,4.449091862887144
strict,large,large::mp-10064::combined_noise_0.002A_0.003,mp-10064,mp-10064,SiO2,combined_noise_0.002A_0.003,combined_perturbation,noise,1,20,1,0,0,0,large::mp-10064::reference,2.850179923698306
strict,large,large::mp-10064::combined_noise_0.015A_0.003,mp-10064,mp-10064,SiO2,combined_noise_0.015A_0.003,combined_perturbation,noise,1,20,1,0,0,0,large::mp-10064::reference,2.8550810925662518
strict,large,large::mp-10064::combined_noise_0.050A_0.003,mp-10064,mp-10064,SiO2,combined_noise_0.050A_0.003,combined_perturbation,noise,1,20,1,0,0,0,large::mp-10064::reference,2.7339994311332703
strict,large,large::mp-10064::combined_noise_0.002A_0.010,mp-10064,mp-10064,SiO2,combined_noise_0.002A_0.010,combined_perturbation,noise,1,20,1,0,0,0,large::mp-10064::reference,2.890511168166995
strict,large,large::mp-10064::combined_noise_0.015A_0.010,mp-10064,mp-10064,SiO2,combined_noise_0.015A_0.010,combined_perturbation,noise,1,20,1,0,0,0,large::mp-10064::reference,2.9741857685148716
strict,large,large::mp-10064::combined_noise_0.050A_0.010,mp-10064,mp-10064,SiO2,combined_noise_0.050A_0.010,combined_perturbation,noise,1,20,1,0,0,0,large::mp-10064::reference,2.7411503046751022
strict,large,large::mp-10064::combined_noise_0.002A_0.030,mp-10064,mp-10064,SiO2,combined_noise_0.002A_0.030,combined_perturbation,noise,1,20,1,0,0,0,large::mp-10064::reference,2.905710067600012
strict,large,large::mp-10064::combined_noise_0.015A_0.030,mp-10064,mp-10064,SiO2,combined_noise_0.015A_0.030,combined_perturbation,noise,1,20,1,0,0,0,large::mp-10064::reference,2.8779170233756304
strict,large,large::mp-10064::combined_noise_0.050A_0.030,mp-10064,mp-10064,SiO2,combined_noise_0.050A_0.030,combined_perturbation,noise,1,20,1,0,0,0,large::mp-10064::reference,2.881692610681057
strict,large,large::mp-1021503::conventional_standard,mp-1021503,mp-1021503,SiO2,conventional_standard,equivalent_transform,no_noise,1,20,1,0,0,0,large::mp-1021503::reference,2.044387651607394
strict,large,large::mp-1021503::niggli_reduced,mp-1021503,mp-1021503,SiO2,niggli_reduced,equivalent_transform,no_noise,1,20,1,0,0,0,large::mp-1021503::reference,2.9016567915678024
strict,large,large::mp-1021503::origin_shifted,mp-1021503,mp-1021503,SiO2,origin_shifted,equivalent_transform,no_noise,1,20,1,0,0,0,large::mp-1021503::reference,2.9265117086470127
strict,large,large::mp-1021503::permuted_sites,mp-1021503,mp-1021503,SiO2,permuted_sites,equivalent_transform,no_noise,1,20,1,0,0,0,large::mp-1021503::reference,4.503959536552429
strict,large,large::mp-1021503::combined_noise_0.002A_0.003,mp-1021503,mp-1021503,SiO2,combined_noise_0.002A_0.003,combined_perturbation,noise,1,20,1,0,0,0,large::mp-1021503::reference,2.8884749058634043
strict,large,large::mp-1021503::combined_noise_0.015A_0.003,mp-1021503,mp-1021503,SiO2,combined_noise_0.015A_0.003,combined_perturbation,noise,1,20,1,0,0,0,large::mp-1021503::reference,2.8566754162311554
strict,large,large::mp-1021503::combined_noise_0.050A_0.003,mp-1021503,mp-1021503,SiO2,combined_noise_0.050A_0.003,combined_perturbation,noise,1,20,1,0,0,0,large::mp-1021503::reference,2.8890249729156494
strict,large,large::mp-1021503::combined_noise_0.002A_0.010,mp-1021503,mp-1021503,SiO2,combined_noise_0.002A_0.010,combined_perturbation,noise,1,20,1,0,0,0,large::mp-1021503::reference,2.866764096543193
strict,large,large::mp-1021503::combined_noise_0.015A_0.010,mp-1021503,mp-1021503,SiO2,combined_noise_0.015A_0.010,combined_perturbation,noise,1,20,1,0,0,0,large::mp-1021503::reference,2.9559838827699423
strict,large,large::mp-1021503::combined_noise_0.050A_0.010,mp-1021503,mp-1021503,SiO2,combined_noise_0.050A_0.010,combined_perturbation,noise,1,20,1,0,0,0,large::mp-1021503::reference,2.878588203340769
strict,large,large::mp-1021503::combined_noise_0.002A_0.030,mp-1021503,mp-1021503,SiO2,combined_noise_0.002A_0.030,combined_perturbation,noise,1,20,1,0,0,0,large::mp-1021503::reference,2.844355007633567
strict,large,large::mp-1021503::combined_noise_0.015A_0.030,mp-1021503,mp-1021503,SiO2,combined_noise_0.015A_0.030,combined_perturbation,noise,1,20,1,0,0,0,large::mp-1021503::reference,2.831327073276043
strict,large,large::mp-1021503::combined_noise_0.050A_0.030,mp-1021503,mp-1021503,SiO2,combined_noise_0.050A_0.030,combined_perturbation,noise,1,20,1,0,0,0,large::mp-1021503::reference,2.826660180464387
strict,large,large::mp-1071820::conventional_standard,mp-1071820,mp-1071820,SiO2,conventional_standard,equivalent_transform,no_noise,1,20,1,0,0,0,large::mp-1071820::reference,1.8993364814668894
strict,large,large::mp-1071820::niggli_reduced,mp-1071820,mp-1071820,SiO2,niggli_reduced,equivalent_transform,no_noise,1,20,1,0,0,0,large::mp-1071820::reference,2.7465794049203396
strict,large,large::mp-1071820::origin_shifted,mp-1071820,mp-1071820,SiO2,origin_shifted,equivalent_transform,no_noise,1,20,1,0,0,0,large::mp-1071820::reference,2.7915893495082855
strict,large,large::mp-1071820::permuted_sites,mp-1071820,mp-1071820,SiO2,permuted_sites,equivalent_transform,no_noise,1,20,1,0,0,0,large::mp-1071820::reference,5.919596124440432
strict,large,large::mp-1071820::combined_noise_0.002A_0.003,mp-1071820,mp-1071820,SiO2,combined_noise_0.002A_0.003,combined_perturbation,noise,1,20,1,0,0,0,large::mp-1071820::reference,2.7523719761520624
strict,large,large::mp-1071820::combined_noise_0.015A_0.003,mp-1071820,mp-1071820,SiO2,combined_noise_0.015A_0.003,combined_perturbation,noise,1,20,1,0,0,0,large::mp-1071820::reference,2.7500146720558405
strict,large,large::mp-1071820::combined_noise_0.050A_0.003,mp-1071820,mp-1071820,SiO2,combined_noise_0.050A_0.003,combined_perturbation,noise,1,20,1,0,0,0,large::mp-1071820::reference,2.7570684254169464
strict,large,large::mp-1071820::combined_noise_0.002A_0.010,mp-1071820,mp-1071820,SiO2,combined_noise_0.002A_0.010,combined_perturbation,noise,1,20,1,0,0,0,large::mp-1071820::reference,2.778305260464549
strict,large,large::mp-1071820::combined_noise_0.015A_0.010,mp-1071820,mp-1071820,SiO2,combined_noise_0.015A_0.010,combined_perturbation,noise,1,20,1,0,0,0,large::mp-1071820::reference,2.86001599393785
strict,large,large::mp-1071820::combined_noise_0.050A_0.010,mp-1071820,mp-1071820,SiO2,combined_noise_0.050A_0.010,combined_perturbation,noise,1,20,1,0,0,0,large::mp-1071820::reference,2.762062603607774
strict,large,large::mp-1071820::combined_noise_0.002A_0.030,mp-1071820,mp-1071820,SiO2,combined_noise_0.002A_0.030,combined_perturbation,noise,1,20,1,0,0,0,large::mp-1071820::reference,2.7401812318712473
strict,large,large::mp-1071820::combined_noise_0.015A_0.030,mp-1071820,mp-1071820,SiO2,combined_noise_0.015A_0.030,combined_perturbation,noise,1,20,1,0,0,0,large::mp-1071820::reference,2.7815169785171747
strict,large,large::mp-1071820::combined_noise_0.050A_0.030,mp-1071820,mp-1071820,SiO2,combined_noise_0.050A_0.030,combined_perturbation,noise,1,20,1,0,0,0,large::mp-1071820::reference,2.7513417340815067
strict,large,large::mp-10851::conventional_standard,mp-10851,mp-10851,SiO2,conventional_standard,equivalent_transform,no_noise,1,20,1,0,0,0,large::mp-10851::reference,2.214271666482091
strict,large,large::mp-10851::niggli_reduced,mp-10851,mp-10851,SiO2,niggli_reduced,equivalent_transform,no_noise,1,20,1,0,0,0,large::mp-10851::reference,2.7459178250283003
strict,large,large::mp-10851::origin_shifted,mp-10851,mp-10851,SiO2,origin_shifted,equivalent_transform,no_noise,1,20,1,0,0,0,large::mp-10851::reference,2.7691900841891766
strict,large,large::mp-10851::permuted_sites,mp-10851,mp-10851,SiO2,permuted_sites,equivalent_transform,no_noise,1,20,1,0,0,0,large::mp-10851::reference,4.345737023279071
strict,large,large::mp-10851::combined_noise_0.002A_0.003,mp-10851,mp-10851,SiO2,combined_noise_0.002A_0.003,combined_perturbation,noise,1,20,1,0,0,0,large::mp-10851::reference,2.7377495039254427
strict,large,large::mp-10851::combined_noise_0.015A_0.003,mp-10851,mp-10851,SiO2,combined_noise_0.015A_0.003,combined_perturbation,noise,1,20,1,0,0,0,large::mp-10851::reference,2.7465927060693502
strict,large,large::mp-10851::combined_noise_0.050A_0.003,mp-10851,mp-10851,SiO2,combined_noise_0.050A_0.003,combined_perturbation,noise,1,20,1,0,0,0,large::mp-10851::reference,2.8407915625721216
strict,large,large::mp-10851::combined_noise_0.002A_0.010,mp-10851,mp-10851,SiO2,combined_noise_0.002A_0.010,combined_perturbation,noise,1,20,1,0,0,0,large::mp-10851::reference,2.7809300366789103
strict,large,large::mp-10851::combined_noise_0.015A_0.010,mp-10851,mp-10851,SiO2,combined_noise_0.015A_0.010,combined_perturbation,noise,1,20,1,0,0,0,large::mp-10851::reference,2.840631799772382
strict,large,large::mp-10851::combined_noise_0.050A_0.010,mp-10851,mp-10851,SiO2,combined_noise_0.050A_0.010,combined_perturbation,noise,1,20,1,0,0,0,large::mp-10851::reference,2.742755226790905
strict,large,large::mp-10851::combined_noise_0.002A_0.030,mp-10851,mp-10851,SiO2,combined_noise_0.002A_0.030,combined_perturbation,noise,1,20,1,0,0,0,large::mp-10851::reference,2.7671439088881016
strict,large,large::mp-10851::combined_noise_0.015A_0.030,mp-10851,mp-10851,SiO2,combined_noise_0.015A_0.030,combined_perturbation,noise,1,20,1,0,0,0,large::mp-10851::reference,2.7636456098407507
strict,large,large::mp-10851::combined_noise_0.050A_0.030,mp-10851,mp-10851,SiO2,combined_noise_0.050A_0.030,combined_perturbation,noise,1,20,1,0,0,0,large::mp-10851::reference,2.7363615222275257
strict,large,large::mp-10948::conventional_standard,mp-10948,mp-10948,SiO2,conventional_standard,equivalent_transform,no_noise,1,20,1,0,0,0,large::mp-10948::reference,1.894425904378295
strict,large,large::mp-10948::niggli_reduced,mp-10948,mp-10948,SiO2,niggli_reduced,equivalent_transform,no_noise,1,20,1,0,0,0,large::mp-10948::reference,2.752432107925415
strict,large,large::mp-10948::origin_shifted,mp-10948,mp-10948,SiO2,origin_shifted,equivalent_transform,no_noise,1,20,1,0,0,0,large::mp-10948::reference,2.7952596228569746
strict,large,large::mp-10948::permuted_sites,mp-10948,mp-10948,SiO2,permuted_sites,equivalent_transform,no_noise,1,20,1,0,0,0,large::mp-10948::reference,5.927480021491647
strict,large,large::mp-10948::combined_noise_0.002A_0.003,mp-10948,mp-10948,SiO2,combined_noise_0.002A_0.003,combined_perturbation,noise,1,20,1,0,0,0,large::mp-10948::reference,2.753995079547167
strict,large,large::mp-10948::combined_noise_0.015A_0.003,mp-10948,mp-10948,SiO2,combined_noise_0.015A_0.003,combined_perturbation,noise,1,20,1,0,0,0,large::mp-10948::reference,2.7537321969866753
strict,large,large::mp-10948::combined_noise_0.050A_0.003,mp-10948,mp-10948,SiO2,combined_noise_0.050A_0.003,combined_perturbation,noise,1,20,1,0,0,0,large::mp-10948::reference,2.7681811191141605
strict,large,large::mp-10948::combined_noise_0.002A_0.010,mp-10948,mp-10948,SiO2,combined_noise_0.002A_0.010,combined_perturbation,noise,1,20,1,0,0,0,large::mp-10948::reference,2.7874302603304386
strict,large,large::mp-10948::combined_noise_0.015A_0.010,mp-10948,mp-10948,SiO2,combined_noise_0.015A_0.010,combined_perturbation,noise,1,20,1,0,0,0,large::mp-10948::reference,2.861838947981596
strict,large,large::mp-10948::combined_noise_0.050A_0.010,mp-10948,mp-10948,SiO2,combined_noise_0.050A_0.010,combined_perturbation,noise,1,20,1,0,0,0,large::mp-10948::reference,2.7724580001085997
strict,large,large::mp-10948::combined_noise_0.002A_0.030,mp-10948,mp-10948,SiO2,combined_noise_0.002A_0.030,combined_perturbation,noise,1,20,1,0,0,0,large::mp-10948::reference,2.7972133699804544
strict,large,large::mp-10948::combined_noise_0.015A_0.030,mp-10948,mp-10948,SiO2,combined_noise_0.015A_0.030,combined_perturbation,noise,1,20,1,0,0,0,large::mp-10948::reference,2.7530960869044065
strict,large,large::mp-10948::combined_noise_0.050A_0.030,mp-10948,mp-10948,SiO2,combined_noise_0.050A_0.030,combined_perturbation,noise,1,20,1,0,0,0,large::mp-10948::reference,2.761417595669627
strict,large,large::mp-11684::conventional_standard,mp-11684,mp-11684,SiO2,conventional_standard,equivalent_transform,no_noise,1,20,1,0,0,0,large::mp-11684::reference,2.069787312299013
strict,large,large::mp-11684::niggli_reduced,mp-11684,mp-11684,SiO2,niggli_reduced,equivalent_transform,no_noise,1,20,1,0,0,0,large::mp-11684::reference,2.9378022719174623
strict,large,large::mp-11684::origin_shifted,mp-11684,mp-11684,SiO2,origin_shifted,equivalent_transform,no_noise,1,20,1,0,0,0,large::mp-11684::reference,2.960081310942769
strict,large,large::mp-11684::permuted_sites,mp-11684,mp-11684,SiO2,permuted_sites,equivalent_transform,no_noise,1,20,1,0,0,0,large::mp-11684::reference,4.899732708930969
strict,large,large::mp-11684::combined_noise_0.002A_0.003,mp-11684,mp-11684,SiO2,combined_noise_0.002A_0.003,combined_perturbation,noise,1,20,1,0,0,0,large::mp-11684::reference,2.938884813338518
strict,large,large::mp-11684::combined_noise_0.015A_0.003,mp-11684,mp-11684,SiO2,combined_noise_0.015A_0.003,combined_perturbation,noise,1,20,1,0,0,0,large::mp-11684::reference,2.9722968470305204
strict,large,large::mp-11684::combined_noise_0.050A_0.003,mp-11684,mp-11684,SiO2,combined_noise_0.050A_0.003,combined_perturbation,noise,1,20,1,0,0,0,large::mp-11684::reference,2.963537808507681
strict,large,large::mp-11684::combined_noise_0.002A_0.010,mp-11684,mp-11684,SiO2,combined_noise_0.002A_0.010,combined_perturbation,noise,1,20,1,0,0,0,large::mp-11684::reference,2.9345847945660353
strict,large,large::mp-11684::combined_noise_0.015A_0.010,mp-11684,mp-11684,SiO2,combined_noise_0.015A_0.010,combined_perturbation,noise,1,20,1,0,0,0,large::mp-11684::reference,3.1158616207540035
strict,large,large::mp-11684::combined_noise_0.050A_0.010,mp-11684,mp-11684,SiO2,combined_noise_0.050A_0.010,combined_perturbation,noise,1,20,1,0,0,0,large::mp-11684::reference,2.964421544224024
strict,large,large::mp-11684::combined_noise_0.002A_0.030,mp-11684,mp-11684,SiO2,combined_noise_0.002A_0.030,combined_perturbation,noise,1,20,1,0,0,0,large::mp-11684::reference,2.941039849072695
strict,large,large::mp-11684::combined_noise_0.015A_0.030,mp-11684,mp-11684,SiO2,combined_noise_0.015A_0.030,combined_perturbation,noise,0,20,0,0,0,1,,3.2982593160122633
strict,large,large::mp-11684::combined_noise_0.050A_0.030,mp-11684,mp-11684,SiO2,combined_noise_0.050A_0.030,combined_perturbation,noise,0,20,0,0,0,1,,2.9650418516248465
strict,large,large::mp-1179447::conventional_standard,mp-1179447,mp-1179447,SiO2,conventional_standard,equivalent_transform,no_noise,1,20,1,0,0,0,large::mp-1179447::reference,2.0627296902239323
strict,large,large::mp-1179447::niggli_reduced,mp-1179447,mp-1179447,SiO2,niggli_reduced,equivalent_transform,no_noise,1,20,1,0,0,0,large::mp-1179447::reference,2.9281857553869486
strict,large,large::mp-1179447::origin_shifted,mp-1179447,mp-1179447,SiO2,origin_shifted,equivalent_transform,no_noise,1,20,1,0,0,0,large::mp-1179447::reference,2.9615613482892513
strict,large,large::mp-1179447::permuted_sites,mp-1179447,mp-1179447,SiO2,permuted_sites,equivalent_transform,no_noise,1,20,1,0,0,0,large::mp-1179447::reference,4.901294043287635
strict,large,large::mp-1179447::combined_noise_0.002A_0.003,mp-1179447,mp-1179447,SiO2,combined_noise_0.002A_0.003,combined_perturbation,noise,1,20,1,0,0,0,large::mp-1179447::reference,2.9323321022093296
strict,large,large::mp-1179447::combined_noise_0.015A_0.003,mp-1179447,mp-1179447,SiO2,combined_noise_0.015A_0.003,combined_perturbation,noise,1,20,1,0,0,0,large::mp-1179447::reference,2.970661636441946
strict,large,large::mp-1179447::combined_noise_0.050A_0.003,mp-1179447,mp-1179447,SiO2,combined_noise_0.050A_0.003,combined_perturbation,noise,1,20,1,0,0,0,large::mp-1179447::reference,2.9645532816648483
strict,large,large::mp-1179447::combined_noise_0.002A_0.010,mp-1179447,mp-1179447,SiO2,combined_noise_0.002A_0.010,combined_perturbation,noise,1,20,1,0,0,0,large::mp-1179447::reference,2.932348581030965
strict,large,large::mp-1179447::combined_noise_0.015A_0.010,mp-1179447,mp-1179447,SiO2,combined_noise_0.015A_0.010,combined_perturbation,noise,1,20,1,0,0,0,large::mp-1179447::reference,3.12709373049438
strict,large,large::mp-1179447::combined_noise_0.050A_0.010,mp-1179447,mp-1179447,SiO2,combined_noise_0.050A_0.010,combined_perturbation,noise,1,20,1,0,0,0,large::mp-1179447::reference,2.9822106156498194
strict,large,large::mp-1179447::combined_noise_0.002A_0.030,mp-1179447,mp-1179447,SiO2,combined_noise_0.002A_0.030,combined_perturbation,noise,1,20,1,0,0,0,large::mp-1179447::reference,2.930325236171484
strict,large,large::mp-1179447::combined_noise_0.015A_0.030,mp-1179447,mp-1179447,SiO2,combined_noise_0.015A_0.030,combined_perturbation,noise,1,20,1,0,0,0,large::mp-1179447::reference,2.98081374168396
strict,large,large::mp-1179447::combined_noise_0.050A_0.030,mp-1179447,mp-1179447,SiO2,combined_noise_0.050A_0.030,combined_perturbation,noise,1,20,1,0,0,0,large::mp-1179447::reference,2.9751472529023886
strict,large,large::mp-1179454::conventional_standard,mp-1179454,mp-1179454,SiO2,conventional_standard,equivalent_transform,no_noise,1,20,1,0,0,0,large::mp-1179454::reference,1.9264364000409842
strict,large,large::mp-1179454::niggli_reduced,mp-1179454,mp-1179454,SiO2,niggli_reduced,equivalent_transform,no_noise,1,20,1,0,0,0,large::mp-1179454::reference,2.7523145470768213
strict,large,large::mp-1179454::origin_shifted,mp-1179454,mp-1179454,SiO2,origin_shifted,equivalent_transform,no_noise,1,20,1,0,0,0,large::mp-1179454::reference,2.7762504424899817
strict,large,large::mp-1179454::permuted_sites,mp-1179454,mp-1179454,SiO2,permuted_sites,equivalent_transform,no_noise,1,20,1,0,0,0,large::mp-1179454::reference,4.3522934298962355
strict,large,large::mp-1179454::combined_noise_0.002A_0.003,mp-1179454,mp-1179454,SiO2,combined_noise_0.002A_0.003,combined_perturbation,noise,1,20,1,0,0,0,large::mp-1179454::reference,2.756912536919117
strict,large,large::mp-1179454::combined_noise_0.015A_0.003,mp-1179454,mp-1179454,SiO2,combined_noise_0.015A_0.003,combined_perturbation,noise,1,20,1,0,0,0,large::mp-1179454::reference,2.752256179228425
strict,large,large::mp-1179454::combined_noise_0.050A_0.003,mp-1179454,mp-1179454,SiO2,combined_noise_0.050A_0.003,combined_perturbation,noise,1,20,1,0,0,0,large::mp-1179454::reference,2.750459935516119
strict,large,large::mp-1179454::combined_noise_0.002A_0.010,mp-1179454,mp-1179454,SiO2,combined_noise_0.002A_0.010,combined_perturbation,noise,1,20,1,0,0,0,large::mp-1179454::reference,2.760847704485059
strict,large,large::mp-1179454::combined_noise_0.015A_0.010,mp-1179454,mp-1179454,SiO2,combined_noise_0.015A_0.010,combined_perturbation,noise,1,20,1,0,0,0,large::mp-1179454::reference,2.8741314224898815
strict,large,large::mp-1179454::combined_noise_0.050A_0.010,mp-1179454,mp-1179454,SiO2,combined_noise_0.050A_0.010,combined_perturbation,noise,1,20,1,0,0,0,large::mp-1179454::reference,2.7958162929862738
strict,large,large::mp-1179454::combined_noise_0.002A_0.030,mp-1179454,mp-1179454,SiO2,combined_noise_0.002A_0.030,combined_perturbation,noise,0,20,0,0,0,1,,2.760928224772215
strict,large,large::mp-1179454::combined_noise_0.015A_0.030,mp-1179454,mp-1179454,SiO2,combined_noise_0.015A_0.030,combined_perturbation,noise,1,20,1,0,0,0,large::mp-1179454::reference,2.7624316681176424
strict,large,large::mp-1179454::combined_noise_0.050A_0.030,mp-1179454,mp-1179454,SiO2,combined_noise_0.050A_0.030,combined_perturbation,noise,1,20,1,0,0,0,large::mp-1179454::reference,3.1021300815045834
strict,large,large::mp-1179488::conventional_standard,mp-1179488,mp-1179488,SiO2,conventional_standard,equivalent_transform,no_noise,1,20,1,0,0,0,large::mp-1179488::reference,3.9131847750395536
strict,large,large::mp-1179488::niggli_reduced,mp-1179488,mp-1179488,SiO2,niggli_reduced,equivalent_transform,no_noise,1,20,1,0,0,0,large::mp-1179488::reference,3.9171847589313984
strict,large,large::mp-1179488::origin_shifted,mp-1179488,mp-1179488,SiO2,origin_shifted,equivalent_transform,no_noise,1,20,1,0,0,0,large::mp-1179488::reference,3.9485433138906956
strict,large,large::mp-1179488::permuted_sites,mp-1179488,mp-1179488,SiO2,permuted_sites,equivalent_transform,no_noise,1,20,1,0,0,0,large::mp-1179488::reference,7.722132431343198
strict,large,large::mp-1179488::combined_noise_0.002A_0.003,mp-1179488,mp-1179488,SiO2,combined_noise_0.002A_0.003,combined_perturbation,noise,1,20,1,0,0,0,large::mp-1179488::reference,3.9118674844503403
strict,large,large::mp-1179488::combined_noise_0.015A_0.003,mp-1179488,mp-1179488,SiO2,combined_noise_0.015A_0.003,combined_perturbation,noise,1,20,1,0,0,0,large::mp-1179488::reference,3.914027037099004
strict,large,large::mp-1179488::combined_noise_0.050A_0.003,mp-1179488,mp-1179488,SiO2,combined_noise_0.050A_0.003,combined_perturbation,noise,1,20,1,0,0,0,large::mp-1179488::reference,4.011420365422964
strict,large,large::mp-1179488::combined_noise_0.002A_0.010,mp-1179488,mp-1179488,SiO2,combined_noise_0.002A_0.010,combined_perturbation,noise,1,20,1,0,0,0,large::mp-1179488::reference,3.911790480837226
strict,large,large::mp-1179488::combined_noise_0.015A_0.010,mp-1179488,mp-1179488,SiO2,combined_noise_0.015A_0.010,combined_perturbation,noise,1,20,1,0,0,0,large::mp-1179488::reference,4.031948354095221
strict,large,large::mp-1179488::combined_noise_0.050A_0.010,mp-1179488,mp-1179488,SiO2,combined_noise_0.050A_0.010,combined_perturbation,noise,1,20,1,0,0,0,large::mp-1179488::reference,4.001671915873885
strict,large,large::mp-1179488::combined_noise_0.002A_0.030,mp-1179488,mp-1179488,SiO2,combined_noise_0.002A_0.030,combined_perturbation,noise,1,20,1,0,0,0,large::mp-1179488::reference,3.9265628196299076
strict,large,large::mp-1179488::combined_noise_0.015A_0.030,mp-1179488,mp-1179488,SiO2,combined_noise_0.015A_0.030,combined_perturbation,noise,1,20,1,0,0,0,large::mp-1179488::reference,4.257873898372054
strict,large,large::mp-1179488::combined_noise_0.050A_0.030,mp-1179488,mp-1179488,SiO2,combined_noise_0.050A_0.030,combined_perturbation,noise,0,20,0,0,0,1,,4.011824304237962
strict,large,large::mp-1179529::conventional_standard,mp-1179529,mp-1179529,SiO2,conventional_standard,equivalent_transform,no_noise,1,20,1,0,0,0,large::mp-1179529::reference,2.001561464741826
strict,large,large::mp-1179529::niggli_reduced,mp-1179529,mp-1179529,SiO2,niggli_reduced,equivalent_transform,no_noise,1,20,1,0,0,0,large::mp-1179529::reference,2.7836178857833147
strict,large,large::mp-1179529::origin_shifted,mp-1179529,mp-1179529,SiO2,origin_shifted,equivalent_transform,no_noise,1,20,1,0,0,0,large::mp-1179529::reference,2.801918562501669
strict,large,large::mp-1179529::permuted_sites,mp-1179529,mp-1179529,SiO2,permuted_sites,equivalent_transform,no_noise,1,20,1,0,0,0,large::mp-1179529::reference,4.3755090944468975
strict,large,large::mp-1179529::combined_noise_0.002A_0.003,mp-1179529,mp-1179529,SiO2,combined_noise_0.002A_0.003,combined_perturbation,noise,1,20,1,0,0,0,large::mp-1179529::reference,2.7801026795059443
strict,large,large::mp-1179529::combined_noise_0.015A_0.003,mp-1179529,mp-1179529,SiO2,combined_noise_0.015A_0.003,combined_perturbation,noise,1,20,1,0,0,0,large::mp-1179529::reference,2.7803146988153458
strict,large,large::mp-1179529::combined_noise_0.050A_0.003,mp-1179529,mp-1179529,SiO2,combined_noise_0.050A_0.003,combined_perturbation,noise,1,20,1,0,0,0,large::mp-1179529::reference,2.7789337653666735
strict,large,large::mp-1179529::combined_noise_0.002A_0.010,mp-1179529,mp-1179529,SiO2,combined_noise_0.002A_0.010,combined_perturbation,noise,1,20,1,0,0,0,large::mp-1179529::reference,2.7828513365238905
strict,large,large::mp-1179529::combined_noise_0.015A_0.010,mp-1179529,mp-1179529,SiO2,combined_noise_0.015A_0.010,combined_perturbation,noise,1,20,1,0,0,0,large::mp-1179529::reference,2.9877082780003548
strict,large,large::mp-1179529::combined_noise_0.050A_0.010,mp-1179529,mp-1179529,SiO2,combined_noise_0.050A_0.010,combined_perturbation,noise,1,20,1,0,0,0,large::mp-1179529::reference,2.7748107966035604
strict,large,large::mp-1179529::combined_noise_0.002A_0.030,mp-1179529,mp-1179529,SiO2,combined_noise_0.002A_0.030,combined_perturbation,noise,1,20,1,0,0,0,large::mp-1179529::reference,2.770529590547085
strict,large,large::mp-1179529::combined_noise_0.015A_0.030,mp-1179529,mp-1179529,SiO2,combined_noise_0.015A_0.030,combined_perturbation,noise,1,20,1,0,0,0,large::mp-1179529::reference,2.7717223651707172
strict,large,large::mp-1179529::combined_noise_0.050A_0.030,mp-1179529,mp-1179529,SiO2,combined_noise_0.050A_0.030,combined_perturbation,noise,1,20,1,0,0,0,large::mp-1179529::reference,2.7736578173935413
strict,large,large::mp-1188220::conventional_standard,mp-1188220,mp-1188220,SiO2,conventional_standard,equivalent_transform,no_noise,1,20,1,0,0,0,large::mp-1188220::reference,2.0035273283720016
strict,large,large::mp-1188220::niggli_reduced,mp-1188220,mp-1188220,SiO2,niggli_reduced,equivalent_transform,no_noise,1,20,1,0,0,0,large::mp-1188220::reference,2.783333456143737
strict,large,large::mp-1188220::origin_shifted,mp-1188220,mp-1188220,SiO2,origin_shifted,equivalent_transform,no_noise,1,20,1,0,0,0,large::mp-1188220::reference,2.801690449938178
strict,large,large::mp-1188220::permuted_sites,mp-1188220,mp-1188220,SiO2,permuted_sites,equivalent_transform,no_noise,1,20,1,0,0,0,large::mp-1188220::reference,4.38481518253684
strict,large,large::mp-1188220::combined_noise_0.002A_0.003,mp-1188220,mp-1188220,SiO2,combined_noise_0.002A_0.003,combined_perturbation,noise,1,20,1,0,0,0,large::mp-1188220::reference,2.7881610840559006
strict,large,large::mp-1188220::combined_noise_0.015A_0.003,mp-1188220,mp-1188220,SiO2,combined_noise_0.015A_0.003,combined_perturbation,noise,1,20,1,0,0,0,large::mp-1188220::reference,2.7691887579858303
strict,large,large::mp-1188220::combined_noise_0.050A_0.003,mp-1188220,mp-1188220,SiO2,combined_noise_0.050A_0.003,combined_perturbation,noise,1,20,1,0,0,0,large::mp-1188220::reference,2.92436227761209
strict,large,large::mp-1188220::combined_noise_0.002A_0.010,mp-1188220,mp-1188220,SiO2,combined_noise_0.002A_0.010,combined_perturbation,noise,1,20,1,0,0,0,large::mp-1188220::reference,2.7864181511104107
strict,large,large::mp-1188220::combined_noise_0.015A_0.010,mp-1188220,mp-1188220,SiO2,combined_noise_0.015A_0.010,combined_perturbation,noise,1,20,1,0,0,0,large::mp-1188220::reference,2.873929876834154
strict,large,large::mp-1188220::combined_noise_0.050A_0.010,mp-1188220,mp-1188220,SiO2,combined_noise_0.050A_0.010,combined_perturbation,noise,1,20,1,0,0,0,large::mp-1188220::reference,2.8186228945851326
strict,large,large::mp-1188220::combined_noise_0.002A_0.030,mp-1188220,mp-1188220,SiO2,combined_noise_0.002A_0.030,combined_perturbation,noise,0,20,0,0,0,1,,2.7738931886851788
strict,large,large::mp-1188220::combined_noise_0.015A_0.030,mp-1188220,mp-1188220,SiO2,combined_noise_0.015A_0.030,combined_perturbation,noise,1,20,1,0,0,0,large::mp-1188220::reference,2.7695049718022346
strict,large,large::mp-1188220::combined_noise_0.050A_0.030,mp-1188220,mp-1188220,SiO2,combined_noise_0.050A_0.030,combined_perturbation,noise,1,20,1,0,0,0,large::mp-1188220::reference,2.82197236828506
strict,large,large::mp-1195265::conventional_standard,mp-1195265,mp-1195265,SiO2,conventional_standard,equivalent_transform,no_noise,1,20,1,0,0,0,large::mp-1195265::reference,12.241239182651043
strict,large,large::mp-1195265::niggli_reduced,mp-1195265,mp-1195265,SiO2,niggli_reduced,equivalent_transform,no_noise,1,20,1,0,0,0,large::mp-1195265::reference,8.94626897200942
strict,large,large::mp-1195265::origin_shifted,mp-1195265,mp-1195265,SiO2,origin_shifted,equivalent_transform,no_noise,1,20,1,0,0,0,large::mp-1195265::reference,9.131615240126848
strict,large,large::mp-1195265::permuted_sites,mp-1195265,mp-1195265,SiO2,permuted_sites,equivalent_transform,no_noise,1,20,1,0,0,0,large::mp-1195265::reference,20.052803065627813
strict,large,large::mp-1195265::combined_noise_0.002A_0.003,mp-1195265,mp-1195265,SiO2,combined_noise_0.002A_0.003,combined_perturbation,noise,1,20,1,0,0,0,large::mp-1195265::reference,9.076332861557603
strict,large,large::mp-1195265::combined_noise_0.015A_0.003,mp-1195265,mp-1195265,SiO2,combined_noise_0.015A_0.003,combined_perturbation,noise,1,20,1,0,0,0,large::mp-1195265::reference,9.110309725627303
strict,large,large::mp-1195265::combined_noise_0.050A_0.003,mp-1195265,mp-1195265,SiO2,combined_noise_0.050A_0.003,combined_perturbation,noise,1,20,1,0,0,0,large::mp-1195265::reference,9.074119908735156
strict,large,large::mp-1195265::combined_noise_0.002A_0.010,mp-1195265,mp-1195265,SiO2,combined_noise_0.002A_0.010,combined_perturbation,noise,1,20,1,0,0,0,large::mp-1195265::reference,9.227460591122508
strict,large,large::mp-1195265::combined_noise_0.015A_0.010,mp-1195265,mp-1195265,SiO2,combined_noise_0.015A_0.010,combined_perturbation,noise,1,20,1,0,0,0,large::mp-1195265::reference,8.570990782231092
strict,large,large::mp-1195265::combined_noise_0.050A_0.010,mp-1195265,mp-1195265,SiO2,combined_noise_0.050A_0.010,combined_perturbation,noise,1,20,1,0,0,0,large::mp-1195265::reference,9.089310167357326
strict,large,large::mp-1195265::combined_noise_0.002A_0.030,mp-1195265,mp-1195265,SiO2,combined_noise_0.002A_0.030,combined_perturbation,noise,1,20,1,0,0,0,large::mp-1195265::reference,9.126605490222573
strict,large,large::mp-1195265::combined_noise_0.015A_0.030,mp-1195265,mp-1195265,SiO2,combined_noise_0.015A_0.030,combined_perturbation,noise,1,20,1,0,0,0,large::mp-1195265::reference,8.959737367928028
strict,large,large::mp-1195265::combined_noise_0.050A_0.030,mp-1195265,mp-1195265,SiO2,combined_noise_0.050A_0.030,combined_perturbation,noise,1,20,1,0,0,0,large::mp-1195265::reference,9.107925962656736
strict,large,large::mp-1199998::conventional_standard,mp-1199998,mp-1199998,SiO2,conventional_standard,equivalent_transform,no_noise,1,20,1,0,0,0,large::mp-1199998::reference,5.588835107162595
strict,large,large::mp-1199998::niggli_reduced,mp-1199998,mp-1199998,SiO2,niggli_reduced,equivalent_transform,no_noise,1,20,1,0,0,0,large::mp-1199998::reference,2.8320816438645124
strict,large,large::mp-1199998::origin_shifted,mp-1199998,mp-1199998,SiO2,origin_shifted,equivalent_transform,no_noise,1,20,1,0,0,0,large::mp-1199998::reference,2.849203310906887
strict,large,large::mp-1199998::permuted_sites,mp-1199998,mp-1199998,SiO2,permuted_sites,equivalent_transform,no_noise,1,20,1,0,0,0,large::mp-1199998::reference,4.592484651133418
strict,large,large::mp-1199998::combined_noise_0.002A_0.003,mp-1199998,mp-1199998,SiO2,combined_noise_0.002A_0.003,combined_perturbation,noise,1,20,1,0,0,0,large::mp-1199998::reference,2.8326018285006285
strict,large,large::mp-1199998::combined_noise_0.015A_0.003,mp-1199998,mp-1199998,SiO2,combined_noise_0.015A_0.003,combined_perturbation,noise,1,20,1,0,0,0,large::mp-1199998::reference,2.8310775235295296
strict,large,large::mp-1199998::combined_noise_0.050A_0.003,mp-1199998,mp-1199998,SiO2,combined_noise_0.050A_0.003,combined_perturbation,noise,1,20,1,0,0,0,large::mp-1199998::reference,2.832530338317156
strict,large,large::mp-1199998::combined_noise_0.002A_0.010,mp-1199998,mp-1199998,SiO2,combined_noise_0.002A_0.010,combined_perturbation,noise,1,20,1,0,0,0,large::mp-1199998::reference,2.9318598676472902
strict,large,large::mp-1199998::combined_noise_0.015A_0.010,mp-1199998,mp-1199998,SiO2,combined_noise_0.015A_0.010,combined_perturbation,noise,1,20,1,0,0,0,large::mp-1199998::reference,2.8311825338751078
strict,large,large::mp-1199998::combined_noise_0.050A_0.010,mp-1199998,mp-1199998,SiO2,combined_noise_0.050A_0.010,combined_perturbation,noise,1,20,1,0,0,0,large::mp-1199998::reference,2.8293215669691563
strict,large,large::mp-1199998::combined_noise_0.002A_0.030,mp-1199998,mp-1199998,SiO2,combined_noise_0.002A_0.030,combined_perturbation,noise,1,20,1,0,0,0,large::mp-1199998::reference,2.8298655301332474
strict,large,large::mp-1199998::combined_noise_0.015A_0.030,mp-1199998,mp-1199998,SiO2,combined_noise_0.015A_0.030,combined_perturbation,noise,1,20,1,0,0,0,large::mp-1199998::reference,2.8327742591500282
strict,large,large::mp-1199998::combined_noise_0.050A_0.030,mp-1199998,mp-1199998,SiO2,combined_noise_0.050A_0.030,combined_perturbation,noise,1,20,1,0,0,0,large::mp-1199998::reference,2.8341673612594604
strict,large,large::mp-1200292::conventional_standard,mp-1200292,mp-1200292,SiO2,conventional_standard,equivalent_transform,no_noise,1,20,1,0,0,0,large::mp-1200292::reference,11.001311499625444
strict,large,large::mp-1200292::niggli_reduced,mp-1200292,mp-1200292,SiO2,niggli_reduced,equivalent_transform,no_noise,1,20,1,0,0,0,large::mp-1200292::reference,9.556180400773883
strict,large,large::mp-1200292::origin_shifted,mp-1200292,mp-1200292,SiO2,origin_shifted,equivalent_transform,no_noise,1,20,1,0,0,0,large::mp-1200292::reference,9.305404786020517
strict,large,large::mp-1200292::permuted_sites,mp-1200292,mp-1200292,SiO2,permuted_sites,equivalent_transform,no_noise,1,20,1,0,0,0,large::mp-1200292::reference,33.12994966842234
strict,large,large::mp-1200292::combined_noise_0.002A_0.003,mp-1200292,mp-1200292,SiO2,combined_noise_0.002A_0.003,combined_perturbation,noise,1,20,1,0,0,0,large::mp-1200292::reference,9.594591245055199
strict,large,large::mp-1200292::combined_noise_0.015A_0.003,mp-1200292,mp-1200292,SiO2,combined_noise_0.015A_0.003,combined_perturbation,noise,1,20,1,0,0,0,large::mp-1200292::reference,9.57301090657711
strict,large,large::mp-1200292::combined_noise_0.050A_0.003,mp-1200292,mp-1200292,SiO2,combined_noise_0.050A_0.003,combined_perturbation,noise,1,20,1,0,0,0,large::mp-1200292::reference,9.579218827188015
strict,large,large::mp-1200292::combined_noise_0.002A_0.010,mp-1200292,mp-1200292,SiO2,combined_noise_0.002A_0.010,combined_perturbation,noise,1,20,1,0,0,0,large::mp-1200292::reference,9.770692503079772
strict,large,large::mp-1200292::combined_noise_0.015A_0.010,mp-1200292,mp-1200292,SiO2,combined_noise_0.015A_0.010,combined_perturbation,noise,1,20,1,0,0,0,large::mp-1200292::reference,9.677704896777868
strict,large,large::mp-1200292::combined_noise_0.050A_0.010,mp-1200292,mp-1200292,SiO2,combined_noise_0.050A_0.010,combined_perturbation,noise,1,20,1,0,0,0,large::mp-1200292::reference,9.579532757401466
strict,large,large::mp-1200292::combined_noise_0.002A_0.030,mp-1200292,mp-1200292,SiO2,combined_noise_0.002A_0.030,combined_perturbation,noise,1,20,1,0,0,0,large::mp-1200292::reference,9.216267885640264
strict,large,large::mp-1200292::combined_noise_0.015A_0.030,mp-1200292,mp-1200292,SiO2,combined_noise_0.015A_0.030,combined_perturbation,noise,1,20,1,0,0,0,large::mp-1200292::reference,9.701933443546295
strict,large,large::mp-1200292::combined_noise_0.050A_0.030,mp-1200292,mp-1200292,SiO2,combined_noise_0.050A_0.030,combined_perturbation,noise,1,20,1,0,0,0,large::mp-1200292::reference,9.617969183251262
strict,large,large::mp-1200685::conventional_standard,mp-1200685,mp-1200685,SiO2,conventional_standard,equivalent_transform,no_noise,1,20,1,0,0,0,large::mp-1200685::reference,3.0621571708470583
strict,large,large::mp-1200685::niggli_reduced,mp-1200685,mp-1200685,SiO2,niggli_reduced,equivalent_transform,no_noise,1,20,1,0,0,0,large::mp-1200685::reference,3.868856769055128
strict,large,large::mp-1200685::origin_shifted,mp-1200685,mp-1200685,SiO2,origin_shifted,equivalent_transform,no_noise,1,20,1,0,0,0,large::mp-1200685::reference,3.898516822606325
strict,large,large::mp-1200685::permuted_sites,mp-1200685,mp-1200685,SiO2,permuted_sites,equivalent_transform,no_noise,1,20,1,0,0,0,large::mp-1200685::reference,6.671239212155342
strict,large,large::mp-1200685::combined_noise_0.002A_0.003,mp-1200685,mp-1200685,SiO2,combined_noise_0.002A_0.003,combined_perturbation,noise,1,20,1,0,0,0,large::mp-1200685::reference,3.870065450668335
strict,large,large::mp-1200685::combined_noise_0.015A_0.003,mp-1200685,mp-1200685,SiO2,combined_noise_0.015A_0.003,combined_perturbation,noise,1,20,1,0,0,0,large::mp-1200685::reference,3.975582480430603
strict,large,large::mp-1200685::combined_noise_0.050A_0.003,mp-1200685,mp-1200685,SiO2,combined_noise_0.050A_0.003,combined_perturbation,noise,1,20,1,0,0,0,large::mp-1200685::reference,3.97295711748302
strict,large,large::mp-1200685::combined_noise_0.002A_0.010,mp-1200685,mp-1200685,SiO2,combined_noise_0.002A_0.010,combined_perturbation,noise,1,20,1,0,0,0,large::mp-1200685::reference,4.120219245553017
strict,large,large::mp-1200685::combined_noise_0.015A_0.010,mp-1200685,mp-1200685,SiO2,combined_noise_0.015A_0.010,combined_perturbation,noise,1,20,1,0,0,0,large::mp-1200685::reference,3.993759287521243
strict,large,large::mp-1200685::combined_noise_0.050A_0.010,mp-1200685,mp-1200685,SiO2,combined_noise_0.050A_0.010,combined_perturbation,noise,1,20,1,0,0,0,large::mp-1200685::reference,4.3511749766767025
strict,large,large::mp-1200685::combined_noise_0.002A_0.030,mp-1200685,mp-1200685,SiO2,combined_noise_0.002A_0.030,combined_perturbation,noise,0,20,0,0,0,1,,3.8824899047613144
strict,large,large::mp-1200685::combined_noise_0.015A_0.030,mp-1200685,mp-1200685,SiO2,combined_noise_0.015A_0.030,combined_perturbation,noise,1,20,1,0,0,0,large::mp-1200685::reference,3.983348745852709
strict,large,large::mp-1200685::combined_noise_0.050A_0.030,mp-1200685,mp-1200685,SiO2,combined_noise_0.050A_0.030,combined_perturbation,noise,0,20,0,0,0,1,,3.9780909158289433
strict,large,large::mp-1201738::conventional_standard,mp-1201738,mp-1201738,SiO2,conventional_standard,equivalent_transform,no_noise,1,20,1,0,0,0,large::mp-1201738::reference,3.1062730439007282
strict,large,large::mp-1201738::niggli_reduced,mp-1201738,mp-1201738,SiO2,niggli_reduced,equivalent_transform,no_noise,1,20,1,0,0,0,large::mp-1201738::reference,5.054840140044689
strict,large,large::mp-1201738::origin_shifted,mp-1201738,mp-1201738,SiO2,origin_shifted,equivalent_transform,no_noise,1,20,1,0,0,0,large::mp-1201738::reference,5.096797050908208
strict,large,large::mp-1201738::permuted_sites,mp-1201738,mp-1201738,SiO2,permuted_sites,equivalent_transform,no_noise,1,20,1,0,0,0,large::mp-1201738::reference,10.004578044638038
strict,large,large::mp-1201738::combined_noise_0.002A_0.003,mp-1201738,mp-1201738,SiO2,combined_noise_0.002A_0.003,combined_perturbation,noise,1,20,1,0,0,0,large::mp-1201738::reference,5.054709570482373
strict,large,large::mp-1201738::combined_noise_0.015A_0.003,mp-1201738,mp-1201738,SiO2,combined_noise_0.015A_0.003,combined_perturbation,noise,1,20,1,0,0,0,large::mp-1201738::reference,5.067766332998872
strict,large,large::mp-1201738::combined_noise_0.050A_0.003,mp-1201738,mp-1201738,SiO2,combined_noise_0.050A_0.003,combined_perturbation,noise,1,20,1,0,0,0,large::mp-1201738::reference,5.601629953831434
strict,large,large::mp-1201738::combined_noise_0.002A_0.010,mp-1201738,mp-1201738,SiO2,combined_noise_0.002A_0.010,combined_perturbation,noise,1,20,1,0,0,0,large::mp-1201738::reference,5.155366187915206
strict,large,large::mp-1201738::combined_noise_0.015A_0.010,mp-1201738,mp-1201738,SiO2,combined_noise_0.015A_0.010,combined_perturbation,noise,1,20,1,0,0,0,large::mp-1201738::reference,5.059807496145368
strict,large,large::mp-1201738::combined_noise_0.050A_0.010,mp-1201738,mp-1201738,SiO2,combined_noise_0.050A_0.010,combined_perturbation,noise,1,20,1,0,0,0,large::mp-1201738::reference,5.218360550701618
strict,large,large::mp-1201738::combined_noise_0.002A_0.030,mp-1201738,mp-1201738,SiO2,combined_noise_0.002A_0.030,combined_perturbation,noise,1,20,1,0,0,0,large::mp-1201738::reference,5.037545977160335
strict,large,large::mp-1201738::combined_noise_0.015A_0.030,mp-1201738,mp-1201738,SiO2,combined_noise_0.015A_0.030,combined_perturbation,noise,1,20,1,0,0,0,large::mp-1201738::reference,5.060941299423575
strict,large,large::mp-1201738::combined_noise_0.050A_0.030,mp-1201738,mp-1201738,SiO2,combined_noise_0.050A_0.030,combined_perturbation,noise,0,20,0,0,0,1,,5.175547108054161
strict,large,large::mp-1201887::conventional_standard,mp-1201887,mp-1201887,SiO2,conventional_standard,equivalent_transform,no_noise,1,20,1,0,0,0,large::mp-1201887::reference,2.807077243924141
strict,large,large::mp-1201887::niggli_reduced,mp-1201887,mp-1201887,SiO2,niggli_reduced,equivalent_transform,no_noise,1,20,1,0,0,0,large::mp-1201887::reference,3.9196636360138655
strict,large,large::mp-1201887::origin_shifted,mp-1201887,mp-1201887,SiO2,origin_shifted,equivalent_transform,no_noise,1,20,1,0,0,0,large::mp-1201887::reference,3.954056875780225
strict,large,large::mp-1201887::permuted_sites,mp-1201887,mp-1201887,SiO2,permuted_sites,equivalent_transform,no_noise,1,20,1,0,0,0,large::mp-1201887::reference,6.729542627930641
strict,large,large::mp-1201887::combined_noise_0.002A_0.003,mp-1201887,mp-1201887,SiO2,combined_noise_0.002A_0.003,combined_perturbation,noise,1,20,1,0,0,0,large::mp-1201887::reference,3.922345481812954
strict,large,large::mp-1201887::combined_noise_0.015A_0.003,mp-1201887,mp-1201887,SiO2,combined_noise_0.015A_0.003,combined_perturbation,noise,1,20,1,0,0,0,large::mp-1201887::reference,3.929344417527318
strict,large,large::mp-1201887::combined_noise_0.050A_0.003,mp-1201887,mp-1201887,SiO2,combined_noise_0.050A_0.003,combined_perturbation,noise,1,20,1,0,0,0,large::mp-1201887::reference,4.231659617275
strict,large,large::mp-1201887::combined_noise_0.002A_0.010,mp-1201887,mp-1201887,SiO2,combined_noise_0.002A_0.010,combined_perturbation,noise,1,20,1,0,0,0,large::mp-1201887::reference,4.3064897153526545
strict,large,large::mp-1201887::combined_noise_0.015A_0.010,mp-1201887,mp-1201887,SiO2,combined_noise_0.015A_0.010,combined_perturbation,noise,1,20,1,0,0,0,large::mp-1201887::reference,3.929571356624365
strict,large,large::mp-1201887::combined_noise_0.050A_0.010,mp-1201887,mp-1201887,SiO2,combined_noise_0.050A_0.010,combined_perturbation,noise,1,20,1,0,0,0,large::mp-1201887::reference,4.0487392488867044
strict,large,large::mp-1201887::combined_noise_0.002A_0.030,mp-1201887,mp-1201887,SiO2,combined_noise_0.002A_0.030,combined_perturbation,noise,1,20,1,0,0,0,large::mp-1201887::reference,3.9291063752025366
strict,large,large::mp-1201887::combined_noise_0.015A_0.030,mp-1201887,mp-1201887,SiO2,combined_noise_0.015A_0.030,combined_perturbation,noise,1,20,1,0,0,0,large::mp-1201887::reference,3.929938258603215
strict,large,large::mp-1201887::combined_noise_0.050A_0.030,mp-1201887,mp-1201887,SiO2,combined_noise_0.050A_0.030,combined_perturbation,noise,0,20,0,0,0,1,,3.9714125972241163
strict,large,large::mp-1203655::conventional_standard,mp-1203655,mp-1203655,SiO2,conventional_standard,equivalent_transform,no_noise,1,20,1,0,0,0,large::mp-1203655::reference,3.9926851131021976
strict,large,large::mp-1203655::niggli_reduced,mp-1203655,mp-1203655,SiO2,niggli_reduced,equivalent_transform,no_noise,1,20,1,0,0,0,large::mp-1203655::reference,3.972281778231263
strict,large,large::mp-1203655::origin_shifted,mp-1203655,mp-1203655,SiO2,origin_shifted,equivalent_transform,no_noise,1,20,1,0,0,0,large::mp-1203655::reference,4.021831512451172
strict,large,large::mp-1203655::permuted_sites,mp-1203655,mp-1203655,SiO2,permuted_sites,equivalent_transform,no_noise,1,20,1,0,0,0,large::mp-1203655::reference,6.782540578395128
strict,large,large::mp-1203655::combined_noise_0.002A_0.003,mp-1203655,mp-1203655,SiO2,combined_noise_0.002A_0.003,combined_perturbation,noise,1,20,1,0,0,0,large::mp-1203655::reference,3.9638356920331717
strict,large,large::mp-1203655::combined_noise_0.015A_0.003,mp-1203655,mp-1203655,SiO2,combined_noise_0.015A_0.003,combined_perturbation,noise,1,20,1,0,0,0,large::mp-1203655::reference,4.3511365335434675
strict,large,large::mp-1203655::combined_noise_0.050A_0.003,mp-1203655,mp-1203655,SiO2,combined_noise_0.050A_0.003,combined_perturbation,noise,1,20,1,0,0,0,large::mp-1203655::reference,4.102495484054089
strict,large,large::mp-1203655::combined_noise_0.002A_0.010,mp-1203655,mp-1203655,SiO2,combined_noise_0.002A_0.010,combined_perturbation,noise,1,20,1,0,0,0,large::mp-1203655::reference,3.968596139922738
strict,large,large::mp-1203655::combined_noise_0.015A_0.010,mp-1203655,mp-1203655,SiO2,combined_noise_0.015A_0.010,combined_perturbation,noise,1,20,1,0,0,0,large::mp-1203655::reference,3.95461343228817
strict,large,large::mp-1203655::combined_noise_0.050A_0.010,mp-1203655,mp-1203655,SiO2,combined_noise_0.050A_0.010,combined_perturbation,noise,1,20,1,0,0,0,large::mp-1203655::reference,3.9763921853154898
strict,large,large::mp-1203655::combined_noise_0.002A_0.030,mp-1203655,mp-1203655,SiO2,combined_noise_0.002A_0.030,combined_perturbation,noise,1,20,1,0,0,0,large::mp-1203655::reference,3.9712894670665264
strict,large,large::mp-1203655::combined_noise_0.015A_0.030,mp-1203655,mp-1203655,SiO2,combined_noise_0.015A_0.030,combined_perturbation,noise,1,20,1,0,0,0,large::mp-1203655::reference,4.046249371021986
strict,large,large::mp-1203655::combined_noise_0.050A_0.030,mp-1203655,mp-1203655,SiO2,combined_noise_0.050A_0.030,combined_perturbation,noise,1,20,1,0,0,0,large::mp-1203655::reference,4.0143952909857035
strict,large,large::mp-1204026::conventional_standard,mp-1204026,mp-1204026,SiO2,conventional_standard,equivalent_transform,no_noise,1,20,1,0,0,0,large::mp-1204026::reference,8.977011390030384
strict,large,large::mp-1204026::niggli_reduced,mp-1204026,mp-1204026,SiO2,niggli_reduced,equivalent_transform,no_noise,1,20,1,0,0,0,large::mp-1204026::reference,4.224248485639691
strict,large,large::mp-1204026::origin_shifted,mp-1204026,mp-1204026,SiO2,origin_shifted,equivalent_transform,no_noise,1,20,1,0,0,0,large::mp-1204026::reference,4.244902037084103
strict,large,large::mp-1204026::permuted_sites,mp-1204026,mp-1204026,SiO2,permuted_sites,equivalent_transform,no_noise,1,20,1,0,0,0,large::mp-1204026::reference,7.031125450506806
strict,large,large::mp-1204026::combined_noise_0.002A_0.003,mp-1204026,mp-1204026,SiO2,combined_noise_0.002A_0.003,combined_perturbation,noise,1,20,1,0,0,0,large::mp-1204026::reference,4.6725968308746815
strict,large,large::mp-1204026::combined_noise_0.015A_0.003,mp-1204026,mp-1204026,SiO2,combined_noise_0.015A_0.003,combined_perturbation,noise,1,20,1,0,0,0,large::mp-1204026::reference,4.125894207507372
strict,large,large::mp-1204026::combined_noise_0.050A_0.003,mp-1204026,mp-1204026,SiO2,combined_noise_0.050A_0.003,combined_perturbation,noise,1,20,1,0,0,0,large::mp-1204026::reference,4.134139550849795
strict,large,large::mp-1204026::combined_noise_0.002A_0.010,mp-1204026,mp-1204026,SiO2,combined_noise_0.002A_0.010,combined_perturbation,noise,1,20,1,0,0,0,large::mp-1204026::reference,4.094767805188894
strict,large,large::mp-1204026::combined_noise_0.015A_0.010,mp-1204026,mp-1204026,SiO2,combined_noise_0.015A_0.010,combined_perturbation,noise,1,20,1,0,0,0,large::mp-1204026::reference,4.140462655574083
strict,large,large::mp-1204026::combined_noise_0.050A_0.010,mp-1204026,mp-1204026,SiO2,combined_noise_0.050A_0.010,combined_perturbation,noise,1,20,1,0,0,0,large::mp-1204026::reference,4.525993917137384
strict,large,large::mp-1204026::combined_noise_0.002A_0.030,mp-1204026,mp-1204026,SiO2,combined_noise_0.002A_0.030,combined_perturbation,noise,0,20,0,0,0,1,,4.043461179360747
strict,large,large::mp-1204026::combined_noise_0.015A_0.030,mp-1204026,mp-1204026,SiO2,combined_noise_0.015A_0.030,combined_perturbation,noise,0,20,0,0,0,1,,4.017510037869215
strict,large,large::mp-1204026::combined_noise_0.050A_0.030,mp-1204026,mp-1204026,SiO2,combined_noise_0.050A_0.030,combined_perturbation,noise,1,20,1,0,0,0,large::mp-1204026::reference,4.107833253219724
strict,large,large::mp-1204057::conventional_standard,mp-1204057,mp-1204057,SiO2,conventional_standard,equivalent_transform,no_noise,1,20,1,0,0,0,large::mp-1204057::reference,12.199250416830182
strict,large,large::mp-1204057::niggli_reduced,mp-1204057,mp-1204057,SiO2,niggli_reduced,equivalent_transform,no_noise,1,20,1,0,0,0,large::mp-1204057::reference,18.739101212471724
strict,large,large::mp-1204057::origin_shifted,mp-1204057,mp-1204057,SiO2,origin_shifted,equivalent_transform,no_noise,1,20,1,0,0,0,large::mp-1204057::reference,6.086982531473041
strict,large,large::mp-1204057::permuted_sites,mp-1204057,mp-1204057,SiO2,permuted_sites,equivalent_transform,no_noise,1,20,1,0,0,0,large::mp-1204057::reference,24.596219340339303
strict,large,large::mp-1204057::combined_noise_0.002A_0.003,mp-1204057,mp-1204057,SiO2,combined_noise_0.002A_0.003,combined_perturbation,noise,1,20,1,0,0,0,large::mp-1204057::reference,6.462711213156581
strict,large,large::mp-1204057::combined_noise_0.015A_0.003,mp-1204057,mp-1204057,SiO2,combined_noise_0.015A_0.003,combined_perturbation,noise,1,20,1,0,0,0,large::mp-1204057::reference,5.975839080289006
strict,large,large::mp-1204057::combined_noise_0.050A_0.003,mp-1204057,mp-1204057,SiO2,combined_noise_0.050A_0.003,combined_perturbation,noise,1,20,1,0,0,0,large::mp-1204057::reference,6.3908076994121075
strict,large,large::mp-1204057::combined_noise_0.002A_0.010,mp-1204057,mp-1204057,SiO2,combined_noise_0.002A_0.010,combined_perturbation,noise,1,20,1,0,0,0,large::mp-1204057::reference,5.9943337347358465
strict,large,large::mp-1204057::combined_noise_0.015A_0.010,mp-1204057,mp-1204057,SiO2,combined_noise_0.015A_0.010,combined_perturbation,noise,1,20,1,0,0,0,large::mp-1204057::reference,5.974643899127841
strict,large,large::mp-1204057::combined_noise_0.050A_0.010,mp-1204057,mp-1204057,SiO2,combined_noise_0.050A_0.010,combined_perturbation,noise,1,20,1,0,0,0,large::mp-1204057::reference,6.3783680107444525
strict,large,large::mp-1204057::combined_noise_0.002A_0.030,mp-1204057,mp-1204057,SiO2,combined_noise_0.002A_0.030,combined_perturbation,noise,1,20,1,0,0,0,large::mp-1204057::reference,5.995869847014546
strict,large,large::mp-1204057::combined_noise_0.015A_0.030,mp-1204057,mp-1204057,SiO2,combined_noise_0.015A_0.030,combined_perturbation,noise,1,20,1,0,0,0,large::mp-1204057::reference,5.9229391142725945
strict,large,large::mp-1204057::combined_noise_0.050A_0.030,mp-1204057,mp-1204057,SiO2,combined_noise_0.050A_0.030,combined_perturbation,noise,1,20,1,0,0,0,large::mp-1204057::reference,6.32707923091948
strict,large,large::mp-1008677::conventional_standard,mp-1008677,mp-1008677,TiO2,conventional_standard,equivalent_transform,no_noise,1,20,1,0,0,0,large::mp-1008677::reference,0.66376699693501
strict,large,large::mp-1008677::niggli_reduced,mp-1008677,mp-1008677,TiO2,niggli_reduced,equivalent_transform,no_noise,1,20,1,0,0,0,large::mp-1008677::reference,2.208528997376561
strict,large,large::mp-1008677::origin_shifted,mp-1008677,mp-1008677,TiO2,origin_shifted,equivalent_transform,no_noise,1,20,1,0,0,0,large::mp-1008677::reference,2.227834915742278
strict,large,large::mp-1008677::permuted_sites,mp-1008677,mp-1008677,TiO2,permuted_sites,equivalent_transform,no_noise,1,20,1,0,0,0,large::mp-1008677::reference,3.805555956438184
strict,large,large::mp-1008677::combined_noise_0.002A_0.003,mp-1008677,mp-1008677,TiO2,combined_noise_0.002A_0.003,combined_perturbation,noise,1,20,1,0,0,0,large::mp-1008677::reference,2.2847250886261463
strict,large,large::mp-1008677::combined_noise_0.015A_0.003,mp-1008677,mp-1008677,TiO2,combined_noise_0.015A_0.003,combined_perturbation,noise,1,20,1,0,0,0,large::mp-1008677::reference,2.2081392258405685
strict,large,large::mp-1008677::combined_noise_0.050A_0.003,mp-1008677,mp-1008677,TiO2,combined_noise_0.050A_0.003,combined_perturbation,noise,1,20,1,0,0,0,large::mp-1008677::reference,2.217663625255227
strict,large,large::mp-1008677::combined_noise_0.002A_0.010,mp-1008677,mp-1008677,TiO2,combined_noise_0.002A_0.010,combined_perturbation,noise,1,20,1,0,0,0,large::mp-1008677::reference,2.2005912102758884
strict,large,large::mp-1008677::combined_noise_0.015A_0.010,mp-1008677,mp-1008677,TiO2,combined_noise_0.015A_0.010,combined_perturbation,noise,1,20,1,0,0,0,large::mp-1008677::reference,2.2114354725927114
strict,large,large::mp-1008677::combined_noise_0.050A_0.010,mp-1008677,mp-1008677,TiO2,combined_noise_0.050A_0.010,combined_perturbation,noise,1,20,1,0,0,0,large::mp-1008677::reference,2.1736091766506433
strict,large,large::mp-1008677::combined_noise_0.002A_0.030,mp-1008677,mp-1008677,TiO2,combined_noise_0.002A_0.030,combined_perturbation,noise,0,20,0,0,0,1,,2.2121059242635965
strict,large,large::mp-1008677::combined_noise_0.015A_0.030,mp-1008677,mp-1008677,TiO2,combined_noise_0.015A_0.030,combined_perturbation,noise,1,20,1,0,0,0,large::mp-1008677::reference,2.2132966369390488
strict,large,large::mp-1008677::combined_noise_0.050A_0.030,mp-1008677,mp-1008677,TiO2,combined_noise_0.050A_0.030,combined_perturbation,noise,0,20,0,0,0,1,,2.1638655606657267
strict,large,large::mp-1041565::conventional_standard,mp-1041565,mp-1041565,TiO2,conventional_standard,equivalent_transform,no_noise,1,20,1,0,0,0,large::mp-1041565::reference,1.3697893433272839
strict,large,large::mp-1041565::niggli_reduced,mp-1041565,mp-1041565,TiO2,niggli_reduced,equivalent_transform,no_noise,1,20,1,0,0,0,large::mp-1041565::reference,2.1797872595489025
strict,large,large::mp-1041565::origin_shifted,mp-1041565,mp-1041565,TiO2,origin_shifted,equivalent_transform,no_noise,1,20,1,0,0,0,large::mp-1041565::reference,2.2044884879142046
strict,large,large::mp-1041565::permuted_sites,mp-1041565,mp-1041565,TiO2,permuted_sites,equivalent_transform,no_noise,1,20,1,0,0,0,large::mp-1041565::reference,3.7809935100376606
strict,large,large::mp-1041565::combined_noise_0.002A_0.003,mp-1041565,mp-1041565,TiO2,combined_noise_0.002A_0.003,combined_perturbation,noise,1,20,1,0,0,0,large::mp-1041565::reference,2.251731401309371
strict,large,large::mp-1041565::combined_noise_0.015A_0.003,mp-1041565,mp-1041565,TiO2,combined_noise_0.015A_0.003,combined_perturbation,noise,1,20,1,0,0,0,large::mp-1041565::reference,2.1811833549290895
strict,large,large::mp-1041565::combined_noise_0.050A_0.003,mp-1041565,mp-1041565,TiO2,combined_noise_0.050A_0.003,combined_perturbation,noise,1,20,1,0,0,0,large::mp-1041565::reference,2.1691640466451645
strict,large,large::mp-1041565::combined_noise_0.002A_0.010,mp-1041565,mp-1041565,TiO2,combined_noise_0.002A_0.010,combined_perturbation,noise,1,20,1,0,0,0,large::mp-1041565::reference,2.1832885667681694
strict,large,large::mp-1041565::combined_noise_0.015A_0.010,mp-1041565,mp-1041565,TiO2,combined_noise_0.015A_0.010,combined_perturbation,noise,1,20,1,0,0,0,large::mp-1041565::reference,2.183288374915719
strict,large,large::mp-1041565::combined_noise_0.050A_0.010,mp-1041565,mp-1041565,TiO2,combined_noise_0.050A_0.010,combined_perturbation,noise,1,20,1,0,0,0,large::mp-1041565::reference,2.176641173660755
strict,large,large::mp-1041565::combined_noise_0.002A_0.030,mp-1041565,mp-1041565,TiO2,combined_noise_0.002A_0.030,combined_perturbation,noise,1,20,1,0,0,0,large::mp-1041565::reference,2.1934463176876307
strict,large,large::mp-1041565::combined_noise_0.015A_0.030,mp-1041565,mp-1041565,TiO2,combined_noise_0.015A_0.030,combined_perturbation,noise,1,20,1,0,0,0,large::mp-1041565::reference,2.1900699492543936
strict,large,large::mp-1041565::combined_noise_0.050A_0.030,mp-1041565,mp-1041565,TiO2,combined_noise_0.050A_0.030,combined_perturbation,noise,0,20,0,0,0,1,,2.1812108121812344
strict,large,large::mp-1044853::conventional_standard,mp-1044853,mp-1044853,TiO2,conventional_standard,equivalent_transform,no_noise,1,20,1,0,0,0,large::mp-1044853::reference,1.4454589504748583
strict,large,large::mp-1044853::niggli_reduced,mp-1044853,mp-1044853,TiO2,niggli_reduced,equivalent_transform,no_noise,1,20,1,0,0,0,large::mp-1044853::reference,2.204400898888707
strict,large,large::mp-1044853::origin_shifted,mp-1044853,mp-1044853,TiO2,origin_shifted,equivalent_transform,no_noise,1,20,1,0,0,0,large::mp-1044853::reference,2.2303088884800673
strict,large,large::mp-1044853::permuted_sites,mp-1044853,mp-1044853,TiO2,permuted_sites,equivalent_transform,no_noise,1,20,1,0,0,0,large::mp-1044853::reference,3.805050987750292
strict,large,large::mp-1044853::combined_noise_0.002A_0.003,mp-1044853,mp-1044853,TiO2,combined_noise_0.002A_0.003,combined_perturbation,noise,1,20,1,0,0,0,large::mp-1044853::reference,2.2804959286004305
strict,large,large::mp-1044853::combined_noise_0.015A_0.003,mp-1044853,mp-1044853,TiO2,combined_noise_0.015A_0.003,combined_perturbation,noise,1,20,1,0,0,0,large::mp-1044853::reference,2.202479764819145
strict,large,large::mp-1044853::combined_noise_0.050A_0.003,mp-1044853,mp-1044853,TiO2,combined_noise_0.050A_0.003,combined_perturbation,noise,1,20,1,0,0,0,large::mp-1044853::reference,2.2809604108333588
strict,large,large::mp-1044853::combined_noise_0.002A_0.010,mp-1044853,mp-1044853,TiO2,combined_noise_0.002A_0.010,combined_perturbation,noise,1,20,1,0,0,0,large::mp-1044853::reference,2.210200499743223
strict,large,large::mp-1044853::combined_noise_0.015A_0.010,mp-1044853,mp-1044853,TiO2,combined_noise_0.015A_0.010,combined_perturbation,noise,1,20,1,0,0,0,large::mp-1044853::reference,2.2073801439255476
strict,large,large::mp-1044853::combined_noise_0.050A_0.010,mp-1044853,mp-1044853,TiO2,combined_noise_0.050A_0.010,combined_perturbation,noise,1,20,1,0,0,0,large::mp-1044853::reference,2.2690064255148172
strict,large,large::mp-1044853::combined_noise_0.002A_0.030,mp-1044853,mp-1044853,TiO2,combined_noise_0.002A_0.030,combined_perturbation,noise,1,20,1,0,0,0,large::mp-1044853::reference,2.181559283286333
strict,large,large::mp-1044853::combined_noise_0.015A_0.030,mp-1044853,mp-1044853,TiO2,combined_noise_0.015A_0.030,combined_perturbation,noise,1,20,1,0,0,0,large::mp-1044853::reference,2.2089848294854164
strict,large,large::mp-1044853::combined_noise_0.050A_0.030,mp-1044853,mp-1044853,TiO2,combined_noise_0.050A_0.030,combined_perturbation,noise,1,20,1,0,0,0,large::mp-1044853::reference,2.2651227973401546
strict,large,large::mp-1079207::conventional_standard,mp-1079207,mp-1079207,TiO2,conventional_standard,equivalent_transform,no_noise,1,20,1,0,0,0,large::mp-1079207::reference,1.318298403173685
strict,large,large::mp-1079207::niggli_reduced,mp-1079207,mp-1079207,TiO2,niggli_reduced,equivalent_transform,no_noise,1,20,1,0,0,0,large::mp-1079207::reference,2.185864018276334
strict,large,large::mp-1079207::origin_shifted,mp-1079207,mp-1079207,TiO2,origin_shifted,equivalent_transform,no_noise,1,20,1,0,0,0,large::mp-1079207::reference,2.2030177544802427
strict,large,large::mp-1079207::permuted_sites,mp-1079207,mp-1079207,TiO2,permuted_sites,equivalent_transform,no_noise,1,20,1,0,0,0,large::mp-1079207::reference,2.4652070831507444
strict,large,large::mp-1079207::combined_noise_0.002A_0.003,mp-1079207,mp-1079207,TiO2,combined_noise_0.002A_0.003,combined_perturbation,noise,1,20,1,0,0,0,large::mp-1079207::reference,2.3994694724678993
strict,large,large::mp-1079207::combined_noise_0.015A_0.003,mp-1079207,mp-1079207,TiO2,combined_noise_0.015A_0.003,combined_perturbation,noise,1,20,1,0,0,0,large::mp-1079207::reference,2.6647044364362955
strict,large,large::mp-1079207::combined_noise_0.050A_0.003,mp-1079207,mp-1079207,TiO2,combined_noise_0.050A_0.003,combined_perturbation,noise,1,20,1,0,0,0,large::mp-1079207::reference,2.260629590600729
strict,large,large::mp-1079207::combined_noise_0.002A_0.010,mp-1079207,mp-1079207,TiO2,combined_noise_0.002A_0.010,combined_perturbation,noise,1,20,1,0,0,0,large::mp-1079207::reference,2.2662868723273277
strict,large,large::mp-1079207::combined_noise_0.015A_0.010,mp-1079207,mp-1079207,TiO2,combined_noise_0.015A_0.010,combined_perturbation,noise,1,20,1,0,0,0,large::mp-1079207::reference,2.265514178201556
strict,large,large::mp-1079207::combined_noise_0.050A_0.010,mp-1079207,mp-1079207,TiO2,combined_noise_0.050A_0.010,combined_perturbation,noise,1,20,1,0,0,0,large::mp-1079207::reference,2.2526480238884687
strict,large,large::mp-1079207::combined_noise_0.002A_0.030,mp-1079207,mp-1079207,TiO2,combined_noise_0.002A_0.030,combined_perturbation,noise,1,20,1,0,0,0,large::mp-1079207::reference,2.259448155760765
strict,large,large::mp-1079207::combined_noise_0.015A_0.030,mp-1079207,mp-1079207,TiO2,combined_noise_0.015A_0.030,combined_perturbation,noise,1,20,1,0,0,0,large::mp-1079207::reference,2.265067460015416
strict,large,large::mp-1079207::combined_noise_0.050A_0.030,mp-1079207,mp-1079207,TiO2,combined_noise_0.050A_0.030,combined_perturbation,noise,0,20,0,0,0,1,,2.256532993167639
strict,large,large::mp-1101022::conventional_standard,mp-1101022,mp-1101022,TiO2,conventional_standard,equivalent_transform,no_noise,1,20,1,0,0,0,large::mp-1101022::reference,1.4310871921479702
strict,large,large::mp-1101022::niggli_reduced,mp-1101022,mp-1101022,TiO2,niggli_reduced,equivalent_transform,no_noise,1,20,1,0,0,0,large::mp-1101022::reference,2.251682111993432
strict,large,large::mp-1101022::origin_shifted,mp-1101022,mp-1101022,TiO2,origin_shifted,equivalent_transform,no_noise,1,20,1,0,0,0,large::mp-1101022::reference,2.272010961547494
strict,large,large::mp-1101022::permuted_sites,mp-1101022,mp-1101022,TiO2,permuted_sites,equivalent_transform,no_noise,1,20,1,0,0,0,large::mp-1101022::reference,3.8506260067224503
strict,large,large::mp-1101022::combined_noise_0.002A_0.003,mp-1101022,mp-1101022,TiO2,combined_noise_0.002A_0.003,combined_perturbation,noise,1,20,1,0,0,0,large::mp-1101022::reference,2.396593976765871
strict,large,large::mp-1101022::combined_noise_0.015A_0.003,mp-1101022,mp-1101022,TiO2,combined_noise_0.015A_0.003,combined_perturbation,noise,1,20,1,0,0,0,large::mp-1101022::reference,2.2564286030828953
strict,large,large::mp-1101022::combined_noise_0.050A_0.003,mp-1101022,mp-1101022,TiO2,combined_noise_0.050A_0.003,combined_perturbation,noise,1,20,1,0,0,0,large::mp-1101022::reference,2.2597035970538855
strict,large,large::mp-1101022::combined_noise_0.002A_0.010,mp-1101022,mp-1101022,TiO2,combined_noise_0.002A_0.010,combined_perturbation,noise,1,20,1,0,0,0,large::mp-1101022::reference,2.2565718721598387
strict,large,large::mp-1101022::combined_noise_0.015A_0.010,mp-1101022,mp-1101022,TiO2,combined_noise_0.015A_0.010,combined_perturbation,noise,1,20,1,0,0,0,large::mp-1101022::reference,2.2532407958060503
strict,large,large::mp-1101022::combined_noise_0.050A_0.010,mp-1101022,mp-1101022,TiO2,combined_noise_0.050A_0.010,combined_perturbation,noise,1,20,1,0,0,0,large::mp-1101022::reference,2.2603273298591375
strict,large,large::mp-1101022::combined_noise_0.002A_0.030,mp-1101022,mp-1101022,TiO2,combined_noise_0.002A_0.030,combined_perturbation,noise,1,20,1,0,0,0,large::mp-1101022::reference,2.2613610327243805
strict,large,large::mp-1101022::combined_noise_0.015A_0.030,mp-1101022,mp-1101022,TiO2,combined_noise_0.015A_0.030,combined_perturbation,noise,1,20,1,0,0,0,large::mp-1101022::reference,2.2593862172216177
strict,large,large::mp-1101022::combined_noise_0.050A_0.030,mp-1101022,mp-1101022,TiO2,combined_noise_0.050A_0.030,combined_perturbation,noise,0,20,0,0,0,1,,2.2701383884996176
strict,large,large::mp-1102255::conventional_standard,mp-1102255,mp-1102255,TiO2,conventional_standard,equivalent_transform,no_noise,1,20,1,0,0,0,large::mp-1102255::reference,1.3931148685514927
strict,large,large::mp-1102255::niggli_reduced,mp-1102255,mp-1102255,TiO2,niggli_reduced,equivalent_transform,no_noise,1,20,1,0,0,0,large::mp-1102255::reference,2.257367441430688
strict,large,large::mp-1102255::origin_shifted,mp-1102255,mp-1102255,TiO2,origin_shifted,equivalent_transform,no_noise,1,20,1,0,0,0,large::mp-1102255::reference,2.2805947177112103
strict,large,large::mp-1102255::permuted_sites,mp-1102255,mp-1102255,TiO2,permuted_sites,equivalent_transform,no_noise,1,20,1,0,0,0,large::mp-1102255::reference,3.870339423418045
strict,large,large::mp-1102255::combined_noise_0.002A_0.003,mp-1102255,mp-1102255,TiO2,combined_noise_0.002A_0.003,combined_perturbation,noise,1,20,1,0,0,0,large::mp-1102255::reference,2.3525334987789392
strict,large,large::mp-1102255::combined_noise_0.015A_0.003,mp-1102255,mp-1102255,TiO2,combined_noise_0.015A_0.003,combined_perturbation,noise,1,20,1,0,0,0,large::mp-1102255::reference,2.2630854956805706
strict,large,large::mp-1102255::combined_noise_0.050A_0.003,mp-1102255,mp-1102255,TiO2,combined_noise_0.050A_0.003,combined_perturbation,noise,1,20,1,0,0,0,large::mp-1102255::reference,2.263582257553935
strict,large,large::mp-1102255::combined_noise_0.002A_0.010,mp-1102255,mp-1102255,TiO2,combined_noise_0.002A_0.010,combined_perturbation,noise,1,20,1,0,0,0,large::mp-1102255::reference,2.26303225569427
strict,large,large::mp-1102255::combined_noise_0.015A_0.010,mp-1102255,mp-1102255,TiO2,combined_noise_0.015A_0.010,combined_perturbation,noise,1,20,1,0,0,0,large::mp-1102255::reference,2.25705449283123
strict,large,large::mp-1102255::combined_noise_0.050A_0.010,mp-1102255,mp-1102255,TiO2,combined_noise_0.050A_0.010,combined_perturbation,noise,1,20,1,0,0,0,large::mp-1102255::reference,2.2592228055000305
strict,large,large::mp-1102255::combined_noise_0.002A_0.030,mp-1102255,mp-1102255,TiO2,combined_noise_0.002A_0.030,combined_perturbation,noise,1,20,1,0,0,0,large::mp-1102255::reference,2.2684205938130617
strict,large,large::mp-1102255::combined_noise_0.015A_0.030,mp-1102255,mp-1102255,TiO2,combined_noise_0.015A_0.030,combined_perturbation,noise,1,20,1,0,0,0,large::mp-1102255::reference,2.2666219733655453
strict,large,large::mp-1102255::combined_noise_0.050A_0.030,mp-1102255,mp-1102255,TiO2,combined_noise_0.050A_0.030,combined_perturbation,noise,1,20,1,0,0,0,large::mp-1102255::reference,2.2576208598911762
strict,large,large::mp-1102591::conventional_standard,mp-1102591,mp-1102591,TiO2,conventional_standard,equivalent_transform,no_noise,1,20,1,0,0,0,large::mp-1102591::reference,1.4199320245534182
strict,large,large::mp-1102591::niggli_reduced,mp-1102591,mp-1102591,TiO2,niggli_reduced,equivalent_transform,no_noise,1,20,1,0,0,0,large::mp-1102591::reference,2.28333449549973
strict,large,large::mp-1102591::origin_shifted,mp-1102591,mp-1102591,TiO2,origin_shifted,equivalent_transform,no_noise,1,20,1,0,0,0,large::mp-1102591::reference,2.3049823865294456
strict,large,large::mp-1102591::permuted_sites,mp-1102591,mp-1102591,TiO2,permuted_sites,equivalent_transform,no_noise,1,20,1,0,0,0,large::mp-1102591::reference,3.883290685713291
strict,large,large::mp-1102591::combined_noise_0.002A_0.003,mp-1102591,mp-1102591,TiO2,combined_noise_0.002A_0.003,combined_perturbation,noise,1,20,1,0,0,0,large::mp-1102591::reference,2.3738449309021235
strict,large,large::mp-1102591::combined_noise_0.015A_0.003,mp-1102591,mp-1102591,TiO2,combined_noise_0.015A_0.003,combined_perturbation,noise,1,20,1,0,0,0,large::mp-1102591::reference,2.2875916939228773
strict,large,large::mp-1102591::combined_noise_0.050A_0.003,mp-1102591,mp-1102591,TiO2,combined_noise_0.050A_0.003,combined_perturbation,noise,1,20,1,0,0,0,large::mp-1102591::reference,2.287751004099846
strict,large,large::mp-1102591::combined_noise_0.002A_0.010,mp-1102591,mp-1102591,TiO2,combined_noise_0.002A_0.010,combined_perturbation,noise,1,20,1,0,0,0,large::mp-1102591::reference,2.2828709837049246
strict,large,large::mp-1102591::combined_noise_0.015A_0.010,mp-1102591,mp-1102591,TiO2,combined_noise_0.015A_0.010,combined_perturbation,noise,1,20,1,0,0,0,large::mp-1102591::reference,2.286741402000189
strict,large,large::mp-1102591::combined_noise_0.050A_0.010,mp-1102591,mp-1102591,TiO2,combined_noise_0.050A_0.010,combined_perturbation,noise,1,20,1,0,0,0,large::mp-1102591::reference,2.288263564929366
strict,large,large::mp-1102591::combined_noise_0.002A_0.030,mp-1102591,mp-1102591,TiO2,combined_noise_0.002A_0.030,combined_perturbation,noise,1,20,1,0,0,0,large::mp-1102591::reference,2.276212712749839
strict,large,large::mp-1102591::combined_noise_0.015A_0.030,mp-1102591,mp-1102591,TiO2,combined_noise_0.015A_0.030,combined_perturbation,noise,1,20,1,0,0,0,large::mp-1102591::reference,2.2879270035773516
strict,large,large::mp-1102591::combined_noise_0.050A_0.030,mp-1102591,mp-1102591,TiO2,combined_noise_0.050A_0.030,combined_perturbation,noise,1,20,1,0,0,0,large::mp-1102591::reference,2.279320364817977
strict,large,large::mp-1190753::conventional_standard,mp-1190753,mp-1190753,TiO2,conventional_standard,equivalent_transform,no_noise,1,20,1,0,0,0,large::mp-1190753::reference,1.4505279958248138
strict,large,large::mp-1190753::niggli_reduced,mp-1190753,mp-1190753,TiO2,niggli_reduced,equivalent_transform,no_noise,1,20,1,0,0,0,large::mp-1190753::reference,2.4491421431303024
strict,large,large::mp-1190753::origin_shifted,mp-1190753,mp-1190753,TiO2,origin_shifted,equivalent_transform,no_noise,1,20,1,0,0,0,large::mp-1190753::reference,2.478364350274205
strict,large,large::mp-1190753::permuted_sites,mp-1190753,mp-1190753,TiO2,permuted_sites,equivalent_transform,no_noise,1,20,1,0,0,0,large::mp-1190753::reference,4.419030299410224
strict,large,large::mp-1190753::combined_noise_0.002A_0.003,mp-1190753,mp-1190753,TiO2,combined_noise_0.002A_0.003,combined_perturbation,noise,1,20,1,0,0,0,large::mp-1190753::reference,2.5295891407877207
strict,large,large::mp-1190753::combined_noise_0.015A_0.003,mp-1190753,mp-1190753,TiO2,combined_noise_0.015A_0.003,combined_perturbation,noise,1,20,1,0,0,0,large::mp-1190753::reference,2.454064639285207
strict,large,large::mp-1190753::combined_noise_0.050A_0.003,mp-1190753,mp-1190753,TiO2,combined_noise_0.050A_0.003,combined_perturbation,noise,1,20,1,0,0,0,large::mp-1190753::reference,2.456146154552698
strict,large,large::mp-1190753::combined_noise_0.002A_0.010,mp-1190753,mp-1190753,TiO2,combined_noise_0.002A_0.010,combined_perturbation,noise,1,20,1,0,0,0,large::mp-1190753::reference,2.457251988351345
strict,large,large::mp-1190753::combined_noise_0.015A_0.010,mp-1190753,mp-1190753,TiO2,combined_noise_0.015A_0.010,combined_perturbation,noise,1,20,1,0,0,0,large::mp-1190753::reference,2.4583240803331137
strict,large,large::mp-1190753::combined_noise_0.050A_0.010,mp-1190753,mp-1190753,TiO2,combined_noise_0.050A_0.010,combined_perturbation,noise,1,20,1,0,0,0,large::mp-1190753::reference,2.4600140750408173
strict,large,large::mp-1190753::combined_noise_0.002A_0.030,mp-1190753,mp-1190753,TiO2,combined_noise_0.002A_0.030,combined_perturbation,noise,1,20,1,0,0,0,large::mp-1190753::reference,2.457360528409481
strict,large,large::mp-1190753::combined_noise_0.015A_0.030,mp-1190753,mp-1190753,TiO2,combined_noise_0.015A_0.030,combined_perturbation,noise,1,20,1,0,0,0,large::mp-1190753::reference,2.4611546751111746
strict,large,large::mp-1190753::combined_noise_0.050A_0.030,mp-1190753,mp-1190753,TiO2,combined_noise_0.050A_0.030,combined_perturbation,noise,1,20,1,0,0,0,large::mp-1190753::reference,2.45960078202188
strict,large,large::mp-1201727::conventional_standard,mp-1201727,mp-1201727,TiO2,conventional_standard,equivalent_transform,no_noise,1,20,1,0,0,0,large::mp-1201727::reference,1.5688837673515081
strict,large,large::mp-1201727::niggli_reduced,mp-1201727,mp-1201727,TiO2,niggli_reduced,equivalent_transform,no_noise,1,20,1,0,0,0,large::mp-1201727::reference,4.003001099452376
strict,large,large::mp-1201727::origin_shifted,mp-1201727,mp-1201727,TiO2,origin_shifted,equivalent_transform,no_noise,1,20,1,0,0,0,large::mp-1201727::reference,2.9147250577807426
strict,large,large::mp-1201727::permuted_sites,mp-1201727,mp-1201727,TiO2,permuted_sites,equivalent_transform,no_noise,1,20,1,0,0,0,large::mp-1201727::reference,5.695993864908814
strict,large,large::mp-1201727::combined_noise_0.002A_0.003,mp-1201727,mp-1201727,TiO2,combined_noise_0.002A_0.003,combined_perturbation,noise,1,20,1,0,0,0,large::mp-1201727::reference,2.8961851615458727
strict,large,large::mp-1201727::combined_noise_0.015A_0.003,mp-1201727,mp-1201727,TiO2,combined_noise_0.015A_0.003,combined_perturbation,noise,1,20,1,0,0,0,large::mp-1201727::reference,3.0595396235585213
strict,large,large::mp-1201727::combined_noise_0.050A_0.003,mp-1201727,mp-1201727,TiO2,combined_noise_0.050A_0.003,combined_perturbation,noise,1,20,1,0,0,0,large::mp-1201727::reference,2.8859832528978586
strict,large,large::mp-1201727::combined_noise_0.002A_0.010,mp-1201727,mp-1201727,TiO2,combined_noise_0.002A_0.010,combined_perturbation,noise,1,20,1,0,0,0,large::mp-1201727::reference,2.885084258392453
strict,large,large::mp-1201727::combined_noise_0.015A_0.010,mp-1201727,mp-1201727,TiO2,combined_noise_0.015A_0.010,combined_perturbation,noise,1,20,1,0,0,0,large::mp-1201727::reference,2.890763223171234
strict,large,large::mp-1201727::combined_noise_0.050A_0.010,mp-1201727,mp-1201727,TiO2,combined_noise_0.050A_0.010,combined_perturbation,noise,1,20,1,0,0,0,large::mp-1201727::reference,2.8915841802954674
strict,large,large::mp-1201727::combined_noise_0.002A_0.030,mp-1201727,mp-1201727,TiO2,combined_noise_0.002A_0.030,combined_perturbation,noise,1,20,1,0,0,0,large::mp-1201727::reference,2.8893138989806175
strict,large,large::mp-1201727::combined_noise_0.015A_0.030,mp-1201727,mp-1201727,TiO2,combined_noise_0.015A_0.030,combined_perturbation,noise,1,20,1,0,0,0,large::mp-1201727::reference,2.893932096660137
strict,large,large::mp-1201727::combined_noise_0.050A_0.030,mp-1201727,mp-1201727,TiO2,combined_noise_0.050A_0.030,combined_perturbation,noise,1,20,1,0,0,0,large::mp-1201727::reference,3.0390190929174423
strict,large,large::mp-1245098::conventional_standard,mp-1245098,mp-1245098,TiO2,conventional_standard,equivalent_transform,no_noise,1,20,1,0,0,0,large::mp-1245098::reference,2.3773293290287256
strict,large,large::mp-1245098::niggli_reduced,mp-1245098,mp-1245098,TiO2,niggli_reduced,equivalent_transform,no_noise,1,20,1,0,0,0,large::mp-1245098::reference,3.7332153599709272
strict,large,large::mp-1245098::origin_shifted,mp-1245098,mp-1245098,TiO2,origin_shifted,equivalent_transform,no_noise,1,20,1,0,0,0,large::mp-1245098::reference,3.7695069685578346
strict,large,large::mp-1245098::permuted_sites,mp-1245098,mp-1245098,TiO2,permuted_sites,equivalent_transform,no_noise,1,20,1,0,0,0,large::mp-1245098::reference,8.101602099835873
strict,large,large::mp-1245098::combined_noise_0.002A_0.003,mp-1245098,mp-1245098,TiO2,combined_noise_0.002A_0.003,combined_perturbation,noise,1,20,1,0,0,0,large::mp-1245098::reference,3.740474732592702
strict,large,large::mp-1245098::combined_noise_0.015A_0.003,mp-1245098,mp-1245098,TiO2,combined_noise_0.015A_0.003,combined_perturbation,noise,1,20,1,0,0,0,large::mp-1245098::reference,3.807932436466217
strict,large,large::mp-1245098::combined_noise_0.050A_0.003,mp-1245098,mp-1245098,TiO2,combined_noise_0.050A_0.003,combined_perturbation,noise,1,20,1,0,0,0,large::mp-1245098::reference,3.7475583888590336
strict,large,large::mp-1245098::combined_noise_0.002A_0.010,mp-1245098,mp-1245098,TiO2,combined_noise_0.002A_0.010,combined_perturbation,noise,1,20,1,0,0,0,large::mp-1245098::reference,3.74293670989573
strict,large,large::mp-1245098::combined_noise_0.015A_0.010,mp-1245098,mp-1245098,TiO2,combined_noise_0.015A_0.010,combined_perturbation,noise,1,20,1,0,0,0,large::mp-1245098::reference,3.7461971659213305
strict,large,large::mp-1245098::combined_noise_0.050A_0.010,mp-1245098,mp-1245098,TiO2,combined_noise_0.050A_0.010,combined_perturbation,noise,1,20,1,0,0,0,large::mp-1245098::reference,3.745184352621436
strict,large,large::mp-1245098::combined_noise_0.002A_0.030,mp-1245098,mp-1245098,TiO2,combined_noise_0.002A_0.030,combined_perturbation,noise,1,20,1,0,0,0,large::mp-1245098::reference,3.74830225110054
strict,large,large::mp-1245098::combined_noise_0.015A_0.030,mp-1245098,mp-1245098,TiO2,combined_noise_0.015A_0.030,combined_perturbation,noise,1,20,1,0,0,0,large::mp-1245098::reference,3.744963724166155
strict,large,large::mp-1245098::combined_noise_0.050A_0.030,mp-1245098,mp-1245098,TiO2,combined_noise_0.050A_0.030,combined_perturbation,noise,1,20,1,0,0,0,large::mp-1245098::reference,3.7485929001122713
strict,large,large::mp-1245134::conventional_standard,mp-1245134,mp-1245134,TiO2,conventional_standard,equivalent_transform,no_noise,1,20,1,0,0,0,large::mp-1245134::reference,2.0154699999839067
strict,large,large::mp-1245134::niggli_reduced,mp-1245134,mp-1245134,TiO2,niggli_reduced,equivalent_transform,no_noise,1,20,1,0,0,0,large::mp-1245134::reference,3.745871903374791
strict,large,large::mp-1245134::origin_shifted,mp-1245134,mp-1245134,TiO2,origin_shifted,equivalent_transform,no_noise,1,20,1,0,0,0,large::mp-1245134::reference,3.785734925419092
strict,large,large::mp-1245134::permuted_sites,mp-1245134,mp-1245134,TiO2,permuted_sites,equivalent_transform,no_noise,1,20,1,0,0,0,large::mp-1245134::reference,8.126914599910378
strict,large,large::mp-1245134::combined_noise_0.002A_0.003,mp-1245134,mp-1245134,TiO2,combined_noise_0.002A_0.003,combined_perturbation,noise,1,20,1,0,0,0,large::mp-1245134::reference,3.7478028889745474
strict,large,large::mp-1245134::combined_noise_0.015A_0.003,mp-1245134,mp-1245134,TiO2,combined_noise_0.015A_0.003,combined_perturbation,noise,1,20,1,0,0,0,large::mp-1245134::reference,3.824281219393015
strict,large,large::mp-1245134::combined_noise_0.050A_0.003,mp-1245134,mp-1245134,TiO2,combined_noise_0.050A_0.003,combined_perturbation,noise,1,20,1,0,0,0,large::mp-1245134::reference,3.7481355983763933
strict,large,large::mp-1245134::combined_noise_0.002A_0.010,mp-1245134,mp-1245134,TiO2,combined_noise_0.002A_0.010,combined_perturbation,noise,1,20,1,0,0,0,large::mp-1245134::reference,4.140061281621456
strict,large,large::mp-1245134::combined_noise_0.015A_0.010,mp-1245134,mp-1245134,TiO2,combined_noise_0.015A_0.010,combined_perturbation,noise,1,20,1,0,0,0,large::mp-1245134::reference,3.742581767961383
strict,large,large::mp-1245134::combined_noise_0.050A_0.010,mp-1245134,mp-1245134,TiO2,combined_noise_0.050A_0.010,combined_perturbation,noise,1,20,1,0,0,0,large::mp-1245134::reference,3.74627242423594
strict,large,large::mp-1245134::combined_noise_0.002A_0.030,mp-1245134,mp-1245134,TiO2,combined_noise_0.002A_0.030,combined_perturbation,noise,1,20,1,0,0,0,large::mp-1245134::reference,3.750930856913328
strict,large,large::mp-1245134::combined_noise_0.015A_0.030,mp-1245134,mp-1245134,TiO2,combined_noise_0.015A_0.030,combined_perturbation,noise,1,20,1,0,0,0,large::mp-1245134::reference,3.7573376148939133
strict,large,large::mp-1245134::combined_noise_0.050A_0.030,mp-1245134,mp-1245134,TiO2,combined_noise_0.050A_0.030,combined_perturbation,noise,1,20,1,0,0,0,large::mp-1245134::reference,3.7462729047983885
strict,large,large::mp-1245308::conventional_standard,mp-1245308,mp-1245308,TiO2,conventional_standard,equivalent_transform,no_noise,1,20,1,0,0,0,large::mp-1245308::reference,2.015514178201556
strict,large,large::mp-1245308::niggli_reduced,mp-1245308,mp-1245308,TiO2,niggli_reduced,equivalent_transform,no_noise,1,20,1,0,0,0,large::mp-1245308::reference,3.7525225281715393
strict,large,large::mp-1245308::origin_shifted,mp-1245308,mp-1245308,TiO2,origin_shifted,equivalent_transform,no_noise,1,20,1,0,0,0,large::mp-1245308::reference,3.78160266764462
strict,large,large::mp-1245308::permuted_sites,mp-1245308,mp-1245308,TiO2,permuted_sites,equivalent_transform,no_noise,1,20,1,0,0,0,large::mp-1245308::reference,8.081860890612006
strict,large,large::mp-1245308::combined_noise_0.002A_0.003,mp-1245308,mp-1245308,TiO2,combined_noise_0.002A_0.003,combined_perturbation,noise,1,20,1,0,0,0,large::mp-1245308::reference,4.245013941079378
strict,large,large::mp-1245308::combined_noise_0.015A_0.003,mp-1245308,mp-1245308,TiO2,combined_noise_0.015A_0.003,combined_perturbation,noise,1,20,1,0,0,0,large::mp-1245308::reference,3.737895919010043
strict,large,large::mp-1245308::combined_noise_0.050A_0.003,mp-1245308,mp-1245308,TiO2,combined_noise_0.050A_0.003,combined_perturbation,noise,1,20,1,0,0,0,large::mp-1245308::reference,3.733744539320469
strict,large,large::mp-1245308::combined_noise_0.002A_0.010,mp-1245308,mp-1245308,TiO2,combined_noise_0.002A_0.010,combined_perturbation,noise,1,20,1,0,0,0,large::mp-1245308::reference,3.751485574990511
strict,large,large::mp-1245308::combined_noise_0.015A_0.010,mp-1245308,mp-1245308,TiO2,combined_noise_0.015A_0.010,combined_perturbation,noise,1,20,1,0,0,0,large::mp-1245308::reference,3.67796341329813
strict,large,large::mp-1245308::combined_noise_0.050A_0.010,mp-1245308,mp-1245308,TiO2,combined_noise_0.050A_0.010,combined_perturbation,noise,1,20,1,0,0,0,large::mp-1245308::reference,3.6746331341564655
strict,large,large::mp-1245308::combined_noise_0.002A_0.030,mp-1245308,mp-1245308,TiO2,combined_noise_0.002A_0.030,combined_perturbation,noise,1,20,1,0,0,0,large::mp-1245308::reference,3.6844055335968733
strict,large,large::mp-1245308::combined_noise_0.015A_0.030,mp-1245308,mp-1245308,TiO2,combined_noise_0.015A_0.030,combined_perturbation,noise,1,20,1,0,0,0,large::mp-1245308::reference,3.679528806358576
strict,large,large::mp-1245308::combined_noise_0.050A_0.030,mp-1245308,mp-1245308,TiO2,combined_noise_0.050A_0.030,combined_perturbation,noise,1,20,1,0,0,0,large::mp-1245308::reference,3.6755229886621237
strict,large,large::mp-1245321::conventional_standard,mp-1245321,mp-1245321,TiO2,conventional_standard,equivalent_transform,no_noise,1,20,1,0,0,0,large::mp-1245321::reference,1.9547660108655691
strict,large,large::mp-1245321::niggli_reduced,mp-1245321,mp-1245321,TiO2,niggli_reduced,equivalent_transform,no_noise,1,20,1,0,0,0,large::mp-1245321::reference,4.083750752732158
strict,large,large::mp-1245321::origin_shifted,mp-1245321,mp-1245321,TiO2,origin_shifted,equivalent_transform,no_noise,1,20,1,0,0,0,large::mp-1245321::reference,3.7280787341296673
strict,large,large::mp-1245321::permuted_sites,mp-1245321,mp-1245321,TiO2,permuted_sites,equivalent_transform,no_noise,1,20,1,0,0,0,large::mp-1245321::reference,8.081391647458076
strict,large,large::mp-1245321::combined_noise_0.002A_0.003,mp-1245321,mp-1245321,TiO2,combined_noise_0.002A_0.003,combined_perturbation,noise,1,20,1,0,0,0,large::mp-1245321::reference,3.76414336822927
strict,large,large::mp-1245321::combined_noise_0.015A_0.003,mp-1245321,mp-1245321,TiO2,combined_noise_0.015A_0.003,combined_perturbation,noise,1,20,1,0,0,0,large::mp-1245321::reference,3.696067316457629
strict,large,large::mp-1245321::combined_noise_0.050A_0.003,mp-1245321,mp-1245321,TiO2,combined_noise_0.050A_0.003,combined_perturbation,noise,1,20,1,0,0,0,large::mp-1245321::reference,3.710180578753352
strict,large,large::mp-1245321::combined_noise_0.002A_0.010,mp-1245321,mp-1245321,TiO2,combined_noise_0.002A_0.010,combined_perturbation,noise,1,20,1,0,0,0,large::mp-1245321::reference,3.6972327567636967
strict,large,large::mp-1245321::combined_noise_0.015A_0.010,mp-1245321,mp-1245321,TiO2,combined_noise_0.015A_0.010,combined_perturbation,noise,1,20,1,0,0,0,large::mp-1245321::reference,3.6817341279238462
strict,large,large::mp-1245321::combined_noise_0.050A_0.010,mp-1245321,mp-1245321,TiO2,combined_noise_0.050A_0.010,combined_perturbation,noise,1,20,1,0,0,0,large::mp-1245321::reference,3.6973392758518457
strict,large,large::mp-1245321::combined_noise_0.002A_0.030,mp-1245321,mp-1245321,TiO2,combined_noise_0.002A_0.030,combined_perturbation,noise,1,20,1,0,0,0,large::mp-1245321::reference,3.6859393157064915
strict,large,large::mp-1245321::combined_noise_0.015A_0.030,mp-1245321,mp-1245321,TiO2,combined_noise_0.015A_0.030,combined_perturbation,noise,1,20,1,0,0,0,large::mp-1245321::reference,3.6988660264760256
strict,large,large::mp-1245321::combined_noise_0.050A_0.030,mp-1245321,mp-1245321,TiO2,combined_noise_0.050A_0.030,combined_perturbation,noise,1,20,1,0,0,0,large::mp-1245321::reference,3.7042244877666235
strict,large,large::mp-1341203::conventional_standard,mp-1341203,mp-1341203,TiO2,conventional_standard,equivalent_transform,no_noise,1,20,1,0,0,0,large::mp-1341203::reference,1.3898017071187496
strict,large,large::mp-1341203::niggli_reduced,mp-1341203,mp-1341203,TiO2,niggli_reduced,equivalent_transform,no_noise,1,20,1,0,0,0,large::mp-1341203::reference,2.8992234468460083
strict,large,large::mp-1341203::origin_shifted,mp-1341203,mp-1341203,TiO2,origin_shifted,equivalent_transform,no_noise,1,20,1,0,0,0,large::mp-1341203::reference,2.417616495862603
strict,large,large::mp-1341203::permuted_sites,mp-1341203,mp-1341203,TiO2,permuted_sites,equivalent_transform,no_noise,1,20,1,0,0,0,large::mp-1341203::reference,4.360274847596884
strict,large,large::mp-1341203::combined_noise_0.002A_0.003,mp-1341203,mp-1341203,TiO2,combined_noise_0.002A_0.003,combined_perturbation,noise,1,20,1,0,0,0,large::mp-1341203::reference,2.9016493018716574
strict,large,large::mp-1341203::combined_noise_0.015A_0.003,mp-1341203,mp-1341203,TiO2,combined_noise_0.015A_0.003,combined_perturbation,noise,1,20,1,0,0,0,large::mp-1341203::reference,2.3970488104969263
strict,large,large::mp-1341203::combined_noise_0.050A_0.003,mp-1341203,mp-1341203,TiO2,combined_noise_0.050A_0.003,combined_perturbation,noise,1,20,1,0,0,0,large::mp-1341203::reference,2.398941172286868
strict,large,large::mp-1341203::combined_noise_0.002A_0.010,mp-1341203,mp-1341203,TiO2,combined_noise_0.002A_0.010,combined_perturbation,noise,1,20,1,0,0,0,large::mp-1341203::reference,2.3974372390657663
strict,large,large::mp-1341203::combined_noise_0.015A_0.010,mp-1341203,mp-1341203,TiO2,combined_noise_0.015A_0.010,combined_perturbation,noise,1,20,1,0,0,0,large::mp-1341203::reference,2.3791414964944124
strict,large,large::mp-1341203::combined_noise_0.050A_0.010,mp-1341203,mp-1341203,TiO2,combined_noise_0.050A_0.010,combined_perturbation,noise,1,20,1,0,0,0,large::mp-1341203::reference,2.395770087838173
strict,large,large::mp-1341203::combined_noise_0.002A_0.030,mp-1341203,mp-1341203,TiO2,combined_noise_0.002A_0.030,combined_perturbation,noise,1,20,1,0,0,0,large::mp-1341203::reference,2.3920566607266665
strict,large,large::mp-1341203::combined_noise_0.015A_0.030,mp-1341203,mp-1341203,TiO2,combined_noise_0.015A_0.030,combined_perturbation,noise,1,20,1,0,0,0,large::mp-1341203::reference,2.3947266656905413
strict,large,large::mp-1341203::combined_noise_0.050A_0.030,mp-1341203,mp-1341203,TiO2,combined_noise_0.050A_0.030,combined_perturbation,noise,1,20,1,0,0,0,large::mp-1341203::reference,2.3779498040676117
strict,large,large::mp-1350429::conventional_standard,mp-1350429,mp-1350429,TiO2,conventional_standard,equivalent_transform,no_noise,1,20,1,0,0,0,large::mp-1350429::reference,2.0121078062802553
strict,large,large::mp-1350429::niggli_reduced,mp-1350429,mp-1350429,TiO2,niggli_reduced,equivalent_transform,no_noise,1,20,1,0,0,0,large::mp-1350429::reference,2.828176137059927
strict,large,large::mp-1350429::origin_shifted,mp-1350429,mp-1350429,TiO2,origin_shifted,equivalent_transform,no_noise,1,20,1,0,0,0,large::mp-1350429::reference,2.8542324770241976
strict,large,large::mp-1350429::permuted_sites,mp-1350429,mp-1350429,TiO2,permuted_sites,equivalent_transform,no_noise,1,20,1,0,0,0,large::mp-1350429::reference,5.638130653649569
strict,large,large::mp-1350429::combined_noise_0.002A_0.003,mp-1350429,mp-1350429,TiO2,combined_noise_0.002A_0.003,combined_perturbation,noise,1,20,1,0,0,0,large::mp-1350429::reference,2.9653634279966354
strict,large,large::mp-1350429::combined_noise_0.015A_0.003,mp-1350429,mp-1350429,TiO2,combined_noise_0.015A_0.003,combined_perturbation,noise,1,20,1,0,0,0,large::mp-1350429::reference,2.8394933585077524
strict,large,large::mp-1350429::combined_noise_0.050A_0.003,mp-1350429,mp-1350429,TiO2,combined_noise_0.050A_0.003,combined_perturbation,noise,1,20,1,0,0,0,large::mp-1350429::reference,3.3526549879461527
strict,large,large::mp-1350429::combined_noise_0.002A_0.010,mp-1350429,mp-1350429,TiO2,combined_noise_0.002A_0.010,combined_perturbation,noise,1,20,1,0,0,0,large::mp-1350429::reference,2.8380225878208876
strict,large,large::mp-1350429::combined_noise_0.015A_0.010,mp-1350429,mp-1350429,TiO2,combined_noise_0.015A_0.010,combined_perturbation,noise,1,20,1,0,0,0,large::mp-1350429::reference,2.8281372878700495
strict,large,large::mp-1350429::combined_noise_0.050A_0.010,mp-1350429,mp-1350429,TiO2,combined_noise_0.050A_0.010,combined_perturbation,noise,1,20,1,0,0,0,large::mp-1350429::reference,2.9599728770554066
strict,large,large::mp-1350429::combined_noise_0.002A_0.030,mp-1350429,mp-1350429,TiO2,combined_noise_0.002A_0.030,combined_perturbation,noise,0,20,0,0,0,1,,2.821076337248087
strict,large,large::mp-1350429::combined_noise_0.015A_0.030,mp-1350429,mp-1350429,TiO2,combined_noise_0.015A_0.030,combined_perturbation,noise,0,20,0,0,0,1,,2.9982448499649763
strict,large,large::mp-1350429::combined_noise_0.050A_0.030,mp-1350429,mp-1350429,TiO2,combined_noise_0.050A_0.030,combined_perturbation,noise,1,20,1,0,0,0,large::mp-1350429::reference,2.9670474529266357
strict,large,large::mp-1380335::conventional_standard,mp-1380335,mp-1380335,TiO2,conventional_standard,equivalent_transform,no_noise,1,20,1,0,0,0,large::mp-1380335::reference,1.4476719964295626
strict,large,large::mp-1380335::niggli_reduced,mp-1380335,mp-1380335,TiO2,niggli_reduced,equivalent_transform,no_noise,1,20,1,0,0,0,large::mp-1380335::reference,2.188812229782343
strict,large,large::mp-1380335::origin_shifted,mp-1380335,mp-1380335,TiO2,origin_shifted,equivalent_transform,no_noise,1,20,1,0,0,0,large::mp-1380335::reference,2.2468627840280533
strict,large,large::mp-1380335::permuted_sites,mp-1380335,mp-1380335,TiO2,permuted_sites,equivalent_transform,no_noise,1,20,1,0,0,0,large::mp-1380335::reference,3.8212256114929914
strict,large,large::mp-1380335::combined_noise_0.002A_0.003,mp-1380335,mp-1380335,TiO2,combined_noise_0.002A_0.003,combined_perturbation,noise,1,20,1,0,0,0,large::mp-1380335::reference,2.4499978069216013
strict,large,large::mp-1380335::combined_noise_0.015A_0.003,mp-1380335,mp-1380335,TiO2,combined_noise_0.015A_0.003,combined_perturbation,noise,1,20,1,0,0,0,large::mp-1380335::reference,2.225289847701788
strict,large,large::mp-1380335::combined_noise_0.050A_0.003,mp-1380335,mp-1380335,TiO2,combined_noise_0.050A_0.003,combined_perturbation,noise,1,20,1,0,0,0,large::mp-1380335::reference,2.302396386861801
strict,large,large::mp-1380335::combined_noise_0.002A_0.010,mp-1380335,mp-1380335,TiO2,combined_noise_0.002A_0.010,combined_perturbation,noise,1,20,1,0,0,0,large::mp-1380335::reference,2.2300798930227757
strict,large,large::mp-1380335::combined_noise_0.015A_0.010,mp-1380335,mp-1380335,TiO2,combined_noise_0.015A_0.010,combined_perturbation,noise,1,20,1,0,0,0,large::mp-1380335::reference,2.228071691468358
strict,large,large::mp-1380335::combined_noise_0.050A_0.010,mp-1380335,mp-1380335,TiO2,combined_noise_0.050A_0.010,combined_perturbation,noise,1,20,1,0,0,0,large::mp-1380335::reference,2.3078662678599358
strict,large,large::mp-1380335::combined_noise_0.002A_0.030,mp-1380335,mp-1380335,TiO2,combined_noise_0.002A_0.030,combined_perturbation,noise,1,20,1,0,0,0,large::mp-1380335::reference,2.237315908074379
strict,large,large::mp-1380335::combined_noise_0.015A_0.030,mp-1380335,mp-1380335,TiO2,combined_noise_0.015A_0.030,combined_perturbation,noise,0,20,0,0,0,1,,2.2131804544478655
strict,large,large::mp-1380335::combined_noise_0.050A_0.030,mp-1380335,mp-1380335,TiO2,combined_noise_0.050A_0.030,combined_perturbation,noise,1,20,1,0,0,0,large::mp-1380335::reference,2.2892047837376595
strict,large,large::mp-1386640::conventional_standard,mp-1386640,mp-1386640,TiO2,conventional_standard,equivalent_transform,no_noise,1,20,1,0,0,0,large::mp-1386640::reference,1.368665300309658
strict,large,large::mp-1386640::niggli_reduced,mp-1386640,mp-1386640,TiO2,niggli_reduced,equivalent_transform,no_noise,1,20,1,0,0,0,large::mp-1386640::reference,2.201184591278434
strict,large,large::mp-1386640::origin_shifted,mp-1386640,mp-1386640,TiO2,origin_shifted,equivalent_transform,no_noise,1,20,1,0,0,0,large::mp-1386640::reference,2.2206289190799
strict,large,large::mp-1386640::permuted_sites,mp-1386640,mp-1386640,TiO2,permuted_sites,equivalent_transform,no_noise,1,20,1,0,0,0,large::mp-1386640::reference,3.808783169835806
strict,large,large::mp-1386640::combined_noise_0.002A_0.003,mp-1386640,mp-1386640,TiO2,combined_noise_0.002A_0.003,combined_perturbation,noise,1,20,1,0,0,0,large::mp-1386640::reference,2.3281296845525503
strict,large,large::mp-1386640::combined_noise_0.015A_0.003,mp-1386640,mp-1386640,TiO2,combined_noise_0.015A_0.003,combined_perturbation,noise,1,20,1,0,0,0,large::mp-1386640::reference,2.2064280919730663
strict,large,large::mp-1386640::combined_noise_0.050A_0.003,mp-1386640,mp-1386640,TiO2,combined_noise_0.050A_0.003,combined_perturbation,noise,1,20,1,0,0,0,large::mp-1386640::reference,2.202048644423485
strict,large,large::mp-1386640::combined_noise_0.002A_0.010,mp-1386640,mp-1386640,TiO2,combined_noise_0.002A_0.010,combined_perturbation,noise,1,20,1,0,0,0,large::mp-1386640::reference,2.2038435880094767
strict,large,large::mp-1386640::combined_noise_0.015A_0.010,mp-1386640,mp-1386640,TiO2,combined_noise_0.015A_0.010,combined_perturbation,noise,1,20,1,0,0,0,large::mp-1386640::reference,2.207488961517811
strict,large,large::mp-1386640::combined_noise_0.050A_0.010,mp-1386640,mp-1386640,TiO2,combined_noise_0.050A_0.010,combined_perturbation,noise,1,20,1,0,0,0,large::mp-1386640::reference,2.2020528446882963
strict,large,large::mp-1386640::combined_noise_0.002A_0.030,mp-1386640,mp-1386640,TiO2,combined_noise_0.002A_0.030,combined_perturbation,noise,1,20,1,0,0,0,large::mp-1386640::reference,2.2020949441939592
strict,large,large::mp-1386640::combined_noise_0.015A_0.030,mp-1386640,mp-1386640,TiO2,combined_noise_0.015A_0.030,combined_perturbation,noise,1,20,1,0,0,0,large::mp-1386640::reference,2.2117144595831633
strict,large,large::mp-1386640::combined_noise_0.050A_0.030,mp-1386640,mp-1386640,TiO2,combined_noise_0.050A_0.030,combined_perturbation,noise,1,20,1,0,0,0,large::mp-1386640::reference,2.2058483827859163
strict,large,large::mp-1400963::conventional_standard,mp-1400963,mp-1400963,TiO2,conventional_standard,equivalent_transform,no_noise,1,20,1,0,0,0,large::mp-1400963::reference,1.3680433500558138
strict,large,large::mp-1400963::niggli_reduced,mp-1400963,mp-1400963,TiO2,niggli_reduced,equivalent_transform,no_noise,1,20,1,0,0,0,large::mp-1400963::reference,2.206787072122097
strict,large,large::mp-1400963::origin_shifted,mp-1400963,mp-1400963,TiO2,origin_shifted,equivalent_transform,no_noise,1,20,1,0,0,0,large::mp-1400963::reference,2.2279991935938597
strict,large,large::mp-1400963::permuted_sites,mp-1400963,mp-1400963,TiO2,permuted_sites,equivalent_transform,no_noise,1,20,1,0,0,0,large::mp-1400963::reference,3.8162079118192196
strict,large,large::mp-1400963::combined_noise_0.002A_0.003,mp-1400963,mp-1400963,TiO2,combined_noise_0.002A_0.003,combined_perturbation,noise,1,20,1,0,0,0,large::mp-1400963::reference,2.339624395594001
strict,large,large::mp-1400963::combined_noise_0.015A_0.003,mp-1400963,mp-1400963,TiO2,combined_noise_0.015A_0.003,combined_perturbation,noise,1,20,1,0,0,0,large::mp-1400963::reference,2.2081557642668486
strict,large,large::mp-1400963::combined_noise_0.050A_0.003,mp-1400963,mp-1400963,TiO2,combined_noise_0.050A_0.003,combined_perturbation,noise,1,20,1,0,0,0,large::mp-1400963::reference,2.2629124242812395
strict,large,large::mp-1400963::combined_noise_0.002A_0.010,mp-1400963,mp-1400963,TiO2,combined_noise_0.002A_0.010,combined_perturbation,noise,1,20,1,0,0,0,large::mp-1400963::reference,2.568466354161501
strict,large,large::mp-1400963::combined_noise_0.015A_0.010,mp-1400963,mp-1400963,TiO2,combined_noise_0.015A_0.010,combined_perturbation,noise,1,20,1,0,0,0,large::mp-1400963::reference,2.207148153334856
strict,large,large::mp-1400963::combined_noise_0.050A_0.010,mp-1400963,mp-1400963,TiO2,combined_noise_0.050A_0.010,combined_perturbation,noise,1,20,1,0,0,0,large::mp-1400963::reference,2.207633424550295
strict,large,large::mp-1400963::combined_noise_0.002A_0.030,mp-1400963,mp-1400963,TiO2,combined_noise_0.002A_0.030,combined_perturbation,noise,0,20,0,0,0,1,,2.204735968261957
strict,large,large::mp-1400963::combined_noise_0.015A_0.030,mp-1400963,mp-1400963,TiO2,combined_noise_0.015A_0.030,combined_perturbation,noise,1,20,1,0,0,0,large::mp-1400963::reference,2.2096936888992786
strict,large,large::mp-1400963::combined_noise_0.050A_0.030,mp-1400963,mp-1400963,TiO2,combined_noise_0.050A_0.030,combined_perturbation,noise,1,20,1,0,0,0,large::mp-1400963::reference,2.213033376261592
strict,large,large::mp-1408285::conventional_standard,mp-1408285,mp-1408285,TiO2,conventional_standard,equivalent_transform,no_noise,1,20,1,0,0,0,large::mp-1408285::reference,1.462686151266098
strict,large,large::mp-1408285::niggli_reduced,mp-1408285,mp-1408285,TiO2,niggli_reduced,equivalent_transform,no_noise,1,20,1,0,0,0,large::mp-1408285::reference,2.2421129792928696
strict,large,large::mp-1408285::origin_shifted,mp-1408285,mp-1408285,TiO2,origin_shifted,equivalent_transform,no_noise,1,20,1,0,0,0,large::mp-1408285::reference,2.272970473393798
strict,large,large::mp-1408285::permuted_sites,mp-1408285,mp-1408285,TiO2,permuted_sites,equivalent_transform,no_noise,1,20,1,0,0,0,large::mp-1408285::reference,3.8501303363591433
strict,large,large::mp-1408285::combined_noise_0.002A_0.003,mp-1408285,mp-1408285,TiO2,combined_noise_0.002A_0.003,combined_perturbation,noise,1,20,1,0,0,0,large::mp-1408285::reference,2.3830861654132605
strict,large,large::mp-1408285::combined_noise_0.015A_0.003,mp-1408285,mp-1408285,TiO2,combined_noise_0.015A_0.003,combined_perturbation,noise,1,20,1,0,0,0,large::mp-1408285::reference,2.2490778788924217
strict,large,large::mp-1408285::combined_noise_0.050A_0.003,mp-1408285,mp-1408285,TiO2,combined_noise_0.050A_0.003,combined_perturbation,noise,1,20,1,0,0,0,large::mp-1408285::reference,2.3149535804986954
strict,large,large::mp-1408285::combined_noise_0.002A_0.010,mp-1408285,mp-1408285,TiO2,combined_noise_0.002A_0.010,combined_perturbation,noise,1,20,1,0,0,0,large::mp-1408285::reference,2.2535610273480415
strict,large,large::mp-1408285::combined_noise_0.015A_0.010,mp-1408285,mp-1408285,TiO2,combined_noise_0.015A_0.010,combined_perturbation,noise,1,20,1,0,0,0,large::mp-1408285::reference,2.255945298820734
strict,large,large::mp-1408285::combined_noise_0.050A_0.010,mp-1408285,mp-1408285,TiO2,combined_noise_0.050A_0.010,combined_perturbation,noise,1,20,1,0,0,0,large::mp-1408285::reference,2.2202258184552193
strict,large,large::mp-1408285::combined_noise_0.002A_0.030,mp-1408285,mp-1408285,TiO2,combined_noise_0.002A_0.030,combined_perturbation,noise,1,20,1,0,0,0,large::mp-1408285::reference,2.260778322815895
strict,large,large::mp-1408285::combined_noise_0.015A_0.030,mp-1408285,mp-1408285,TiO2,combined_noise_0.015A_0.030,combined_perturbation,noise,0,20,0,0,0,1,,2.2594816591590643
strict,large,large::mp-1408285::combined_noise_0.050A_0.030,mp-1408285,mp-1408285,TiO2,combined_noise_0.050A_0.030,combined_perturbation,noise,1,20,1,0,0,0,large::mp-1408285::reference,2.2233762349933386
strict,large,large::mp-1426806::conventional_standard,mp-1426806,mp-1426806,TiO2,conventional_standard,equivalent_transform,no_noise,1,20,1,0,0,0,large::mp-1426806::reference,1.333536297082901
strict,large,large::mp-1426806::niggli_reduced,mp-1426806,mp-1426806,TiO2,niggli_reduced,equivalent_transform,no_noise,1,20,1,0,0,0,large::mp-1426806::reference,2.513367060571909
strict,large,large::mp-1426806::origin_shifted,mp-1426806,mp-1426806,TiO2,origin_shifted,equivalent_transform,no_noise,1,20,1,0,0,0,large::mp-1426806::reference,2.5266634467989206
strict,large,large::mp-1426806::permuted_sites,mp-1426806,mp-1426806,TiO2,permuted_sites,equivalent_transform,no_noise,1,20,1,0,0,0,large::mp-1426806::reference,3.826414981856942
strict,large,large::mp-1426806::combined_noise_0.002A_0.003,mp-1426806,mp-1426806,TiO2,combined_noise_0.002A_0.003,combined_perturbation,noise,1,20,1,0,0,0,large::mp-1426806::reference,2.516066536307335
strict,large,large::mp-1426806::combined_noise_0.015A_0.003,mp-1426806,mp-1426806,TiO2,combined_noise_0.015A_0.003,combined_perturbation,noise,1,20,1,0,0,0,large::mp-1426806::reference,2.2210896257311106
strict,large,large::mp-1426806::combined_noise_0.050A_0.003,mp-1426806,mp-1426806,TiO2,combined_noise_0.050A_0.003,combined_perturbation,noise,1,20,1,0,0,0,large::mp-1426806::reference,2.214364815503359
strict,large,large::mp-1426806::combined_noise_0.002A_0.010,mp-1426806,mp-1426806,TiO2,combined_noise_0.002A_0.010,combined_perturbation,noise,1,20,1,0,0,0,large::mp-1426806::reference,2.2297197431325912
strict,large,large::mp-1426806::combined_noise_0.015A_0.010,mp-1426806,mp-1426806,TiO2,combined_noise_0.015A_0.010,combined_perturbation,noise,1,20,1,0,0,0,large::mp-1426806::reference,2.215217223390937
strict,large,large::mp-1426806::combined_noise_0.050A_0.010,mp-1426806,mp-1426806,TiO2,combined_noise_0.050A_0.010,combined_perturbation,noise,1,20,1,0,0,0,large::mp-1426806::reference,2.2175034806132317
strict,large,large::mp-1426806::combined_noise_0.002A_0.030,mp-1426806,mp-1426806,TiO2,combined_noise_0.002A_0.030,combined_perturbation,noise,1,20,1,0,0,0,large::mp-1426806::reference,2.2318866159766912
strict,large,large::mp-1426806::combined_noise_0.015A_0.030,mp-1426806,mp-1426806,TiO2,combined_noise_0.015A_0.030,combined_perturbation,noise,1,20,1,0,0,0,large::mp-1426806::reference,2.228131638839841
strict,large,large::mp-1426806::combined_noise_0.050A_0.030,mp-1426806,mp-1426806,TiO2,combined_noise_0.050A_0.030,combined_perturbation,noise,1,20,1,0,0,0,large::mp-1426806::reference,2.223153540864587
medium,large,large::mp-1008374::conventional_standard,mp-1008374,mp-1008374,C,conventional_standard,equivalent_transform,no_noise,1,20,1,0,0,0,large::mp-1008374::reference,24.029192032292485
medium,large,large::mp-1008374::niggli_reduced,mp-1008374,mp-1008374,C,niggli_reduced,equivalent_transform,no_noise,1,20,1,0,0,0,large::mp-1008374::reference,3.367147173732519
medium,large,large::mp-1008374::origin_shifted,mp-1008374,mp-1008374,C,origin_shifted,equivalent_transform,no_noise,1,20,1,0,0,0,large::mp-1008374::reference,3.413634493947029
medium,large,large::mp-1008374::permuted_sites,mp-1008374,mp-1008374,C,permuted_sites,equivalent_transform,no_noise,1,20,1,0,0,0,large::mp-1008374::reference,5.668029157444835
medium,large,large::mp-1008374::combined_noise_0.002A_0.003,mp-1008374,mp-1008374,C,combined_noise_0.002A_0.003,combined_perturbation,noise,1,20,1,0,0,0,large::mp-1008374::reference,3.437004590407014
medium,large,large::mp-1008374::combined_noise_0.015A_0.003,mp-1008374,mp-1008374,C,combined_noise_0.015A_0.003,combined_perturbation,noise,1,20,1,0,0,0,large::mp-1008374::reference,3.389996415004134
medium,large,large::mp-1008374::combined_noise_0.050A_0.003,mp-1008374,mp-1008374,C,combined_noise_0.050A_0.003,combined_perturbation,noise,1,20,1,0,0,0,large::mp-1008374::reference,3.392471604049206
medium,large,large::mp-1008374::combined_noise_0.002A_0.010,mp-1008374,mp-1008374,C,combined_noise_0.002A_0.010,combined_perturbation,noise,1,20,1,0,0,0,large::mp-1008374::reference,3.4511116091161966
medium,large,large::mp-1008374::combined_noise_0.015A_0.010,mp-1008374,mp-1008374,C,combined_noise_0.015A_0.010,combined_perturbation,noise,1,20,1,0,0,0,large::mp-1008374::reference,3.3894712682813406
medium,large,large::mp-1008374::combined_noise_0.050A_0.010,mp-1008374,mp-1008374,C,combined_noise_0.050A_0.010,combined_perturbation,noise,1,20,1,0,0,0,large::mp-1008374::reference,3.4314148910343647
medium,large,large::mp-1008374::combined_noise_0.002A_0.030,mp-1008374,mp-1008374,C,combined_noise_0.002A_0.030,combined_perturbation,noise,1,20,1,0,0,0,large::mp-1008374::reference,3.264053162187338
medium,large,large::mp-1008374::combined_noise_0.015A_0.030,mp-1008374,mp-1008374,C,combined_noise_0.015A_0.030,combined_perturbation,noise,1,20,1,0,0,0,large::mp-1008374::reference,3.7323285788297653
medium,large,large::mp-1008374::combined_noise_0.050A_0.030,mp-1008374,mp-1008374,C,combined_noise_0.050A_0.030,combined_perturbation,noise,1,20,1,0,0,0,large::mp-1008374::reference,3.3635530956089497
medium,large,large::mp-1008395::conventional_standard,mp-1008395,mp-1008395,C,conventional_standard,equivalent_transform,no_noise,1,20,1,0,0,0,large::mp-1008395::reference,2.32115425914526
medium,large,large::mp-1008395::niggli_reduced,mp-1008395,mp-1008395,C,niggli_reduced,equivalent_transform,no_noise,1,20,1,0,0,0,large::mp-1008395::reference,3.4813049156218767
medium,large,large::mp-1008395::origin_shifted,mp-1008395,mp-1008395,C,origin_shifted,equivalent_transform,no_noise,1,20,1,0,0,0,large::mp-1008395::reference,3.522587437182665
medium,large,large::mp-1008395::permuted_sites,mp-1008395,mp-1008395,C,permuted_sites,equivalent_transform,no_noise,1,20,1,0,0,0,large::mp-1008395::reference,5.7739096116274595
medium,large,large::mp-1008395::combined_noise_0.002A_0.003,mp-1008395,mp-1008395,C,combined_noise_0.002A_0.003,combined_perturbation,noise,1,20,1,0,0,0,large::mp-1008395::reference,3.5578174758702517
medium,large,large::mp-1008395::combined_noise_0.015A_0.003,mp-1008395,mp-1008395,C,combined_noise_0.015A_0.003,combined_perturbation,noise,1,20,1,0,0,0,large::mp-1008395::reference,3.1323410850018263
medium,large,large::mp-1008395::combined_noise_0.050A_0.003,mp-1008395,mp-1008395,C,combined_noise_0.050A_0.003,combined_perturbation,noise,1,20,1,0,0,0,large::mp-1008395::reference,14.033277967944741
medium,large,large::mp-1008395::combined_noise_0.002A_0.010,mp-1008395,mp-1008395,C,combined_noise_0.002A_0.010,combined_perturbation,noise,1,20,1,0,0,0,large::mp-1008395::reference,3.469688633456826
medium,large,large::mp-1008395::combined_noise_0.015A_0.010,mp-1008395,mp-1008395,C,combined_noise_0.015A_0.010,combined_perturbation,noise,1,20,1,0,0,0,large::mp-1008395::reference,3.493800012394786
medium,large,large::mp-1008395::combined_noise_0.050A_0.010,mp-1008395,mp-1008395,C,combined_noise_0.050A_0.010,combined_perturbation,noise,1,20,1,0,0,0,large::mp-1008395::reference,14.206843744963408
medium,large,large::mp-1008395::combined_noise_0.002A_0.030,mp-1008395,mp-1008395,C,combined_noise_0.002A_0.030,combined_perturbation,noise,1,20,1,0,0,0,large::mp-1008395::reference,3.473476402461529
medium,large,large::mp-1008395::combined_noise_0.015A_0.030,mp-1008395,mp-1008395,C,combined_noise_0.015A_0.030,combined_perturbation,noise,1,20,1,0,0,0,large::mp-1008395::reference,15.765974160283804
medium,large,large::mp-1008395::combined_noise_0.050A_0.030,mp-1008395,mp-1008395,C,combined_noise_0.050A_0.030,combined_perturbation,noise,1,20,1,0,0,0,large::mp-1008395::reference,14.809357492253184
medium,large,large::mp-1018088::conventional_standard,mp-1018088,mp-1018088,C,conventional_standard,equivalent_transform,no_noise,1,20,1,0,0,0,large::mp-1018088::reference,2.131788382306695
medium,large,large::mp-1018088::niggli_reduced,mp-1018088,mp-1018088,C,niggli_reduced,equivalent_transform,no_noise,1,20,1,0,0,0,large::mp-1018088::reference,3.284507794305682
medium,large,large::mp-1018088::origin_shifted,mp-1018088,mp-1018088,C,origin_shifted,equivalent_transform,no_noise,1,20,1,0,0,0,large::mp-1018088::reference,3.3387976679950953
medium,large,large::mp-1018088::permuted_sites,mp-1018088,mp-1018088,C,permuted_sites,equivalent_transform,no_noise,1,20,1,0,0,0,large::mp-1018088::reference,5.589428840205073
medium,large,large::mp-1018088::combined_noise_0.002A_0.003,mp-1018088,mp-1018088,C,combined_noise_0.002A_0.003,combined_perturbation,noise,1,20,1,0,0,0,large::mp-1018088::reference,3.371374551206827
medium,large,large::mp-1018088::combined_noise_0.015A_0.003,mp-1018088,mp-1018088,C,combined_noise_0.015A_0.003,combined_perturbation,noise,1,20,1,0,0,0,large::mp-1018088::reference,3.2889865320175886
medium,large,large::mp-1018088::combined_noise_0.050A_0.003,mp-1018088,mp-1018088,C,combined_noise_0.050A_0.003,combined_perturbation,noise,1,20,1,0,0,0,large::mp-1018088::reference,25.778461327776313
medium,large,large::mp-1018088::combined_noise_0.002A_0.010,mp-1018088,mp-1018088,C,combined_noise_0.002A_0.010,combined_perturbation,noise,1,20,1,0,0,0,large::mp-1018088::reference,3.2788642402738333
medium,large,large::mp-1018088::combined_noise_0.015A_0.010,mp-1018088,mp-1018088,C,combined_noise_0.015A_0.010,combined_perturbation,noise,1,20,1,0,0,0,large::mp-1018088::reference,3.129585698246956
medium,large,large::mp-1018088::combined_noise_0.050A_0.010,mp-1018088,mp-1018088,C,combined_noise_0.050A_0.010,combined_perturbation,noise,1,20,1,0,0,0,large::mp-1018088::reference,26.988287528976798
medium,large,large::mp-1018088::combined_noise_0.002A_0.030,mp-1018088,mp-1018088,C,combined_noise_0.002A_0.030,combined_perturbation,noise,1,20,1,0,0,0,large::mp-1018088::reference,3.3217368070036173
medium,large,large::mp-1018088::combined_noise_0.015A_0.030,mp-1018088,mp-1018088,C,combined_noise_0.015A_0.030,combined_perturbation,noise,1,20,1,0,0,0,large::mp-1018088::reference,3.2789103742688894
medium,large,large::mp-1018088::combined_noise_0.050A_0.030,mp-1018088,mp-1018088,C,combined_noise_0.050A_0.030,combined_perturbation,noise,1,20,1,0,0,0,large::mp-1018088::reference,26.303087413311005
medium,large,large::mp-1040425::conventional_standard,mp-1040425,mp-1040425,C,conventional_standard,equivalent_transform,no_noise,1,20,1,0,0,0,large::mp-1040425::reference,3.545080354437232
medium,large,large::mp-1040425::niggli_reduced,mp-1040425,mp-1040425,C,niggli_reduced,equivalent_transform,no_noise,1,20,1,0,0,0,large::mp-1040425::reference,6.968792652711272
medium,large,large::mp-1040425::origin_shifted,mp-1040425,mp-1040425,C,origin_shifted,equivalent_transform,no_noise,1,20,1,0,0,0,large::mp-1040425::reference,4.819124290719628
medium,large,large::mp-1040425::permuted_sites,mp-1040425,mp-1040425,C,permuted_sites,equivalent_transform,no_noise,1,20,1,0,0,0,large::mp-1040425::reference,9.27762482687831
medium,large,large::mp-1040425::combined_noise_0.002A_0.003,mp-1040425,mp-1040425,C,combined_noise_0.002A_0.003,combined_perturbation,noise,1,20,1,0,0,0,large::mp-1040425::reference,4.819776983931661
medium,large,large::mp-1040425::combined_noise_0.015A_0.003,mp-1040425,mp-1040425,C,combined_noise_0.015A_0.003,combined_perturbation,noise,1,20,1,0,0,0,large::mp-1040425::reference,4.740204965695739
medium,large,large::mp-1040425::combined_noise_0.050A_0.003,mp-1040425,mp-1040425,C,combined_noise_0.050A_0.003,combined_perturbation,noise,1,20,1,0,0,0,large::mp-1040425::reference,4.742559241130948
medium,large,large::mp-1040425::combined_noise_0.002A_0.010,mp-1040425,mp-1040425,C,combined_noise_0.002A_0.010,combined_perturbation,noise,1,20,1,0,0,0,large::mp-1040425::reference,4.824124502018094
medium,large,large::mp-1040425::combined_noise_0.015A_0.010,mp-1040425,mp-1040425,C,combined_noise_0.015A_0.010,combined_perturbation,noise,1,20,1,0,0,0,large::mp-1040425::reference,4.7648509461432695
medium,large,large::mp-1040425::combined_noise_0.050A_0.010,mp-1040425,mp-1040425,C,combined_noise_0.050A_0.010,combined_perturbation,noise,1,20,1,0,0,0,large::mp-1040425::reference,4.695826429873705
medium,large,large::mp-1040425::combined_noise_0.002A_0.030,mp-1040425,mp-1040425,C,combined_noise_0.002A_0.030,combined_perturbation,noise,1,20,1,0,0,0,large::mp-1040425::reference,5.006306840106845
medium,large,large::mp-1040425::combined_noise_0.015A_0.030,mp-1040425,mp-1040425,C,combined_noise_0.015A_0.030,combined_perturbation,noise,1,20,1,0,0,0,large::mp-1040425::reference,4.442531865090132
medium,large,large::mp-1040425::combined_noise_0.050A_0.030,mp-1040425,mp-1040425,C,combined_noise_0.050A_0.030,combined_perturbation,noise,1,20,1,0,0,0,large::mp-1040425::reference,4.477549612522125
medium,large,large::mp-1056957::conventional_standard,mp-1056957,mp-1056957,C,conventional_standard,equivalent_transform,no_noise,1,20,2,0,1,0,large::mp-1056957::reference|large::mp-1181996::reference,3.3729772195219994
medium,large,large::mp-1056957::niggli_reduced,mp-1056957,mp-1056957,C,niggli_reduced,equivalent_transform,no_noise,1,20,2,0,1,0,large::mp-1056957::reference|large::mp-1181996::reference,4.600605031475425
medium,large,large::mp-1056957::origin_shifted,mp-1056957,mp-1056957,C,origin_shifted,equivalent_transform,no_noise,1,20,2,0,1,0,large::mp-1056957::reference|large::mp-1181996::reference,4.6427433751523495
medium,large,large::mp-1056957::permuted_sites,mp-1056957,mp-1056957,C,permuted_sites,equivalent_transform,no_noise,1,20,2,0,1,0,large::mp-1056957::reference|large::mp-1181996::reference,6.8894569873809814
medium,large,large::mp-1056957::combined_noise_0.002A_0.003,mp-1056957,mp-1056957,C,combined_noise_0.002A_0.003,combined_perturbation,noise,1,20,2,0,1,0,large::mp-1056957::reference|large::mp-1181996::reference,4.62887972779572
medium,large,large::mp-1056957::combined_noise_0.015A_0.003,mp-1056957,mp-1056957,C,combined_noise_0.015A_0.003,combined_perturbation,noise,1,20,2,0,1,0,large::mp-1056957::reference|large::mp-1181996::reference,4.456479649990797
medium,large,large::mp-1056957::combined_noise_0.050A_0.003,mp-1056957,mp-1056957,C,combined_noise_0.050A_0.003,combined_perturbation,noise,1,20,2,0,1,0,large::mp-1056957::reference|large::mp-1181996::reference,4.573482450097799
medium,large,large::mp-1056957::combined_noise_0.002A_0.010,mp-1056957,mp-1056957,C,combined_noise_0.002A_0.010,combined_perturbation,noise,1,20,2,0,1,0,large::mp-1056957::reference|large::mp-1181996::reference,4.598505457863212
medium,large,large::mp-1056957::combined_noise_0.015A_0.010,mp-1056957,mp-1056957,C,combined_noise_0.015A_0.010,combined_perturbation,noise,1,20,2,0,1,0,large::mp-1056957::reference|large::mp-1181996::reference,4.615449780598283
medium,large,large::mp-1056957::combined_noise_0.050A_0.010,mp-1056957,mp-1056957,C,combined_noise_0.050A_0.010,combined_perturbation,noise,1,20,2,0,1,0,large::mp-1056957::reference|large::mp-1181996::reference,4.6238135397434235
medium,large,large::mp-1056957::combined_noise_0.002A_0.030,mp-1056957,mp-1056957,C,combined_noise_0.002A_0.030,combined_perturbation,noise,1,20,2,0,1,0,large::mp-1056957::reference|large::mp-1181996::reference,4.5817514061927795
medium,large,large::mp-1056957::combined_noise_0.015A_0.030,mp-1056957,mp-1056957,C,combined_noise_0.015A_0.030,combined_perturbation,noise,1,20,2,0,1,0,large::mp-1056957::reference|large::mp-1181996::reference,4.686118420213461
medium,large,large::mp-1056957::combined_noise_0.050A_0.030,mp-1056957,mp-1056957,C,combined_noise_0.050A_0.030,combined_perturbation,noise,1,20,2,0,1,0,large::mp-1056957::reference|large::mp-1181996::reference,4.6405488308519125
medium,large,large::mp-1078845::conventional_standard,mp-1078845,mp-1078845,C,conventional_standard,equivalent_transform,no_noise,1,20,1,0,0,0,large::mp-1078845::reference,2.020259438082576
medium,large,large::mp-1078845::niggli_reduced,mp-1078845,mp-1078845,C,niggli_reduced,equivalent_transform,no_noise,1,20,1,0,0,0,large::mp-1078845::reference,4.004437945783138
medium,large,large::mp-1078845::origin_shifted,mp-1078845,mp-1078845,C,origin_shifted,equivalent_transform,no_noise,1,20,1,0,0,0,large::mp-1078845::reference,3.778513863682747
medium,large,large::mp-1078845::permuted_sites,mp-1078845,mp-1078845,C,permuted_sites,equivalent_transform,no_noise,1,20,1,0,0,0,large::mp-1078845::reference,10.149439737200737
medium,large,large::mp-1078845::combined_noise_0.002A_0.003,mp-1078845,mp-1078845,C,combined_noise_0.002A_0.003,combined_perturbation,noise,1,20,1,0,0,0,large::mp-1078845::reference,3.72673150151968
medium,large,large::mp-1078845::combined_noise_0.015A_0.003,mp-1078845,mp-1078845,C,combined_noise_0.015A_0.003,combined_perturbation,noise,1,20,1,0,0,0,large::mp-1078845::reference,3.661514973267913
medium,large,large::mp-1078845::combined_noise_0.050A_0.003,mp-1078845,mp-1078845,C,combined_noise_0.050A_0.003,combined_perturbation,noise,1,20,1,0,0,0,large::mp-1078845::reference,3.791779076680541
medium,large,large::mp-1078845::combined_noise_0.002A_0.010,mp-1078845,mp-1078845,C,combined_noise_0.002A_0.010,combined_perturbation,noise,1,20,1,0,0,0,large::mp-1078845::reference,3.661778884008527
medium,large,large::mp-1078845::combined_noise_0.015A_0.010,mp-1078845,mp-1078845,C,combined_noise_0.015A_0.010,combined_perturbation,noise,1,20,1,0,0,0,large::mp-1078845::reference,3.6526071466505527
medium,large,large::mp-1078845::combined_noise_0.050A_0.010,mp-1078845,mp-1078845,C,combined_noise_0.050A_0.010,combined_perturbation,noise,1,20,1,0,0,0,large::mp-1078845::reference,3.7844112031161785
medium,large,large::mp-1078845::combined_noise_0.002A_0.030,mp-1078845,mp-1078845,C,combined_noise_0.002A_0.030,combined_perturbation,noise,1,20,1,0,0,0,large::mp-1078845::reference,3.5901344642043114
medium,large,large::mp-1078845::combined_noise_0.015A_0.030,mp-1078845,mp-1078845,C,combined_noise_0.015A_0.030,combined_perturbation,noise,1,20,1,0,0,0,large::mp-1078845::reference,3.6540536116808653
medium,large,large::mp-1078845::combined_noise_0.050A_0.030,mp-1078845,mp-1078845,C,combined_noise_0.050A_0.030,combined_perturbation,noise,1,20,1,0,0,0,large::mp-1078845::reference,3.8008255753666162
medium,large,large::mp-1080826::conventional_standard,mp-1080826,mp-1080826,C,conventional_standard,equivalent_transform,no_noise,1,20,1,0,0,0,large::mp-1080826::reference,1.850255236029625
medium,large,large::mp-1080826::niggli_reduced,mp-1080826,mp-1080826,C,niggli_reduced,equivalent_transform,no_noise,1,20,1,0,0,0,large::mp-1080826::reference,3.479936119168997
medium,large,large::mp-1080826::origin_shifted,mp-1080826,mp-1080826,C,origin_shifted,equivalent_transform,no_noise,1,20,1,0,0,0,large::mp-1080826::reference,3.538960801437497
medium,large,large::mp-1080826::permuted_sites,mp-1080826,mp-1080826,C,permuted_sites,equivalent_transform,no_noise,1,20,1,0,0,0,large::mp-1080826::reference,6.78673249669373
medium,large,large::mp-1080826::combined_noise_0.002A_0.003,mp-1080826,mp-1080826,C,combined_noise_0.002A_0.003,combined_perturbation,noise,1,20,1,0,0,0,large::mp-1080826::reference,3.5586886405944824
medium,large,large::mp-1080826::combined_noise_0.015A_0.003,mp-1080826,mp-1080826,C,combined_noise_0.015A_0.003,combined_perturbation,noise,1,20,1,0,0,0,large::mp-1080826::reference,3.4893631543964148
medium,large,large::mp-1080826::combined_noise_0.050A_0.003,mp-1080826,mp-1080826,C,combined_noise_0.050A_0.003,combined_perturbation,noise,1,20,1,0,0,0,large::mp-1080826::reference,3.4769751131534576
medium,large,large::mp-1080826::combined_noise_0.002A_0.010,mp-1080826,mp-1080826,C,combined_noise_0.002A_0.010,combined_perturbation,noise,1,20,1,0,0,0,large::mp-1080826::reference,3.476993251591921
medium,large,large::mp-1080826::combined_noise_0.015A_0.010,mp-1080826,mp-1080826,C,combined_noise_0.015A_0.010,combined_perturbation,noise,1,20,1,0,0,0,large::mp-1080826::reference,3.4861123804003
medium,large,large::mp-1080826::combined_noise_0.050A_0.010,mp-1080826,mp-1080826,C,combined_noise_0.050A_0.010,combined_perturbation,noise,1,20,1,0,0,0,large::mp-1080826::reference,3.481573583558202
medium,large,large::mp-1080826::combined_noise_0.002A_0.030,mp-1080826,mp-1080826,C,combined_noise_0.002A_0.030,combined_perturbation,noise,1,20,1,0,0,0,large::mp-1080826::reference,3.4768408834934235
medium,large,large::mp-1080826::combined_noise_0.015A_0.030,mp-1080826,mp-1080826,C,combined_noise_0.015A_0.030,combined_perturbation,noise,1,20,1,0,0,0,large::mp-1080826::reference,3.4733578134328127
medium,large,large::mp-1080826::combined_noise_0.050A_0.030,mp-1080826,mp-1080826,C,combined_noise_0.050A_0.030,combined_perturbation,noise,1,20,1,0,0,0,large::mp-1080826::reference,3.473175620660186
medium,large,large::mp-1095534::conventional_standard,mp-1095534,mp-1095534,C,conventional_standard,equivalent_transform,no_noise,1,20,1,0,0,0,large::mp-1095534::reference,1.9632159247994423
medium,large,large::mp-1095534::niggli_reduced,mp-1095534,mp-1095534,C,niggli_reduced,equivalent_transform,no_noise,1,20,1,0,0,0,large::mp-1095534::reference,3.2434688210487366
medium,large,large::mp-1095534::origin_shifted,mp-1095534,mp-1095534,C,origin_shifted,equivalent_transform,no_noise,1,20,1,0,0,0,large::mp-1095534::reference,3.283999754115939
medium,large,large::mp-1095534::permuted_sites,mp-1095534,mp-1095534,C,permuted_sites,equivalent_transform,no_noise,1,20,1,0,0,0,large::mp-1095534::reference,5.916934227570891
medium,large,large::mp-1095534::combined_noise_0.002A_0.003,mp-1095534,mp-1095534,C,combined_noise_0.002A_0.003,combined_perturbation,noise,1,20,1,0,0,0,large::mp-1095534::reference,3.3380583189427853
medium,large,large::mp-1095534::combined_noise_0.015A_0.003,mp-1095534,mp-1095534,C,combined_noise_0.015A_0.003,combined_perturbation,noise,1,20,1,0,0,0,large::mp-1095534::reference,3.2361571174114943
medium,large,large::mp-1095534::combined_noise_0.050A_0.003,mp-1095534,mp-1095534,C,combined_noise_0.050A_0.003,combined_perturbation,noise,1,20,1,0,0,0,large::mp-1095534::reference,3.245806325227022
medium,large,large::mp-1095534::combined_noise_0.002A_0.010,mp-1095534,mp-1095534,C,combined_noise_0.002A_0.010,combined_perturbation,noise,1,20,1,0,0,0,large::mp-1095534::reference,3.241047777235508
medium,large,large::mp-1095534::combined_noise_0.015A_0.010,mp-1095534,mp-1095534,C,combined_noise_0.015A_0.010,combined_perturbation,noise,1,20,1,0,0,0,large::mp-1095534::reference,3.2434699330478907
medium,large,large::mp-1095534::combined_noise_0.050A_0.010,mp-1095534,mp-1095534,C,combined_noise_0.050A_0.010,combined_perturbation,noise,1,20,1,0,0,0,large::mp-1095534::reference,3.244858782738447
medium,large,large::mp-1095534::combined_noise_0.002A_0.030,mp-1095534,mp-1095534,C,combined_noise_0.002A_0.030,combined_perturbation,noise,1,20,1,0,0,0,large::mp-1095534::reference,3.2544270642101765
medium,large,large::mp-1095534::combined_noise_0.015A_0.030,mp-1095534,mp-1095534,C,combined_noise_0.015A_0.030,combined_perturbation,noise,1,20,1,0,0,0,large::mp-1095534::reference,3.260730827227235
medium,large,large::mp-1095534::combined_noise_0.050A_0.030,mp-1095534,mp-1095534,C,combined_noise_0.050A_0.030,combined_perturbation,noise,1,20,1,0,0,0,large::mp-1095534::reference,23.35756891965866
medium,large,large::mp-1095633::conventional_standard,mp-1095633,mp-1095633,C,conventional_standard,equivalent_transform,no_noise,1,20,1,0,0,0,large::mp-1095633::reference,1.9827439449727535
medium,large,large::mp-1095633::niggli_reduced,mp-1095633,mp-1095633,C,niggli_reduced,equivalent_transform,no_noise,1,20,1,0,0,0,large::mp-1095633::reference,3.2612371556460857
medium,large,large::mp-1095633::origin_shifted,mp-1095633,mp-1095633,C,origin_shifted,equivalent_transform,no_noise,1,20,1,0,0,0,large::mp-1095633::reference,3.3231948800385
medium,large,large::mp-1095633::permuted_sites,mp-1095633,mp-1095633,C,permuted_sites,equivalent_transform,no_noise,1,20,1,0,0,0,large::mp-1095633::reference,6.054693294689059
medium,large,large::mp-1095633::combined_noise_0.002A_0.003,mp-1095633,mp-1095633,C,combined_noise_0.002A_0.003,combined_perturbation,noise,1,20,1,0,0,0,large::mp-1095633::reference,3.264248214662075
medium,large,large::mp-1095633::combined_noise_0.015A_0.003,mp-1095633,mp-1095633,C,combined_noise_0.015A_0.003,combined_perturbation,noise,1,20,1,0,0,0,large::mp-1095633::reference,3.2685990519821644
medium,large,large::mp-1095633::combined_noise_0.050A_0.003,mp-1095633,mp-1095633,C,combined_noise_0.050A_0.003,combined_perturbation,noise,1,20,1,0,0,0,large::mp-1095633::reference,17.419971719384193
medium,large,large::mp-1095633::combined_noise_0.002A_0.010,mp-1095633,mp-1095633,C,combined_noise_0.002A_0.010,combined_perturbation,noise,1,20,1,0,0,0,large::mp-1095633::reference,3.2451497949659824
medium,large,large::mp-1095633::combined_noise_0.015A_0.010,mp-1095633,mp-1095633,C,combined_noise_0.015A_0.010,combined_perturbation,noise,1,20,1,0,0,0,large::mp-1095633::reference,3.2923133969306946
medium,large,large::mp-1095633::combined_noise_0.050A_0.010,mp-1095633,mp-1095633,C,combined_noise_0.050A_0.010,combined_perturbation,noise,1,20,1,0,0,0,large::mp-1095633::reference,17.673861695453525
medium,large,large::mp-1095633::combined_noise_0.002A_0.030,mp-1095633,mp-1095633,C,combined_noise_0.002A_0.030,combined_perturbation,noise,1,20,1,0,0,0,large::mp-1095633::reference,3.304959215223789
medium,large,large::mp-1095633::combined_noise_0.015A_0.030,mp-1095633,mp-1095633,C,combined_noise_0.015A_0.030,combined_perturbation,noise,1,20,1,0,0,0,large::mp-1095633::reference,3.2518787886947393
medium,large,large::mp-1095633::combined_noise_0.050A_0.030,mp-1095633,mp-1095633,C,combined_noise_0.050A_0.030,combined_perturbation,noise,1,20,1,0,0,0,large::mp-1095633::reference,17.404377480968833
medium,large,large::mp-1096869::conventional_standard,mp-1096869,mp-1096869,C,conventional_standard,equivalent_transform,no_noise,1,20,1,0,0,0,large::mp-1096869::reference,5.491342943161726
medium,large,large::mp-1096869::niggli_reduced,mp-1096869,mp-1096869,C,niggli_reduced,equivalent_transform,no_noise,1,20,1,0,0,0,large::mp-1096869::reference,5.490307541564107
medium,large,large::mp-1096869::origin_shifted,mp-1096869,mp-1096869,C,origin_shifted,equivalent_transform,no_noise,1,20,1,0,0,0,large::mp-1096869::reference,5.551349362358451
medium,large,large::mp-1096869::permuted_sites,mp-1096869,mp-1096869,C,permuted_sites,equivalent_transform,no_noise,1,20,1,0,0,0,large::mp-1096869::reference,10.625045856460929
medium,large,large::mp-1096869::combined_noise_0.002A_0.003,mp-1096869,mp-1096869,C,combined_noise_0.002A_0.003,combined_perturbation,noise,1,20,1,0,0,0,large::mp-1096869::reference,5.524789348244667
medium,large,large::mp-1096869::combined_noise_0.015A_0.003,mp-1096869,mp-1096869,C,combined_noise_0.015A_0.003,combined_perturbation,noise,1,20,1,0,0,0,large::mp-1096869::reference,5.478535497561097
medium,large,large::mp-1096869::combined_noise_0.050A_0.003,mp-1096869,mp-1096869,C,combined_noise_0.050A_0.003,combined_perturbation,noise,1,20,1,0,0,0,large::mp-1096869::reference,21.18113033287227
medium,large,large::mp-1096869::combined_noise_0.002A_0.010,mp-1096869,mp-1096869,C,combined_noise_0.002A_0.010,combined_perturbation,noise,1,20,1,0,0,0,large::mp-1096869::reference,5.479868018999696
medium,large,large::mp-1096869::combined_noise_0.015A_0.010,mp-1096869,mp-1096869,C,combined_noise_0.015A_0.010,combined_perturbation,noise,1,20,1,0,0,0,large::mp-1096869::reference,5.818562153726816
medium,large,large::mp-1096869::combined_noise_0.050A_0.010,mp-1096869,mp-1096869,C,combined_noise_0.050A_0.010,combined_perturbation,noise,1,20,1,0,0,0,large::mp-1096869::reference,21.368976354599
medium,large,large::mp-1096869::combined_noise_0.002A_0.030,mp-1096869,mp-1096869,C,combined_noise_0.002A_0.030,combined_perturbation,noise,1,20,1,0,0,0,large::mp-1096869::reference,5.426376484334469
medium,large,large::mp-1096869::combined_noise_0.015A_0.030,mp-1096869,mp-1096869,C,combined_noise_0.015A_0.030,combined_perturbation,noise,1,20,1,0,0,0,large::mp-1096869::reference,5.432940658181906
medium,large,large::mp-1096869::combined_noise_0.050A_0.030,mp-1096869,mp-1096869,C,combined_noise_0.050A_0.030,combined_perturbation,noise,1,20,1,0,0,0,large::mp-1096869::reference,21.242902539670467
medium,large,large::mp-1097832::conventional_standard,mp-1097832,mp-1097832,C,conventional_standard,equivalent_transform,no_noise,1,20,1,0,0,0,large::mp-1097832::reference,4.26769096404314
medium,large,large::mp-1097832::niggli_reduced,mp-1097832,mp-1097832,C,niggli_reduced,equivalent_transform,no_noise,1,20,1,0,0,0,large::mp-1097832::reference,7.693770427256823
medium,large,large::mp-1097832::origin_shifted,mp-1097832,mp-1097832,C,origin_shifted,equivalent_transform,no_noise,1,20,1,0,0,0,large::mp-1097832::reference,5.538175046443939
medium,large,large::mp-1097832::permuted_sites,mp-1097832,mp-1097832,C,permuted_sites,equivalent_transform,no_noise,1,20,1,0,0,0,large::mp-1097832::reference,10.187514286488295
medium,large,large::mp-1097832::combined_noise_0.002A_0.003,mp-1097832,mp-1097832,C,combined_noise_0.002A_0.003,combined_perturbation,noise,1,20,1,0,0,0,large::mp-1097832::reference,5.542955020442605
medium,large,large::mp-1097832::combined_noise_0.015A_0.003,mp-1097832,mp-1097832,C,combined_noise_0.015A_0.003,combined_perturbation,noise,1,20,1,0,0,0,large::mp-1097832::reference,5.417802857235074
medium,large,large::mp-1097832::combined_noise_0.050A_0.003,mp-1097832,mp-1097832,C,combined_noise_0.050A_0.003,combined_perturbation,noise,1,20,1,0,0,0,large::mp-1097832::reference,5.556720498949289
medium,large,large::mp-1097832::combined_noise_0.002A_0.010,mp-1097832,mp-1097832,C,combined_noise_0.002A_0.010,combined_perturbation,noise,1,20,1,0,0,0,large::mp-1097832::reference,4.971076279878616
medium,large,large::mp-1097832::combined_noise_0.015A_0.010,mp-1097832,mp-1097832,C,combined_noise_0.015A_0.010,combined_perturbation,noise,1,20,1,0,0,0,large::mp-1097832::reference,5.449741272255778
medium,large,large::mp-1097832::combined_noise_0.050A_0.010,mp-1097832,mp-1097832,C,combined_noise_0.050A_0.010,combined_perturbation,noise,1,20,1,0,0,0,large::mp-1097832::reference,5.386088453233242
medium,large,large::mp-1097832::combined_noise_0.002A_0.030,mp-1097832,mp-1097832,C,combined_noise_0.002A_0.030,combined_perturbation,noise,1,20,1,0,0,0,large::mp-1097832::reference,5.241743681952357
medium,large,large::mp-1097832::combined_noise_0.015A_0.030,mp-1097832,mp-1097832,C,combined_noise_0.015A_0.030,combined_perturbation,noise,1,20,1,0,0,0,large::mp-1097832::reference,5.471211947500706
medium,large,large::mp-1097832::combined_noise_0.050A_0.030,mp-1097832,mp-1097832,C,combined_noise_0.050A_0.030,combined_perturbation,noise,1,20,1,0,0,0,large::mp-1097832::reference,5.42613316513598
medium,large,large::mp-1147718::conventional_standard,mp-1147718,mp-1147718,C,conventional_standard,equivalent_transform,no_noise,1,20,1,0,0,0,large::mp-1147718::reference,18.88938331231475
medium,large,large::mp-1147718::niggli_reduced,mp-1147718,mp-1147718,C,niggli_reduced,equivalent_transform,no_noise,1,20,1,0,0,0,large::mp-1147718::reference,18.91941906325519
medium,large,large::mp-1147718::origin_shifted,mp-1147718,mp-1147718,C,origin_shifted,equivalent_transform,no_noise,1,20,1,0,0,0,large::mp-1147718::reference,20.024583285674453
medium,large,large::mp-1147718::permuted_sites,mp-1147718,mp-1147718,C,permuted_sites,equivalent_transform,no_noise,1,20,1,0,0,0,large::mp-1147718::reference,23.599494453519583
medium,large,large::mp-1147718::combined_noise_0.002A_0.003,mp-1147718,mp-1147718,C,combined_noise_0.002A_0.003,combined_perturbation,noise,1,20,1,0,0,0,large::mp-1147718::reference,20.12831917963922
medium,large,large::mp-1147718::combined_noise_0.015A_0.003,mp-1147718,mp-1147718,C,combined_noise_0.015A_0.003,combined_perturbation,noise,1,20,1,0,0,0,large::mp-1147718::reference,19.94320752285421
medium,large,large::mp-1147718::combined_noise_0.050A_0.003,mp-1147718,mp-1147718,C,combined_noise_0.050A_0.003,combined_perturbation,noise,1,20,1,0,0,0,large::mp-1147718::reference,20.233261447399855
medium,large,large::mp-1147718::combined_noise_0.002A_0.010,mp-1147718,mp-1147718,C,combined_noise_0.002A_0.010,combined_perturbation,noise,1,20,1,0,0,0,large::mp-1147718::reference,20.17615276388824
medium,large,large::mp-1147718::combined_noise_0.015A_0.010,mp-1147718,mp-1147718,C,combined_noise_0.015A_0.010,combined_perturbation,noise,1,20,1,0,0,0,large::mp-1147718::reference,20.38223360478878
medium,large,large::mp-1147718::combined_noise_0.050A_0.010,mp-1147718,mp-1147718,C,combined_noise_0.050A_0.010,combined_perturbation,noise,1,20,1,0,0,0,large::mp-1147718::reference,19.79772798344493
medium,large,large::mp-1147718::combined_noise_0.002A_0.030,mp-1147718,mp-1147718,C,combined_noise_0.002A_0.030,combined_perturbation,noise,1,20,1,0,0,0,large::mp-1147718::reference,19.816125063225627
medium,large,large::mp-1147718::combined_noise_0.015A_0.030,mp-1147718,mp-1147718,C,combined_noise_0.015A_0.030,combined_perturbation,noise,1,20,1,0,0,0,large::mp-1147718::reference,20.49271797761321
medium,large,large::mp-1147718::combined_noise_0.050A_0.030,mp-1147718,mp-1147718,C,combined_noise_0.050A_0.030,combined_perturbation,noise,1,20,1,0,0,0,large::mp-1147718::reference,19.963131153956056
medium,large,large::mp-1181996::conventional_standard,mp-1181996,mp-1181996,C,conventional_standard,equivalent_transform,no_noise,1,20,2,0,1,0,large::mp-1056957::reference|large::mp-1181996::reference,16.610367147251964
medium,large,large::mp-1181996::niggli_reduced,mp-1181996,mp-1181996,C,niggli_reduced,equivalent_transform,no_noise,1,20,2,0,1,0,large::mp-1056957::reference|large::mp-1181996::reference,17.81706996075809
medium,large,large::mp-1181996::origin_shifted,mp-1181996,mp-1181996,C,origin_shifted,equivalent_transform,no_noise,1,20,2,0,1,0,large::mp-1056957::reference|large::mp-1181996::reference,17.800981376320124
medium,large,large::mp-1181996::permuted_sites,mp-1181996,mp-1181996,C,permuted_sites,equivalent_transform,no_noise,1,20,2,0,1,0,large::mp-1056957::reference|large::mp-1181996::reference,20.087696669623256
medium,large,large::mp-1181996::combined_noise_0.002A_0.003,mp-1181996,mp-1181996,C,combined_noise_0.002A_0.003,combined_perturbation,noise,1,20,2,0,1,0,large::mp-1056957::reference|large::mp-1181996::reference,17.18750041909516
medium,large,large::mp-1181996::combined_noise_0.015A_0.003,mp-1181996,mp-1181996,C,combined_noise_0.015A_0.003,combined_perturbation,noise,1,20,2,0,1,0,large::mp-1056957::reference|large::mp-1181996::reference,17.882264671847224
medium,large,large::mp-1181996::combined_noise_0.050A_0.003,mp-1181996,mp-1181996,C,combined_noise_0.050A_0.003,combined_perturbation,noise,1,20,2,0,1,0,large::mp-1056957::reference|large::mp-1181996::reference,17.515027860179543
medium,large,large::mp-1181996::combined_noise_0.002A_0.010,mp-1181996,mp-1181996,C,combined_noise_0.002A_0.010,combined_perturbation,noise,1,20,2,0,1,0,large::mp-1056957::reference|large::mp-1181996::reference,16.28871433623135
medium,large,large::mp-1181996::combined_noise_0.015A_0.010,mp-1181996,mp-1181996,C,combined_noise_0.015A_0.010,combined_perturbation,noise,1,20,2,0,1,0,large::mp-1056957::reference|large::mp-1181996::reference,16.554446501657367
medium,large,large::mp-1181996::combined_noise_0.050A_0.010,mp-1181996,mp-1181996,C,combined_noise_0.050A_0.010,combined_perturbation,noise,1,20,2,0,1,0,large::mp-1056957::reference|large::mp-1181996::reference,17.844540471211076
medium,large,large::mp-1181996::combined_noise_0.002A_0.030,mp-1181996,mp-1181996,C,combined_noise_0.002A_0.030,combined_perturbation,noise,1,20,2,0,1,0,large::mp-1056957::reference|large::mp-1181996::reference,17.976140638813376
medium,large,large::mp-1181996::combined_noise_0.015A_0.030,mp-1181996,mp-1181996,C,combined_noise_0.015A_0.030,combined_perturbation,noise,1,20,2,0,1,0,large::mp-1056957::reference|large::mp-1181996::reference,17.761511923745275
medium,large,large::mp-1181996::combined_noise_0.050A_0.030,mp-1181996,mp-1181996,C,combined_noise_0.050A_0.030,combined_perturbation,noise,1,20,2,0,1,0,large::mp-1056957::reference|large::mp-1181996::reference,16.594601584598422
medium,large,large::mp-1182029::conventional_standard,mp-1182029,mp-1182029,C,conventional_standard,equivalent_transform,no_noise,1,20,1,0,0,0,large::mp-1182029::reference,19.006203366443515
medium,large,large::mp-1182029::niggli_reduced,mp-1182029,mp-1182029,C,niggli_reduced,equivalent_transform,no_noise,1,20,1,0,0,0,large::mp-1182029::reference,20.123638397082686
medium,large,large::mp-1182029::origin_shifted,mp-1182029,mp-1182029,C,origin_shifted,equivalent_transform,no_noise,1,20,1,0,0,0,large::mp-1182029::reference,20.19974209740758
medium,large,large::mp-1182029::permuted_sites,mp-1182029,mp-1182029,C,permuted_sites,equivalent_transform,no_noise,1,20,1,0,0,0,large::mp-1182029::reference,22.5242453571409
medium,large,large::mp-1182029::combined_noise_0.002A_0.003,mp-1182029,mp-1182029,C,combined_noise_0.002A_0.003,combined_perturbation,noise,1,20,1,0,0,0,large::mp-1182029::reference,20.10177161358297
medium,large,large::mp-1182029::combined_noise_0.015A_0.003,mp-1182029,mp-1182029,C,combined_noise_0.015A_0.003,combined_perturbation,noise,1,20,1,0,0,0,large::mp-1182029::reference,20.39241213724017
medium,large,large::mp-1182029::combined_noise_0.050A_0.003,mp-1182029,mp-1182029,C,combined_noise_0.050A_0.003,combined_perturbation,noise,1,20,1,0,0,0,large::mp-1182029::reference,20.300696859136224
medium,large,large::mp-1182029::combined_noise_0.002A_0.010,mp-1182029,mp-1182029,C,combined_noise_0.002A_0.010,combined_perturbation,noise,1,20,1,0,0,0,large::mp-1182029::reference,19.82181639224291
medium,large,large::mp-1182029::combined_noise_0.015A_0.010,mp-1182029,mp-1182029,C,combined_noise_0.015A_0.010,combined_perturbation,noise,1,20,1,0,0,0,large::mp-1182029::reference,19.655389860272408
medium,large,large::mp-1182029::combined_noise_0.050A_0.010,mp-1182029,mp-1182029,C,combined_noise_0.050A_0.010,combined_perturbation,noise,1,20,1,0,0,0,large::mp-1182029::reference,20.41925828717649
medium,large,large::mp-1182029::combined_noise_0.002A_0.030,mp-1182029,mp-1182029,C,combined_noise_0.002A_0.030,combined_perturbation,noise,1,20,1,0,0,0,large::mp-1182029::reference,19.503148021176457
medium,large,large::mp-1182029::combined_noise_0.015A_0.030,mp-1182029,mp-1182029,C,combined_noise_0.015A_0.030,combined_perturbation,noise,1,20,1,0,0,0,large::mp-1182029::reference,20.529303394258022
medium,large,large::mp-1182029::combined_noise_0.050A_0.030,mp-1182029,mp-1182029,C,combined_noise_0.050A_0.030,combined_perturbation,noise,1,20,1,0,0,0,large::mp-1182029::reference,19.30726051144302
medium,large,large::mp-1182684::conventional_standard,mp-1182684,mp-1182684,C,conventional_standard,equivalent_transform,no_noise,1,20,1,0,0,0,large::mp-1182684::reference,6.502433847635984
medium,large,large::mp-1182684::niggli_reduced,mp-1182684,mp-1182684,C,niggli_reduced,equivalent_transform,no_noise,1,20,1,0,0,0,large::mp-1182684::reference,8.41095427237451
medium,large,large::mp-1182684::origin_shifted,mp-1182684,mp-1182684,C,origin_shifted,equivalent_transform,no_noise,1,20,1,0,0,0,large::mp-1182684::reference,8.849029758945107
medium,large,large::mp-1182684::permuted_sites,mp-1182684,mp-1182684,C,permuted_sites,equivalent_transform,no_noise,1,20,1,0,0,0,large::mp-1182684::reference,14.33769922889769
medium,large,large::mp-1182684::combined_noise_0.002A_0.003,mp-1182684,mp-1182684,C,combined_noise_0.002A_0.003,combined_perturbation,noise,1,20,1,0,0,0,large::mp-1182684::reference,8.390784911811352
medium,large,large::mp-1182684::combined_noise_0.015A_0.003,mp-1182684,mp-1182684,C,combined_noise_0.015A_0.003,combined_perturbation,noise,1,20,1,0,0,0,large::mp-1182684::reference,8.842590413987637
medium,large,large::mp-1182684::combined_noise_0.050A_0.003,mp-1182684,mp-1182684,C,combined_noise_0.050A_0.003,combined_perturbation,noise,1,20,1,0,0,0,large::mp-1182684::reference,8.405452799052
medium,large,large::mp-1182684::combined_noise_0.002A_0.010,mp-1182684,mp-1182684,C,combined_noise_0.002A_0.010,combined_perturbation,noise,1,20,1,0,0,0,large::mp-1182684::reference,8.747612373903394
medium,large,large::mp-1182684::combined_noise_0.015A_0.010,mp-1182684,mp-1182684,C,combined_noise_0.015A_0.010,combined_perturbation,noise,1,20,1,0,0,0,large::mp-1182684::reference,8.342560635879636
medium,large,large::mp-1182684::combined_noise_0.050A_0.010,mp-1182684,mp-1182684,C,combined_noise_0.050A_0.010,combined_perturbation,noise,1,20,1,0,0,0,large::mp-1182684::reference,8.7148332670331
medium,large,large::mp-1182684::combined_noise_0.002A_0.030,mp-1182684,mp-1182684,C,combined_noise_0.002A_0.030,combined_perturbation,noise,1,20,1,0,0,0,large::mp-1182684::reference,8.335320180281997
medium,large,large::mp-1182684::combined_noise_0.015A_0.030,mp-1182684,mp-1182684,C,combined_noise_0.015A_0.030,combined_perturbation,noise,1,20,1,0,0,0,large::mp-1182684::reference,9.073923148214817
medium,large,large::mp-1182684::combined_noise_0.050A_0.030,mp-1182684,mp-1182684,C,combined_noise_0.050A_0.030,combined_perturbation,noise,1,20,1,0,0,0,large::mp-1182684::reference,8.342535614967346
medium,large,large::mp-1188817::conventional_standard,mp-1188817,mp-1188817,C,conventional_standard,equivalent_transform,no_noise,1,20,1,0,0,0,large::mp-1188817::reference,2.229696538299322
medium,large,large::mp-1188817::niggli_reduced,mp-1188817,mp-1188817,C,niggli_reduced,equivalent_transform,no_noise,1,20,1,0,0,0,large::mp-1188817::reference,3.379178576171398
medium,large,large::mp-1188817::origin_shifted,mp-1188817,mp-1188817,C,origin_shifted,equivalent_transform,no_noise,1,20,1,0,0,0,large::mp-1188817::reference,3.4177553188055754
medium,large,large::mp-1188817::permuted_sites,mp-1188817,mp-1188817,C,permuted_sites,equivalent_transform,no_noise,1,20,1,0,0,0,large::mp-1188817::reference,5.673205129802227
medium,large,large::mp-1188817::combined_noise_0.002A_0.003,mp-1188817,mp-1188817,C,combined_noise_0.002A_0.003,combined_perturbation,noise,1,20,1,0,0,0,large::mp-1188817::reference,3.3825893495231867
medium,large,large::mp-1188817::combined_noise_0.015A_0.003,mp-1188817,mp-1188817,C,combined_noise_0.015A_0.003,combined_perturbation,noise,1,20,1,0,0,0,large::mp-1188817::reference,3.441395739093423
medium,large,large::mp-1188817::combined_noise_0.050A_0.003,mp-1188817,mp-1188817,C,combined_noise_0.050A_0.003,combined_perturbation,noise,1,20,1,0,0,0,large::mp-1188817::reference,3.3471947722136974
medium,large,large::mp-1188817::combined_noise_0.002A_0.010,mp-1188817,mp-1188817,C,combined_noise_0.002A_0.010,combined_perturbation,noise,1,20,1,0,0,0,large::mp-1188817::reference,3.3791527040302753
medium,large,large::mp-1188817::combined_noise_0.015A_0.010,mp-1188817,mp-1188817,C,combined_noise_0.015A_0.010,combined_perturbation,noise,1,20,1,0,0,0,large::mp-1188817::reference,3.388779252767563
medium,large,large::mp-1188817::combined_noise_0.050A_0.010,mp-1188817,mp-1188817,C,combined_noise_0.050A_0.010,combined_perturbation,noise,1,20,1,0,0,0,large::mp-1188817::reference,3.345638098195195
medium,large,large::mp-1188817::combined_noise_0.002A_0.030,mp-1188817,mp-1188817,C,combined_noise_0.002A_0.030,combined_perturbation,noise,1,20,1,0,0,0,large::mp-1188817::reference,3.190276125445962
medium,large,large::mp-1188817::combined_noise_0.015A_0.030,mp-1188817,mp-1188817,C,combined_noise_0.015A_0.030,combined_perturbation,noise,1,20,1,0,0,0,large::mp-1188817::reference,3.243453873321414
medium,large,large::mp-1188817::combined_noise_0.050A_0.030,mp-1188817,mp-1188817,C,combined_noise_0.050A_0.030,combined_perturbation,noise,1,20,1,0,0,0,large::mp-1188817::reference,3.3808658961206675
medium,large,large::mp-1190171::conventional_standard,mp-1190171,mp-1190171,C,conventional_standard,equivalent_transform,no_noise,1,20,1,0,0,0,large::mp-1190171::reference,1.8996494691818953
medium,large,large::mp-1190171::niggli_reduced,mp-1190171,mp-1190171,C,niggli_reduced,equivalent_transform,no_noise,1,20,1,0,0,0,large::mp-1190171::reference,5.280384264886379
medium,large,large::mp-1190171::origin_shifted,mp-1190171,mp-1190171,C,origin_shifted,equivalent_transform,no_noise,1,20,1,0,0,0,large::mp-1190171::reference,3.834530206397176
medium,large,large::mp-1190171::permuted_sites,mp-1190171,mp-1190171,C,permuted_sites,equivalent_transform,no_noise,1,20,1,0,0,0,large::mp-1190171::reference,7.507632188498974
medium,large,large::mp-1190171::combined_noise_0.002A_0.003,mp-1190171,mp-1190171,C,combined_noise_0.002A_0.003,combined_perturbation,noise,1,20,1,0,0,0,large::mp-1190171::reference,3.7785830441862345
medium,large,large::mp-1190171::combined_noise_0.015A_0.003,mp-1190171,mp-1190171,C,combined_noise_0.015A_0.003,combined_perturbation,noise,1,20,1,0,0,0,large::mp-1190171::reference,3.7779792714864016
medium,large,large::mp-1190171::combined_noise_0.050A_0.003,mp-1190171,mp-1190171,C,combined_noise_0.050A_0.003,combined_perturbation,noise,1,20,1,0,0,0,large::mp-1190171::reference,3.845034394413233
medium,large,large::mp-1190171::combined_noise_0.002A_0.010,mp-1190171,mp-1190171,C,combined_noise_0.002A_0.010,combined_perturbation,noise,1,20,1,0,0,0,large::mp-1190171::reference,3.773551056161523
medium,large,large::mp-1190171::combined_noise_0.015A_0.010,mp-1190171,mp-1190171,C,combined_noise_0.015A_0.010,combined_perturbation,noise,1,20,1,0,0,0,large::mp-1190171::reference,3.803352452814579
medium,large,large::mp-1190171::combined_noise_0.050A_0.010,mp-1190171,mp-1190171,C,combined_noise_0.050A_0.010,combined_perturbation,noise,1,20,1,0,0,0,large::mp-1190171::reference,3.778255082666874
medium,large,large::mp-1190171::combined_noise_0.002A_0.030,mp-1190171,mp-1190171,C,combined_noise_0.002A_0.030,combined_perturbation,noise,1,20,1,0,0,0,large::mp-1190171::reference,3.7597081027925014
medium,large,large::mp-1190171::combined_noise_0.015A_0.030,mp-1190171,mp-1190171,C,combined_noise_0.015A_0.030,combined_perturbation,noise,1,20,1,0,0,0,large::mp-1190171::reference,3.774388551712036
medium,large,large::mp-1190171::combined_noise_0.050A_0.030,mp-1190171,mp-1190171,C,combined_noise_0.050A_0.030,combined_perturbation,noise,1,20,1,0,0,0,large::mp-1190171::reference,4.094513203948736
medium,large,large::mp-1192619::conventional_standard,mp-1192619,mp-1192619,C,conventional_standard,equivalent_transform,no_noise,1,20,1,0,0,0,large::mp-1192619::reference,2.293718159198761
medium,large,large::mp-1192619::niggli_reduced,mp-1192619,mp-1192619,C,niggli_reduced,equivalent_transform,no_noise,1,20,1,0,0,0,large::mp-1192619::reference,3.4477542992681265
medium,large,large::mp-1192619::origin_shifted,mp-1192619,mp-1192619,C,origin_shifted,equivalent_transform,no_noise,1,20,1,0,0,0,large::mp-1192619::reference,3.506862184032798
medium,large,large::mp-1192619::permuted_sites,mp-1192619,mp-1192619,C,permuted_sites,equivalent_transform,no_noise,1,20,1,0,0,0,large::mp-1192619::reference,6.512735467404127
medium,large,large::mp-1192619::combined_noise_0.002A_0.003,mp-1192619,mp-1192619,C,combined_noise_0.002A_0.003,combined_perturbation,noise,1,20,1,0,0,0,large::mp-1192619::reference,3.5001963023096323
medium,large,large::mp-1192619::combined_noise_0.015A_0.003,mp-1192619,mp-1192619,C,combined_noise_0.015A_0.003,combined_perturbation,noise,1,20,1,0,0,0,large::mp-1192619::reference,3.461728695780039
medium,large,large::mp-1192619::combined_noise_0.050A_0.003,mp-1192619,mp-1192619,C,combined_noise_0.050A_0.003,combined_perturbation,noise,1,20,1,0,0,0,large::mp-1192619::reference,20.40665616840124
medium,large,large::mp-1192619::combined_noise_0.002A_0.010,mp-1192619,mp-1192619,C,combined_noise_0.002A_0.010,combined_perturbation,noise,1,20,1,0,0,0,large::mp-1192619::reference,3.447891680523753
medium,large,large::mp-1192619::combined_noise_0.015A_0.010,mp-1192619,mp-1192619,C,combined_noise_0.015A_0.010,combined_perturbation,noise,1,20,1,0,0,0,large::mp-1192619::reference,3.4978118650615215
medium,large,large::mp-1192619::combined_noise_0.050A_0.010,mp-1192619,mp-1192619,C,combined_noise_0.050A_0.010,combined_perturbation,noise,1,20,1,0,0,0,large::mp-1192619::reference,19.82184507139027
medium,large,large::mp-1192619::combined_noise_0.002A_0.030,mp-1192619,mp-1192619,C,combined_noise_0.002A_0.030,combined_perturbation,noise,1,20,1,0,0,0,large::mp-1192619::reference,3.538606684654951
medium,large,large::mp-1192619::combined_noise_0.015A_0.030,mp-1192619,mp-1192619,C,combined_noise_0.015A_0.030,combined_perturbation,noise,1,20,1,0,0,0,large::mp-1192619::reference,3.59313297085464
medium,large,large::mp-1192619::combined_noise_0.050A_0.030,mp-1192619,mp-1192619,C,combined_noise_0.050A_0.030,combined_perturbation,noise,1,20,1,0,0,0,large::mp-1192619::reference,20.069072412326932
medium,large,large::mp-1196583::conventional_standard,mp-1196583,mp-1196583,C,conventional_standard,equivalent_transform,no_noise,1,20,1,2,0,0,large::mp-1196583::reference,94.92543235979974
medium,large,large::mp-1196583::niggli_reduced,mp-1196583,mp-1196583,C,niggli_reduced,equivalent_transform,no_noise,1,20,1,2,0,0,large::mp-1196583::reference,95.00054255872965
medium,large,large::mp-1196583::origin_shifted,mp-1196583,mp-1196583,C,origin_shifted,equivalent_transform,no_noise,1,20,1,2,0,0,large::mp-1196583::reference,109.32346346229315
medium,large,large::mp-1196583::permuted_sites,mp-1196583,mp-1196583,C,permuted_sites,equivalent_transform,no_noise,1,20,1,2,0,0,large::mp-1196583::reference,121.37472518905997
medium,large,large::mp-1196583::combined_noise_0.002A_0.003,mp-1196583,mp-1196583,C,combined_noise_0.002A_0.003,combined_perturbation,noise,1,20,1,2,0,0,large::mp-1196583::reference,109.74516798555851
medium,large,large::mp-1196583::combined_noise_0.015A_0.003,mp-1196583,mp-1196583,C,combined_noise_0.015A_0.003,combined_perturbation,noise,1,20,1,2,0,0,large::mp-1196583::reference,110.54773813299835
medium,large,large::mp-1196583::combined_noise_0.050A_0.003,mp-1196583,mp-1196583,C,combined_noise_0.050A_0.003,combined_perturbation,noise,1,20,1,2,0,0,large::mp-1196583::reference,110.7161451280117
medium,large,large::mp-1196583::combined_noise_0.002A_0.010,mp-1196583,mp-1196583,C,combined_noise_0.002A_0.010,combined_perturbation,noise,1,20,1,2,0,0,large::mp-1196583::reference,110.5062656160444
medium,large,large::mp-1196583::combined_noise_0.015A_0.010,mp-1196583,mp-1196583,C,combined_noise_0.015A_0.010,combined_perturbation,noise,1,20,1,2,0,0,large::mp-1196583::reference,110.63101582787931
medium,large,large::mp-1196583::combined_noise_0.050A_0.010,mp-1196583,mp-1196583,C,combined_noise_0.050A_0.010,combined_perturbation,noise,1,20,1,2,0,0,large::mp-1196583::reference,111.82167546451092
medium,large,large::mp-1196583::combined_noise_0.002A_0.030,mp-1196583,mp-1196583,C,combined_noise_0.002A_0.030,combined_perturbation,noise,1,20,1,2,0,0,large::mp-1196583::reference,112.65543490089476
medium,large,large::mp-1196583::combined_noise_0.015A_0.030,mp-1196583,mp-1196583,C,combined_noise_0.015A_0.030,combined_perturbation,noise,1,20,1,2,0,0,large::mp-1196583::reference,111.53130727633834
medium,large,large::mp-1196583::combined_noise_0.050A_0.030,mp-1196583,mp-1196583,C,combined_noise_0.050A_0.030,combined_perturbation,noise,1,20,1,2,0,0,large::mp-1196583::reference,110.96998459286988
medium,large,large::mp-1196857::conventional_standard,mp-1196857,mp-1196857,C,conventional_standard,equivalent_transform,no_noise,1,20,1,0,0,0,large::mp-1196857::reference,3.0079041067510843
medium,large,large::mp-1196857::niggli_reduced,mp-1196857,mp-1196857,C,niggli_reduced,equivalent_transform,no_noise,1,20,1,0,0,0,large::mp-1196857::reference,3.9319171011447906
medium,large,large::mp-1196857::origin_shifted,mp-1196857,mp-1196857,C,origin_shifted,equivalent_transform,no_noise,1,20,1,0,0,0,large::mp-1196857::reference,3.9960583429783583
medium,large,large::mp-1196857::permuted_sites,mp-1196857,mp-1196857,C,permuted_sites,equivalent_transform,no_noise,1,20,1,0,0,0,large::mp-1196857::reference,6.415670573711395
medium,large,large::mp-1196857::combined_noise_0.002A_0.003,mp-1196857,mp-1196857,C,combined_noise_0.002A_0.003,combined_perturbation,noise,1,20,1,0,0,0,large::mp-1196857::reference,3.8755594957619905
medium,large,large::mp-1196857::combined_noise_0.015A_0.003,mp-1196857,mp-1196857,C,combined_noise_0.015A_0.003,combined_perturbation,noise,1,20,1,0,0,0,large::mp-1196857::reference,3.945022450760007
medium,large,large::mp-1196857::combined_noise_0.050A_0.003,mp-1196857,mp-1196857,C,combined_noise_0.050A_0.003,combined_perturbation,noise,1,20,1,0,0,0,large::mp-1196857::reference,3.951912561431527
medium,large,large::mp-1196857::combined_noise_0.002A_0.010,mp-1196857,mp-1196857,C,combined_noise_0.002A_0.010,combined_perturbation,noise,1,20,1,0,0,0,large::mp-1196857::reference,4.2812536880373955
medium,large,large::mp-1196857::combined_noise_0.015A_0.010,mp-1196857,mp-1196857,C,combined_noise_0.015A_0.010,combined_perturbation,noise,1,20,1,0,0,0,large::mp-1196857::reference,3.950274718925357
medium,large,large::mp-1196857::combined_noise_0.050A_0.010,mp-1196857,mp-1196857,C,combined_noise_0.050A_0.010,combined_perturbation,noise,1,20,1,0,0,0,large::mp-1196857::reference,3.8873725328594446
medium,large,large::mp-1196857::combined_noise_0.002A_0.030,mp-1196857,mp-1196857,C,combined_noise_0.002A_0.030,combined_perturbation,noise,1,20,1,0,0,0,large::mp-1196857::reference,3.9274326283484697
medium,large,large::mp-1196857::combined_noise_0.015A_0.030,mp-1196857,mp-1196857,C,combined_noise_0.015A_0.030,combined_perturbation,noise,1,20,1,0,0,0,large::mp-1196857::reference,3.9427128545939922
medium,large,large::mp-1196857::combined_noise_0.050A_0.030,mp-1196857,mp-1196857,C,combined_noise_0.050A_0.030,combined_perturbation,noise,1,20,1,0,0,0,large::mp-1196857::reference,10.93757677078247
medium,large,large::mp-10064::conventional_standard,mp-10064,mp-10064,SiO2,conventional_standard,equivalent_transform,no_noise,1,20,1,0,0,0,large::mp-10064::reference,7.19739037938416
medium,large,large::mp-10064::niggli_reduced,mp-10064,mp-10064,SiO2,niggli_reduced,equivalent_transform,no_noise,1,20,1,0,0,0,large::mp-10064::reference,6.418185671791434
medium,large,large::mp-10064::origin_shifted,mp-10064,mp-10064,SiO2,origin_shifted,equivalent_transform,no_noise,1,20,1,0,0,0,large::mp-10064::reference,6.421146418899298
medium,large,large::mp-10064::permuted_sites,mp-10064,mp-10064,SiO2,permuted_sites,equivalent_transform,no_noise,1,20,1,0,0,0,large::mp-10064::reference,8.013029864057899
medium,large,large::mp-10064::combined_noise_0.002A_0.003,mp-10064,mp-10064,SiO2,combined_noise_0.002A_0.003,combined_perturbation,noise,1,20,1,0,0,0,large::mp-10064::reference,6.523659095168114
medium,large,large::mp-10064::combined_noise_0.015A_0.003,mp-10064,mp-10064,SiO2,combined_noise_0.015A_0.003,combined_perturbation,noise,1,20,1,0,0,0,large::mp-10064::reference,6.444172125309706
medium,large,large::mp-10064::combined_noise_0.050A_0.003,mp-10064,mp-10064,SiO2,combined_noise_0.050A_0.003,combined_perturbation,noise,1,20,1,0,0,0,large::mp-10064::reference,2.9658844638615847
medium,large,large::mp-10064::combined_noise_0.002A_0.010,mp-10064,mp-10064,SiO2,combined_noise_0.002A_0.010,combined_perturbation,noise,1,20,1,0,0,0,large::mp-10064::reference,6.508979685604572
medium,large,large::mp-10064::combined_noise_0.015A_0.010,mp-10064,mp-10064,SiO2,combined_noise_0.015A_0.010,combined_perturbation,noise,1,20,1,0,0,0,large::mp-10064::reference,6.684290187433362
medium,large,large::mp-10064::combined_noise_0.050A_0.010,mp-10064,mp-10064,SiO2,combined_noise_0.050A_0.010,combined_perturbation,noise,1,20,1,0,0,0,large::mp-10064::reference,2.9899255726486444
medium,large,large::mp-10064::combined_noise_0.002A_0.030,mp-10064,mp-10064,SiO2,combined_noise_0.002A_0.030,combined_perturbation,noise,1,20,1,0,0,0,large::mp-10064::reference,6.542186927050352
medium,large,large::mp-10064::combined_noise_0.015A_0.030,mp-10064,mp-10064,SiO2,combined_noise_0.015A_0.030,combined_perturbation,noise,1,20,1,0,0,0,large::mp-10064::reference,6.50178425014019
medium,large,large::mp-10064::combined_noise_0.050A_0.030,mp-10064,mp-10064,SiO2,combined_noise_0.050A_0.030,combined_perturbation,noise,1,20,1,0,0,0,large::mp-10064::reference,6.68580462038517
medium,large,large::mp-1021503::conventional_standard,mp-1021503,mp-1021503,SiO2,conventional_standard,equivalent_transform,no_noise,1,20,1,0,0,0,large::mp-1021503::reference,2.5953656043857336
medium,large,large::mp-1021503::niggli_reduced,mp-1021503,mp-1021503,SiO2,niggli_reduced,equivalent_transform,no_noise,1,20,1,0,0,0,large::mp-1021503::reference,3.462892396375537
medium,large,large::mp-1021503::origin_shifted,mp-1021503,mp-1021503,SiO2,origin_shifted,equivalent_transform,no_noise,1,20,1,0,0,0,large::mp-1021503::reference,3.471849463880062
medium,large,large::mp-1021503::permuted_sites,mp-1021503,mp-1021503,SiO2,permuted_sites,equivalent_transform,no_noise,1,20,1,0,0,0,large::mp-1021503::reference,5.062118934467435
medium,large,large::mp-1021503::combined_noise_0.002A_0.003,mp-1021503,mp-1021503,SiO2,combined_noise_0.002A_0.003,combined_perturbation,noise,1,20,1,0,0,0,large::mp-1021503::reference,3.4559975937008858
medium,large,large::mp-1021503::combined_noise_0.015A_0.003,mp-1021503,mp-1021503,SiO2,combined_noise_0.015A_0.003,combined_perturbation,noise,1,20,1,0,0,0,large::mp-1021503::reference,3.434763193130493
medium,large,large::mp-1021503::combined_noise_0.050A_0.003,mp-1021503,mp-1021503,SiO2,combined_noise_0.050A_0.003,combined_perturbation,noise,1,20,1,0,0,0,large::mp-1021503::reference,3.455532133579254
medium,large,large::mp-1021503::combined_noise_0.002A_0.010,mp-1021503,mp-1021503,SiO2,combined_noise_0.002A_0.010,combined_perturbation,noise,1,20,1,0,0,0,large::mp-1021503::reference,3.4367266073822975
medium,large,large::mp-1021503::combined_noise_0.015A_0.010,mp-1021503,mp-1021503,SiO2,combined_noise_0.015A_0.010,combined_perturbation,noise,1,20,1,0,0,0,large::mp-1021503::reference,3.521355355158448
medium,large,large::mp-1021503::combined_noise_0.050A_0.010,mp-1021503,mp-1021503,SiO2,combined_noise_0.050A_0.010,combined_perturbation,noise,1,20,1,0,0,0,large::mp-1021503::reference,3.461251912638545
medium,large,large::mp-1021503::combined_noise_0.002A_0.030,mp-1021503,mp-1021503,SiO2,combined_noise_0.002A_0.030,combined_perturbation,noise,1,20,1,0,0,0,large::mp-1021503::reference,3.3966449219733477
medium,large,large::mp-1021503::combined_noise_0.015A_0.030,mp-1021503,mp-1021503,SiO2,combined_noise_0.015A_0.030,combined_perturbation,noise,1,20,1,0,0,0,large::mp-1021503::reference,3.4441114012151957
medium,large,large::mp-1021503::combined_noise_0.050A_0.030,mp-1021503,mp-1021503,SiO2,combined_noise_0.050A_0.030,combined_perturbation,noise,1,20,1,0,0,0,large::mp-1021503::reference,3.449622081592679
medium,large,large::mp-1071820::conventional_standard,mp-1071820,mp-1071820,SiO2,conventional_standard,equivalent_transform,no_noise,1,20,1,0,0,0,large::mp-1071820::reference,2.667778853327036
medium,large,large::mp-1071820::niggli_reduced,mp-1071820,mp-1071820,SiO2,niggli_reduced,equivalent_transform,no_noise,1,20,1,0,0,0,large::mp-1071820::reference,3.5240320954471827
medium,large,large::mp-1071820::origin_shifted,mp-1071820,mp-1071820,SiO2,origin_shifted,equivalent_transform,no_noise,1,20,1,0,0,0,large::mp-1071820::reference,3.554709492251277
medium,large,large::mp-1071820::permuted_sites,mp-1071820,mp-1071820,SiO2,permuted_sites,equivalent_transform,no_noise,1,20,1,0,0,0,large::mp-1071820::reference,5.139115331694484
medium,large,large::mp-1071820::combined_noise_0.002A_0.003,mp-1071820,mp-1071820,SiO2,combined_noise_0.002A_0.003,combined_perturbation,noise,1,20,1,0,0,0,large::mp-1071820::reference,3.8466873951256275
medium,large,large::mp-1071820::combined_noise_0.015A_0.003,mp-1071820,mp-1071820,SiO2,combined_noise_0.015A_0.003,combined_perturbation,noise,1,20,1,0,0,0,large::mp-1071820::reference,3.4993038158863783
medium,large,large::mp-1071820::combined_noise_0.050A_0.003,mp-1071820,mp-1071820,SiO2,combined_noise_0.050A_0.003,combined_perturbation,noise,1,20,1,0,0,0,large::mp-1071820::reference,3.514124071225524
medium,large,large::mp-1071820::combined_noise_0.002A_0.010,mp-1071820,mp-1071820,SiO2,combined_noise_0.002A_0.010,combined_perturbation,noise,1,20,1,0,0,0,large::mp-1071820::reference,3.486410642042756
medium,large,large::mp-1071820::combined_noise_0.015A_0.010,mp-1071820,mp-1071820,SiO2,combined_noise_0.015A_0.010,combined_perturbation,noise,1,20,1,0,0,0,large::mp-1071820::reference,3.633136820048094
medium,large,large::mp-1071820::combined_noise_0.050A_0.010,mp-1071820,mp-1071820,SiO2,combined_noise_0.050A_0.010,combined_perturbation,noise,1,20,1,0,0,0,large::mp-1071820::reference,3.4639252573251724
medium,large,large::mp-1071820::combined_noise_0.002A_0.030,mp-1071820,mp-1071820,SiO2,combined_noise_0.002A_0.030,combined_perturbation,noise,1,20,1,0,0,0,large::mp-1071820::reference,3.430244455114007
medium,large,large::mp-1071820::combined_noise_0.015A_0.030,mp-1071820,mp-1071820,SiO2,combined_noise_0.015A_0.030,combined_perturbation,noise,1,20,1,0,0,0,large::mp-1071820::reference,3.5287678111344576
medium,large,large::mp-1071820::combined_noise_0.050A_0.030,mp-1071820,mp-1071820,SiO2,combined_noise_0.050A_0.030,combined_perturbation,noise,1,20,1,0,0,0,large::mp-1071820::reference,3.4979674722999334
medium,large,large::mp-10851::conventional_standard,mp-10851,mp-10851,SiO2,conventional_standard,equivalent_transform,no_noise,1,20,1,0,0,0,large::mp-10851::reference,2.115553107112646
medium,large,large::mp-10851::niggli_reduced,mp-10851,mp-10851,SiO2,niggli_reduced,equivalent_transform,no_noise,1,20,1,0,0,0,large::mp-10851::reference,2.983981180936098
medium,large,large::mp-10851::origin_shifted,mp-10851,mp-10851,SiO2,origin_shifted,equivalent_transform,no_noise,1,20,1,0,0,0,large::mp-10851::reference,3.020081168040633
medium,large,large::mp-10851::permuted_sites,mp-10851,mp-10851,SiO2,permuted_sites,equivalent_transform,no_noise,1,20,1,0,0,0,large::mp-10851::reference,6.152016909793019
medium,large,large::mp-10851::combined_noise_0.002A_0.003,mp-10851,mp-10851,SiO2,combined_noise_0.002A_0.003,combined_perturbation,noise,1,20,1,0,0,0,large::mp-10851::reference,2.985814142972231
medium,large,large::mp-10851::combined_noise_0.015A_0.003,mp-10851,mp-10851,SiO2,combined_noise_0.015A_0.003,combined_perturbation,noise,1,20,1,0,0,0,large::mp-10851::reference,3.00682907178998
medium,large,large::mp-10851::combined_noise_0.050A_0.003,mp-10851,mp-10851,SiO2,combined_noise_0.050A_0.003,combined_perturbation,noise,1,20,1,0,0,0,large::mp-10851::reference,2.8575202226638794
medium,large,large::mp-10851::combined_noise_0.002A_0.010,mp-10851,mp-10851,SiO2,combined_noise_0.002A_0.010,combined_perturbation,noise,1,20,1,0,0,0,large::mp-10851::reference,2.945663347840309
medium,large,large::mp-10851::combined_noise_0.015A_0.010,mp-10851,mp-10851,SiO2,combined_noise_0.015A_0.010,combined_perturbation,noise,1,20,1,0,0,0,large::mp-10851::reference,3.137269450351596
medium,large,large::mp-10851::combined_noise_0.050A_0.010,mp-10851,mp-10851,SiO2,combined_noise_0.050A_0.010,combined_perturbation,noise,1,20,1,0,0,0,large::mp-10851::reference,3.0278583709150553
medium,large,large::mp-10851::combined_noise_0.002A_0.030,mp-10851,mp-10851,SiO2,combined_noise_0.002A_0.030,combined_perturbation,noise,1,20,1,0,0,0,large::mp-10851::reference,2.993941379711032
medium,large,large::mp-10851::combined_noise_0.015A_0.030,mp-10851,mp-10851,SiO2,combined_noise_0.015A_0.030,combined_perturbation,noise,1,20,1,0,0,0,large::mp-10851::reference,2.9339311439543962
medium,large,large::mp-10851::combined_noise_0.050A_0.030,mp-10851,mp-10851,SiO2,combined_noise_0.050A_0.030,combined_perturbation,noise,1,20,1,0,0,0,large::mp-10851::reference,2.7498647663742304
medium,large,large::mp-10948::conventional_standard,mp-10948,mp-10948,SiO2,conventional_standard,equivalent_transform,no_noise,1,20,1,0,0,0,large::mp-10948::reference,2.0957524087280035
medium,large,large::mp-10948::niggli_reduced,mp-10948,mp-10948,SiO2,niggli_reduced,equivalent_transform,no_noise,1,20,1,0,0,0,large::mp-10948::reference,2.954132528975606
medium,large,large::mp-10948::origin_shifted,mp-10948,mp-10948,SiO2,origin_shifted,equivalent_transform,no_noise,1,20,1,0,0,0,large::mp-10948::reference,2.9971555024385452
medium,large,large::mp-10948::permuted_sites,mp-10948,mp-10948,SiO2,permuted_sites,equivalent_transform,no_noise,1,20,1,0,0,0,large::mp-10948::reference,6.126007951796055
medium,large,large::mp-10948::combined_noise_0.002A_0.003,mp-10948,mp-10948,SiO2,combined_noise_0.002A_0.003,combined_perturbation,noise,1,20,1,0,0,0,large::mp-10948::reference,2.9569123964756727
medium,large,large::mp-10948::combined_noise_0.015A_0.003,mp-10948,mp-10948,SiO2,combined_noise_0.015A_0.003,combined_perturbation,noise,1,20,1,0,0,0,large::mp-10948::reference,2.953693028539419
medium,large,large::mp-10948::combined_noise_0.050A_0.003,mp-10948,mp-10948,SiO2,combined_noise_0.050A_0.003,combined_perturbation,noise,1,20,1,0,0,0,large::mp-10948::reference,2.9357329215854406
medium,large,large::mp-10948::combined_noise_0.002A_0.010,mp-10948,mp-10948,SiO2,combined_noise_0.002A_0.010,combined_perturbation,noise,1,20,1,0,0,0,large::mp-10948::reference,2.9436863884329796
medium,large,large::mp-10948::combined_noise_0.015A_0.010,mp-10948,mp-10948,SiO2,combined_noise_0.015A_0.010,combined_perturbation,noise,1,20,1,0,0,0,large::mp-10948::reference,3.04046274907887
medium,large,large::mp-10948::combined_noise_0.050A_0.010,mp-10948,mp-10948,SiO2,combined_noise_0.050A_0.010,combined_perturbation,noise,1,20,1,0,0,0,large::mp-10948::reference,2.9385004583746195
medium,large,large::mp-10948::combined_noise_0.002A_0.030,mp-10948,mp-10948,SiO2,combined_noise_0.002A_0.030,combined_perturbation,noise,1,20,1,0,0,0,large::mp-10948::reference,2.9259070716798306
medium,large,large::mp-10948::combined_noise_0.015A_0.030,mp-10948,mp-10948,SiO2,combined_noise_0.015A_0.030,combined_perturbation,noise,1,20,1,0,0,0,large::mp-10948::reference,2.956111181527376
medium,large,large::mp-10948::combined_noise_0.050A_0.030,mp-10948,mp-10948,SiO2,combined_noise_0.050A_0.030,combined_perturbation,noise,1,20,1,0,0,0,large::mp-10948::reference,2.9474034029990435
medium,large,large::mp-11684::conventional_standard,mp-11684,mp-11684,SiO2,conventional_standard,equivalent_transform,no_noise,1,20,2,0,1,0,large::mp-11684::reference|large::mp-1201738::reference,2.0788982156664133
medium,large,large::mp-11684::niggli_reduced,mp-11684,mp-11684,SiO2,niggli_reduced,equivalent_transform,no_noise,1,20,2,0,1,0,large::mp-11684::reference|large::mp-1201738::reference,2.941909907385707
medium,large,large::mp-11684::origin_shifted,mp-11684,mp-11684,SiO2,origin_shifted,equivalent_transform,no_noise,1,20,2,0,1,0,large::mp-11684::reference|large::mp-1201738::reference,2.9731602650135756
medium,large,large::mp-11684::permuted_sites,mp-11684,mp-11684,SiO2,permuted_sites,equivalent_transform,no_noise,1,20,2,0,1,0,large::mp-11684::reference|large::mp-1201738::reference,4.900063432753086
medium,large,large::mp-11684::combined_noise_0.002A_0.003,mp-11684,mp-11684,SiO2,combined_noise_0.002A_0.003,combined_perturbation,noise,1,20,2,0,1,0,large::mp-11684::reference|large::mp-1201738::reference,2.944528117775917
medium,large,large::mp-11684::combined_noise_0.015A_0.003,mp-11684,mp-11684,SiO2,combined_noise_0.015A_0.003,combined_perturbation,noise,1,20,1,0,0,0,large::mp-11684::reference,3.357136931270361
medium,large,large::mp-11684::combined_noise_0.050A_0.003,mp-11684,mp-11684,SiO2,combined_noise_0.050A_0.003,combined_perturbation,noise,1,20,1,0,0,0,large::mp-11684::reference,3.3382817693054676
medium,large,large::mp-11684::combined_noise_0.002A_0.010,mp-11684,mp-11684,SiO2,combined_noise_0.002A_0.010,combined_perturbation,noise,1,20,2,0,1,0,large::mp-11684::reference|large::mp-1201738::reference,2.953508999198675
medium,large,large::mp-11684::combined_noise_0.015A_0.010,mp-11684,mp-11684,SiO2,combined_noise_0.015A_0.010,combined_perturbation,noise,1,20,1,0,0,0,large::mp-11684::reference,3.5351592153310776
medium,large,large::mp-11684::combined_noise_0.050A_0.010,mp-11684,mp-11684,SiO2,combined_noise_0.050A_0.010,combined_perturbation,noise,1,20,1,0,0,0,large::mp-11684::reference,3.6789463106542826
medium,large,large::mp-11684::combined_noise_0.002A_0.030,mp-11684,mp-11684,SiO2,combined_noise_0.002A_0.030,combined_perturbation,noise,1,20,2,0,1,0,large::mp-11684::reference|large::mp-1201738::reference,2.9921408742666245
medium,large,large::mp-11684::combined_noise_0.015A_0.030,mp-11684,mp-11684,SiO2,combined_noise_0.015A_0.030,combined_perturbation,noise,1,20,1,0,0,0,large::mp-11684::reference,3.3578545805066824
medium,large,large::mp-11684::combined_noise_0.050A_0.030,mp-11684,mp-11684,SiO2,combined_noise_0.050A_0.030,combined_perturbation,noise,1,20,1,0,0,0,large::mp-11684::reference,3.336666189134121
medium,large,large::mp-1179447::conventional_standard,mp-1179447,mp-1179447,SiO2,conventional_standard,equivalent_transform,no_noise,1,20,1,0,0,0,large::mp-1179447::reference,2.092455420643091
medium,large,large::mp-1179447::niggli_reduced,mp-1179447,mp-1179447,SiO2,niggli_reduced,equivalent_transform,no_noise,1,20,1,0,0,0,large::mp-1179447::reference,2.968734597787261
medium,large,large::mp-1179447::origin_shifted,mp-1179447,mp-1179447,SiO2,origin_shifted,equivalent_transform,no_noise,1,20,1,0,0,0,large::mp-1179447::reference,2.991005839779973
medium,large,large::mp-1179447::permuted_sites,mp-1179447,mp-1179447,SiO2,permuted_sites,equivalent_transform,no_noise,1,20,1,0,0,0,large::mp-1179447::reference,4.929058177396655
medium,large,large::mp-1179447::combined_noise_0.002A_0.003,mp-1179447,mp-1179447,SiO2,combined_noise_0.002A_0.003,combined_perturbation,noise,1,20,1,0,0,0,large::mp-1179447::reference,2.9662714414298534
medium,large,large::mp-1179447::combined_noise_0.015A_0.003,mp-1179447,mp-1179447,SiO2,combined_noise_0.015A_0.003,combined_perturbation,noise,1,20,1,0,0,0,large::mp-1179447::reference,3.409544849768281
medium,large,large::mp-1179447::combined_noise_0.050A_0.003,mp-1179447,mp-1179447,SiO2,combined_noise_0.050A_0.003,combined_perturbation,noise,1,20,1,0,0,0,large::mp-1179447::reference,3.3930969890207052
medium,large,large::mp-1179447::combined_noise_0.002A_0.010,mp-1179447,mp-1179447,SiO2,combined_noise_0.002A_0.010,combined_perturbation,noise,1,20,1,0,0,0,large::mp-1179447::reference,2.9652005918323994
medium,large,large::mp-1179447::combined_noise_0.015A_0.010,mp-1179447,mp-1179447,SiO2,combined_noise_0.015A_0.010,combined_perturbation,noise,1,20,1,0,0,0,large::mp-1179447::reference,3.702775375917554
medium,large,large::mp-1179447::combined_noise_0.050A_0.010,mp-1179447,mp-1179447,SiO2,combined_noise_0.050A_0.010,combined_perturbation,noise,1,20,1,0,0,0,large::mp-1179447::reference,3.3774390667676926
medium,large,large::mp-1179447::combined_noise_0.002A_0.030,mp-1179447,mp-1179447,SiO2,combined_noise_0.002A_0.030,combined_perturbation,noise,1,20,1,0,0,0,large::mp-1179447::reference,2.9646208193153143
medium,large,large::mp-1179447::combined_noise_0.015A_0.030,mp-1179447,mp-1179447,SiO2,combined_noise_0.015A_0.030,combined_perturbation,noise,1,20,1,0,0,0,large::mp-1179447::reference,3.3565769754350185
medium,large,large::mp-1179447::combined_noise_0.050A_0.030,mp-1179447,mp-1179447,SiO2,combined_noise_0.050A_0.030,combined_perturbation,noise,1,20,1,0,0,0,large::mp-1179447::reference,3.302656600251794
medium,large,large::mp-1179454::conventional_standard,mp-1179454,mp-1179454,SiO2,conventional_standard,equivalent_transform,no_noise,1,20,1,0,0,0,large::mp-1179454::reference,2.0443774964660406
medium,large,large::mp-1179454::niggli_reduced,mp-1179454,mp-1179454,SiO2,niggli_reduced,equivalent_transform,no_noise,1,20,1,0,0,0,large::mp-1179454::reference,2.875602014362812
medium,large,large::mp-1179454::origin_shifted,mp-1179454,mp-1179454,SiO2,origin_shifted,equivalent_transform,no_noise,1,20,1,0,0,0,large::mp-1179454::reference,2.8919375371187925
medium,large,large::mp-1179454::permuted_sites,mp-1179454,mp-1179454,SiO2,permuted_sites,equivalent_transform,no_noise,1,20,1,0,0,0,large::mp-1179454::reference,4.461147570982575
medium,large,large::mp-1179454::combined_noise_0.002A_0.003,mp-1179454,mp-1179454,SiO2,combined_noise_0.002A_0.003,combined_perturbation,noise,1,20,1,0,0,0,large::mp-1179454::reference,2.875630084425211
medium,large,large::mp-1179454::combined_noise_0.015A_0.003,mp-1179454,mp-1179454,SiO2,combined_noise_0.015A_0.003,combined_perturbation,noise,1,20,1,0,0,0,large::mp-1179454::reference,2.871557654812932
medium,large,large::mp-1179454::combined_noise_0.050A_0.003,mp-1179454,mp-1179454,SiO2,combined_noise_0.050A_0.003,combined_perturbation,noise,1,20,1,0,0,0,large::mp-1179454::reference,2.7575780134648085
medium,large,large::mp-1179454::combined_noise_0.002A_0.010,mp-1179454,mp-1179454,SiO2,combined_noise_0.002A_0.010,combined_perturbation,noise,1,20,1,0,0,0,large::mp-1179454::reference,3.2267305310815573
medium,large,large::mp-1179454::combined_noise_0.015A_0.010,mp-1179454,mp-1179454,SiO2,combined_noise_0.015A_0.010,combined_perturbation,noise,1,20,1,0,0,0,large::mp-1179454::reference,2.9968255907297134
medium,large,large::mp-1179454::combined_noise_0.050A_0.010,mp-1179454,mp-1179454,SiO2,combined_noise_0.050A_0.010,combined_perturbation,noise,1,20,1,0,0,0,large::mp-1179454::reference,3.0216707307845354
medium,large,large::mp-1179454::combined_noise_0.002A_0.030,mp-1179454,mp-1179454,SiO2,combined_noise_0.002A_0.030,combined_perturbation,noise,1,20,1,0,0,0,large::mp-1179454::reference,2.837506489828229
medium,large,large::mp-1179454::combined_noise_0.015A_0.030,mp-1179454,mp-1179454,SiO2,combined_noise_0.015A_0.030,combined_perturbation,noise,1,20,1,0,0,0,large::mp-1179454::reference,2.8918992280960083
medium,large,large::mp-1179454::combined_noise_0.050A_0.030,mp-1179454,mp-1179454,SiO2,combined_noise_0.050A_0.030,combined_perturbation,noise,1,20,1,0,0,0,large::mp-1179454::reference,2.761891772970557
medium,large,large::mp-1179488::conventional_standard,mp-1179488,mp-1179488,SiO2,conventional_standard,equivalent_transform,no_noise,1,20,1,0,0,0,large::mp-1179488::reference,4.004165897145867
medium,large,large::mp-1179488::niggli_reduced,mp-1179488,mp-1179488,SiO2,niggli_reduced,equivalent_transform,no_noise,1,20,1,0,0,0,large::mp-1179488::reference,4.0075873248279095
medium,large,large::mp-1179488::origin_shifted,mp-1179488,mp-1179488,SiO2,origin_shifted,equivalent_transform,no_noise,1,20,1,0,0,0,large::mp-1179488::reference,4.039908615872264
medium,large,large::mp-1179488::permuted_sites,mp-1179488,mp-1179488,SiO2,permuted_sites,equivalent_transform,no_noise,1,20,1,0,0,0,large::mp-1179488::reference,7.813255960121751
medium,large,large::mp-1179488::combined_noise_0.002A_0.003,mp-1179488,mp-1179488,SiO2,combined_noise_0.002A_0.003,combined_perturbation,noise,1,20,1,0,0,0,large::mp-1179488::reference,4.0051909778267145
medium,large,large::mp-1179488::combined_noise_0.015A_0.003,mp-1179488,mp-1179488,SiO2,combined_noise_0.015A_0.003,combined_perturbation,noise,1,20,1,0,0,0,large::mp-1179488::reference,4.009008275344968
medium,large,large::mp-1179488::combined_noise_0.050A_0.003,mp-1179488,mp-1179488,SiO2,combined_noise_0.050A_0.003,combined_perturbation,noise,1,20,1,0,0,0,large::mp-1179488::reference,4.599049182608724
medium,large,large::mp-1179488::combined_noise_0.002A_0.010,mp-1179488,mp-1179488,SiO2,combined_noise_0.002A_0.010,combined_perturbation,noise,1,20,1,0,0,0,large::mp-1179488::reference,4.016975920647383
medium,large,large::mp-1179488::combined_noise_0.015A_0.010,mp-1179488,mp-1179488,SiO2,combined_noise_0.015A_0.010,combined_perturbation,noise,1,20,1,0,0,0,large::mp-1179488::reference,4.125570926815271
medium,large,large::mp-1179488::combined_noise_0.050A_0.010,mp-1179488,mp-1179488,SiO2,combined_noise_0.050A_0.010,combined_perturbation,noise,1,20,1,0,0,0,large::mp-1179488::reference,4.531344341114163
medium,large,large::mp-1179488::combined_noise_0.002A_0.030,mp-1179488,mp-1179488,SiO2,combined_noise_0.002A_0.030,combined_perturbation,noise,1,20,1,0,0,0,large::mp-1179488::reference,3.9956672564148903
medium,large,large::mp-1179488::combined_noise_0.015A_0.030,mp-1179488,mp-1179488,SiO2,combined_noise_0.015A_0.030,combined_perturbation,noise,1,20,1,0,0,0,large::mp-1179488::reference,4.003110274672508
medium,large,large::mp-1179488::combined_noise_0.050A_0.030,mp-1179488,mp-1179488,SiO2,combined_noise_0.050A_0.030,combined_perturbation,noise,1,20,1,0,0,0,large::mp-1179488::reference,4.9426999762654305
medium,large,large::mp-1179529::conventional_standard,mp-1179529,mp-1179529,SiO2,conventional_standard,equivalent_transform,no_noise,1,20,1,0,0,0,large::mp-1179529::reference,2.049117736518383
medium,large,large::mp-1179529::niggli_reduced,mp-1179529,mp-1179529,SiO2,niggli_reduced,equivalent_transform,no_noise,1,20,1,0,0,0,large::mp-1179529::reference,2.8211356680840254
medium,large,large::mp-1179529::origin_shifted,mp-1179529,mp-1179529,SiO2,origin_shifted,equivalent_transform,no_noise,1,20,1,0,0,0,large::mp-1179529::reference,2.846347315236926
medium,large,large::mp-1179529::permuted_sites,mp-1179529,mp-1179529,SiO2,permuted_sites,equivalent_transform,no_noise,1,20,1,0,0,0,large::mp-1179529::reference,4.429268920794129
medium,large,large::mp-1179529::combined_noise_0.002A_0.003,mp-1179529,mp-1179529,SiO2,combined_noise_0.002A_0.003,combined_perturbation,noise,1,20,1,0,0,0,large::mp-1179529::reference,2.8285923544317484
medium,large,large::mp-1179529::combined_noise_0.015A_0.003,mp-1179529,mp-1179529,SiO2,combined_noise_0.015A_0.003,combined_perturbation,noise,1,20,1,0,0,0,large::mp-1179529::reference,2.8277398515492678
medium,large,large::mp-1179529::combined_noise_0.050A_0.003,mp-1179529,mp-1179529,SiO2,combined_noise_0.050A_0.003,combined_perturbation,noise,1,20,1,0,0,0,large::mp-1179529::reference,2.8321176301687956
medium,large,large::mp-1179529::combined_noise_0.002A_0.010,mp-1179529,mp-1179529,SiO2,combined_noise_0.002A_0.010,combined_perturbation,noise,1,20,1,0,0,0,large::mp-1179529::reference,2.872198337689042
medium,large,large::mp-1179529::combined_noise_0.015A_0.010,mp-1179529,mp-1179529,SiO2,combined_noise_0.015A_0.010,combined_perturbation,noise,1,20,1,0,0,0,large::mp-1179529::reference,3.045404424890876
medium,large,large::mp-1179529::combined_noise_0.050A_0.010,mp-1179529,mp-1179529,SiO2,combined_noise_0.050A_0.010,combined_perturbation,noise,1,20,1,0,0,0,large::mp-1179529::reference,2.8656078558415174
medium,large,large::mp-1179529::combined_noise_0.002A_0.030,mp-1179529,mp-1179529,SiO2,combined_noise_0.002A_0.030,combined_perturbation,noise,1,20,1,0,0,0,large::mp-1179529::reference,2.851592507213354
medium,large,large::mp-1179529::combined_noise_0.015A_0.030,mp-1179529,mp-1179529,SiO2,combined_noise_0.015A_0.030,combined_perturbation,noise,1,20,1,0,0,0,large::mp-1179529::reference,2.8531653601676226
medium,large,large::mp-1179529::combined_noise_0.050A_0.030,mp-1179529,mp-1179529,SiO2,combined_noise_0.050A_0.030,combined_perturbation,noise,1,20,1,0,0,0,large::mp-1179529::reference,2.828427644446492
medium,large,large::mp-1188220::conventional_standard,mp-1188220,mp-1188220,SiO2,conventional_standard,equivalent_transform,no_noise,1,20,1,0,0,0,large::mp-1188220::reference,2.1748631931841373
medium,large,large::mp-1188220::niggli_reduced,mp-1188220,mp-1188220,SiO2,niggli_reduced,equivalent_transform,no_noise,1,20,1,0,0,0,large::mp-1188220::reference,2.9493088610470295
medium,large,large::mp-1188220::origin_shifted,mp-1188220,mp-1188220,SiO2,origin_shifted,equivalent_transform,no_noise,1,20,1,0,0,0,large::mp-1188220::reference,2.9689352195709944
medium,large,large::mp-1188220::permuted_sites,mp-1188220,mp-1188220,SiO2,permuted_sites,equivalent_transform,no_noise,1,20,1,0,0,0,large::mp-1188220::reference,4.550743438303471
medium,large,large::mp-1188220::combined_noise_0.002A_0.003,mp-1188220,mp-1188220,SiO2,combined_noise_0.002A_0.003,combined_perturbation,noise,1,20,1,0,0,0,large::mp-1188220::reference,2.9574786070734262
medium,large,large::mp-1188220::combined_noise_0.015A_0.003,mp-1188220,mp-1188220,SiO2,combined_noise_0.015A_0.003,combined_perturbation,noise,1,20,1,0,0,0,large::mp-1188220::reference,2.788608441129327
medium,large,large::mp-1188220::combined_noise_0.050A_0.003,mp-1188220,mp-1188220,SiO2,combined_noise_0.050A_0.003,combined_perturbation,noise,1,20,1,0,0,0,large::mp-1188220::reference,3.1133470479398966
medium,large,large::mp-1188220::combined_noise_0.002A_0.010,mp-1188220,mp-1188220,SiO2,combined_noise_0.002A_0.010,combined_perturbation,noise,1,20,1,0,0,0,large::mp-1188220::reference,2.9522772170603275
medium,large,large::mp-1188220::combined_noise_0.015A_0.010,mp-1188220,mp-1188220,SiO2,combined_noise_0.015A_0.010,combined_perturbation,noise,1,20,1,0,0,0,large::mp-1188220::reference,2.8898715022951365
medium,large,large::mp-1188220::combined_noise_0.050A_0.010,mp-1188220,mp-1188220,SiO2,combined_noise_0.050A_0.010,combined_perturbation,noise,1,20,1,0,0,0,large::mp-1188220::reference,2.9799398109316826
medium,large,large::mp-1188220::combined_noise_0.002A_0.030,mp-1188220,mp-1188220,SiO2,combined_noise_0.002A_0.030,combined_perturbation,noise,1,20,1,0,0,0,large::mp-1188220::reference,2.9460201542824507
medium,large,large::mp-1188220::combined_noise_0.015A_0.030,mp-1188220,mp-1188220,SiO2,combined_noise_0.015A_0.030,combined_perturbation,noise,1,20,1,0,0,0,large::mp-1188220::reference,2.7861830666661263
medium,large,large::mp-1188220::combined_noise_0.050A_0.030,mp-1188220,mp-1188220,SiO2,combined_noise_0.050A_0.030,combined_perturbation,noise,1,20,1,0,0,0,large::mp-1188220::reference,2.9075864776968956
medium,large,large::mp-1195265::conventional_standard,mp-1195265,mp-1195265,SiO2,conventional_standard,equivalent_transform,no_noise,1,20,1,0,0,0,large::mp-1195265::reference,16.039278637617826
medium,large,large::mp-1195265::niggli_reduced,mp-1195265,mp-1195265,SiO2,niggli_reduced,equivalent_transform,no_noise,1,20,1,0,0,0,large::mp-1195265::reference,12.909416794776917
medium,large,large::mp-1195265::origin_shifted,mp-1195265,mp-1195265,SiO2,origin_shifted,equivalent_transform,no_noise,1,20,1,0,0,0,large::mp-1195265::reference,12.968970445916057
medium,large,large::mp-1195265::permuted_sites,mp-1195265,mp-1195265,SiO2,permuted_sites,equivalent_transform,no_noise,1,20,1,0,0,0,large::mp-1195265::reference,24.029956134036183
medium,large,large::mp-1195265::combined_noise_0.002A_0.003,mp-1195265,mp-1195265,SiO2,combined_noise_0.002A_0.003,combined_perturbation,noise,1,20,1,0,0,0,large::mp-1195265::reference,12.875573540106416
medium,large,large::mp-1195265::combined_noise_0.015A_0.003,mp-1195265,mp-1195265,SiO2,combined_noise_0.015A_0.003,combined_perturbation,noise,1,20,1,0,0,0,large::mp-1195265::reference,12.883184412494302
medium,large,large::mp-1195265::combined_noise_0.050A_0.003,mp-1195265,mp-1195265,SiO2,combined_noise_0.050A_0.003,combined_perturbation,noise,1,20,1,0,0,0,large::mp-1195265::reference,12.854744857177138
medium,large,large::mp-1195265::combined_noise_0.002A_0.010,mp-1195265,mp-1195265,SiO2,combined_noise_0.002A_0.010,combined_perturbation,noise,1,20,1,0,0,0,large::mp-1195265::reference,13.04850977472961
medium,large,large::mp-1195265::combined_noise_0.015A_0.010,mp-1195265,mp-1195265,SiO2,combined_noise_0.015A_0.010,combined_perturbation,noise,1,20,1,0,0,0,large::mp-1195265::reference,12.439915854483843
medium,large,large::mp-1195265::combined_noise_0.050A_0.010,mp-1195265,mp-1195265,SiO2,combined_noise_0.050A_0.010,combined_perturbation,noise,1,20,1,0,0,0,large::mp-1195265::reference,12.887698763981462
medium,large,large::mp-1195265::combined_noise_0.002A_0.030,mp-1195265,mp-1195265,SiO2,combined_noise_0.002A_0.030,combined_perturbation,noise,1,20,1,0,0,0,large::mp-1195265::reference,12.358114229515195
medium,large,large::mp-1195265::combined_noise_0.015A_0.030,mp-1195265,mp-1195265,SiO2,combined_noise_0.015A_0.030,combined_perturbation,noise,1,20,1,0,0,0,large::mp-1195265::reference,12.049273196607828
medium,large,large::mp-1195265::combined_noise_0.050A_0.030,mp-1195265,mp-1195265,SiO2,combined_noise_0.050A_0.030,combined_perturbation,noise,1,20,1,0,0,0,large::mp-1195265::reference,12.265726875513792
medium,large,large::mp-1199998::conventional_standard,mp-1199998,mp-1199998,SiO2,conventional_standard,equivalent_transform,no_noise,1,20,1,0,0,0,large::mp-1199998::reference,5.79285186342895
medium,large,large::mp-1199998::niggli_reduced,mp-1199998,mp-1199998,SiO2,niggli_reduced,equivalent_transform,no_noise,1,20,1,0,0,0,large::mp-1199998::reference,3.0459281615912914
medium,large,large::mp-1199998::origin_shifted,mp-1199998,mp-1199998,SiO2,origin_shifted,equivalent_transform,no_noise,1,20,1,0,0,0,large::mp-1199998::reference,3.067111987620592
medium,large,large::mp-1199998::permuted_sites,mp-1199998,mp-1199998,SiO2,permuted_sites,equivalent_transform,no_noise,1,20,1,0,0,0,large::mp-1199998::reference,4.8241118509322405
medium,large,large::mp-1199998::combined_noise_0.002A_0.003,mp-1199998,mp-1199998,SiO2,combined_noise_0.002A_0.003,combined_perturbation,noise,1,20,1,0,0,0,large::mp-1199998::reference,3.010248601436615
medium,large,large::mp-1199998::combined_noise_0.015A_0.003,mp-1199998,mp-1199998,SiO2,combined_noise_0.015A_0.003,combined_perturbation,noise,1,20,1,0,0,0,large::mp-1199998::reference,3.0477238092571497
medium,large,large::mp-1199998::combined_noise_0.050A_0.003,mp-1199998,mp-1199998,SiO2,combined_noise_0.050A_0.003,combined_perturbation,noise,1,20,1,0,0,0,large::mp-1199998::reference,3.0223443154245615
medium,large,large::mp-1199998::combined_noise_0.002A_0.010,mp-1199998,mp-1199998,SiO2,combined_noise_0.002A_0.010,combined_perturbation,noise,1,20,1,0,0,0,large::mp-1199998::reference,3.1017434634268284
medium,large,large::mp-1199998::combined_noise_0.015A_0.010,mp-1199998,mp-1199998,SiO2,combined_noise_0.015A_0.010,combined_perturbation,noise,1,20,1,0,0,0,large::mp-1199998::reference,3.0415368638932705
medium,large,large::mp-1199998::combined_noise_0.050A_0.010,mp-1199998,mp-1199998,SiO2,combined_noise_0.050A_0.010,combined_perturbation,noise,1,20,1,0,0,0,large::mp-1199998::reference,2.980309873819351
medium,large,large::mp-1199998::combined_noise_0.002A_0.030,mp-1199998,mp-1199998,SiO2,combined_noise_0.002A_0.030,combined_perturbation,noise,1,20,1,0,0,0,large::mp-1199998::reference,3.0845075119286776
medium,large,large::mp-1199998::combined_noise_0.015A_0.030,mp-1199998,mp-1199998,SiO2,combined_noise_0.015A_0.030,combined_perturbation,noise,1,20,1,0,0,0,large::mp-1199998::reference,2.970483124256134
medium,large,large::mp-1199998::combined_noise_0.050A_0.030,mp-1199998,mp-1199998,SiO2,combined_noise_0.050A_0.030,combined_perturbation,noise,1,20,1,0,0,0,large::mp-1199998::reference,3.3378720358014107
medium,large,large::mp-1200292::conventional_standard,mp-1200292,mp-1200292,SiO2,conventional_standard,equivalent_transform,no_noise,1,20,1,0,0,0,large::mp-1200292::reference,23.88935829140246
medium,large,large::mp-1200292::niggli_reduced,mp-1200292,mp-1200292,SiO2,niggli_reduced,equivalent_transform,no_noise,1,20,1,0,0,0,large::mp-1200292::reference,12.487971246242523
medium,large,large::mp-1200292::origin_shifted,mp-1200292,mp-1200292,SiO2,origin_shifted,equivalent_transform,no_noise,1,20,1,0,0,0,large::mp-1200292::reference,13.016181018203497
medium,large,large::mp-1200292::permuted_sites,mp-1200292,mp-1200292,SiO2,permuted_sites,equivalent_transform,no_noise,1,20,1,0,0,0,large::mp-1200292::reference,35.10906854085624
medium,large,large::mp-1200292::combined_noise_0.002A_0.003,mp-1200292,mp-1200292,SiO2,combined_noise_0.002A_0.003,combined_perturbation,noise,1,20,1,0,0,0,large::mp-1200292::reference,12.99503150768578
medium,large,large::mp-1200292::combined_noise_0.015A_0.003,mp-1200292,mp-1200292,SiO2,combined_noise_0.015A_0.003,combined_perturbation,noise,1,20,1,0,0,0,large::mp-1200292::reference,12.850904136896133
medium,large,large::mp-1200292::combined_noise_0.050A_0.003,mp-1200292,mp-1200292,SiO2,combined_noise_0.050A_0.003,combined_perturbation,noise,1,20,1,0,0,0,large::mp-1200292::reference,12.984152721241117
medium,large,large::mp-1200292::combined_noise_0.002A_0.010,mp-1200292,mp-1200292,SiO2,combined_noise_0.002A_0.010,combined_perturbation,noise,1,20,1,0,0,0,large::mp-1200292::reference,13.003882929682732
medium,large,large::mp-1200292::combined_noise_0.015A_0.010,mp-1200292,mp-1200292,SiO2,combined_noise_0.015A_0.010,combined_perturbation,noise,1,20,1,0,0,0,large::mp-1200292::reference,12.861966073513031
medium,large,large::mp-1200292::combined_noise_0.050A_0.010,mp-1200292,mp-1200292,SiO2,combined_noise_0.050A_0.010,combined_perturbation,noise,1,20,1,0,0,0,large::mp-1200292::reference,12.537379389628768
medium,large,large::mp-1200292::combined_noise_0.002A_0.030,mp-1200292,mp-1200292,SiO2,combined_noise_0.002A_0.030,combined_perturbation,noise,1,20,1,0,0,0,large::mp-1200292::reference,12.903072483837605
medium,large,large::mp-1200292::combined_noise_0.015A_0.030,mp-1200292,mp-1200292,SiO2,combined_noise_0.015A_0.030,combined_perturbation,noise,1,20,1,0,0,0,large::mp-1200292::reference,13.079158376902342
medium,large,large::mp-1200292::combined_noise_0.050A_0.030,mp-1200292,mp-1200292,SiO2,combined_noise_0.050A_0.030,combined_perturbation,noise,1,20,1,0,0,0,large::mp-1200292::reference,12.853212967514992
medium,large,large::mp-1200685::conventional_standard,mp-1200685,mp-1200685,SiO2,conventional_standard,equivalent_transform,no_noise,1,20,1,0,0,0,large::mp-1200685::reference,2.570547064766288
medium,large,large::mp-1200685::niggli_reduced,mp-1200685,mp-1200685,SiO2,niggli_reduced,equivalent_transform,no_noise,1,20,1,0,0,0,large::mp-1200685::reference,3.40218866802752
medium,large,large::mp-1200685::origin_shifted,mp-1200685,mp-1200685,SiO2,origin_shifted,equivalent_transform,no_noise,1,20,1,0,0,0,large::mp-1200685::reference,3.428366197273135
medium,large,large::mp-1200685::permuted_sites,mp-1200685,mp-1200685,SiO2,permuted_sites,equivalent_transform,no_noise,1,20,1,0,0,0,large::mp-1200685::reference,3.889478525146842
medium,large,large::mp-1200685::combined_noise_0.002A_0.003,mp-1200685,mp-1200685,SiO2,combined_noise_0.002A_0.003,combined_perturbation,noise,1,20,1,0,0,0,large::mp-1200685::reference,3.5219427701085806
medium,large,large::mp-1200685::combined_noise_0.015A_0.003,mp-1200685,mp-1200685,SiO2,combined_noise_0.015A_0.003,combined_perturbation,noise,1,20,1,0,0,0,large::mp-1200685::reference,4.0574432741850615
medium,large,large::mp-1200685::combined_noise_0.050A_0.003,mp-1200685,mp-1200685,SiO2,combined_noise_0.050A_0.003,combined_perturbation,noise,1,20,1,0,0,0,large::mp-1200685::reference,4.058996524661779
medium,large,large::mp-1200685::combined_noise_0.002A_0.010,mp-1200685,mp-1200685,SiO2,combined_noise_0.002A_0.010,combined_perturbation,noise,1,20,1,0,0,0,large::mp-1200685::reference,3.7848727237433195
medium,large,large::mp-1200685::combined_noise_0.015A_0.010,mp-1200685,mp-1200685,SiO2,combined_noise_0.015A_0.010,combined_perturbation,noise,1,20,1,0,0,0,large::mp-1200685::reference,4.242579841986299
medium,large,large::mp-1200685::combined_noise_0.050A_0.010,mp-1200685,mp-1200685,SiO2,combined_noise_0.050A_0.010,combined_perturbation,noise,1,20,1,0,0,0,large::mp-1200685::reference,4.397712225094438
medium,large,large::mp-1200685::combined_noise_0.002A_0.030,mp-1200685,mp-1200685,SiO2,combined_noise_0.002A_0.030,combined_perturbation,noise,1,20,1,0,0,0,large::mp-1200685::reference,3.5240784138441086
medium,large,large::mp-1200685::combined_noise_0.015A_0.030,mp-1200685,mp-1200685,SiO2,combined_noise_0.015A_0.030,combined_perturbation,noise,1,20,1,0,0,0,large::mp-1200685::reference,3.99062960408628
medium,large,large::mp-1200685::combined_noise_0.050A_0.030,mp-1200685,mp-1200685,SiO2,combined_noise_0.050A_0.030,combined_perturbation,noise,1,20,1,0,0,0,large::mp-1200685::reference,4.34847255051136
medium,large,large::mp-1201738::conventional_standard,mp-1201738,mp-1201738,SiO2,conventional_standard,equivalent_transform,no_noise,1,20,2,0,1,0,large::mp-11684::reference|large::mp-1201738::reference,3.1677226815372705
medium,large,large::mp-1201738::niggli_reduced,mp-1201738,mp-1201738,SiO2,niggli_reduced,equivalent_transform,no_noise,1,20,2,0,1,0,large::mp-11684::reference|large::mp-1201738::reference,5.128213616088033
medium,large,large::mp-1201738::origin_shifted,mp-1201738,mp-1201738,SiO2,origin_shifted,equivalent_transform,no_noise,1,20,2,0,1,0,large::mp-11684::reference|large::mp-1201738::reference,5.166053308174014
medium,large,large::mp-1201738::permuted_sites,mp-1201738,mp-1201738,SiO2,permuted_sites,equivalent_transform,no_noise,1,20,2,0,1,0,large::mp-11684::reference|large::mp-1201738::reference,10.067477872595191
medium,large,large::mp-1201738::combined_noise_0.002A_0.003,mp-1201738,mp-1201738,SiO2,combined_noise_0.002A_0.003,combined_perturbation,noise,1,20,2,0,1,0,large::mp-11684::reference|large::mp-1201738::reference,5.121455729007721
medium,large,large::mp-1201738::combined_noise_0.015A_0.003,mp-1201738,mp-1201738,SiO2,combined_noise_0.015A_0.003,combined_perturbation,noise,1,20,2,0,1,0,large::mp-11684::reference|large::mp-1201738::reference,5.126048030331731
medium,large,large::mp-1201738::combined_noise_0.050A_0.003,mp-1201738,mp-1201738,SiO2,combined_noise_0.050A_0.003,combined_perturbation,noise,1,20,2,0,1,0,large::mp-11684::reference|large::mp-1201738::reference,6.418113227933645
medium,large,large::mp-1201738::combined_noise_0.002A_0.010,mp-1201738,mp-1201738,SiO2,combined_noise_0.002A_0.010,combined_perturbation,noise,1,20,2,0,1,0,large::mp-11684::reference|large::mp-1201738::reference,5.19987703487277
medium,large,large::mp-1201738::combined_noise_0.015A_0.010,mp-1201738,mp-1201738,SiO2,combined_noise_0.015A_0.010,combined_perturbation,noise,1,20,2,0,1,0,large::mp-11684::reference|large::mp-1201738::reference,5.114445008337498
medium,large,large::mp-1201738::combined_noise_0.050A_0.010,mp-1201738,mp-1201738,SiO2,combined_noise_0.050A_0.010,combined_perturbation,noise,1,20,2,0,1,0,large::mp-11684::reference|large::mp-1201738::reference,6.604909775778651
medium,large,large::mp-1201738::combined_noise_0.002A_0.030,mp-1201738,mp-1201738,SiO2,combined_noise_0.002A_0.030,combined_perturbation,noise,1,20,2,0,1,0,large::mp-11684::reference|large::mp-1201738::reference,5.014965940266848
medium,large,large::mp-1201738::combined_noise_0.015A_0.030,mp-1201738,mp-1201738,SiO2,combined_noise_0.015A_0.030,combined_perturbation,noise,1,20,2,0,1,0,large::mp-11684::reference|large::mp-1201738::reference,5.083887659013271
medium,large,large::mp-1201738::combined_noise_0.050A_0.030,mp-1201738,mp-1201738,SiO2,combined_noise_0.050A_0.030,combined_perturbation,noise,1,20,2,0,1,0,large::mp-11684::reference|large::mp-1201738::reference,6.623828643932939
medium,large,large::mp-1201887::conventional_standard,mp-1201887,mp-1201887,SiO2,conventional_standard,equivalent_transform,no_noise,1,20,1,0,0,0,large::mp-1201887::reference,2.5478931050747633
medium,large,large::mp-1201887::niggli_reduced,mp-1201887,mp-1201887,SiO2,niggli_reduced,equivalent_transform,no_noise,1,20,1,0,0,0,large::mp-1201887::reference,3.658424623310566
medium,large,large::mp-1201887::origin_shifted,mp-1201887,mp-1201887,SiO2,origin_shifted,equivalent_transform,no_noise,1,20,1,0,0,0,large::mp-1201887::reference,3.6944430749863386
medium,large,large::mp-1201887::permuted_sites,mp-1201887,mp-1201887,SiO2,permuted_sites,equivalent_transform,no_noise,1,20,1,0,0,0,large::mp-1201887::reference,6.470541721209884
medium,large,large::mp-1201887::combined_noise_0.002A_0.003,mp-1201887,mp-1201887,SiO2,combined_noise_0.002A_0.003,combined_perturbation,noise,1,20,1,0,0,0,large::mp-1201887::reference,3.7120124492794275
medium,large,large::mp-1201887::combined_noise_0.015A_0.003,mp-1201887,mp-1201887,SiO2,combined_noise_0.015A_0.003,combined_perturbation,noise,1,20,1,0,0,0,large::mp-1201887::reference,3.670382609590888
medium,large,large::mp-1201887::combined_noise_0.050A_0.003,mp-1201887,mp-1201887,SiO2,combined_noise_0.050A_0.003,combined_perturbation,noise,1,20,1,0,0,0,large::mp-1201887::reference,4.462147060781717
medium,large,large::mp-1201887::combined_noise_0.002A_0.010,mp-1201887,mp-1201887,SiO2,combined_noise_0.002A_0.010,combined_perturbation,noise,1,20,1,0,0,0,large::mp-1201887::reference,3.6693601068109274
medium,large,large::mp-1201887::combined_noise_0.015A_0.010,mp-1201887,mp-1201887,SiO2,combined_noise_0.015A_0.010,combined_perturbation,noise,1,20,1,0,0,0,large::mp-1201887::reference,3.735399976372719
medium,large,large::mp-1201887::combined_noise_0.050A_0.010,mp-1201887,mp-1201887,SiO2,combined_noise_0.050A_0.010,combined_perturbation,noise,1,20,1,0,0,0,large::mp-1201887::reference,4.702827375382185
medium,large,large::mp-1201887::combined_noise_0.002A_0.030,mp-1201887,mp-1201887,SiO2,combined_noise_0.002A_0.030,combined_perturbation,noise,1,20,1,0,0,0,large::mp-1201887::reference,3.705834150314331
medium,large,large::mp-1201887::combined_noise_0.015A_0.030,mp-1201887,mp-1201887,SiO2,combined_noise_0.015A_0.030,combined_perturbation,noise,1,20,1,0,0,0,large::mp-1201887::reference,3.743144178763032
medium,large,large::mp-1201887::combined_noise_0.050A_0.030,mp-1201887,mp-1201887,SiO2,combined_noise_0.050A_0.030,combined_perturbation,noise,1,20,1,0,0,0,large::mp-1201887::reference,4.220188342034817
medium,large,large::mp-1203655::conventional_standard,mp-1203655,mp-1203655,SiO2,conventional_standard,equivalent_transform,no_noise,1,20,1,0,0,0,large::mp-1203655::reference,4.123351581394672
medium,large,large::mp-1203655::niggli_reduced,mp-1203655,mp-1203655,SiO2,niggli_reduced,equivalent_transform,no_noise,1,20,1,0,0,0,large::mp-1203655::reference,4.109575014561415
medium,large,large::mp-1203655::origin_shifted,mp-1203655,mp-1203655,SiO2,origin_shifted,equivalent_transform,no_noise,1,20,1,0,0,0,large::mp-1203655::reference,4.1603326164186
medium,large,large::mp-1203655::permuted_sites,mp-1203655,mp-1203655,SiO2,permuted_sites,equivalent_transform,no_noise,1,20,1,0,0,0,large::mp-1203655::reference,6.9575547482818365
medium,large,large::mp-1203655::combined_noise_0.002A_0.003,mp-1203655,mp-1203655,SiO2,combined_noise_0.002A_0.003,combined_perturbation,noise,1,20,1,0,0,0,large::mp-1203655::reference,4.099409863352776
medium,large,large::mp-1203655::combined_noise_0.015A_0.003,mp-1203655,mp-1203655,SiO2,combined_noise_0.015A_0.003,combined_perturbation,noise,1,20,1,0,0,0,large::mp-1203655::reference,4.104428686201572
medium,large,large::mp-1203655::combined_noise_0.050A_0.003,mp-1203655,mp-1203655,SiO2,combined_noise_0.050A_0.003,combined_perturbation,noise,1,20,1,0,0,0,large::mp-1203655::reference,4.609149681404233
medium,large,large::mp-1203655::combined_noise_0.002A_0.010,mp-1203655,mp-1203655,SiO2,combined_noise_0.002A_0.010,combined_perturbation,noise,1,20,1,0,0,0,large::mp-1203655::reference,4.077749771997333
medium,large,large::mp-1203655::combined_noise_0.015A_0.010,mp-1203655,mp-1203655,SiO2,combined_noise_0.015A_0.010,combined_perturbation,noise,1,20,1,0,0,0,large::mp-1203655::reference,4.10056927613914
medium,large,large::mp-1203655::combined_noise_0.050A_0.010,mp-1203655,mp-1203655,SiO2,combined_noise_0.050A_0.010,combined_perturbation,noise,1,20,1,0,0,0,large::mp-1203655::reference,4.105858387425542
medium,large,large::mp-1203655::combined_noise_0.002A_0.030,mp-1203655,mp-1203655,SiO2,combined_noise_0.002A_0.030,combined_perturbation,noise,1,20,1,0,0,0,large::mp-1203655::reference,4.123390279710293
medium,large,large::mp-1203655::combined_noise_0.015A_0.030,mp-1203655,mp-1203655,SiO2,combined_noise_0.015A_0.030,combined_perturbation,noise,1,20,1,0,0,0,large::mp-1203655::reference,4.0415176916867495
medium,large,large::mp-1203655::combined_noise_0.050A_0.030,mp-1203655,mp-1203655,SiO2,combined_noise_0.050A_0.030,combined_perturbation,noise,1,20,1,0,0,0,large::mp-1203655::reference,4.155044803395867
medium,large,large::mp-1204026::conventional_standard,mp-1204026,mp-1204026,SiO2,conventional_standard,equivalent_transform,no_noise,1,20,1,0,0,0,large::mp-1204026::reference,10.007762329652905
medium,large,large::mp-1204026::niggli_reduced,mp-1204026,mp-1204026,SiO2,niggli_reduced,equivalent_transform,no_noise,1,20,1,0,0,0,large::mp-1204026::reference,6.097096243873239
medium,large,large::mp-1204026::origin_shifted,mp-1204026,mp-1204026,SiO2,origin_shifted,equivalent_transform,no_noise,1,20,1,0,0,0,large::mp-1204026::reference,5.747585695236921
medium,large,large::mp-1204026::permuted_sites,mp-1204026,mp-1204026,SiO2,permuted_sites,equivalent_transform,no_noise,1,20,1,0,0,0,large::mp-1204026::reference,8.521044613793492
medium,large,large::mp-1204026::combined_noise_0.002A_0.003,mp-1204026,mp-1204026,SiO2,combined_noise_0.002A_0.003,combined_perturbation,noise,1,20,1,0,0,0,large::mp-1204026::reference,6.075849013403058
medium,large,large::mp-1204026::combined_noise_0.015A_0.003,mp-1204026,mp-1204026,SiO2,combined_noise_0.015A_0.003,combined_perturbation,noise,1,20,1,0,0,0,large::mp-1204026::reference,5.590431505814195
medium,large,large::mp-1204026::combined_noise_0.050A_0.003,mp-1204026,mp-1204026,SiO2,combined_noise_0.050A_0.003,combined_perturbation,noise,1,20,1,0,0,0,large::mp-1204026::reference,5.60345665179193
medium,large,large::mp-1204026::combined_noise_0.002A_0.010,mp-1204026,mp-1204026,SiO2,combined_noise_0.002A_0.010,combined_perturbation,noise,1,20,1,0,0,0,large::mp-1204026::reference,5.456179890781641
medium,large,large::mp-1204026::combined_noise_0.015A_0.010,mp-1204026,mp-1204026,SiO2,combined_noise_0.015A_0.010,combined_perturbation,noise,1,20,1,0,0,0,large::mp-1204026::reference,5.657380016520619
medium,large,large::mp-1204026::combined_noise_0.050A_0.010,mp-1204026,mp-1204026,SiO2,combined_noise_0.050A_0.010,combined_perturbation,noise,1,20,1,0,0,0,large::mp-1204026::reference,5.628878360614181
medium,large,large::mp-1204026::combined_noise_0.002A_0.030,mp-1204026,mp-1204026,SiO2,combined_noise_0.002A_0.030,combined_perturbation,noise,1,20,1,0,0,0,large::mp-1204026::reference,5.82269930280745
medium,large,large::mp-1204026::combined_noise_0.015A_0.030,mp-1204026,mp-1204026,SiO2,combined_noise_0.015A_0.030,combined_perturbation,noise,1,20,1,0,0,0,large::mp-1204026::reference,5.323935950174928
medium,large,large::mp-1204026::combined_noise_0.050A_0.030,mp-1204026,mp-1204026,SiO2,combined_noise_0.050A_0.030,combined_perturbation,noise,1,20,1,0,0,0,large::mp-1204026::reference,5.623208509758115
medium,large,large::mp-1204057::conventional_standard,mp-1204057,mp-1204057,SiO2,conventional_standard,equivalent_transform,no_noise,1,20,1,0,0,0,large::mp-1204057::reference,14.39552235044539
medium,large,large::mp-1204057::niggli_reduced,mp-1204057,mp-1204057,SiO2,niggli_reduced,equivalent_transform,no_noise,1,20,1,0,0,0,large::mp-1204057::reference,21.060184529051185
medium,large,large::mp-1204057::origin_shifted,mp-1204057,mp-1204057,SiO2,origin_shifted,equivalent_transform,no_noise,1,20,1,0,0,0,large::mp-1204057::reference,8.305597936734557
medium,large,large::mp-1204057::permuted_sites,mp-1204057,mp-1204057,SiO2,permuted_sites,equivalent_transform,no_noise,1,20,1,0,0,0,large::mp-1204057::reference,26.93606970831752
medium,large,large::mp-1204057::combined_noise_0.002A_0.003,mp-1204057,mp-1204057,SiO2,combined_noise_0.002A_0.003,combined_perturbation,noise,1,20,1,0,0,0,large::mp-1204057::reference,8.687682323157787
medium,large,large::mp-1204057::combined_noise_0.015A_0.003,mp-1204057,mp-1204057,SiO2,combined_noise_0.015A_0.003,combined_perturbation,noise,1,20,1,0,0,0,large::mp-1204057::reference,8.215828688815236
medium,large,large::mp-1204057::combined_noise_0.050A_0.003,mp-1204057,mp-1204057,SiO2,combined_noise_0.050A_0.003,combined_perturbation,noise,1,20,1,0,0,0,large::mp-1204057::reference,8.22842137888074
medium,large,large::mp-1204057::combined_noise_0.002A_0.010,mp-1204057,mp-1204057,SiO2,combined_noise_0.002A_0.010,combined_perturbation,noise,1,20,1,0,0,0,large::mp-1204057::reference,8.833868693560362
medium,large,large::mp-1204057::combined_noise_0.015A_0.010,mp-1204057,mp-1204057,SiO2,combined_noise_0.015A_0.010,combined_perturbation,noise,1,20,1,0,0,0,large::mp-1204057::reference,8.882260352373123
medium,large,large::mp-1204057::combined_noise_0.050A_0.010,mp-1204057,mp-1204057,SiO2,combined_noise_0.050A_0.010,combined_perturbation,noise,1,20,1,0,0,0,large::mp-1204057::reference,8.503432659432292
medium,large,large::mp-1204057::combined_noise_0.002A_0.030,mp-1204057,mp-1204057,SiO2,combined_noise_0.002A_0.030,combined_perturbation,noise,1,20,1,0,0,0,large::mp-1204057::reference,8.163577983155847
medium,large,large::mp-1204057::combined_noise_0.015A_0.030,mp-1204057,mp-1204057,SiO2,combined_noise_0.015A_0.030,combined_perturbation,noise,1,20,1,0,0,0,large::mp-1204057::reference,8.580213192850351
medium,large,large::mp-1204057::combined_noise_0.050A_0.030,mp-1204057,mp-1204057,SiO2,combined_noise_0.050A_0.030,combined_perturbation,noise,1,20,1,0,0,0,large::mp-1204057::reference,8.990736868232489
medium,large,large::mp-1008677::conventional_standard,mp-1008677,mp-1008677,TiO2,conventional_standard,equivalent_transform,no_noise,1,20,1,0,0,0,large::mp-1008677::reference,0.827039884403348
medium,large,large::mp-1008677::niggli_reduced,mp-1008677,mp-1008677,TiO2,niggli_reduced,equivalent_transform,no_noise,1,20,1,0,0,0,large::mp-1008677::reference,2.35806767269969
medium,large,large::mp-1008677::origin_shifted,mp-1008677,mp-1008677,TiO2,origin_shifted,equivalent_transform,no_noise,1,20,1,0,0,0,large::mp-1008677::reference,2.3832138031721115
medium,large,large::mp-1008677::permuted_sites,mp-1008677,mp-1008677,TiO2,permuted_sites,equivalent_transform,no_noise,1,20,1,0,0,0,large::mp-1008677::reference,3.9500809963792562
medium,large,large::mp-1008677::combined_noise_0.002A_0.003,mp-1008677,mp-1008677,TiO2,combined_noise_0.002A_0.003,combined_perturbation,noise,1,20,1,0,0,0,large::mp-1008677::reference,2.41642383672297
medium,large,large::mp-1008677::combined_noise_0.015A_0.003,mp-1008677,mp-1008677,TiO2,combined_noise_0.015A_0.003,combined_perturbation,noise,1,20,1,0,0,0,large::mp-1008677::reference,2.3495296761393547
medium,large,large::mp-1008677::combined_noise_0.050A_0.003,mp-1008677,mp-1008677,TiO2,combined_noise_0.050A_0.003,combined_perturbation,noise,1,20,1,0,0,0,large::mp-1008677::reference,2.5056917555630207
medium,large,large::mp-1008677::combined_noise_0.002A_0.010,mp-1008677,mp-1008677,TiO2,combined_noise_0.002A_0.010,combined_perturbation,noise,1,20,1,0,0,0,large::mp-1008677::reference,2.3262310065329075
medium,large,large::mp-1008677::combined_noise_0.015A_0.010,mp-1008677,mp-1008677,TiO2,combined_noise_0.015A_0.010,combined_perturbation,noise,1,20,1,0,0,0,large::mp-1008677::reference,2.3430740237236023
medium,large,large::mp-1008677::combined_noise_0.050A_0.010,mp-1008677,mp-1008677,TiO2,combined_noise_0.050A_0.010,combined_perturbation,noise,1,20,1,0,0,0,large::mp-1008677::reference,2.176742535084486
medium,large,large::mp-1008677::combined_noise_0.002A_0.030,mp-1008677,mp-1008677,TiO2,combined_noise_0.002A_0.030,combined_perturbation,noise,1,20,1,0,0,0,large::mp-1008677::reference,2.329565469175577
medium,large,large::mp-1008677::combined_noise_0.015A_0.030,mp-1008677,mp-1008677,TiO2,combined_noise_0.015A_0.030,combined_perturbation,noise,1,20,1,0,0,0,large::mp-1008677::reference,2.3321290723979473
medium,large,large::mp-1008677::combined_noise_0.050A_0.030,mp-1008677,mp-1008677,TiO2,combined_noise_0.050A_0.030,combined_perturbation,noise,1,20,1,0,0,0,large::mp-1008677::reference,2.1706124618649483
medium,large,large::mp-1041565::conventional_standard,mp-1041565,mp-1041565,TiO2,conventional_standard,equivalent_transform,no_noise,1,20,1,0,0,0,large::mp-1041565::reference,1.4796241875737906
medium,large,large::mp-1041565::niggli_reduced,mp-1041565,mp-1041565,TiO2,niggli_reduced,equivalent_transform,no_noise,1,20,1,0,0,0,large::mp-1041565::reference,2.2894591465592384
medium,large,large::mp-1041565::origin_shifted,mp-1041565,mp-1041565,TiO2,origin_shifted,equivalent_transform,no_noise,1,20,1,0,0,0,large::mp-1041565::reference,2.3235962744802237
medium,large,large::mp-1041565::permuted_sites,mp-1041565,mp-1041565,TiO2,permuted_sites,equivalent_transform,no_noise,1,20,1,0,0,0,large::mp-1041565::reference,3.9062642883509398
medium,large,large::mp-1041565::combined_noise_0.002A_0.003,mp-1041565,mp-1041565,TiO2,combined_noise_0.002A_0.003,combined_perturbation,noise,1,20,1,0,0,0,large::mp-1041565::reference,2.378740446642041
medium,large,large::mp-1041565::combined_noise_0.015A_0.003,mp-1041565,mp-1041565,TiO2,combined_noise_0.015A_0.003,combined_perturbation,noise,1,20,1,0,0,0,large::mp-1041565::reference,2.3082509636878967
medium,large,large::mp-1041565::combined_noise_0.050A_0.003,mp-1041565,mp-1041565,TiO2,combined_noise_0.050A_0.003,combined_perturbation,noise,1,20,1,0,0,0,large::mp-1041565::reference,2.183146195486188
medium,large,large::mp-1041565::combined_noise_0.002A_0.010,mp-1041565,mp-1041565,TiO2,combined_noise_0.002A_0.010,combined_perturbation,noise,1,20,1,0,0,0,large::mp-1041565::reference,2.3367346711456776
medium,large,large::mp-1041565::combined_noise_0.015A_0.010,mp-1041565,mp-1041565,TiO2,combined_noise_0.015A_0.010,combined_perturbation,noise,1,20,1,0,0,0,large::mp-1041565::reference,2.301850011572242
medium,large,large::mp-1041565::combined_noise_0.050A_0.010,mp-1041565,mp-1041565,TiO2,combined_noise_0.050A_0.010,combined_perturbation,noise,1,20,1,0,0,0,large::mp-1041565::reference,2.1882370486855507
medium,large,large::mp-1041565::combined_noise_0.002A_0.030,mp-1041565,mp-1041565,TiO2,combined_noise_0.002A_0.030,combined_perturbation,noise,1,20,1,0,0,0,large::mp-1041565::reference,2.3373986911028624
medium,large,large::mp-1041565::combined_noise_0.015A_0.030,mp-1041565,mp-1041565,TiO2,combined_noise_0.015A_0.030,combined_perturbation,noise,1,20,1,0,0,0,large::mp-1041565::reference,2.2720770239830017
medium,large,large::mp-1041565::combined_noise_0.050A_0.030,mp-1041565,mp-1041565,TiO2,combined_noise_0.050A_0.030,combined_perturbation,noise,1,20,1,0,0,0,large::mp-1041565::reference,2.194063289090991
medium,large,large::mp-1044853::conventional_standard,mp-1044853,mp-1044853,TiO2,conventional_standard,equivalent_transform,no_noise,1,20,1,0,0,0,large::mp-1044853::reference,1.4918422512710094
medium,large,large::mp-1044853::niggli_reduced,mp-1044853,mp-1044853,TiO2,niggli_reduced,equivalent_transform,no_noise,1,20,1,0,0,0,large::mp-1044853::reference,2.248865405097604
medium,large,large::mp-1044853::origin_shifted,mp-1044853,mp-1044853,TiO2,origin_shifted,equivalent_transform,no_noise,1,20,1,0,0,0,large::mp-1044853::reference,2.276225158944726
medium,large,large::mp-1044853::permuted_sites,mp-1044853,mp-1044853,TiO2,permuted_sites,equivalent_transform,no_noise,1,20,1,0,0,0,large::mp-1044853::reference,3.858670273795724
medium,large,large::mp-1044853::combined_noise_0.002A_0.003,mp-1044853,mp-1044853,TiO2,combined_noise_0.002A_0.003,combined_perturbation,noise,1,20,1,0,0,0,large::mp-1044853::reference,2.330863069742918
medium,large,large::mp-1044853::combined_noise_0.015A_0.003,mp-1044853,mp-1044853,TiO2,combined_noise_0.015A_0.003,combined_perturbation,noise,1,20,1,0,0,0,large::mp-1044853::reference,2.258208954706788
medium,large,large::mp-1044853::combined_noise_0.050A_0.003,mp-1044853,mp-1044853,TiO2,combined_noise_0.050A_0.003,combined_perturbation,noise,1,20,1,0,0,0,large::mp-1044853::reference,2.4756481647491455
medium,large,large::mp-1044853::combined_noise_0.002A_0.010,mp-1044853,mp-1044853,TiO2,combined_noise_0.002A_0.010,combined_perturbation,noise,1,20,1,0,0,0,large::mp-1044853::reference,2.2634080965071917
medium,large,large::mp-1044853::combined_noise_0.015A_0.010,mp-1044853,mp-1044853,TiO2,combined_noise_0.015A_0.010,combined_perturbation,noise,1,20,1,0,0,0,large::mp-1044853::reference,2.2511154990643263
medium,large,large::mp-1044853::combined_noise_0.050A_0.010,mp-1044853,mp-1044853,TiO2,combined_noise_0.050A_0.010,combined_perturbation,noise,1,20,1,0,0,0,large::mp-1044853::reference,2.470833618193865
medium,large,large::mp-1044853::combined_noise_0.002A_0.030,mp-1044853,mp-1044853,TiO2,combined_noise_0.002A_0.030,combined_perturbation,noise,1,20,1,0,0,0,large::mp-1044853::reference,2.264234935864806
medium,large,large::mp-1044853::combined_noise_0.015A_0.030,mp-1044853,mp-1044853,TiO2,combined_noise_0.015A_0.030,combined_perturbation,noise,1,20,1,0,0,0,large::mp-1044853::reference,2.261670460924506
medium,large,large::mp-1044853::combined_noise_0.050A_0.030,mp-1044853,mp-1044853,TiO2,combined_noise_0.050A_0.030,combined_perturbation,noise,1,20,1,0,0,0,large::mp-1044853::reference,2.4519279692322016
medium,large,large::mp-1079207::conventional_standard,mp-1079207,mp-1079207,TiO2,conventional_standard,equivalent_transform,no_noise,1,20,1,0,0,0,large::mp-1079207::reference,1.3304617628455162
medium,large,large::mp-1079207::niggli_reduced,mp-1079207,mp-1079207,TiO2,niggli_reduced,equivalent_transform,no_noise,1,20,1,0,0,0,large::mp-1079207::reference,2.1934768352657557
medium,large,large::mp-1079207::origin_shifted,mp-1079207,mp-1079207,TiO2,origin_shifted,equivalent_transform,no_noise,1,20,1,0,0,0,large::mp-1079207::reference,2.214067928493023
medium,large,large::mp-1079207::permuted_sites,mp-1079207,mp-1079207,TiO2,permuted_sites,equivalent_transform,no_noise,1,20,1,0,0,0,large::mp-1079207::reference,3.8020403515547514
medium,large,large::mp-1079207::combined_noise_0.002A_0.003,mp-1079207,mp-1079207,TiO2,combined_noise_0.002A_0.003,combined_perturbation,noise,1,20,1,0,0,0,large::mp-1079207::reference,2.325166419148445
medium,large,large::mp-1079207::combined_noise_0.015A_0.003,mp-1079207,mp-1079207,TiO2,combined_noise_0.015A_0.003,combined_perturbation,noise,1,20,1,0,0,0,large::mp-1079207::reference,2.1998976971954107
medium,large,large::mp-1079207::combined_noise_0.050A_0.003,mp-1079207,mp-1079207,TiO2,combined_noise_0.050A_0.003,combined_perturbation,noise,1,20,1,0,0,0,large::mp-1079207::reference,2.2033842373639345
medium,large,large::mp-1079207::combined_noise_0.002A_0.010,mp-1079207,mp-1079207,TiO2,combined_noise_0.002A_0.010,combined_perturbation,noise,1,20,1,0,0,0,large::mp-1079207::reference,2.205232072621584
medium,large,large::mp-1079207::combined_noise_0.015A_0.010,mp-1079207,mp-1079207,TiO2,combined_noise_0.015A_0.010,combined_perturbation,noise,1,20,1,0,0,0,large::mp-1079207::reference,2.203859867528081
medium,large,large::mp-1079207::combined_noise_0.050A_0.010,mp-1079207,mp-1079207,TiO2,combined_noise_0.050A_0.010,combined_perturbation,noise,1,20,1,0,0,0,large::mp-1079207::reference,2.1826724503189325
medium,large,large::mp-1079207::combined_noise_0.002A_0.030,mp-1079207,mp-1079207,TiO2,combined_noise_0.002A_0.030,combined_perturbation,noise,1,20,1,0,0,0,large::mp-1079207::reference,2.201150292530656
medium,large,large::mp-1079207::combined_noise_0.015A_0.030,mp-1079207,mp-1079207,TiO2,combined_noise_0.015A_0.030,combined_perturbation,noise,1,20,1,0,0,0,large::mp-1079207::reference,2.2018811125308275
medium,large,large::mp-1079207::combined_noise_0.050A_0.030,mp-1079207,mp-1079207,TiO2,combined_noise_0.050A_0.030,combined_perturbation,noise,1,20,1,0,0,0,large::mp-1079207::reference,2.1802734546363354
medium,large,large::mp-1101022::conventional_standard,mp-1101022,mp-1101022,TiO2,conventional_standard,equivalent_transform,no_noise,1,20,1,0,0,0,large::mp-1101022::reference,1.3564408496022224
medium,large,large::mp-1101022::niggli_reduced,mp-1101022,mp-1101022,TiO2,niggli_reduced,equivalent_transform,no_noise,1,20,1,0,0,0,large::mp-1101022::reference,2.1792476754635572
medium,large,large::mp-1101022::origin_shifted,mp-1101022,mp-1101022,TiO2,origin_shifted,equivalent_transform,no_noise,1,20,1,0,0,0,large::mp-1101022::reference,2.203101199120283
medium,large,large::mp-1101022::permuted_sites,mp-1101022,mp-1101022,TiO2,permuted_sites,equivalent_transform,no_noise,1,20,1,0,0,0,large::mp-1101022::reference,4.1921760980039835
medium,large,large::mp-1101022::combined_noise_0.002A_0.003,mp-1101022,mp-1101022,TiO2,combined_noise_0.002A_0.003,combined_perturbation,noise,1,20,1,0,0,0,large::mp-1101022::reference,2.3306037299335003
medium,large,large::mp-1101022::combined_noise_0.015A_0.003,mp-1101022,mp-1101022,TiO2,combined_noise_0.015A_0.003,combined_perturbation,noise,1,20,1,0,0,0,large::mp-1101022::reference,2.1856083255261183
medium,large,large::mp-1101022::combined_noise_0.050A_0.003,mp-1101022,mp-1101022,TiO2,combined_noise_0.050A_0.003,combined_perturbation,noise,1,20,1,0,0,0,large::mp-1101022::reference,2.243770308792591
medium,large,large::mp-1101022::combined_noise_0.002A_0.010,mp-1101022,mp-1101022,TiO2,combined_noise_0.002A_0.010,combined_perturbation,noise,1,20,1,0,0,0,large::mp-1101022::reference,2.1818696800619364
medium,large,large::mp-1101022::combined_noise_0.015A_0.010,mp-1101022,mp-1101022,TiO2,combined_noise_0.015A_0.010,combined_perturbation,noise,1,20,1,0,0,0,large::mp-1101022::reference,2.1872198786586523
medium,large,large::mp-1101022::combined_noise_0.050A_0.010,mp-1101022,mp-1101022,TiO2,combined_noise_0.050A_0.010,combined_perturbation,noise,1,20,1,0,0,0,large::mp-1101022::reference,2.2451179791241884
medium,large,large::mp-1101022::combined_noise_0.002A_0.030,mp-1101022,mp-1101022,TiO2,combined_noise_0.002A_0.030,combined_perturbation,noise,1,20,1,0,0,0,large::mp-1101022::reference,2.1896399036049843
medium,large,large::mp-1101022::combined_noise_0.015A_0.030,mp-1101022,mp-1101022,TiO2,combined_noise_0.015A_0.030,combined_perturbation,noise,1,20,1,0,0,0,large::mp-1101022::reference,2.181257227435708
medium,large,large::mp-1101022::combined_noise_0.050A_0.030,mp-1101022,mp-1101022,TiO2,combined_noise_0.050A_0.030,combined_perturbation,noise,1,20,1,0,0,0,large::mp-1101022::reference,2.2114093117415905
medium,large,large::mp-1102255::conventional_standard,mp-1102255,mp-1102255,TiO2,conventional_standard,equivalent_transform,no_noise,1,20,1,0,0,0,large::mp-1102255::reference,1.3401642199605703
medium,large,large::mp-1102255::niggli_reduced,mp-1102255,mp-1102255,TiO2,niggli_reduced,equivalent_transform,no_noise,1,20,1,0,0,0,large::mp-1102255::reference,2.2095691598951817
medium,large,large::mp-1102255::origin_shifted,mp-1102255,mp-1102255,TiO2,origin_shifted,equivalent_transform,no_noise,1,20,1,0,0,0,large::mp-1102255::reference,2.229972902685404
medium,large,large::mp-1102255::permuted_sites,mp-1102255,mp-1102255,TiO2,permuted_sites,equivalent_transform,no_noise,1,20,1,0,0,0,large::mp-1102255::reference,3.811170866712928
medium,large,large::mp-1102255::combined_noise_0.002A_0.003,mp-1102255,mp-1102255,TiO2,combined_noise_0.002A_0.003,combined_perturbation,noise,1,20,1,0,0,0,large::mp-1102255::reference,2.3001218270510435
medium,large,large::mp-1102255::combined_noise_0.015A_0.003,mp-1102255,mp-1102255,TiO2,combined_noise_0.015A_0.003,combined_perturbation,noise,1,20,1,0,0,0,large::mp-1102255::reference,2.2058385517448187
medium,large,large::mp-1102255::combined_noise_0.050A_0.003,mp-1102255,mp-1102255,TiO2,combined_noise_0.050A_0.003,combined_perturbation,noise,1,20,1,0,0,0,large::mp-1102255::reference,2.2041478604078293
medium,large,large::mp-1102255::combined_noise_0.002A_0.010,mp-1102255,mp-1102255,TiO2,combined_noise_0.002A_0.010,combined_perturbation,noise,1,20,1,0,0,0,large::mp-1102255::reference,2.207258392125368
medium,large,large::mp-1102255::combined_noise_0.015A_0.010,mp-1102255,mp-1102255,TiO2,combined_noise_0.015A_0.010,combined_perturbation,noise,1,20,1,0,0,0,large::mp-1102255::reference,2.2138861138373613
medium,large,large::mp-1102255::combined_noise_0.050A_0.010,mp-1102255,mp-1102255,TiO2,combined_noise_0.050A_0.010,combined_perturbation,noise,1,20,1,0,0,0,large::mp-1102255::reference,2.209771716967225
medium,large,large::mp-1102255::combined_noise_0.002A_0.030,mp-1102255,mp-1102255,TiO2,combined_noise_0.002A_0.030,combined_perturbation,noise,1,20,1,0,0,0,large::mp-1102255::reference,2.2069584652781487
medium,large,large::mp-1102255::combined_noise_0.015A_0.030,mp-1102255,mp-1102255,TiO2,combined_noise_0.015A_0.030,combined_perturbation,noise,1,20,1,0,0,0,large::mp-1102255::reference,2.213003844022751
medium,large,large::mp-1102255::combined_noise_0.050A_0.030,mp-1102255,mp-1102255,TiO2,combined_noise_0.050A_0.030,combined_perturbation,noise,1,20,1,0,0,0,large::mp-1102255::reference,2.2112963423132896
medium,large,large::mp-1102591::conventional_standard,mp-1102591,mp-1102591,TiO2,conventional_standard,equivalent_transform,no_noise,1,20,1,0,0,0,large::mp-1102591::reference,1.3933173678815365
medium,large,large::mp-1102591::niggli_reduced,mp-1102591,mp-1102591,TiO2,niggli_reduced,equivalent_transform,no_noise,1,20,1,0,0,0,large::mp-1102591::reference,2.2637951523065567
medium,large,large::mp-1102591::origin_shifted,mp-1102591,mp-1102591,TiO2,origin_shifted,equivalent_transform,no_noise,1,20,1,0,0,0,large::mp-1102591::reference,2.2860463727265596
medium,large,large::mp-1102591::permuted_sites,mp-1102591,mp-1102591,TiO2,permuted_sites,equivalent_transform,no_noise,1,20,1,0,0,0,large::mp-1102591::reference,3.8705597911030054
medium,large,large::mp-1102591::combined_noise_0.002A_0.003,mp-1102591,mp-1102591,TiO2,combined_noise_0.002A_0.003,combined_perturbation,noise,1,20,1,0,0,0,large::mp-1102591::reference,2.3546779546886683
medium,large,large::mp-1102591::combined_noise_0.015A_0.003,mp-1102591,mp-1102591,TiO2,combined_noise_0.015A_0.003,combined_perturbation,noise,1,20,1,0,0,0,large::mp-1102591::reference,2.260788297280669
medium,large,large::mp-1102591::combined_noise_0.050A_0.003,mp-1102591,mp-1102591,TiO2,combined_noise_0.050A_0.003,combined_perturbation,noise,1,20,1,0,0,0,large::mp-1102591::reference,2.2679239585995674
medium,large,large::mp-1102591::combined_noise_0.002A_0.010,mp-1102591,mp-1102591,TiO2,combined_noise_0.002A_0.010,combined_perturbation,noise,1,20,1,0,0,0,large::mp-1102591::reference,2.2675527203828096
medium,large,large::mp-1102591::combined_noise_0.015A_0.010,mp-1102591,mp-1102591,TiO2,combined_noise_0.015A_0.010,combined_perturbation,noise,1,20,1,0,0,0,large::mp-1102591::reference,2.2665846683084965
medium,large,large::mp-1102591::combined_noise_0.050A_0.010,mp-1102591,mp-1102591,TiO2,combined_noise_0.050A_0.010,combined_perturbation,noise,1,20,1,0,0,0,large::mp-1102591::reference,2.2661445066332817
medium,large,large::mp-1102591::combined_noise_0.002A_0.030,mp-1102591,mp-1102591,TiO2,combined_noise_0.002A_0.030,combined_perturbation,noise,1,20,1,0,0,0,large::mp-1102591::reference,2.2643069438636303
medium,large,large::mp-1102591::combined_noise_0.015A_0.030,mp-1102591,mp-1102591,TiO2,combined_noise_0.015A_0.030,combined_perturbation,noise,1,20,1,0,0,0,large::mp-1102591::reference,2.264432664960623
medium,large,large::mp-1102591::combined_noise_0.050A_0.030,mp-1102591,mp-1102591,TiO2,combined_noise_0.050A_0.030,combined_perturbation,noise,1,20,1,0,0,0,large::mp-1102591::reference,2.260574296116829
medium,large,large::mp-1190753::conventional_standard,mp-1190753,mp-1190753,TiO2,conventional_standard,equivalent_transform,no_noise,1,20,1,0,0,0,large::mp-1190753::reference,1.4573965165764093
medium,large,large::mp-1190753::niggli_reduced,mp-1190753,mp-1190753,TiO2,niggli_reduced,equivalent_transform,no_noise,1,20,1,0,0,0,large::mp-1190753::reference,2.464600482955575
medium,large,large::mp-1190753::origin_shifted,mp-1190753,mp-1190753,TiO2,origin_shifted,equivalent_transform,no_noise,1,20,1,0,0,0,large::mp-1190753::reference,2.4827268086373806
medium,large,large::mp-1190753::permuted_sites,mp-1190753,mp-1190753,TiO2,permuted_sites,equivalent_transform,no_noise,1,20,1,0,0,0,large::mp-1190753::reference,4.4288629945367575
medium,large,large::mp-1190753::combined_noise_0.002A_0.003,mp-1190753,mp-1190753,TiO2,combined_noise_0.002A_0.003,combined_perturbation,noise,1,20,1,0,0,0,large::mp-1190753::reference,2.5357340928167105
medium,large,large::mp-1190753::combined_noise_0.015A_0.003,mp-1190753,mp-1190753,TiO2,combined_noise_0.015A_0.003,combined_perturbation,noise,1,20,1,0,0,0,large::mp-1190753::reference,2.463615944609046
medium,large,large::mp-1190753::combined_noise_0.050A_0.003,mp-1190753,mp-1190753,TiO2,combined_noise_0.050A_0.003,combined_perturbation,noise,1,20,1,0,0,0,large::mp-1190753::reference,2.4652636162936687
medium,large,large::mp-1190753::combined_noise_0.002A_0.010,mp-1190753,mp-1190753,TiO2,combined_noise_0.002A_0.010,combined_perturbation,noise,1,20,1,0,0,0,large::mp-1190753::reference,2.4685827139765024
medium,large,large::mp-1190753::combined_noise_0.015A_0.010,mp-1190753,mp-1190753,TiO2,combined_noise_0.015A_0.010,combined_perturbation,noise,1,20,1,0,0,0,large::mp-1190753::reference,2.469830244779587
medium,large,large::mp-1190753::combined_noise_0.050A_0.010,mp-1190753,mp-1190753,TiO2,combined_noise_0.050A_0.010,combined_perturbation,noise,1,20,1,0,0,0,large::mp-1190753::reference,2.4680092707276344
medium,large,large::mp-1190753::combined_noise_0.002A_0.030,mp-1190753,mp-1190753,TiO2,combined_noise_0.002A_0.030,combined_perturbation,noise,1,20,1,0,0,0,large::mp-1190753::reference,2.463927986100316
medium,large,large::mp-1190753::combined_noise_0.015A_0.030,mp-1190753,mp-1190753,TiO2,combined_noise_0.015A_0.030,combined_perturbation,noise,1,20,1,0,0,0,large::mp-1190753::reference,2.472423391416669
medium,large,large::mp-1190753::combined_noise_0.050A_0.030,mp-1190753,mp-1190753,TiO2,combined_noise_0.050A_0.030,combined_perturbation,noise,1,20,1,0,0,0,large::mp-1190753::reference,2.459822326898575
medium,large,large::mp-1201727::conventional_standard,mp-1201727,mp-1201727,TiO2,conventional_standard,equivalent_transform,no_noise,1,20,1,0,0,0,large::mp-1201727::reference,1.516844755038619
medium,large,large::mp-1201727::niggli_reduced,mp-1201727,mp-1201727,TiO2,niggli_reduced,equivalent_transform,no_noise,1,20,1,0,0,0,large::mp-1201727::reference,3.9618939496576786
medium,large,large::mp-1201727::origin_shifted,mp-1201727,mp-1201727,TiO2,origin_shifted,equivalent_transform,no_noise,1,20,1,0,0,0,large::mp-1201727::reference,2.8742687925696373
medium,large,large::mp-1201727::permuted_sites,mp-1201727,mp-1201727,TiO2,permuted_sites,equivalent_transform,no_noise,1,20,1,0,0,0,large::mp-1201727::reference,5.666561579331756
medium,large,large::mp-1201727::combined_noise_0.002A_0.003,mp-1201727,mp-1201727,TiO2,combined_noise_0.002A_0.003,combined_perturbation,noise,1,20,1,0,0,0,large::mp-1201727::reference,2.854813899844885
medium,large,large::mp-1201727::combined_noise_0.015A_0.003,mp-1201727,mp-1201727,TiO2,combined_noise_0.015A_0.003,combined_perturbation,noise,1,20,1,0,0,0,large::mp-1201727::reference,3.0126177184283733
medium,large,large::mp-1201727::combined_noise_0.050A_0.003,mp-1201727,mp-1201727,TiO2,combined_noise_0.050A_0.003,combined_perturbation,noise,1,20,1,0,0,0,large::mp-1201727::reference,2.839894663542509
medium,large,large::mp-1201727::combined_noise_0.002A_0.010,mp-1201727,mp-1201727,TiO2,combined_noise_0.002A_0.010,combined_perturbation,noise,1,20,1,0,0,0,large::mp-1201727::reference,2.8564936444163322
medium,large,large::mp-1201727::combined_noise_0.015A_0.010,mp-1201727,mp-1201727,TiO2,combined_noise_0.015A_0.010,combined_perturbation,noise,1,20,1,0,0,0,large::mp-1201727::reference,2.8381264954805374
medium,large,large::mp-1201727::combined_noise_0.050A_0.010,mp-1201727,mp-1201727,TiO2,combined_noise_0.050A_0.010,combined_perturbation,noise,1,20,1,0,0,0,large::mp-1201727::reference,2.8394181970506907
medium,large,large::mp-1201727::combined_noise_0.002A_0.030,mp-1201727,mp-1201727,TiO2,combined_noise_0.002A_0.030,combined_perturbation,noise,1,20,1,0,0,0,large::mp-1201727::reference,2.843325611203909
medium,large,large::mp-1201727::combined_noise_0.015A_0.030,mp-1201727,mp-1201727,TiO2,combined_noise_0.015A_0.030,combined_perturbation,noise,1,20,1,0,0,0,large::mp-1201727::reference,2.843643670901656
medium,large,large::mp-1201727::combined_noise_0.050A_0.030,mp-1201727,mp-1201727,TiO2,combined_noise_0.050A_0.030,combined_perturbation,noise,1,20,1,0,0,0,large::mp-1201727::reference,3.9780897349119186
medium,large,large::mp-1245098::conventional_standard,mp-1245098,mp-1245098,TiO2,conventional_standard,equivalent_transform,no_noise,1,20,1,0,0,0,large::mp-1245098::reference,2.0727515146136284
medium,large,large::mp-1245098::niggli_reduced,mp-1245098,mp-1245098,TiO2,niggli_reduced,equivalent_transform,no_noise,1,20,1,0,0,0,large::mp-1245098::reference,3.802848817780614
medium,large,large::mp-1245098::origin_shifted,mp-1245098,mp-1245098,TiO2,origin_shifted,equivalent_transform,no_noise,1,20,1,0,0,0,large::mp-1245098::reference,3.8256496153771877
medium,large,large::mp-1245098::permuted_sites,mp-1245098,mp-1245098,TiO2,permuted_sites,equivalent_transform,no_noise,1,20,1,0,0,0,large::mp-1245098::reference,8.191612234339118
medium,large,large::mp-1245098::combined_noise_0.002A_0.003,mp-1245098,mp-1245098,TiO2,combined_noise_0.002A_0.003,combined_perturbation,noise,1,20,1,0,0,0,large::mp-1245098::reference,4.20175020955503
medium,large,large::mp-1245098::combined_noise_0.015A_0.003,mp-1245098,mp-1245098,TiO2,combined_noise_0.015A_0.003,combined_perturbation,noise,1,20,1,0,0,0,large::mp-1245098::reference,3.880837155506015
medium,large,large::mp-1245098::combined_noise_0.050A_0.003,mp-1245098,mp-1245098,TiO2,combined_noise_0.050A_0.003,combined_perturbation,noise,1,20,1,0,0,0,large::mp-1245098::reference,3.8081653993576765
medium,large,large::mp-1245098::combined_noise_0.002A_0.010,mp-1245098,mp-1245098,TiO2,combined_noise_0.002A_0.010,combined_perturbation,noise,1,20,1,0,0,0,large::mp-1245098::reference,3.806079415604472
medium,large,large::mp-1245098::combined_noise_0.015A_0.010,mp-1245098,mp-1245098,TiO2,combined_noise_0.015A_0.010,combined_perturbation,noise,1,20,1,0,0,0,large::mp-1245098::reference,3.8091222997754812
medium,large,large::mp-1245098::combined_noise_0.050A_0.010,mp-1245098,mp-1245098,TiO2,combined_noise_0.050A_0.010,combined_perturbation,noise,1,20,1,0,0,0,large::mp-1245098::reference,3.7893052883446217
medium,large,large::mp-1245098::combined_noise_0.002A_0.030,mp-1245098,mp-1245098,TiO2,combined_noise_0.002A_0.030,combined_perturbation,noise,1,20,1,0,0,0,large::mp-1245098::reference,3.800935996696353
medium,large,large::mp-1245098::combined_noise_0.015A_0.030,mp-1245098,mp-1245098,TiO2,combined_noise_0.015A_0.030,combined_perturbation,noise,1,20,1,0,0,0,large::mp-1245098::reference,3.7925798445940018
medium,large,large::mp-1245098::combined_noise_0.050A_0.030,mp-1245098,mp-1245098,TiO2,combined_noise_0.050A_0.030,combined_perturbation,noise,1,20,1,0,0,0,large::mp-1245098::reference,3.763109663501382
medium,large,large::mp-1245134::conventional_standard,mp-1245134,mp-1245134,TiO2,conventional_standard,equivalent_transform,no_noise,1,20,1,0,0,0,large::mp-1245134::reference,2.140343304723501
medium,large,large::mp-1245134::niggli_reduced,mp-1245134,mp-1245134,TiO2,niggli_reduced,equivalent_transform,no_noise,1,20,1,0,0,0,large::mp-1245134::reference,3.8695385977625847
medium,large,large::mp-1245134::origin_shifted,mp-1245134,mp-1245134,TiO2,origin_shifted,equivalent_transform,no_noise,1,20,1,0,0,0,large::mp-1245134::reference,3.8973910827189684
medium,large,large::mp-1245134::permuted_sites,mp-1245134,mp-1245134,TiO2,permuted_sites,equivalent_transform,no_noise,1,20,1,0,0,0,large::mp-1245134::reference,8.233673512935638
medium,large,large::mp-1245134::combined_noise_0.002A_0.003,mp-1245134,mp-1245134,TiO2,combined_noise_0.002A_0.003,combined_perturbation,noise,1,20,1,0,0,0,large::mp-1245134::reference,3.8649871814996004
medium,large,large::mp-1245134::combined_noise_0.015A_0.003,mp-1245134,mp-1245134,TiO2,combined_noise_0.015A_0.003,combined_perturbation,noise,1,20,1,0,0,0,large::mp-1245134::reference,3.9224664252251387
medium,large,large::mp-1245134::combined_noise_0.050A_0.003,mp-1245134,mp-1245134,TiO2,combined_noise_0.050A_0.003,combined_perturbation,noise,1,20,1,0,0,0,large::mp-1245134::reference,3.852083120495081
medium,large,large::mp-1245134::combined_noise_0.002A_0.010,mp-1245134,mp-1245134,TiO2,combined_noise_0.002A_0.010,combined_perturbation,noise,1,20,1,0,0,0,large::mp-1245134::reference,3.878109335899353
medium,large,large::mp-1245134::combined_noise_0.015A_0.010,mp-1245134,mp-1245134,TiO2,combined_noise_0.015A_0.010,combined_perturbation,noise,1,20,1,0,0,0,large::mp-1245134::reference,3.868950679898262
medium,large,large::mp-1245134::combined_noise_0.050A_0.010,mp-1245134,mp-1245134,TiO2,combined_noise_0.050A_0.010,combined_perturbation,noise,1,20,1,0,0,0,large::mp-1245134::reference,3.8667174838483334
medium,large,large::mp-1245134::combined_noise_0.002A_0.030,mp-1245134,mp-1245134,TiO2,combined_noise_0.002A_0.030,combined_perturbation,noise,1,20,1,0,0,0,large::mp-1245134::reference,4.252599950879812
medium,large,large::mp-1245134::combined_noise_0.015A_0.030,mp-1245134,mp-1245134,TiO2,combined_noise_0.015A_0.030,combined_perturbation,noise,1,20,1,0,0,0,large::mp-1245134::reference,3.85194337554276
medium,large,large::mp-1245134::combined_noise_0.050A_0.030,mp-1245134,mp-1245134,TiO2,combined_noise_0.050A_0.030,combined_perturbation,noise,1,20,1,0,0,0,large::mp-1245134::reference,3.8448952939361334
medium,large,large::mp-1245308::conventional_standard,mp-1245308,mp-1245308,TiO2,conventional_standard,equivalent_transform,no_noise,1,20,1,0,0,0,large::mp-1245308::reference,2.158051421865821
medium,large,large::mp-1245308::niggli_reduced,mp-1245308,mp-1245308,TiO2,niggli_reduced,equivalent_transform,no_noise,1,20,1,0,0,0,large::mp-1245308::reference,3.882232563570142
medium,large,large::mp-1245308::origin_shifted,mp-1245308,mp-1245308,TiO2,origin_shifted,equivalent_transform,no_noise,1,20,1,0,0,0,large::mp-1245308::reference,3.92635534144938
medium,large,large::mp-1245308::permuted_sites,mp-1245308,mp-1245308,TiO2,permuted_sites,equivalent_transform,no_noise,1,20,1,0,0,0,large::mp-1245308::reference,8.251289820298553
medium,large,large::mp-1245308::combined_noise_0.002A_0.003,mp-1245308,mp-1245308,TiO2,combined_noise_0.002A_0.003,combined_perturbation,noise,1,20,1,0,0,0,large::mp-1245308::reference,4.403976848348975
medium,large,large::mp-1245308::combined_noise_0.015A_0.003,mp-1245308,mp-1245308,TiO2,combined_noise_0.015A_0.003,combined_perturbation,noise,1,20,1,0,0,0,large::mp-1245308::reference,3.8918475825339556
medium,large,large::mp-1245308::combined_noise_0.050A_0.003,mp-1245308,mp-1245308,TiO2,combined_noise_0.050A_0.003,combined_perturbation,noise,1,20,1,0,0,0,large::mp-1245308::reference,3.887087294831872
medium,large,large::mp-1245308::combined_noise_0.002A_0.010,mp-1245308,mp-1245308,TiO2,combined_noise_0.002A_0.010,combined_perturbation,noise,1,20,1,0,0,0,large::mp-1245308::reference,3.8936239276081324
medium,large,large::mp-1245308::combined_noise_0.015A_0.010,mp-1245308,mp-1245308,TiO2,combined_noise_0.015A_0.010,combined_perturbation,noise,1,20,1,0,0,0,large::mp-1245308::reference,3.8888031356036663
medium,large,large::mp-1245308::combined_noise_0.050A_0.010,mp-1245308,mp-1245308,TiO2,combined_noise_0.050A_0.010,combined_perturbation,noise,1,20,1,0,0,0,large::mp-1245308::reference,3.8925988245755434
medium,large,large::mp-1245308::combined_noise_0.002A_0.030,mp-1245308,mp-1245308,TiO2,combined_noise_0.002A_0.030,combined_perturbation,noise,1,20,1,0,0,0,large::mp-1245308::reference,3.8896665889769793
medium,large,large::mp-1245308::combined_noise_0.015A_0.030,mp-1245308,mp-1245308,TiO2,combined_noise_0.015A_0.030,combined_perturbation,noise,1,20,1,0,0,0,large::mp-1245308::reference,3.8821831345558167
medium,large,large::mp-1245308::combined_noise_0.050A_0.030,mp-1245308,mp-1245308,TiO2,combined_noise_0.050A_0.030,combined_perturbation,noise,1,20,1,0,0,0,large::mp-1245308::reference,3.8855306189507246
medium,large,large::mp-1245321::conventional_standard,mp-1245321,mp-1245321,TiO2,conventional_standard,equivalent_transform,no_noise,1,20,1,0,0,0,large::mp-1245321::reference,2.188714860007167
medium,large,large::mp-1245321::niggli_reduced,mp-1245321,mp-1245321,TiO2,niggli_reduced,equivalent_transform,no_noise,1,20,1,0,0,0,large::mp-1245321::reference,3.9302173871546984
medium,large,large::mp-1245321::origin_shifted,mp-1245321,mp-1245321,TiO2,origin_shifted,equivalent_transform,no_noise,1,20,1,0,0,0,large::mp-1245321::reference,3.953614052385092
medium,large,large::mp-1245321::permuted_sites,mp-1245321,mp-1245321,TiO2,permuted_sites,equivalent_transform,no_noise,1,20,1,0,0,0,large::mp-1245321::reference,8.279855133965611
medium,large,large::mp-1245321::combined_noise_0.002A_0.003,mp-1245321,mp-1245321,TiO2,combined_noise_0.002A_0.003,combined_perturbation,noise,1,20,1,0,0,0,large::mp-1245321::reference,4.004394240677357
medium,large,large::mp-1245321::combined_noise_0.015A_0.003,mp-1245321,mp-1245321,TiO2,combined_noise_0.015A_0.003,combined_perturbation,noise,1,20,1,0,0,0,large::mp-1245321::reference,4.32519093900919
medium,large,large::mp-1245321::combined_noise_0.050A_0.003,mp-1245321,mp-1245321,TiO2,combined_noise_0.050A_0.003,combined_perturbation,noise,1,20,1,0,0,0,large::mp-1245321::reference,3.9431417919695377
medium,large,large::mp-1245321::combined_noise_0.002A_0.010,mp-1245321,mp-1245321,TiO2,combined_noise_0.002A_0.010,combined_perturbation,noise,1,20,1,0,0,0,large::mp-1245321::reference,3.956488288938999
medium,large,large::mp-1245321::combined_noise_0.015A_0.010,mp-1245321,mp-1245321,TiO2,combined_noise_0.015A_0.010,combined_perturbation,noise,1,20,1,0,0,0,large::mp-1245321::reference,3.938341172412038
medium,large,large::mp-1245321::combined_noise_0.050A_0.010,mp-1245321,mp-1245321,TiO2,combined_noise_0.050A_0.010,combined_perturbation,noise,1,20,1,0,0,0,large::mp-1245321::reference,3.938180712983012
medium,large,large::mp-1245321::combined_noise_0.002A_0.030,mp-1245321,mp-1245321,TiO2,combined_noise_0.002A_0.030,combined_perturbation,noise,1,20,1,0,0,0,large::mp-1245321::reference,3.9669331293553114
medium,large,large::mp-1245321::combined_noise_0.015A_0.030,mp-1245321,mp-1245321,TiO2,combined_noise_0.015A_0.030,combined_perturbation,noise,1,20,1,0,0,0,large::mp-1245321::reference,3.929007997736335
medium,large,large::mp-1245321::combined_noise_0.050A_0.030,mp-1245321,mp-1245321,TiO2,combined_noise_0.050A_0.030,combined_perturbation,noise,1,20,1,0,0,0,large::mp-1245321::reference,3.9380373507738113
medium,large,large::mp-1341203::conventional_standard,mp-1341203,mp-1341203,TiO2,conventional_standard,equivalent_transform,no_noise,1,20,1,0,0,0,large::mp-1341203::reference,1.3957090303301811
medium,large,large::mp-1341203::niggli_reduced,mp-1341203,mp-1341203,TiO2,niggli_reduced,equivalent_transform,no_noise,1,20,1,0,0,0,large::mp-1341203::reference,2.9043601285666227
medium,large,large::mp-1341203::origin_shifted,mp-1341203,mp-1341203,TiO2,origin_shifted,equivalent_transform,no_noise,1,20,1,0,0,0,large::mp-1341203::reference,2.427979489788413
medium,large,large::mp-1341203::permuted_sites,mp-1341203,mp-1341203,TiO2,permuted_sites,equivalent_transform,no_noise,1,20,1,0,0,0,large::mp-1341203::reference,4.369002124294639
medium,large,large::mp-1341203::combined_noise_0.002A_0.003,mp-1341203,mp-1341203,TiO2,combined_noise_0.002A_0.003,combined_perturbation,noise,1,20,1,0,0,0,large::mp-1341203::reference,2.906571237370372
medium,large,large::mp-1341203::combined_noise_0.015A_0.003,mp-1341203,mp-1341203,TiO2,combined_noise_0.015A_0.003,combined_perturbation,noise,1,20,1,0,0,0,large::mp-1341203::reference,2.404394816607237
medium,large,large::mp-1341203::combined_noise_0.050A_0.003,mp-1341203,mp-1341203,TiO2,combined_noise_0.050A_0.003,combined_perturbation,noise,1,20,1,0,0,0,large::mp-1341203::reference,2.4020514115691185
medium,large,large::mp-1341203::combined_noise_0.002A_0.010,mp-1341203,mp-1341203,TiO2,combined_noise_0.002A_0.010,combined_perturbation,noise,1,20,1,0,0,0,large::mp-1341203::reference,2.405103277415037
medium,large,large::mp-1341203::combined_noise_0.015A_0.010,mp-1341203,mp-1341203,TiO2,combined_noise_0.015A_0.010,combined_perturbation,noise,1,20,1,0,0,0,large::mp-1341203::reference,2.402557810768485
medium,large,large::mp-1341203::combined_noise_0.050A_0.010,mp-1341203,mp-1341203,TiO2,combined_noise_0.050A_0.010,combined_perturbation,noise,1,20,1,0,0,0,large::mp-1341203::reference,2.39980648458004
medium,large,large::mp-1341203::combined_noise_0.002A_0.030,mp-1341203,mp-1341203,TiO2,combined_noise_0.002A_0.030,combined_perturbation,noise,1,20,1,0,0,0,large::mp-1341203::reference,2.4093299135565758
medium,large,large::mp-1341203::combined_noise_0.015A_0.030,mp-1341203,mp-1341203,TiO2,combined_noise_0.015A_0.030,combined_perturbation,noise,1,20,1,0,0,0,large::mp-1341203::reference,2.407392142340541
medium,large,large::mp-1341203::combined_noise_0.050A_0.030,mp-1341203,mp-1341203,TiO2,combined_noise_0.050A_0.030,combined_perturbation,noise,1,20,1,0,0,0,large::mp-1341203::reference,2.415341977030039
medium,large,large::mp-1350429::conventional_standard,mp-1350429,mp-1350429,TiO2,conventional_standard,equivalent_transform,no_noise,1,20,1,0,0,0,large::mp-1350429::reference,2.107617661356926
medium,large,large::mp-1350429::niggli_reduced,mp-1350429,mp-1350429,TiO2,niggli_reduced,equivalent_transform,no_noise,1,20,1,0,0,0,large::mp-1350429::reference,2.925278212875128
medium,large,large::mp-1350429::origin_shifted,mp-1350429,mp-1350429,TiO2,origin_shifted,equivalent_transform,no_noise,1,20,1,0,0,0,large::mp-1350429::reference,2.9556509386748075
medium,large,large::mp-1350429::permuted_sites,mp-1350429,mp-1350429,TiO2,permuted_sites,equivalent_transform,no_noise,1,20,1,0,0,0,large::mp-1350429::reference,5.734457643702626
medium,large,large::mp-1350429::combined_noise_0.002A_0.003,mp-1350429,mp-1350429,TiO2,combined_noise_0.002A_0.003,combined_perturbation,noise,1,20,1,0,0,0,large::mp-1350429::reference,3.054215580224991
medium,large,large::mp-1350429::combined_noise_0.015A_0.003,mp-1350429,mp-1350429,TiO2,combined_noise_0.015A_0.003,combined_perturbation,noise,1,20,1,0,0,0,large::mp-1350429::reference,2.930891379714012
medium,large,large::mp-1350429::combined_noise_0.050A_0.003,mp-1350429,mp-1350429,TiO2,combined_noise_0.050A_0.003,combined_perturbation,noise,1,20,1,0,0,0,large::mp-1350429::reference,4.313047485426068
medium,large,large::mp-1350429::combined_noise_0.002A_0.010,mp-1350429,mp-1350429,TiO2,combined_noise_0.002A_0.010,combined_perturbation,noise,1,20,1,0,0,0,large::mp-1350429::reference,2.9127486776560545
medium,large,large::mp-1350429::combined_noise_0.015A_0.010,mp-1350429,mp-1350429,TiO2,combined_noise_0.015A_0.010,combined_perturbation,noise,1,20,1,0,0,0,large::mp-1350429::reference,2.9567751307040453
medium,large,large::mp-1350429::combined_noise_0.050A_0.010,mp-1350429,mp-1350429,TiO2,combined_noise_0.050A_0.010,combined_perturbation,noise,1,20,1,0,0,0,large::mp-1350429::reference,4.219745576381683
medium,large,large::mp-1350429::combined_noise_0.002A_0.030,mp-1350429,mp-1350429,TiO2,combined_noise_0.002A_0.030,combined_perturbation,noise,1,20,1,0,0,0,large::mp-1350429::reference,2.93040351010859
medium,large,large::mp-1350429::combined_noise_0.015A_0.030,mp-1350429,mp-1350429,TiO2,combined_noise_0.015A_0.030,combined_perturbation,noise,1,20,1,0,0,0,large::mp-1350429::reference,4.568410558626056
medium,large,large::mp-1350429::combined_noise_0.050A_0.030,mp-1350429,mp-1350429,TiO2,combined_noise_0.050A_0.030,combined_perturbation,noise,1,20,1,0,0,0,large::mp-1350429::reference,4.279374020174146
medium,large,large::mp-1380335::conventional_standard,mp-1380335,mp-1380335,TiO2,conventional_standard,equivalent_transform,no_noise,1,20,1,0,0,0,large::mp-1380335::reference,1.500316422432661
medium,large,large::mp-1380335::niggli_reduced,mp-1380335,mp-1380335,TiO2,niggli_reduced,equivalent_transform,no_noise,1,20,1,0,0,0,large::mp-1380335::reference,2.288094801828265
medium,large,large::mp-1380335::origin_shifted,mp-1380335,mp-1380335,TiO2,origin_shifted,equivalent_transform,no_noise,1,20,1,0,0,0,large::mp-1380335::reference,2.305757436901331
medium,large,large::mp-1380335::permuted_sites,mp-1380335,mp-1380335,TiO2,permuted_sites,equivalent_transform,no_noise,1,20,1,0,0,0,large::mp-1380335::reference,3.880054112523794
medium,large,large::mp-1380335::combined_noise_0.002A_0.003,mp-1380335,mp-1380335,TiO2,combined_noise_0.002A_0.003,combined_perturbation,noise,1,20,1,0,0,0,large::mp-1380335::reference,2.508929619565606
medium,large,large::mp-1380335::combined_noise_0.015A_0.003,mp-1380335,mp-1380335,TiO2,combined_noise_0.015A_0.003,combined_perturbation,noise,1,20,1,0,0,0,large::mp-1380335::reference,2.2881147395819426
medium,large,large::mp-1380335::combined_noise_0.050A_0.003,mp-1380335,mp-1380335,TiO2,combined_noise_0.050A_0.003,combined_perturbation,noise,1,20,1,0,0,0,large::mp-1380335::reference,2.5008238907903433
medium,large,large::mp-1380335::combined_noise_0.002A_0.010,mp-1380335,mp-1380335,TiO2,combined_noise_0.002A_0.010,combined_perturbation,noise,1,20,1,0,0,0,large::mp-1380335::reference,2.2883606906980276
medium,large,large::mp-1380335::combined_noise_0.015A_0.010,mp-1380335,mp-1380335,TiO2,combined_noise_0.015A_0.010,combined_perturbation,noise,1,20,1,0,0,0,large::mp-1380335::reference,2.2892922051250935
medium,large,large::mp-1380335::combined_noise_0.050A_0.010,mp-1380335,mp-1380335,TiO2,combined_noise_0.050A_0.010,combined_perturbation,noise,1,20,1,0,0,0,large::mp-1380335::reference,2.4913755524903536
medium,large,large::mp-1380335::combined_noise_0.002A_0.030,mp-1380335,mp-1380335,TiO2,combined_noise_0.002A_0.030,combined_perturbation,noise,1,20,1,0,0,0,large::mp-1380335::reference,2.28654370829463
medium,large,large::mp-1380335::combined_noise_0.015A_0.030,mp-1380335,mp-1380335,TiO2,combined_noise_0.015A_0.030,combined_perturbation,noise,1,20,1,0,0,0,large::mp-1380335::reference,2.2255922704935074
medium,large,large::mp-1380335::combined_noise_0.050A_0.030,mp-1380335,mp-1380335,TiO2,combined_noise_0.050A_0.030,combined_perturbation,noise,1,20,1,0,0,0,large::mp-1380335::reference,2.4651225842535496
medium,large,large::mp-1386640::conventional_standard,mp-1386640,mp-1386640,TiO2,conventional_standard,equivalent_transform,no_noise,1,20,1,0,0,0,large::mp-1386640::reference,1.3731239270418882
medium,large,large::mp-1386640::niggli_reduced,mp-1386640,mp-1386640,TiO2,niggli_reduced,equivalent_transform,no_noise,1,20,1,0,0,0,large::mp-1386640::reference,2.209202039986849
medium,large,large::mp-1386640::origin_shifted,mp-1386640,mp-1386640,TiO2,origin_shifted,equivalent_transform,no_noise,1,20,1,0,0,0,large::mp-1386640::reference,2.234741909429431
medium,large,large::mp-1386640::permuted_sites,mp-1386640,mp-1386640,TiO2,permuted_sites,equivalent_transform,no_noise,1,20,1,0,0,0,large::mp-1386640::reference,3.8081649392843246
medium,large,large::mp-1386640::combined_noise_0.002A_0.003,mp-1386640,mp-1386640,TiO2,combined_noise_0.002A_0.003,combined_perturbation,noise,1,20,1,0,0,0,large::mp-1386640::reference,2.341990975663066
medium,large,large::mp-1386640::combined_noise_0.015A_0.003,mp-1386640,mp-1386640,TiO2,combined_noise_0.015A_0.003,combined_perturbation,noise,1,20,1,0,0,0,large::mp-1386640::reference,2.2102778032422066
medium,large,large::mp-1386640::combined_noise_0.050A_0.003,mp-1386640,mp-1386640,TiO2,combined_noise_0.050A_0.003,combined_perturbation,noise,1,20,1,0,0,0,large::mp-1386640::reference,2.2117991130799055
medium,large,large::mp-1386640::combined_noise_0.002A_0.010,mp-1386640,mp-1386640,TiO2,combined_noise_0.002A_0.010,combined_perturbation,noise,1,20,1,0,0,0,large::mp-1386640::reference,2.215707130730152
medium,large,large::mp-1386640::combined_noise_0.015A_0.010,mp-1386640,mp-1386640,TiO2,combined_noise_0.015A_0.010,combined_perturbation,noise,1,20,1,0,0,0,large::mp-1386640::reference,2.1734734047204256
medium,large,large::mp-1386640::combined_noise_0.050A_0.010,mp-1386640,mp-1386640,TiO2,combined_noise_0.050A_0.010,combined_perturbation,noise,1,20,1,0,0,0,large::mp-1386640::reference,2.219238957390189
medium,large,large::mp-1386640::combined_noise_0.002A_0.030,mp-1386640,mp-1386640,TiO2,combined_noise_0.002A_0.030,combined_perturbation,noise,1,20,1,0,0,0,large::mp-1386640::reference,2.2151564303785563
medium,large,large::mp-1386640::combined_noise_0.015A_0.030,mp-1386640,mp-1386640,TiO2,combined_noise_0.015A_0.030,combined_perturbation,noise,1,20,1,0,0,0,large::mp-1386640::reference,2.217991165816784
medium,large,large::mp-1386640::combined_noise_0.050A_0.030,mp-1386640,mp-1386640,TiO2,combined_noise_0.050A_0.030,combined_perturbation,noise,1,20,1,0,0,0,large::mp-1386640::reference,2.2154338527470827
medium,large,large::mp-1400963::conventional_standard,mp-1400963,mp-1400963,TiO2,conventional_standard,equivalent_transform,no_noise,1,20,1,0,0,0,large::mp-1400963::reference,1.3701212350279093
medium,large,large::mp-1400963::niggli_reduced,mp-1400963,mp-1400963,TiO2,niggli_reduced,equivalent_transform,no_noise,1,20,1,0,0,0,large::mp-1400963::reference,2.215789783746004
medium,large,large::mp-1400963::origin_shifted,mp-1400963,mp-1400963,TiO2,origin_shifted,equivalent_transform,no_noise,1,20,1,0,0,0,large::mp-1400963::reference,2.2365569435060024
medium,large,large::mp-1400963::permuted_sites,mp-1400963,mp-1400963,TiO2,permuted_sites,equivalent_transform,no_noise,1,20,1,0,0,0,large::mp-1400963::reference,3.8245021793991327
medium,large,large::mp-1400963::combined_noise_0.002A_0.003,mp-1400963,mp-1400963,TiO2,combined_noise_0.002A_0.003,combined_perturbation,noise,1,20,1,0,0,0,large::mp-1400963::reference,2.344504388049245
medium,large,large::mp-1400963::combined_noise_0.015A_0.003,mp-1400963,mp-1400963,TiO2,combined_noise_0.015A_0.003,combined_perturbation,noise,1,20,1,0,0,0,large::mp-1400963::reference,2.220756322145462
medium,large,large::mp-1400963::combined_noise_0.050A_0.003,mp-1400963,mp-1400963,TiO2,combined_noise_0.050A_0.003,combined_perturbation,noise,1,20,1,0,0,0,large::mp-1400963::reference,2.6510824114084244
medium,large,large::mp-1400963::combined_noise_0.002A_0.010,mp-1400963,mp-1400963,TiO2,combined_noise_0.002A_0.010,combined_perturbation,noise,1,20,1,0,0,0,large::mp-1400963::reference,2.2137052398175
medium,large,large::mp-1400963::combined_noise_0.015A_0.010,mp-1400963,mp-1400963,TiO2,combined_noise_0.015A_0.010,combined_perturbation,noise,1,20,1,0,0,0,large::mp-1400963::reference,2.2129255551844835
medium,large,large::mp-1400963::combined_noise_0.050A_0.010,mp-1400963,mp-1400963,TiO2,combined_noise_0.050A_0.010,combined_perturbation,noise,1,20,1,0,0,0,large::mp-1400963::reference,2.2144644614309072
medium,large,large::mp-1400963::combined_noise_0.002A_0.030,mp-1400963,mp-1400963,TiO2,combined_noise_0.002A_0.030,combined_perturbation,noise,1,20,1,0,0,0,large::mp-1400963::reference,2.2213210817426443
medium,large,large::mp-1400963::combined_noise_0.015A_0.030,mp-1400963,mp-1400963,TiO2,combined_noise_0.015A_0.030,combined_perturbation,noise,1,20,1,0,0,0,large::mp-1400963::reference,2.219813860952854
medium,large,large::mp-1400963::combined_noise_0.050A_0.030,mp-1400963,mp-1400963,TiO2,combined_noise_0.050A_0.030,combined_perturbation,noise,1,20,1,0,0,0,large::mp-1400963::reference,2.217504257336259
medium,large,large::mp-1408285::conventional_standard,mp-1408285,mp-1408285,TiO2,conventional_standard,equivalent_transform,no_noise,1,20,1,0,0,0,large::mp-1408285::reference,1.4851627331227064
medium,large,large::mp-1408285::niggli_reduced,mp-1408285,mp-1408285,TiO2,niggli_reduced,equivalent_transform,no_noise,1,20,1,0,0,0,large::mp-1408285::reference,2.2699188347905874
medium,large,large::mp-1408285::origin_shifted,mp-1408285,mp-1408285,TiO2,origin_shifted,equivalent_transform,no_noise,1,20,1,0,0,0,large::mp-1408285::reference,2.288402171805501
medium,large,large::mp-1408285::permuted_sites,mp-1408285,mp-1408285,TiO2,permuted_sites,equivalent_transform,no_noise,1,20,1,0,0,0,large::mp-1408285::reference,3.8763825483620167
medium,large,large::mp-1408285::combined_noise_0.002A_0.003,mp-1408285,mp-1408285,TiO2,combined_noise_0.002A_0.003,combined_perturbation,noise,1,20,1,0,0,0,large::mp-1408285::reference,2.400589283555746
medium,large,large::mp-1408285::combined_noise_0.015A_0.003,mp-1408285,mp-1408285,TiO2,combined_noise_0.015A_0.003,combined_perturbation,noise,1,20,1,0,0,0,large::mp-1408285::reference,2.272764053195715
medium,large,large::mp-1408285::combined_noise_0.050A_0.003,mp-1408285,mp-1408285,TiO2,combined_noise_0.050A_0.003,combined_perturbation,noise,1,20,1,0,0,0,large::mp-1408285::reference,2.8025784473866224
medium,large,large::mp-1408285::combined_noise_0.002A_0.010,mp-1408285,mp-1408285,TiO2,combined_noise_0.002A_0.010,combined_perturbation,noise,1,20,1,0,0,0,large::mp-1408285::reference,2.2717500291764736
medium,large,large::mp-1408285::combined_noise_0.015A_0.010,mp-1408285,mp-1408285,TiO2,combined_noise_0.015A_0.010,combined_perturbation,noise,1,20,1,0,0,0,large::mp-1408285::reference,2.2723375000059605
medium,large,large::mp-1408285::combined_noise_0.050A_0.010,mp-1408285,mp-1408285,TiO2,combined_noise_0.050A_0.010,combined_perturbation,noise,1,20,1,0,0,0,large::mp-1408285::reference,2.242697650566697
medium,large,large::mp-1408285::combined_noise_0.002A_0.030,mp-1408285,mp-1408285,TiO2,combined_noise_0.002A_0.030,combined_perturbation,noise,1,20,1,0,0,0,large::mp-1408285::reference,2.2770245168358088
medium,large,large::mp-1408285::combined_noise_0.015A_0.030,mp-1408285,mp-1408285,TiO2,combined_noise_0.015A_0.030,combined_perturbation,noise,1,20,1,0,0,0,large::mp-1408285::reference,2.287982041016221
medium,large,large::mp-1408285::combined_noise_0.050A_0.030,mp-1408285,mp-1408285,TiO2,combined_noise_0.050A_0.030,combined_perturbation,noise,1,20,1,0,0,0,large::mp-1408285::reference,2.235631240531802
medium,large,large::mp-1426806::conventional_standard,mp-1426806,mp-1426806,TiO2,conventional_standard,equivalent_transform,no_noise,1,20,1,0,0,0,large::mp-1426806::reference,1.6130628753453493
medium,large,large::mp-1426806::niggli_reduced,mp-1426806,mp-1426806,TiO2,niggli_reduced,equivalent_transform,no_noise,1,20,1,0,0,0,large::mp-1426806::reference,2.7884425800293684
medium,large,large::mp-1426806::origin_shifted,mp-1426806,mp-1426806,TiO2,origin_shifted,equivalent_transform,no_noise,1,20,1,0,0,0,large::mp-1426806::reference,2.8117537032812834
medium,large,large::mp-1426806::permuted_sites,mp-1426806,mp-1426806,TiO2,permuted_sites,equivalent_transform,no_noise,1,20,1,0,0,0,large::mp-1426806::reference,4.113026449456811
medium,large,large::mp-1426806::combined_noise_0.002A_0.003,mp-1426806,mp-1426806,TiO2,combined_noise_0.002A_0.003,combined_perturbation,noise,1,20,1,0,0,0,large::mp-1426806::reference,2.787565380334854
medium,large,large::mp-1426806::combined_noise_0.015A_0.003,mp-1426806,mp-1426806,TiO2,combined_noise_0.015A_0.003,combined_perturbation,noise,1,20,1,0,0,0,large::mp-1426806::reference,2.216338112950325
medium,large,large::mp-1426806::combined_noise_0.050A_0.003,mp-1426806,mp-1426806,TiO2,combined_noise_0.050A_0.003,combined_perturbation,noise,1,20,1,0,0,0,large::mp-1426806::reference,2.2280646674335003
medium,large,large::mp-1426806::combined_noise_0.002A_0.010,mp-1426806,mp-1426806,TiO2,combined_noise_0.002A_0.010,combined_perturbation,noise,1,20,1,0,0,0,large::mp-1426806::reference,2.56140173971653
medium,large,large::mp-1426806::combined_noise_0.015A_0.010,mp-1426806,mp-1426806,TiO2,combined_noise_0.015A_0.010,combined_perturbation,noise,1,20,1,0,0,0,large::mp-1426806::reference,2.2129173260182142
medium,large,large::mp-1426806::combined_noise_0.050A_0.010,mp-1426806,mp-1426806,TiO2,combined_noise_0.050A_0.010,combined_perturbation,noise,1,20,1,0,0,0,large::mp-1426806::reference,2.573980003595352
medium,large,large::mp-1426806::combined_noise_0.002A_0.030,mp-1426806,mp-1426806,TiO2,combined_noise_0.002A_0.030,combined_perturbation,noise,1,20,1,0,0,0,large::mp-1426806::reference,2.545098600909114
medium,large,large::mp-1426806::combined_noise_0.015A_0.030,mp-1426806,mp-1426806,TiO2,combined_noise_0.015A_0.030,combined_perturbation,noise,1,20,1,0,0,0,large::mp-1426806::reference,2.387506600469351
medium,large,large::mp-1426806::combined_noise_0.050A_0.030,mp-1426806,mp-1426806,TiO2,combined_noise_0.050A_0.030,combined_perturbation,noise,1,20,1,0,0,0,large::mp-1426806::reference,2.2402450293302536
loose,large,large::mp-1008374::conventional_standard,mp-1008374,mp-1008374,C,conventional_standard,equivalent_transform,no_noise,1,20,3,1,2,0,large::mp-1008374::reference|large::mp-1078845::reference|large::mp-1182029::reference,42.61556525528431
loose,large,large::mp-1008374::niggli_reduced,mp-1008374,mp-1008374,C,niggli_reduced,equivalent_transform,no_noise,1,20,3,1,2,0,large::mp-1008374::reference|large::mp-1078845::reference|large::mp-1182029::reference,40.90769382752478
loose,large,large::mp-1008374::origin_shifted,mp-1008374,mp-1008374,C,origin_shifted,equivalent_transform,no_noise,1,20,3,1,2,0,large::mp-1008374::reference|large::mp-1078845::reference|large::mp-1182029::reference,40.91017894260585
loose,large,large::mp-1008374::permuted_sites,mp-1008374,mp-1008374,C,permuted_sites,equivalent_transform,no_noise,1,20,3,1,2,0,large::mp-1008374::reference|large::mp-1078845::reference|large::mp-1182029::reference,43.105319783091545
loose,large,large::mp-1008374::combined_noise_0.002A_0.003,mp-1008374,mp-1008374,C,combined_noise_0.002A_0.003,combined_perturbation,noise,1,20,3,1,2,0,large::mp-1008374::reference|large::mp-1078845::reference|large::mp-1182029::reference,40.96768972836435
loose,large,large::mp-1008374::combined_noise_0.015A_0.003,mp-1008374,mp-1008374,C,combined_noise_0.015A_0.003,combined_perturbation,noise,1,20,3,1,2,0,large::mp-1008374::reference|large::mp-1078845::reference|large::mp-1182029::reference,40.935639007017016
loose,large,large::mp-1008374::combined_noise_0.050A_0.003,mp-1008374,mp-1008374,C,combined_noise_0.050A_0.003,combined_perturbation,noise,1,20,3,1,2,0,large::mp-1008374::reference|large::mp-1078845::reference|large::mp-1182029::reference,40.897574827075005
loose,large,large::mp-1008374::combined_noise_0.002A_0.010,mp-1008374,mp-1008374,C,combined_noise_0.002A_0.010,combined_perturbation,noise,1,20,3,1,2,0,large::mp-1008374::reference|large::mp-1078845::reference|large::mp-1182029::reference,40.67705103382468
loose,large,large::mp-1008374::combined_noise_0.015A_0.010,mp-1008374,mp-1008374,C,combined_noise_0.015A_0.010,combined_perturbation,noise,1,20,3,1,2,0,large::mp-1008374::reference|large::mp-1078845::reference|large::mp-1182029::reference,41.047080647200346
loose,large,large::mp-1008374::combined_noise_0.050A_0.010,mp-1008374,mp-1008374,C,combined_noise_0.050A_0.010,combined_perturbation,noise,1,20,3,1,2,0,large::mp-1008374::reference|large::mp-1078845::reference|large::mp-1182029::reference,41.929159469902515
loose,large,large::mp-1008374::combined_noise_0.002A_0.030,mp-1008374,mp-1008374,C,combined_noise_0.002A_0.030,combined_perturbation,noise,1,20,3,1,2,0,large::mp-1008374::reference|large::mp-1078845::reference|large::mp-1182029::reference,40.66745059750974
loose,large,large::mp-1008374::combined_noise_0.015A_0.030,mp-1008374,mp-1008374,C,combined_noise_0.015A_0.030,combined_perturbation,noise,1,20,3,1,2,0,large::mp-1008374::reference|large::mp-1078845::reference|large::mp-1182029::reference,40.122983768582344
loose,large,large::mp-1008374::combined_noise_0.050A_0.030,mp-1008374,mp-1008374,C,combined_noise_0.050A_0.030,combined_perturbation,noise,1,20,3,1,2,0,large::mp-1008374::reference|large::mp-1078845::reference|large::mp-1182029::reference,40.66545558348298
loose,large,large::mp-1008395::conventional_standard,mp-1008395,mp-1008395,C,conventional_standard,equivalent_transform,no_noise,1,20,1,1,0,0,large::mp-1008395::reference,42.435595382004976
loose,large,large::mp-1008395::niggli_reduced,mp-1008395,mp-1008395,C,niggli_reduced,equivalent_transform,no_noise,1,20,1,1,0,0,large::mp-1008395::reference,43.99865739233792
loose,large,large::mp-1008395::origin_shifted,mp-1008395,mp-1008395,C,origin_shifted,equivalent_transform,no_noise,1,20,1,1,0,0,large::mp-1008395::reference,43.68141382187605
loose,large,large::mp-1008395::permuted_sites,mp-1008395,mp-1008395,C,permuted_sites,equivalent_transform,no_noise,1,20,1,1,0,0,large::mp-1008395::reference,45.76393215917051
loose,large,large::mp-1008395::combined_noise_0.002A_0.003,mp-1008395,mp-1008395,C,combined_noise_0.002A_0.003,combined_perturbation,noise,1,20,1,1,0,0,large::mp-1008395::reference,43.694639923051
loose,large,large::mp-1008395::combined_noise_0.015A_0.003,mp-1008395,mp-1008395,C,combined_noise_0.015A_0.003,combined_perturbation,noise,1,20,1,0,0,0,large::mp-1008395::reference,9.070601597428322
loose,large,large::mp-1008395::combined_noise_0.050A_0.003,mp-1008395,mp-1008395,C,combined_noise_0.050A_0.003,combined_perturbation,noise,1,20,1,6,0,0,large::mp-1008395::reference,205.1968240197748
loose,large,large::mp-1008395::combined_noise_0.002A_0.010,mp-1008395,mp-1008395,C,combined_noise_0.002A_0.010,combined_perturbation,noise,1,20,1,1,0,0,large::mp-1008395::reference,43.6327796112746
loose,large,large::mp-1008395::combined_noise_0.015A_0.010,mp-1008395,mp-1008395,C,combined_noise_0.015A_0.010,combined_perturbation,noise,1,20,1,0,0,0,large::mp-1008395::reference,8.930796898901463
loose,large,large::mp-1008395::combined_noise_0.050A_0.010,mp-1008395,mp-1008395,C,combined_noise_0.050A_0.010,combined_perturbation,noise,1,20,1,6,0,0,large::mp-1008395::reference,206.01263261586428
loose,large,large::mp-1008395::combined_noise_0.002A_0.030,mp-1008395,mp-1008395,C,combined_noise_0.002A_0.030,combined_perturbation,noise,1,20,1,1,0,0,large::mp-1008395::reference,45.152595521882176
loose,large,large::mp-1008395::combined_noise_0.015A_0.030,mp-1008395,mp-1008395,C,combined_noise_0.015A_0.030,combined_perturbation,noise,1,20,1,6,0,0,large::mp-1008395::reference,205.33261862955987
loose,large,large::mp-1008395::combined_noise_0.050A_0.030,mp-1008395,mp-1008395,C,combined_noise_0.050A_0.030,combined_perturbation,noise,1,20,1,6,0,0,large::mp-1008395::reference,206.2798771560192
loose,large,large::mp-1018088::conventional_standard,mp-1018088,mp-1018088,C,conventional_standard,equivalent_transform,no_noise,1,20,2,1,1,0,large::mp-1018088::reference|large::mp-1182029::reference,39.07945839129388
loose,large,large::mp-1018088::niggli_reduced,mp-1018088,mp-1018088,C,niggli_reduced,equivalent_transform,no_noise,1,20,2,1,1,0,large::mp-1018088::reference|large::mp-1182029::reference,40.20310764014721
loose,large,large::mp-1018088::origin_shifted,mp-1018088,mp-1018088,C,origin_shifted,equivalent_transform,no_noise,1,20,2,1,1,0,large::mp-1018088::reference|large::mp-1182029::reference,40.24243127182126
loose,large,large::mp-1018088::permuted_sites,mp-1018088,mp-1018088,C,permuted_sites,equivalent_transform,no_noise,1,20,2,1,1,0,large::mp-1018088::reference|large::mp-1182029::reference,42.71012372523546
loose,large,large::mp-1018088::combined_noise_0.002A_0.003,mp-1018088,mp-1018088,C,combined_noise_0.002A_0.003,combined_perturbation,noise,1,20,2,1,1,0,large::mp-1018088::reference|large::mp-1182029::reference,41.889239728450775
loose,large,large::mp-1018088::combined_noise_0.015A_0.003,mp-1018088,mp-1018088,C,combined_noise_0.015A_0.003,combined_perturbation,noise,1,20,2,1,1,0,large::mp-1018088::reference|large::mp-1182029::reference,40.8275454249233
loose,large,large::mp-1018088::combined_noise_0.050A_0.003,mp-1018088,mp-1018088,C,combined_noise_0.050A_0.003,combined_perturbation,noise,1,20,1,7,0,0,large::mp-1018088::reference,214.95006826333702
loose,large,large::mp-1018088::combined_noise_0.002A_0.010,mp-1018088,mp-1018088,C,combined_noise_0.002A_0.010,combined_perturbation,noise,1,20,2,1,1,0,large::mp-1018088::reference|large::mp-1182029::reference,41.82173824310303
loose,large,large::mp-1018088::combined_noise_0.015A_0.010,mp-1018088,mp-1018088,C,combined_noise_0.015A_0.010,combined_perturbation,noise,1,20,2,0,1,0,large::mp-1018088::reference|large::mp-1182029::reference,13.618992563337088
loose,large,large::mp-1018088::combined_noise_0.050A_0.010,mp-1018088,mp-1018088,C,combined_noise_0.050A_0.010,combined_perturbation,noise,1,20,1,7,0,0,large::mp-1018088::reference,215.04315449856222
loose,large,large::mp-1018088::combined_noise_0.002A_0.030,mp-1018088,mp-1018088,C,combined_noise_0.002A_0.030,combined_perturbation,noise,1,20,2,1,1,0,large::mp-1018088::reference|large::mp-1182029::reference,41.113316278904676
loose,large,large::mp-1018088::combined_noise_0.015A_0.030,mp-1018088,mp-1018088,C,combined_noise_0.015A_0.030,combined_perturbation,noise,1,20,2,1,1,0,large::mp-1018088::reference|large::mp-1182029::reference,40.29102160781622
loose,large,large::mp-1018088::combined_noise_0.050A_0.030,mp-1018088,mp-1018088,C,combined_noise_0.050A_0.030,combined_perturbation,noise,1,20,1,7,0,0,large::mp-1018088::reference,215.41815955378115
loose,large,large::mp-1040425::conventional_standard,mp-1040425,mp-1040425,C,conventional_standard,equivalent_transform,no_noise,1,20,1,1,0,0,large::mp-1040425::reference,36.918756026774645
loose,large,large::mp-1040425::niggli_reduced,mp-1040425,mp-1040425,C,niggli_reduced,equivalent_transform,no_noise,1,20,1,1,0,0,large::mp-1040425::reference,40.211335396394134
loose,large,large::mp-1040425::origin_shifted,mp-1040425,mp-1040425,C,origin_shifted,equivalent_transform,no_noise,1,20,1,1,0,0,large::mp-1040425::reference,38.151511043310165
loose,large,large::mp-1040425::permuted_sites,mp-1040425,mp-1040425,C,permuted_sites,equivalent_transform,no_noise,1,20,1,1,0,0,large::mp-1040425::reference,42.38288012705743
loose,large,large::mp-1040425::combined_noise_0.002A_0.003,mp-1040425,mp-1040425,C,combined_noise_0.002A_0.003,combined_perturbation,noise,1,20,1,1,0,0,large::mp-1040425::reference,37.53723284415901
loose,large,large::mp-1040425::combined_noise_0.015A_0.003,mp-1040425,mp-1040425,C,combined_noise_0.015A_0.003,combined_perturbation,noise,1,20,1,1,0,0,large::mp-1040425::reference,38.35930365137756
loose,large,large::mp-1040425::combined_noise_0.050A_0.003,mp-1040425,mp-1040425,C,combined_noise_0.050A_0.003,combined_perturbation,noise,1,20,1,1,0,0,large::mp-1040425::reference,37.96399645507336
loose,large,large::mp-1040425::combined_noise_0.002A_0.010,mp-1040425,mp-1040425,C,combined_noise_0.002A_0.010,combined_perturbation,noise,1,20,1,1,0,0,large::mp-1040425::reference,38.008316181600094
loose,large,large::mp-1040425::combined_noise_0.015A_0.010,mp-1040425,mp-1040425,C,combined_noise_0.015A_0.010,combined_perturbation,noise,1,20,1,1,0,0,large::mp-1040425::reference,37.507742155343294
loose,large,large::mp-1040425::combined_noise_0.050A_0.010,mp-1040425,mp-1040425,C,combined_noise_0.050A_0.010,combined_perturbation,noise,1,20,1,1,0,0,large::mp-1040425::reference,38.029838629066944
loose,large,large::mp-1040425::combined_noise_0.002A_0.030,mp-1040425,mp-1040425,C,combined_noise_0.002A_0.030,combined_perturbation,noise,1,20,1,1,0,0,large::mp-1040425::reference,37.4700970351696
loose,large,large::mp-1040425::combined_noise_0.015A_0.030,mp-1040425,mp-1040425,C,combined_noise_0.015A_0.030,combined_perturbation,noise,1,20,1,1,0,0,large::mp-1040425::reference,38.722387447953224
loose,large,large::mp-1040425::combined_noise_0.050A_0.030,mp-1040425,mp-1040425,C,combined_noise_0.050A_0.030,combined_perturbation,noise,1,20,1,1,0,0,large::mp-1040425::reference,38.40849039144814
loose,large,large::mp-1056957::conventional_standard,mp-1056957,mp-1056957,C,conventional_standard,equivalent_transform,no_noise,1,20,3,1,2,0,large::mp-1056957::reference|large::mp-1078845::reference|large::mp-1181996::reference,58.247380467131734
loose,large,large::mp-1056957::niggli_reduced,mp-1056957,mp-1056957,C,niggli_reduced,equivalent_transform,no_noise,1,20,3,1,2,0,large::mp-1056957::reference|large::mp-1078845::reference|large::mp-1181996::reference,59.55858598463237
loose,large,large::mp-1056957::origin_shifted,mp-1056957,mp-1056957,C,origin_shifted,equivalent_transform,no_noise,1,20,3,1,2,0,large::mp-1056957::reference|large::mp-1078845::reference|large::mp-1181996::reference,59.6157156098634
loose,large,large::mp-1056957::permuted_sites,mp-1056957,mp-1056957,C,permuted_sites,equivalent_transform,no_noise,1,20,3,1,2,0,large::mp-1056957::reference|large::mp-1078845::reference|large::mp-1181996::reference,61.72866642475128
loose,large,large::mp-1056957::combined_noise_0.002A_0.003,mp-1056957,mp-1056957,C,combined_noise_0.002A_0.003,combined_perturbation,noise,1,20,3,1,2,0,large::mp-1056957::reference|large::mp-1078845::reference|large::mp-1181996::reference,60.15331027098
loose,large,large::mp-1056957::combined_noise_0.015A_0.003,mp-1056957,mp-1056957,C,combined_noise_0.015A_0.003,combined_perturbation,noise,1,20,3,1,2,0,large::mp-1056957::reference|large::mp-1078845::reference|large::mp-1181996::reference,59.712638238444924
loose,large,large::mp-1056957::combined_noise_0.050A_0.003,mp-1056957,mp-1056957,C,combined_noise_0.050A_0.003,combined_perturbation,noise,1,20,3,1,2,0,large::mp-1056957::reference|large::mp-1078845::reference|large::mp-1181996::reference,61.88059933297336
loose,large,large::mp-1056957::combined_noise_0.002A_0.010,mp-1056957,mp-1056957,C,combined_noise_0.002A_0.010,combined_perturbation,noise,1,20,3,1,2,0,large::mp-1056957::reference|large::mp-1078845::reference|large::mp-1181996::reference,59.54063196107745
loose,large,large::mp-1056957::combined_noise_0.015A_0.010,mp-1056957,mp-1056957,C,combined_noise_0.015A_0.010,combined_perturbation,noise,1,20,3,1,2,0,large::mp-1056957::reference|large::mp-1078845::reference|large::mp-1181996::reference,59.61430726572871
loose,large,large::mp-1056957::combined_noise_0.050A_0.010,mp-1056957,mp-1056957,C,combined_noise_0.050A_0.010,combined_perturbation,noise,1,20,4,1,3,0,large::mp-1056957::reference|large::mp-1078845::reference|large::mp-1097832::reference|large::mp-1181996::reference,61.512291898950934
loose,large,large::mp-1056957::combined_noise_0.002A_0.030,mp-1056957,mp-1056957,C,combined_noise_0.002A_0.030,combined_perturbation,noise,1,20,4,1,3,0,large::mp-1056957::reference|large::mp-1078845::reference|large::mp-1097832::reference|large::mp-1181996::reference,60.406748002395034
loose,large,large::mp-1056957::combined_noise_0.015A_0.030,mp-1056957,mp-1056957,C,combined_noise_0.015A_0.030,combined_perturbation,noise,1,20,4,1,3,0,large::mp-1056957::reference|large::mp-1078845::reference|large::mp-1097832::reference|large::mp-1181996::reference,60.33553749136627
loose,large,large::mp-1056957::combined_noise_0.050A_0.030,mp-1056957,mp-1056957,C,combined_noise_0.050A_0.030,combined_perturbation,noise,1,20,3,1,2,0,large::mp-1056957::reference|large::mp-1078845::reference|large::mp-1181996::reference,59.75844704732299
loose,large,large::mp-1078845::conventional_standard,mp-1078845,mp-1078845,C,conventional_standard,equivalent_transform,no_noise,1,20,5,1,4,0,large::mp-1008374::reference|large::mp-1056957::reference|large::mp-1078845::reference|large::mp-1181996::reference|large::mp-1182029::reference,32.64909715205431
loose,large,large::mp-1078845::niggli_reduced,mp-1078845,mp-1078845,C,niggli_reduced,equivalent_transform,no_noise,1,20,5,1,4,0,large::mp-1008374::reference|large::mp-1056957::reference|large::mp-1078845::reference|large::mp-1181996::reference|large::mp-1182029::reference,34.16786058060825
loose,large,large::mp-1078845::origin_shifted,mp-1078845,mp-1078845,C,origin_shifted,equivalent_transform,no_noise,1,20,5,1,4,0,large::mp-1008374::reference|large::mp-1056957::reference|large::mp-1078845::reference|large::mp-1181996::reference|large::mp-1182029::reference,34.27305841818452
loose,large,large::mp-1078845::permuted_sites,mp-1078845,mp-1078845,C,permuted_sites,equivalent_transform,no_noise,1,20,5,1,4,0,large::mp-1008374::reference|large::mp-1056957::reference|large::mp-1078845::reference|large::mp-1181996::reference|large::mp-1182029::reference,40.31672565639019
loose,large,large::mp-1078845::combined_noise_0.002A_0.003,mp-1078845,mp-1078845,C,combined_noise_0.002A_0.003,combined_perturbation,noise,1,20,5,0,4,0,large::mp-1008374::reference|large::mp-1056957::reference|large::mp-1078845::reference|large::mp-1181996::reference|large::mp-1182029::reference,32.68857541307807
loose,large,large::mp-1078845::combined_noise_0.015A_0.003,mp-1078845,mp-1078845,C,combined_noise_0.015A_0.003,combined_perturbation,noise,1,20,5,1,4,0,large::mp-1008374::reference|large::mp-1056957::reference|large::mp-1078845::reference|large::mp-1181996::reference|large::mp-1182029::reference,34.18798886798322
loose,large,large::mp-1078845::combined_noise_0.050A_0.003,mp-1078845,mp-1078845,C,combined_noise_0.050A_0.003,combined_perturbation,noise,1,20,3,0,2,0,large::mp-1008374::reference|large::mp-1078845::reference|large::mp-1182029::reference,43.958210406824946
loose,large,large::mp-1078845::combined_noise_0.002A_0.010,mp-1078845,mp-1078845,C,combined_noise_0.002A_0.010,combined_perturbation,noise,1,20,5,0,4,0,large::mp-1008374::reference|large::mp-1056957::reference|large::mp-1078845::reference|large::mp-1181996::reference|large::mp-1182029::reference,32.93494929373264
loose,large,large::mp-1078845::combined_noise_0.015A_0.010,mp-1078845,mp-1078845,C,combined_noise_0.015A_0.010,combined_perturbation,noise,1,20,5,0,4,0,large::mp-1008374::reference|large::mp-1056957::reference|large::mp-1078845::reference|large::mp-1181996::reference|large::mp-1182029::reference,24.95792810060084
loose,large,large::mp-1078845::combined_noise_0.050A_0.010,mp-1078845,mp-1078845,C,combined_noise_0.050A_0.010,combined_perturbation,noise,1,20,3,0,2,0,large::mp-1008374::reference|large::mp-1078845::reference|large::mp-1182029::reference,45.13758624903858
loose,large,large::mp-1078845::combined_noise_0.002A_0.030,mp-1078845,mp-1078845,C,combined_noise_0.002A_0.030,combined_perturbation,noise,1,20,3,0,2,0,large::mp-1008374::reference|large::mp-1078845::reference|large::mp-1182029::reference,34.421996569260955
loose,large,large::mp-1078845::combined_noise_0.015A_0.030,mp-1078845,mp-1078845,C,combined_noise_0.015A_0.030,combined_perturbation,noise,1,20,5,0,4,0,large::mp-1008374::reference|large::mp-1056957::reference|large::mp-1078845::reference|large::mp-1181996::reference|large::mp-1182029::reference,25.257228637114167
loose,large,large::mp-1078845::combined_noise_0.050A_0.030,mp-1078845,mp-1078845,C,combined_noise_0.050A_0.030,combined_perturbation,noise,1,20,3,0,2,0,large::mp-1008374::reference|large::mp-1078845::reference|large::mp-1182029::reference,47.12273630872369
loose,large,large::mp-1080826::conventional_standard,mp-1080826,mp-1080826,C,conventional_standard,equivalent_transform,no_noise,1,20,3,0,2,0,large::mp-1080826::reference|large::mp-1181996::reference|large::mp-1190171::reference,28.619044179096818
loose,large,large::mp-1080826::niggli_reduced,mp-1080826,mp-1080826,C,niggli_reduced,equivalent_transform,no_noise,1,20,3,0,2,0,large::mp-1080826::reference|large::mp-1181996::reference|large::mp-1190171::reference,30.220766266807914
loose,large,large::mp-1080826::origin_shifted,mp-1080826,mp-1080826,C,origin_shifted,equivalent_transform,no_noise,1,20,3,0,2,0,large::mp-1080826::reference|large::mp-1181996::reference|large::mp-1190171::reference,30.25356541760266
loose,large,large::mp-1080826::permuted_sites,mp-1080826,mp-1080826,C,permuted_sites,equivalent_transform,no_noise,1,20,3,0,2,0,large::mp-1080826::reference|large::mp-1181996::reference|large::mp-1190171::reference,33.511442402377725
loose,large,large::mp-1080826::combined_noise_0.002A_0.003,mp-1080826,mp-1080826,C,combined_noise_0.002A_0.003,combined_perturbation,noise,1,20,3,0,2,0,large::mp-1080826::reference|large::mp-1181996::reference|large::mp-1190171::reference,29.001093985512853
loose,large,large::mp-1080826::combined_noise_0.015A_0.003,mp-1080826,mp-1080826,C,combined_noise_0.015A_0.003,combined_perturbation,noise,1,20,3,0,2,0,large::mp-1080826::reference|large::mp-1181996::reference|large::mp-1190171::reference,30.251142544671893
loose,large,large::mp-1080826::combined_noise_0.050A_0.003,mp-1080826,mp-1080826,C,combined_noise_0.050A_0.003,combined_perturbation,noise,1,20,3,0,2,0,large::mp-1080826::reference|large::mp-1181996::reference|large::mp-1190171::reference,31.693308480083942
loose,large,large::mp-1080826::combined_noise_0.002A_0.010,mp-1080826,mp-1080826,C,combined_noise_0.002A_0.010,combined_perturbation,noise,1,20,2,0,1,0,large::mp-1080826::reference|large::mp-1190171::reference,28.15138614177704
loose,large,large::mp-1080826::combined_noise_0.015A_0.010,mp-1080826,mp-1080826,C,combined_noise_0.015A_0.010,combined_perturbation,noise,1,20,3,0,2,0,large::mp-1080826::reference|large::mp-1181996::reference|large::mp-1190171::reference,29.80187630839646
loose,large,large::mp-1080826::combined_noise_0.050A_0.010,mp-1080826,mp-1080826,C,combined_noise_0.050A_0.010,combined_perturbation,noise,1,20,2,0,1,0,large::mp-1080826::reference|large::mp-1190171::reference,34.690647119656205
loose,large,large::mp-1080826::combined_noise_0.002A_0.030,mp-1080826,mp-1080826,C,combined_noise_0.002A_0.030,combined_perturbation,noise,1,20,3,0,2,0,large::mp-1080826::reference|large::mp-1181996::reference|large::mp-1190171::reference,31.42651260085404
loose,large,large::mp-1080826::combined_noise_0.015A_0.030,mp-1080826,mp-1080826,C,combined_noise_0.015A_0.030,combined_perturbation,noise,1,20,2,0,1,0,large::mp-1080826::reference|large::mp-1190171::reference,26.708475824445486
loose,large,large::mp-1080826::combined_noise_0.050A_0.030,mp-1080826,mp-1080826,C,combined_noise_0.050A_0.030,combined_perturbation,noise,1,20,3,0,2,0,large::mp-1080826::reference|large::mp-1181996::reference|large::mp-1190171::reference,33.06925366446376
loose,large,large::mp-1095534::conventional_standard,mp-1095534,mp-1095534,C,conventional_standard,equivalent_transform,no_noise,1,20,1,0,0,0,large::mp-1095534::reference,26.211133178323507
loose,large,large::mp-1095534::niggli_reduced,mp-1095534,mp-1095534,C,niggli_reduced,equivalent_transform,no_noise,1,20,1,0,0,0,large::mp-1095534::reference,27.593277422711253
loose,large,large::mp-1095534::origin_shifted,mp-1095534,mp-1095534,C,origin_shifted,equivalent_transform,no_noise,1,20,1,0,0,0,large::mp-1095534::reference,27.432314291596413
loose,large,large::mp-1095534::permuted_sites,mp-1095534,mp-1095534,C,permuted_sites,equivalent_transform,no_noise,1,20,1,0,0,0,large::mp-1095534::reference,30.1422799564898
loose,large,large::mp-1095534::combined_noise_0.002A_0.003,mp-1095534,mp-1095534,C,combined_noise_0.002A_0.003,combined_perturbation,noise,1,20,1,0,0,0,large::mp-1095534::reference,23.82895694859326
loose,large,large::mp-1095534::combined_noise_0.015A_0.003,mp-1095534,mp-1095534,C,combined_noise_0.015A_0.003,combined_perturbation,noise,1,20,1,0,0,0,large::mp-1095534::reference,23.74316181614995
loose,large,large::mp-1095534::combined_noise_0.050A_0.003,mp-1095534,mp-1095534,C,combined_noise_0.050A_0.003,combined_perturbation,noise,1,20,1,0,0,0,large::mp-1095534::reference,27.665683709084988
loose,large,large::mp-1095534::combined_noise_0.002A_0.010,mp-1095534,mp-1095534,C,combined_noise_0.002A_0.010,combined_perturbation,noise,1,20,1,0,0,0,large::mp-1095534::reference,23.27527530491352
loose,large,large::mp-1095534::combined_noise_0.015A_0.010,mp-1095534,mp-1095534,C,combined_noise_0.015A_0.010,combined_perturbation,noise,1,20,1,0,0,0,large::mp-1095534::reference,27.86583476141095
loose,large,large::mp-1095534::combined_noise_0.050A_0.010,mp-1095534,mp-1095534,C,combined_noise_0.050A_0.010,combined_perturbation,noise,1,20,1,0,0,0,large::mp-1095534::reference,23.925054216757417
loose,large,large::mp-1095534::combined_noise_0.002A_0.030,mp-1095534,mp-1095534,C,combined_noise_0.002A_0.030,combined_perturbation,noise,1,20,1,0,0,0,large::mp-1095534::reference,22.613274578005075
loose,large,large::mp-1095534::combined_noise_0.015A_0.030,mp-1095534,mp-1095534,C,combined_noise_0.015A_0.030,combined_perturbation,noise,1,20,1,0,0,0,large::mp-1095534::reference,24.78234999626875
loose,large,large::mp-1095534::combined_noise_0.050A_0.030,mp-1095534,mp-1095534,C,combined_noise_0.050A_0.030,combined_perturbation,noise,1,20,1,8,0,0,large::mp-1095534::reference,246.19989630766213
loose,large,large::mp-1095633::conventional_standard,mp-1095633,mp-1095633,C,conventional_standard,equivalent_transform,no_noise,1,20,1,0,0,0,large::mp-1095633::reference,9.625518832355738
loose,large,large::mp-1095633::niggli_reduced,mp-1095633,mp-1095633,C,niggli_reduced,equivalent_transform,no_noise,1,20,1,0,0,0,large::mp-1095633::reference,10.900482572615147
loose,large,large::mp-1095633::origin_shifted,mp-1095633,mp-1095633,C,origin_shifted,equivalent_transform,no_noise,1,20,1,0,0,0,large::mp-1095633::reference,10.808809356763959
loose,large,large::mp-1095633::permuted_sites,mp-1095633,mp-1095633,C,permuted_sites,equivalent_transform,no_noise,1,20,1,0,0,0,large::mp-1095633::reference,13.681395418941975
loose,large,large::mp-1095633::combined_noise_0.002A_0.003,mp-1095633,mp-1095633,C,combined_noise_0.002A_0.003,combined_perturbation,noise,1,20,1,0,0,0,large::mp-1095633::reference,10.900053292512894
loose,large,large::mp-1095633::combined_noise_0.015A_0.003,mp-1095633,mp-1095633,C,combined_noise_0.015A_0.003,combined_perturbation,noise,1,20,1,0,0,0,large::mp-1095633::reference,15.805159231647849
loose,large,large::mp-1095633::combined_noise_0.050A_0.003,mp-1095633,mp-1095633,C,combined_noise_0.050A_0.003,combined_perturbation,noise,1,20,1,7,0,0,large::mp-1095633::reference,242.13917876780033
loose,large,large::mp-1095633::combined_noise_0.002A_0.010,mp-1095633,mp-1095633,C,combined_noise_0.002A_0.010,combined_perturbation,noise,1,20,1,0,0,0,large::mp-1095633::reference,15.394702825695276
loose,large,large::mp-1095633::combined_noise_0.015A_0.010,mp-1095633,mp-1095633,C,combined_noise_0.015A_0.010,combined_perturbation,noise,1,20,1,0,0,0,large::mp-1095633::reference,10.99790414236486
loose,large,large::mp-1095633::combined_noise_0.050A_0.010,mp-1095633,mp-1095633,C,combined_noise_0.050A_0.010,combined_perturbation,noise,1,20,1,7,0,0,large::mp-1095633::reference,242.21082639321685
loose,large,large::mp-1095633::combined_noise_0.002A_0.030,mp-1095633,mp-1095633,C,combined_noise_0.002A_0.030,combined_perturbation,noise,1,20,2,0,1,0,large::mp-1095633::reference|large::mp-1182029::reference,14.422560350969434
loose,large,large::mp-1095633::combined_noise_0.015A_0.030,mp-1095633,mp-1095633,C,combined_noise_0.015A_0.030,combined_perturbation,noise,1,20,1,0,0,0,large::mp-1095633::reference,15.577010560780764
loose,large,large::mp-1095633::combined_noise_0.050A_0.030,mp-1095633,mp-1095633,C,combined_noise_0.050A_0.030,combined_perturbation,noise,1,20,1,7,0,0,large::mp-1095633::reference,242.7746654599905
loose,large,large::mp-1096869::conventional_standard,mp-1096869,mp-1096869,C,conventional_standard,equivalent_transform,no_noise,1,20,1,0,0,0,large::mp-1096869::reference,28.045777957886457
loose,large,large::mp-1096869::niggli_reduced,mp-1096869,mp-1096869,C,niggli_reduced,equivalent_transform,no_noise,1,20,1,0,0,0,large::mp-1096869::reference,28.398557040840387
loose,large,large::mp-1096869::origin_shifted,mp-1096869,mp-1096869,C,origin_shifted,equivalent_transform,no_noise,1,20,1,0,0,0,large::mp-1096869::reference,28.02114044688642
loose,large,large::mp-1096869::permuted_sites,mp-1096869,mp-1096869,C,permuted_sites,equivalent_transform,no_noise,1,20,1,0,0,0,large::mp-1096869::reference,32.77487691864371
loose,large,large::mp-1096869::combined_noise_0.002A_0.003,mp-1096869,mp-1096869,C,combined_noise_0.002A_0.003,combined_perturbation,noise,1,20,1,0,0,0,large::mp-1096869::reference,28.23550926335156
loose,large,large::mp-1096869::combined_noise_0.015A_0.003,mp-1096869,mp-1096869,C,combined_noise_0.015A_0.003,combined_perturbation,noise,1,20,1,0,0,0,large::mp-1096869::reference,27.865750471130013
loose,large,large::mp-1096869::combined_noise_0.050A_0.003,mp-1096869,mp-1096869,C,combined_noise_0.050A_0.003,combined_perturbation,noise,1,20,1,2,0,0,large::mp-1096869::reference,92.80219797603786
loose,large,large::mp-1096869::combined_noise_0.002A_0.010,mp-1096869,mp-1096869,C,combined_noise_0.002A_0.010,combined_perturbation,noise,1,20,1,0,0,0,large::mp-1096869::reference,28.178684076294303
loose,large,large::mp-1096869::combined_noise_0.015A_0.010,mp-1096869,mp-1096869,C,combined_noise_0.015A_0.010,combined_perturbation,noise,1,20,1,0,0,0,large::mp-1096869::reference,27.036002120003104
loose,large,large::mp-1096869::combined_noise_0.050A_0.010,mp-1096869,mp-1096869,C,combined_noise_0.050A_0.010,combined_perturbation,noise,1,20,1,2,0,0,large::mp-1096869::reference,92.51802138239145
loose,large,large::mp-1096869::combined_noise_0.002A_0.030,mp-1096869,mp-1096869,C,combined_noise_0.002A_0.030,combined_perturbation,noise,1,20,1,0,0,0,large::mp-1096869::reference,26.57222642377019
loose,large,large::mp-1096869::combined_noise_0.015A_0.030,mp-1096869,mp-1096869,C,combined_noise_0.015A_0.030,combined_perturbation,noise,1,20,1,0,0,0,large::mp-1096869::reference,26.907269347459078
loose,large,large::mp-1096869::combined_noise_0.050A_0.030,mp-1096869,mp-1096869,C,combined_noise_0.050A_0.030,combined_perturbation,noise,1,20,1,2,0,0,large::mp-1096869::reference,93.46298983506858
loose,large,large::mp-1097832::conventional_standard,mp-1097832,mp-1097832,C,conventional_standard,equivalent_transform,no_noise,1,20,1,1,0,0,large::mp-1097832::reference,48.913667844608426
loose,large,large::mp-1097832::niggli_reduced,mp-1097832,mp-1097832,C,niggli_reduced,equivalent_transform,no_noise,1,20,1,1,0,0,large::mp-1097832::reference,52.13280065357685
loose,large,large::mp-1097832::origin_shifted,mp-1097832,mp-1097832,C,origin_shifted,equivalent_transform,no_noise,1,20,1,1,0,0,large::mp-1097832::reference,49.99617915786803
loose,large,large::mp-1097832::permuted_sites,mp-1097832,mp-1097832,C,permuted_sites,equivalent_transform,no_noise,1,20,1,1,0,0,large::mp-1097832::reference,54.44474603049457
loose,large,large::mp-1097832::combined_noise_0.002A_0.003,mp-1097832,mp-1097832,C,combined_noise_0.002A_0.003,combined_perturbation,noise,1,20,1,1,0,0,large::mp-1097832::reference,49.90464785322547
loose,large,large::mp-1097832::combined_noise_0.015A_0.003,mp-1097832,mp-1097832,C,combined_noise_0.015A_0.003,combined_perturbation,noise,1,20,1,1,0,0,large::mp-1097832::reference,49.9922234993428
loose,large,large::mp-1097832::combined_noise_0.050A_0.003,mp-1097832,mp-1097832,C,combined_noise_0.050A_0.003,combined_perturbation,noise,1,20,1,1,0,0,large::mp-1097832::reference,49.62599091604352
loose,large,large::mp-1097832::combined_noise_0.002A_0.010,mp-1097832,mp-1097832,C,combined_noise_0.002A_0.010,combined_perturbation,noise,1,20,3,1,2,0,large::mp-1056957::reference|large::mp-1097832::reference|large::mp-1181996::reference,52.88083419948816
loose,large,large::mp-1097832::combined_noise_0.015A_0.010,mp-1097832,mp-1097832,C,combined_noise_0.015A_0.010,combined_perturbation,noise,1,20,1,1,0,0,large::mp-1097832::reference,49.990239184349775
loose,large,large::mp-1097832::combined_noise_0.050A_0.010,mp-1097832,mp-1097832,C,combined_noise_0.050A_0.010,combined_perturbation,noise,1,20,1,1,0,0,large::mp-1097832::reference,48.61303220503032
loose,large,large::mp-1097832::combined_noise_0.002A_0.030,mp-1097832,mp-1097832,C,combined_noise_0.002A_0.030,combined_perturbation,noise,1,20,3,1,2,0,large::mp-1056957::reference|large::mp-1097832::reference|large::mp-1181996::reference,52.4411330614239
loose,large,large::mp-1097832::combined_noise_0.015A_0.030,mp-1097832,mp-1097832,C,combined_noise_0.015A_0.030,combined_perturbation,noise,1,20,1,1,0,0,large::mp-1097832::reference,50.501938788220286
loose,large,large::mp-1097832::combined_noise_0.050A_0.030,mp-1097832,mp-1097832,C,combined_noise_0.050A_0.030,combined_perturbation,noise,1,20,1,1,0,0,large::mp-1097832::reference,51.38408643193543
loose,large,large::mp-1147718::conventional_standard,mp-1147718,mp-1147718,C,conventional_standard,equivalent_transform,no_noise,1,20,1,8,0,0,large::mp-1147718::reference,272.87724566832185
loose,large,large::mp-1147718::niggli_reduced,mp-1147718,mp-1147718,C,niggli_reduced,equivalent_transform,no_noise,1,20,1,8,0,0,large::mp-1147718::reference,272.83876418322325
loose,large,large::mp-1147718::origin_shifted,mp-1147718,mp-1147718,C,origin_shifted,equivalent_transform,no_noise,1,20,1,8,0,0,large::mp-1147718::reference,272.25146442092955
loose,large,large::mp-1147718::permuted_sites,mp-1147718,mp-1147718,C,permuted_sites,equivalent_transform,no_noise,1,20,1,8,0,0,large::mp-1147718::reference,277.3852138314396
loose,large,large::mp-1147718::combined_noise_0.002A_0.003,mp-1147718,mp-1147718,C,combined_noise_0.002A_0.003,combined_perturbation,noise,1,20,1,8,0,0,large::mp-1147718::reference,272.89095674455166
loose,large,large::mp-1147718::combined_noise_0.015A_0.003,mp-1147718,mp-1147718,C,combined_noise_0.015A_0.003,combined_perturbation,noise,1,20,1,8,0,0,large::mp-1147718::reference,273.3914146646857
loose,large,large::mp-1147718::combined_noise_0.050A_0.003,mp-1147718,mp-1147718,C,combined_noise_0.050A_0.003,combined_perturbation,noise,1,20,1,8,0,0,large::mp-1147718::reference,272.43700355663896
loose,large,large::mp-1147718::combined_noise_0.002A_0.010,mp-1147718,mp-1147718,C,combined_noise_0.002A_0.010,combined_perturbation,noise,1,20,1,8,0,0,large::mp-1147718::reference,273.51863276585937
loose,large,large::mp-1147718::combined_noise_0.015A_0.010,mp-1147718,mp-1147718,C,combined_noise_0.015A_0.010,combined_perturbation,noise,1,20,1,8,0,0,large::mp-1147718::reference,272.47128510288894
loose,large,large::mp-1147718::combined_noise_0.050A_0.010,mp-1147718,mp-1147718,C,combined_noise_0.050A_0.010,combined_perturbation,noise,1,20,1,8,0,0,large::mp-1147718::reference,271.7548171225935
loose,large,large::mp-1147718::combined_noise_0.002A_0.030,mp-1147718,mp-1147718,C,combined_noise_0.002A_0.030,combined_perturbation,noise,1,20,1,8,0,0,large::mp-1147718::reference,278.3224603999406
loose,large,large::mp-1147718::combined_noise_0.015A_0.030,mp-1147718,mp-1147718,C,combined_noise_0.015A_0.030,combined_perturbation,noise,1,20,1,8,0,0,large::mp-1147718::reference,271.94593421556056
loose,large,large::mp-1147718::combined_noise_0.050A_0.030,mp-1147718,mp-1147718,C,combined_noise_0.050A_0.030,combined_perturbation,noise,1,20,1,8,0,0,large::mp-1147718::reference,275.39813169278204
loose,large,large::mp-1181996::conventional_standard,mp-1181996,mp-1181996,C,conventional_standard,equivalent_transform,no_noise,1,20,3,2,2,0,large::mp-1056957::reference|large::mp-1078845::reference|large::mp-1181996::reference,97.21789723075926
loose,large,large::mp-1181996::niggli_reduced,mp-1181996,mp-1181996,C,niggli_reduced,equivalent_transform,no_noise,1,20,3,2,2,0,large::mp-1056957::reference|large::mp-1078845::reference|large::mp-1181996::reference,98.1292864009738
loose,large,large::mp-1181996::origin_shifted,mp-1181996,mp-1181996,C,origin_shifted,equivalent_transform,no_noise,1,20,3,2,2,0,large::mp-1056957::reference|large::mp-1078845::reference|large::mp-1181996::reference,98.2601398024708
loose,large,large::mp-1181996::permuted_sites,mp-1181996,mp-1181996,C,permuted_sites,equivalent_transform,no_noise,1,20,3,2,2,0,large::mp-1056957::reference|large::mp-1078845::reference|large::mp-1181996::reference,100.23015086352825
loose,large,large::mp-1181996::combined_noise_0.002A_0.003,mp-1181996,mp-1181996,C,combined_noise_0.002A_0.003,combined_perturbation,noise,1,20,3,2,2,0,large::mp-1056957::reference|large::mp-1078845::reference|large::mp-1181996::reference,97.63349712826312
loose,large,large::mp-1181996::combined_noise_0.015A_0.003,mp-1181996,mp-1181996,C,combined_noise_0.015A_0.003,combined_perturbation,noise,1,20,3,2,2,0,large::mp-1056957::reference|large::mp-1078845::reference|large::mp-1181996::reference,97.36405388079584
loose,large,large::mp-1181996::combined_noise_0.050A_0.003,mp-1181996,mp-1181996,C,combined_noise_0.050A_0.003,combined_perturbation,noise,1,20,3,2,2,0,large::mp-1056957::reference|large::mp-1078845::reference|large::mp-1181996::reference,97.67635169439018
loose,large,large::mp-1181996::combined_noise_0.002A_0.010,mp-1181996,mp-1181996,C,combined_noise_0.002A_0.010,combined_perturbation,noise,1,20,3,2,2,0,large::mp-1056957::reference|large::mp-1078845::reference|large::mp-1181996::reference,96.49846531823277
loose,large,large::mp-1181996::combined_noise_0.015A_0.010,mp-1181996,mp-1181996,C,combined_noise_0.015A_0.010,combined_perturbation,noise,1,20,3,2,2,0,large::mp-1056957::reference|large::mp-1078845::reference|large::mp-1181996::reference,97.67456923238933
loose,large,large::mp-1181996::combined_noise_0.050A_0.010,mp-1181996,mp-1181996,C,combined_noise_0.050A_0.010,combined_perturbation,noise,1,20,4,2,3,0,large::mp-1056957::reference|large::mp-1078845::reference|large::mp-1097832::reference|large::mp-1181996::reference,97.09167536534369
loose,large,large::mp-1181996::combined_noise_0.002A_0.030,mp-1181996,mp-1181996,C,combined_noise_0.002A_0.030,combined_perturbation,noise,1,20,4,2,3,0,large::mp-1056957::reference|large::mp-1078845::reference|large::mp-1097832::reference|large::mp-1181996::reference,97.94195659831166
loose,large,large::mp-1181996::combined_noise_0.015A_0.030,mp-1181996,mp-1181996,C,combined_noise_0.015A_0.030,combined_perturbation,noise,1,20,4,2,3,0,large::mp-1056957::reference|large::mp-1078845::reference|large::mp-1097832::reference|large::mp-1181996::reference,97.10508813336492
loose,large,large::mp-1181996::combined_noise_0.050A_0.030,mp-1181996,mp-1181996,C,combined_noise_0.050A_0.030,combined_perturbation,noise,1,20,3,2,2,0,large::mp-1056957::reference|large::mp-1078845::reference|large::mp-1181996::reference,96.47179206088185
loose,large,large::mp-1182029::conventional_standard,mp-1182029,mp-1182029,C,conventional_standard,equivalent_transform,no_noise,1,20,4,2,3,0,large::mp-1008374::reference|large::mp-1018088::reference|large::mp-1078845::reference|large::mp-1182029::reference,95.7835578713566
loose,large,large::mp-1182029::niggli_reduced,mp-1182029,mp-1182029,C,niggli_reduced,equivalent_transform,no_noise,1,20,4,2,3,0,large::mp-1008374::reference|large::mp-1018088::reference|large::mp-1078845::reference|large::mp-1182029::reference,96.89351310580969
loose,large,large::mp-1182029::origin_shifted,mp-1182029,mp-1182029,C,origin_shifted,equivalent_transform,no_noise,1,20,4,2,3,0,large::mp-1008374::reference|large::mp-1018088::reference|large::mp-1078845::reference|large::mp-1182029::reference,96.91364904679358
loose,large,large::mp-1182029::permuted_sites,mp-1182029,mp-1182029,C,permuted_sites,equivalent_transform,no_noise,1,20,4,2,3,0,large::mp-1008374::reference|large::mp-1018088::reference|large::mp-1078845::reference|large::mp-1182029::reference,99.13624263368547
loose,large,large::mp-1182029::combined_noise_0.002A_0.003,mp-1182029,mp-1182029,C,combined_noise_0.002A_0.003,combined_perturbation,noise,1,20,4,2,3,0,large::mp-1008374::reference|large::mp-1018088::reference|large::mp-1078845::reference|large::mp-1182029::reference,97.11958296224475
loose,large,large::mp-1182029::combined_noise_0.015A_0.003,mp-1182029,mp-1182029,C,combined_noise_0.015A_0.003,combined_perturbation,noise,1,20,4,2,3,0,large::mp-1008374::reference|large::mp-1018088::reference|large::mp-1078845::reference|large::mp-1182029::reference,97.16354352235794
loose,large,large::mp-1182029::combined_noise_0.050A_0.003,mp-1182029,mp-1182029,C,combined_noise_0.050A_0.003,combined_perturbation,noise,1,20,4,2,3,0,large::mp-1008374::reference|large::mp-1018088::reference|large::mp-1078845::reference|large::mp-1182029::reference,97.24691766127944
loose,large,large::mp-1182029::combined_noise_0.002A_0.010,mp-1182029,mp-1182029,C,combined_noise_0.002A_0.010,combined_perturbation,noise,1,20,4,2,3,0,large::mp-1008374::reference|large::mp-1018088::reference|large::mp-1078845::reference|large::mp-1182029::reference,96.64894392713904
loose,large,large::mp-1182029::combined_noise_0.015A_0.010,mp-1182029,mp-1182029,C,combined_noise_0.015A_0.010,combined_perturbation,noise,1,20,4,2,3,0,large::mp-1008374::reference|large::mp-1018088::reference|large::mp-1078845::reference|large::mp-1182029::reference,96.37340363487601
loose,large,large::mp-1182029::combined_noise_0.050A_0.010,mp-1182029,mp-1182029,C,combined_noise_0.050A_0.010,combined_perturbation,noise,1,20,4,2,3,0,large::mp-1008374::reference|large::mp-1018088::reference|large::mp-1078845::reference|large::mp-1182029::reference,97.7225291095674
loose,large,large::mp-1182029::combined_noise_0.002A_0.030,mp-1182029,mp-1182029,C,combined_noise_0.002A_0.030,combined_perturbation,noise,1,20,4,2,3,0,large::mp-1008374::reference|large::mp-1018088::reference|large::mp-1078845::reference|large::mp-1182029::reference,96.15012437850237
loose,large,large::mp-1182029::combined_noise_0.015A_0.030,mp-1182029,mp-1182029,C,combined_noise_0.015A_0.030,combined_perturbation,noise,1,20,6,2,5,0,large::mp-1008374::reference|large::mp-1008395::reference|large::mp-1018088::reference|large::mp-1078845::reference|large::mp-1095633::reference|large::mp-1182029::reference,97.19881182909012
loose,large,large::mp-1182029::combined_noise_0.050A_0.030,mp-1182029,mp-1182029,C,combined_noise_0.050A_0.030,combined_perturbation,noise,1,20,4,2,3,0,large::mp-1008374::reference|large::mp-1018088::reference|large::mp-1078845::reference|large::mp-1182029::reference,96.08193184807897
loose,large,large::mp-1182684::conventional_standard,mp-1182684,mp-1182684,C,conventional_standard,equivalent_transform,no_noise,1,20,1,5,0,0,large::mp-1182684::reference,196.30130938254297
loose,large,large::mp-1182684::niggli_reduced,mp-1182684,mp-1182684,C,niggli_reduced,equivalent_transform,no_noise,1,20,1,5,0,0,large::mp-1182684::reference,198.30222922377288
loose,large,large::mp-1182684::origin_shifted,mp-1182684,mp-1182684,C,origin_shifted,equivalent_transform,no_noise,1,20,1,5,0,0,large::mp-1182684::reference,198.42257985658944
loose,large,large::mp-1182684::permuted_sites,mp-1182684,mp-1182684,C,permuted_sites,equivalent_transform,no_noise,1,20,1,5,0,0,large::mp-1182684::reference,207.7315476834774
loose,large,large::mp-1182684::combined_noise_0.002A_0.003,mp-1182684,mp-1182684,C,combined_noise_0.002A_0.003,combined_perturbation,noise,1,20,1,5,0,0,large::mp-1182684::reference,196.40136794745922
loose,large,large::mp-1182684::combined_noise_0.015A_0.003,mp-1182684,mp-1182684,C,combined_noise_0.015A_0.003,combined_perturbation,noise,1,20,1,5,0,0,large::mp-1182684::reference,198.14320902340114
loose,large,large::mp-1182684::combined_noise_0.050A_0.003,mp-1182684,mp-1182684,C,combined_noise_0.050A_0.003,combined_perturbation,noise,1,20,1,5,0,0,large::mp-1182684::reference,196.84830356016755
loose,large,large::mp-1182684::combined_noise_0.002A_0.010,mp-1182684,mp-1182684,C,combined_noise_0.002A_0.010,combined_perturbation,noise,1,20,1,5,0,0,large::mp-1182684::reference,197.59210122190416
loose,large,large::mp-1182684::combined_noise_0.015A_0.010,mp-1182684,mp-1182684,C,combined_noise_0.015A_0.010,combined_perturbation,noise,1,20,1,5,0,0,large::mp-1182684::reference,199.1000116262585
loose,large,large::mp-1182684::combined_noise_0.050A_0.010,mp-1182684,mp-1182684,C,combined_noise_0.050A_0.010,combined_perturbation,noise,1,20,1,5,0,0,large::mp-1182684::reference,197.04969643242657
loose,large,large::mp-1182684::combined_noise_0.002A_0.030,mp-1182684,mp-1182684,C,combined_noise_0.002A_0.030,combined_perturbation,noise,1,20,1,5,0,0,large::mp-1182684::reference,199.43088563904166
loose,large,large::mp-1182684::combined_noise_0.015A_0.030,mp-1182684,mp-1182684,C,combined_noise_0.015A_0.030,combined_perturbation,noise,1,20,1,5,0,0,large::mp-1182684::reference,196.23362378403544
loose,large,large::mp-1182684::combined_noise_0.050A_0.030,mp-1182684,mp-1182684,C,combined_noise_0.050A_0.030,combined_perturbation,noise,1,20,1,5,0,0,large::mp-1182684::reference,221.83219458162785
loose,large,large::mp-1188817::conventional_standard,mp-1188817,mp-1188817,C,conventional_standard,equivalent_transform,no_noise,1,20,1,0,0,0,large::mp-1188817::reference,10.071111965924501
loose,large,large::mp-1188817::niggli_reduced,mp-1188817,mp-1188817,C,niggli_reduced,equivalent_transform,no_noise,1,20,1,0,0,0,large::mp-1188817::reference,11.260708732530475
loose,large,large::mp-1188817::origin_shifted,mp-1188817,mp-1188817,C,origin_shifted,equivalent_transform,no_noise,1,20,1,0,0,0,large::mp-1188817::reference,11.31526985578239
loose,large,large::mp-1188817::permuted_sites,mp-1188817,mp-1188817,C,permuted_sites,equivalent_transform,no_noise,1,20,1,0,0,0,large::mp-1188817::reference,13.573181837797165
loose,large,large::mp-1188817::combined_noise_0.002A_0.003,mp-1188817,mp-1188817,C,combined_noise_0.002A_0.003,combined_perturbation,noise,1,20,1,0,0,0,large::mp-1188817::reference,11.746317261829972
loose,large,large::mp-1188817::combined_noise_0.015A_0.003,mp-1188817,mp-1188817,C,combined_noise_0.015A_0.003,combined_perturbation,noise,1,20,1,0,0,0,large::mp-1188817::reference,11.889074809849262
loose,large,large::mp-1188817::combined_noise_0.050A_0.003,mp-1188817,mp-1188817,C,combined_noise_0.050A_0.003,combined_perturbation,noise,1,20,1,0,0,0,large::mp-1188817::reference,11.721773486584425
loose,large,large::mp-1188817::combined_noise_0.002A_0.010,mp-1188817,mp-1188817,C,combined_noise_0.002A_0.010,combined_perturbation,noise,1,20,1,0,0,0,large::mp-1188817::reference,11.713492251932621
loose,large,large::mp-1188817::combined_noise_0.015A_0.010,mp-1188817,mp-1188817,C,combined_noise_0.015A_0.010,combined_perturbation,noise,1,20,1,0,0,0,large::mp-1188817::reference,11.58856950327754
loose,large,large::mp-1188817::combined_noise_0.050A_0.010,mp-1188817,mp-1188817,C,combined_noise_0.050A_0.010,combined_perturbation,noise,1,20,1,0,0,0,large::mp-1188817::reference,11.820192657411098
loose,large,large::mp-1188817::combined_noise_0.002A_0.030,mp-1188817,mp-1188817,C,combined_noise_0.002A_0.030,combined_perturbation,noise,1,20,1,0,0,0,large::mp-1188817::reference,14.3515654951334
loose,large,large::mp-1188817::combined_noise_0.015A_0.030,mp-1188817,mp-1188817,C,combined_noise_0.015A_0.030,combined_perturbation,noise,1,20,1,0,0,0,large::mp-1188817::reference,12.381203068420291
loose,large,large::mp-1188817::combined_noise_0.050A_0.030,mp-1188817,mp-1188817,C,combined_noise_0.050A_0.030,combined_perturbation,noise,1,20,1,0,0,0,large::mp-1188817::reference,12.854455942288041
loose,large,large::mp-1190171::conventional_standard,mp-1190171,mp-1190171,C,conventional_standard,equivalent_transform,no_noise,1,20,4,0,3,0,large::mp-1056957::reference|large::mp-1080826::reference|large::mp-1182029::reference|large::mp-1190171::reference,7.433622304350138
loose,large,large::mp-1190171::niggli_reduced,mp-1190171,mp-1190171,C,niggli_reduced,equivalent_transform,no_noise,1,20,4,0,3,0,large::mp-1056957::reference|large::mp-1080826::reference|large::mp-1182029::reference|large::mp-1190171::reference,10.74281338043511
loose,large,large::mp-1190171::origin_shifted,mp-1190171,mp-1190171,C,origin_shifted,equivalent_transform,no_noise,1,20,4,0,3,0,large::mp-1056957::reference|large::mp-1080826::reference|large::mp-1182029::reference|large::mp-1190171::reference,9.326264595612884
loose,large,large::mp-1190171::permuted_sites,mp-1190171,mp-1190171,C,permuted_sites,equivalent_transform,no_noise,1,20,4,0,3,0,large::mp-1056957::reference|large::mp-1080826::reference|large::mp-1182029::reference|large::mp-1190171::reference,13.029241852462292
loose,large,large::mp-1190171::combined_noise_0.002A_0.003,mp-1190171,mp-1190171,C,combined_noise_0.002A_0.003,combined_perturbation,noise,1,20,4,0,3,0,large::mp-1056957::reference|large::mp-1080826::reference|large::mp-1182029::reference|large::mp-1190171::reference,9.2727654799819
loose,large,large::mp-1190171::combined_noise_0.015A_0.003,mp-1190171,mp-1190171,C,combined_noise_0.015A_0.003,combined_perturbation,noise,1,20,4,0,3,0,large::mp-1056957::reference|large::mp-1080826::reference|large::mp-1182029::reference|large::mp-1190171::reference,9.20248300768435
loose,large,large::mp-1190171::combined_noise_0.050A_0.003,mp-1190171,mp-1190171,C,combined_noise_0.050A_0.003,combined_perturbation,noise,1,20,4,0,3,0,large::mp-1056957::reference|large::mp-1080826::reference|large::mp-1182029::reference|large::mp-1190171::reference,9.393440965563059
loose,large,large::mp-1190171::combined_noise_0.002A_0.010,mp-1190171,mp-1190171,C,combined_noise_0.002A_0.010,combined_perturbation,noise,1,20,3,0,2,0,large::mp-1080826::reference|large::mp-1182029::reference|large::mp-1190171::reference,14.625785898417234
loose,large,large::mp-1190171::combined_noise_0.015A_0.010,mp-1190171,mp-1190171,C,combined_noise_0.015A_0.010,combined_perturbation,noise,1,20,3,0,2,0,large::mp-1080826::reference|large::mp-1182029::reference|large::mp-1190171::reference,12.587445298209786
loose,large,large::mp-1190171::combined_noise_0.050A_0.010,mp-1190171,mp-1190171,C,combined_noise_0.050A_0.010,combined_perturbation,noise,1,20,4,0,3,0,large::mp-1056957::reference|large::mp-1080826::reference|large::mp-1182029::reference|large::mp-1190171::reference,6.459007378667593
loose,large,large::mp-1190171::combined_noise_0.002A_0.030,mp-1190171,mp-1190171,C,combined_noise_0.002A_0.030,combined_perturbation,noise,1,20,5,0,4,0,large::mp-1056957::reference|large::mp-1080826::reference|large::mp-1181996::reference|large::mp-1182029::reference|large::mp-1190171::reference,6.57112586684525
loose,large,large::mp-1190171::combined_noise_0.015A_0.030,mp-1190171,mp-1190171,C,combined_noise_0.015A_0.030,combined_perturbation,noise,1,20,4,0,3,0,large::mp-1056957::reference|large::mp-1080826::reference|large::mp-1182029::reference|large::mp-1190171::reference,9.309370266273618
loose,large,large::mp-1190171::combined_noise_0.050A_0.030,mp-1190171,mp-1190171,C,combined_noise_0.050A_0.030,combined_perturbation,noise,1,20,4,0,3,0,large::mp-1056957::reference|large::mp-1080826::reference|large::mp-1182029::reference|large::mp-1190171::reference,8.57658234424889
loose,large,large::mp-1192619::conventional_standard,mp-1192619,mp-1192619,C,conventional_standard,equivalent_transform,no_noise,1,20,1,0,0,0,large::mp-1192619::reference,13.300411412492394
loose,large,large::mp-1192619::niggli_reduced,mp-1192619,mp-1192619,C,niggli_reduced,equivalent_transform,no_noise,1,20,1,0,0,0,large::mp-1192619::reference,14.411636900156736
loose,large,large::mp-1192619::origin_shifted,mp-1192619,mp-1192619,C,origin_shifted,equivalent_transform,no_noise,1,20,1,0,0,0,large::mp-1192619::reference,14.381651805713773
loose,large,large::mp-1192619::permuted_sites,mp-1192619,mp-1192619,C,permuted_sites,equivalent_transform,no_noise,1,20,1,0,0,0,large::mp-1192619::reference,17.514904133975506
loose,large,large::mp-1192619::combined_noise_0.002A_0.003,mp-1192619,mp-1192619,C,combined_noise_0.002A_0.003,combined_perturbation,noise,1,20,1,0,0,0,large::mp-1192619::reference,13.915929915383458
loose,large,large::mp-1192619::combined_noise_0.015A_0.003,mp-1192619,mp-1192619,C,combined_noise_0.015A_0.003,combined_perturbation,noise,1,20,1,0,0,0,large::mp-1192619::reference,14.00940890237689
loose,large,large::mp-1192619::combined_noise_0.050A_0.003,mp-1192619,mp-1192619,C,combined_noise_0.050A_0.003,combined_perturbation,noise,1,20,1,8,0,0,large::mp-1192619::reference,242.35137221962214
loose,large,large::mp-1192619::combined_noise_0.002A_0.010,mp-1192619,mp-1192619,C,combined_noise_0.002A_0.010,combined_perturbation,noise,1,20,1,0,0,0,large::mp-1192619::reference,14.470514934509993
loose,large,large::mp-1192619::combined_noise_0.015A_0.010,mp-1192619,mp-1192619,C,combined_noise_0.015A_0.010,combined_perturbation,noise,1,20,1,0,0,0,large::mp-1192619::reference,14.232515944167972
loose,large,large::mp-1192619::combined_noise_0.050A_0.010,mp-1192619,mp-1192619,C,combined_noise_0.050A_0.010,combined_perturbation,noise,1,20,1,8,0,0,large::mp-1192619::reference,245.77484929934144
loose,large,large::mp-1192619::combined_noise_0.002A_0.030,mp-1192619,mp-1192619,C,combined_noise_0.002A_0.030,combined_perturbation,noise,1,20,1,0,0,0,large::mp-1192619::reference,13.865307569503784
loose,large,large::mp-1192619::combined_noise_0.015A_0.030,mp-1192619,mp-1192619,C,combined_noise_0.015A_0.030,combined_perturbation,noise,1,20,1,0,0,0,large::mp-1192619::reference,13.32498954795301
loose,large,large::mp-1192619::combined_noise_0.050A_0.030,mp-1192619,mp-1192619,C,combined_noise_0.050A_0.030,combined_perturbation,noise,1,20,1,8,0,0,large::mp-1192619::reference,244.79594917036593
loose,large,large::mp-1196583::conventional_standard,mp-1196583,mp-1196583,C,conventional_standard,equivalent_transform,no_noise,1,20,1,8,0,0,large::mp-1196583::reference,295.27840544469655
loose,large,large::mp-1196583::niggli_reduced,mp-1196583,mp-1196583,C,niggli_reduced,equivalent_transform,no_noise,1,20,1,8,0,0,large::mp-1196583::reference,295.2113720756024
loose,large,large::mp-1196583::origin_shifted,mp-1196583,mp-1196583,C,origin_shifted,equivalent_transform,no_noise,1,20,1,8,0,0,large::mp-1196583::reference,292.4519597236067
loose,large,large::mp-1196583::permuted_sites,mp-1196583,mp-1196583,C,permuted_sites,equivalent_transform,no_noise,1,20,1,8,0,0,large::mp-1196583::reference,304.1151581630111
loose,large,large::mp-1196583::combined_noise_0.002A_0.003,mp-1196583,mp-1196583,C,combined_noise_0.002A_0.003,combined_perturbation,noise,1,20,1,8,0,0,large::mp-1196583::reference,292.6117771230638
loose,large,large::mp-1196583::combined_noise_0.015A_0.003,mp-1196583,mp-1196583,C,combined_noise_0.015A_0.003,combined_perturbation,noise,1,20,1,8,0,0,large::mp-1196583::reference,291.60605187155306
loose,large,large::mp-1196583::combined_noise_0.050A_0.003,mp-1196583,mp-1196583,C,combined_noise_0.050A_0.003,combined_perturbation,noise,1,20,1,8,0,0,large::mp-1196583::reference,290.6793211232871
loose,large,large::mp-1196583::combined_noise_0.002A_0.010,mp-1196583,mp-1196583,C,combined_noise_0.002A_0.010,combined_perturbation,noise,1,20,1,8,0,0,large::mp-1196583::reference,291.98123071715236
loose,large,large::mp-1196583::combined_noise_0.015A_0.010,mp-1196583,mp-1196583,C,combined_noise_0.015A_0.010,combined_perturbation,noise,1,20,1,8,0,0,large::mp-1196583::reference,290.2080946266651
loose,large,large::mp-1196583::combined_noise_0.050A_0.010,mp-1196583,mp-1196583,C,combined_noise_0.050A_0.010,combined_perturbation,noise,1,20,1,8,0,0,large::mp-1196583::reference,291.8180796727538
loose,large,large::mp-1196583::combined_noise_0.002A_0.030,mp-1196583,mp-1196583,C,combined_noise_0.002A_0.030,combined_perturbation,noise,1,20,1,8,0,0,large::mp-1196583::reference,297.0197990871966
loose,large,large::mp-1196583::combined_noise_0.015A_0.030,mp-1196583,mp-1196583,C,combined_noise_0.015A_0.030,combined_perturbation,noise,1,20,1,8,0,0,large::mp-1196583::reference,296.14359116367996
loose,large,large::mp-1196583::combined_noise_0.050A_0.030,mp-1196583,mp-1196583,C,combined_noise_0.050A_0.030,combined_perturbation,noise,1,20,1,8,0,0,large::mp-1196583::reference,292.08813075535
loose,large,large::mp-1196857::conventional_standard,mp-1196857,mp-1196857,C,conventional_standard,equivalent_transform,no_noise,1,20,1,2,0,0,large::mp-1196857::reference,88.87278229556978
loose,large,large::mp-1196857::niggli_reduced,mp-1196857,mp-1196857,C,niggli_reduced,equivalent_transform,no_noise,1,20,1,2,0,0,large::mp-1196857::reference,89.7385333031416
loose,large,large::mp-1196857::origin_shifted,mp-1196857,mp-1196857,C,origin_shifted,equivalent_transform,no_noise,1,20,1,2,0,0,large::mp-1196857::reference,90.83232710696757
loose,large,large::mp-1196857::permuted_sites,mp-1196857,mp-1196857,C,permuted_sites,equivalent_transform,no_noise,1,20,1,2,0,0,large::mp-1196857::reference,93.38455400802195
loose,large,large::mp-1196857::combined_noise_0.002A_0.003,mp-1196857,mp-1196857,C,combined_noise_0.002A_0.003,combined_perturbation,noise,1,20,1,2,0,0,large::mp-1196857::reference,90.88093255832791
loose,large,large::mp-1196857::combined_noise_0.015A_0.003,mp-1196857,mp-1196857,C,combined_noise_0.015A_0.003,combined_perturbation,noise,1,20,1,2,0,0,large::mp-1196857::reference,88.56796852871776
loose,large,large::mp-1196857::combined_noise_0.050A_0.003,mp-1196857,mp-1196857,C,combined_noise_0.050A_0.003,combined_perturbation,noise,1,20,1,2,0,0,large::mp-1196857::reference,88.69316272810102
loose,large,large::mp-1196857::combined_noise_0.002A_0.010,mp-1196857,mp-1196857,C,combined_noise_0.002A_0.010,combined_perturbation,noise,1,20,1,2,0,0,large::mp-1196857::reference,89.19819043576717
loose,large,large::mp-1196857::combined_noise_0.015A_0.010,mp-1196857,mp-1196857,C,combined_noise_0.015A_0.010,combined_perturbation,noise,1,20,1,2,0,0,large::mp-1196857::reference,90.82109320163727
loose,large,large::mp-1196857::combined_noise_0.050A_0.010,mp-1196857,mp-1196857,C,combined_noise_0.050A_0.010,combined_perturbation,noise,1,20,1,2,0,0,large::mp-1196857::reference,91.03511223942041
loose,large,large::mp-1196857::combined_noise_0.002A_0.030,mp-1196857,mp-1196857,C,combined_noise_0.002A_0.030,combined_perturbation,noise,1,20,1,2,0,0,large::mp-1196857::reference,88.28663795441389
loose,large,large::mp-1196857::combined_noise_0.015A_0.030,mp-1196857,mp-1196857,C,combined_noise_0.015A_0.030,combined_perturbation,noise,1,20,1,2,0,0,large::mp-1196857::reference,91.09608541056514
loose,large,large::mp-1196857::combined_noise_0.050A_0.030,mp-1196857,mp-1196857,C,combined_noise_0.050A_0.030,combined_perturbation,noise,1,20,1,7,0,0,large::mp-1196857::reference,253.73855087161064
loose,large,large::mp-10064::conventional_standard,mp-10064,mp-10064,SiO2,conventional_standard,equivalent_transform,no_noise,1,20,3,3,2,0,large::mp-10064::reference|large::mp-1021503::reference|large::mp-10948::reference,123.03813933953643
loose,large,large::mp-10064::niggli_reduced,mp-10064,mp-10064,SiO2,niggli_reduced,equivalent_transform,no_noise,1,20,3,3,2,0,large::mp-10064::reference|large::mp-1021503::reference|large::mp-10948::reference,124.06244638934731
loose,large,large::mp-10064::origin_shifted,mp-10064,mp-10064,SiO2,origin_shifted,equivalent_transform,no_noise,1,20,3,3,2,0,large::mp-10064::reference|large::mp-1021503::reference|large::mp-10948::reference,124.05344478599727
loose,large,large::mp-10064::permuted_sites,mp-10064,mp-10064,SiO2,permuted_sites,equivalent_transform,no_noise,1,20,3,3,2,0,large::mp-10064::reference|large::mp-1021503::reference|large::mp-10948::reference,125.47706495970488
loose,large,large::mp-10064::combined_noise_0.002A_0.003,mp-10064,mp-10064,SiO2,combined_noise_0.002A_0.003,combined_perturbation,noise,1,20,3,3,2,0,large::mp-10064::reference|large::mp-1021503::reference|large::mp-10948::reference,123.7464914470911
loose,large,large::mp-10064::combined_noise_0.015A_0.003,mp-10064,mp-10064,SiO2,combined_noise_0.015A_0.003,combined_perturbation,noise,1,20,3,3,2,0,large::mp-10064::reference|large::mp-1021503::reference|large::mp-10948::reference,124.35860285162926
loose,large,large::mp-10064::combined_noise_0.050A_0.003,mp-10064,mp-10064,SiO2,combined_noise_0.050A_0.003,combined_perturbation,noise,1,20,1,0,0,0,large::mp-10064::reference,40.714855851605535
loose,large,large::mp-10064::combined_noise_0.002A_0.010,mp-10064,mp-10064,SiO2,combined_noise_0.002A_0.010,combined_perturbation,noise,1,20,3,3,2,0,large::mp-10064::reference|large::mp-1021503::reference|large::mp-10948::reference,124.6210716906935
loose,large,large::mp-10064::combined_noise_0.015A_0.010,mp-10064,mp-10064,SiO2,combined_noise_0.015A_0.010,combined_perturbation,noise,1,20,3,3,2,0,large::mp-10064::reference|large::mp-1021503::reference|large::mp-10948::reference,123.94284579902887
loose,large,large::mp-10064::combined_noise_0.050A_0.010,mp-10064,mp-10064,SiO2,combined_noise_0.050A_0.010,combined_perturbation,noise,1,20,1,0,0,0,large::mp-10064::reference,40.39309440553188
loose,large,large::mp-10064::combined_noise_0.002A_0.030,mp-10064,mp-10064,SiO2,combined_noise_0.002A_0.030,combined_perturbation,noise,1,20,3,3,2,0,large::mp-10064::reference|large::mp-1021503::reference|large::mp-10948::reference,124.73647777177393
loose,large,large::mp-10064::combined_noise_0.015A_0.030,mp-10064,mp-10064,SiO2,combined_noise_0.015A_0.030,combined_perturbation,noise,1,20,3,3,2,0,large::mp-10064::reference|large::mp-1021503::reference|large::mp-10948::reference,123.86290046200156
loose,large,large::mp-10064::combined_noise_0.050A_0.030,mp-10064,mp-10064,SiO2,combined_noise_0.050A_0.030,combined_perturbation,noise,1,20,3,3,2,0,large::mp-10064::reference|large::mp-1021503::reference|large::mp-10948::reference,123.41926127672195
loose,large,large::mp-1021503::conventional_standard,mp-1021503,mp-1021503,SiO2,conventional_standard,equivalent_transform,no_noise,1,20,3,0,2,0,large::mp-10064::reference|large::mp-1021503::reference|large::mp-10948::reference,54.037191009148955
loose,large,large::mp-1021503::niggli_reduced,mp-1021503,mp-1021503,SiO2,niggli_reduced,equivalent_transform,no_noise,1,20,3,0,2,0,large::mp-10064::reference|large::mp-1021503::reference|large::mp-10948::reference,54.869854629039764
loose,large,large::mp-1021503::origin_shifted,mp-1021503,mp-1021503,SiO2,origin_shifted,equivalent_transform,no_noise,1,20,3,0,2,0,large::mp-10064::reference|large::mp-1021503::reference|large::mp-10948::reference,54.8884284645319
loose,large,large::mp-1021503::permuted_sites,mp-1021503,mp-1021503,SiO2,permuted_sites,equivalent_transform,no_noise,1,20,3,0,2,0,large::mp-10064::reference|large::mp-1021503::reference|large::mp-10948::reference,56.42529724538326
loose,large,large::mp-1021503::combined_noise_0.002A_0.003,mp-1021503,mp-1021503,SiO2,combined_noise_0.002A_0.003,combined_perturbation,noise,1,20,3,0,2,0,large::mp-10064::reference|large::mp-1021503::reference|large::mp-10948::reference,57.92574663646519
loose,large,large::mp-1021503::combined_noise_0.015A_0.003,mp-1021503,mp-1021503,SiO2,combined_noise_0.015A_0.003,combined_perturbation,noise,1,20,3,0,2,0,large::mp-10064::reference|large::mp-1021503::reference|large::mp-10948::reference,61.205788146704435
loose,large,large::mp-1021503::combined_noise_0.050A_0.003,mp-1021503,mp-1021503,SiO2,combined_noise_0.050A_0.003,combined_perturbation,noise,1,20,3,0,2,0,large::mp-10064::reference|large::mp-1021503::reference|large::mp-10948::reference,56.87782936729491
loose,large,large::mp-1021503::combined_noise_0.002A_0.010,mp-1021503,mp-1021503,SiO2,combined_noise_0.002A_0.010,combined_perturbation,noise,1,20,3,0,2,0,large::mp-10064::reference|large::mp-1021503::reference|large::mp-10948::reference,62.986751433461905
loose,large,large::mp-1021503::combined_noise_0.015A_0.010,mp-1021503,mp-1021503,SiO2,combined_noise_0.015A_0.010,combined_perturbation,noise,1,20,3,0,2,0,large::mp-10064::reference|large::mp-1021503::reference|large::mp-10948::reference,66.81620254926383
loose,large,large::mp-1021503::combined_noise_0.050A_0.010,mp-1021503,mp-1021503,SiO2,combined_noise_0.050A_0.010,combined_perturbation,noise,1,20,3,0,2,0,large::mp-10064::reference|large::mp-1021503::reference|large::mp-10948::reference,60.08002504333854
loose,large,large::mp-1021503::combined_noise_0.002A_0.030,mp-1021503,mp-1021503,SiO2,combined_noise_0.002A_0.030,combined_perturbation,noise,1,20,3,0,2,0,large::mp-10064::reference|large::mp-1021503::reference|large::mp-10948::reference,68.97348828427494
loose,large,large::mp-1021503::combined_noise_0.015A_0.030,mp-1021503,mp-1021503,SiO2,combined_noise_0.015A_0.030,combined_perturbation,noise,1,20,3,0,2,0,large::mp-10064::reference|large::mp-1021503::reference|large::mp-10948::reference,68.68493144400418
loose,large,large::mp-1021503::combined_noise_0.050A_0.030,mp-1021503,mp-1021503,SiO2,combined_noise_0.050A_0.030,combined_perturbation,noise,1,20,3,0,2,0,large::mp-10064::reference|large::mp-1021503::reference|large::mp-10948::reference,68.52946808002889
loose,large,large::mp-1071820::conventional_standard,mp-1071820,mp-1071820,SiO2,conventional_standard,equivalent_transform,no_noise,1,20,2,0,1,0,large::mp-1071820::reference|large::mp-10948::reference,62.899928307160735
loose,large,large::mp-1071820::niggli_reduced,mp-1071820,mp-1071820,SiO2,niggli_reduced,equivalent_transform,no_noise,1,20,2,0,1,0,large::mp-1071820::reference|large::mp-10948::reference,63.584101969376206
loose,large,large::mp-1071820::origin_shifted,mp-1071820,mp-1071820,SiO2,origin_shifted,equivalent_transform,no_noise,1,20,2,0,1,0,large::mp-1071820::reference|large::mp-10948::reference,63.738245990127325
loose,large,large::mp-1071820::permuted_sites,mp-1071820,mp-1071820,SiO2,permuted_sites,equivalent_transform,no_noise,1,20,2,0,1,0,large::mp-1071820::reference|large::mp-10948::reference,65.26371841877699
loose,large,large::mp-1071820::combined_noise_0.002A_0.003,mp-1071820,mp-1071820,SiO2,combined_noise_0.002A_0.003,combined_perturbation,noise,1,20,2,0,1,0,large::mp-1071820::reference|large::mp-10948::reference,63.72308849915862
loose,large,large::mp-1071820::combined_noise_0.015A_0.003,mp-1071820,mp-1071820,SiO2,combined_noise_0.015A_0.003,combined_perturbation,noise,1,20,2,0,1,0,large::mp-1071820::reference|large::mp-10948::reference,62.18678426370025
loose,large,large::mp-1071820::combined_noise_0.050A_0.003,mp-1071820,mp-1071820,SiO2,combined_noise_0.050A_0.003,combined_perturbation,noise,1,20,2,0,1,0,large::mp-1071820::reference|large::mp-10948::reference,63.678937904536724
loose,large,large::mp-1071820::combined_noise_0.002A_0.010,mp-1071820,mp-1071820,SiO2,combined_noise_0.002A_0.010,combined_perturbation,noise,1,20,2,0,1,0,large::mp-1071820::reference|large::mp-10948::reference,63.31097063794732
loose,large,large::mp-1071820::combined_noise_0.015A_0.010,mp-1071820,mp-1071820,SiO2,combined_noise_0.015A_0.010,combined_perturbation,noise,1,20,2,0,1,0,large::mp-1071820::reference|large::mp-10948::reference,65.82737580314279
loose,large,large::mp-1071820::combined_noise_0.050A_0.010,mp-1071820,mp-1071820,SiO2,combined_noise_0.050A_0.010,combined_perturbation,noise,1,20,2,0,1,0,large::mp-1071820::reference|large::mp-10948::reference,65.45893150754273
loose,large,large::mp-1071820::combined_noise_0.002A_0.030,mp-1071820,mp-1071820,SiO2,combined_noise_0.002A_0.030,combined_perturbation,noise,1,20,2,0,1,0,large::mp-1071820::reference|large::mp-10948::reference,67.68309859186411
loose,large,large::mp-1071820::combined_noise_0.015A_0.030,mp-1071820,mp-1071820,SiO2,combined_noise_0.015A_0.030,combined_perturbation,noise,1,20,1,0,0,0,large::mp-1071820::reference,54.903768699616194
loose,large,large::mp-1071820::combined_noise_0.050A_0.030,mp-1071820,mp-1071820,SiO2,combined_noise_0.050A_0.030,combined_perturbation,noise,1,20,2,0,1,0,large::mp-1071820::reference|large::mp-10948::reference,67.991873819381
loose,large,large::mp-10851::conventional_standard,mp-10851,mp-10851,SiO2,conventional_standard,equivalent_transform,no_noise,1,20,1,0,0,0,large::mp-10851::reference,31.409383518621325
loose,large,large::mp-10851::niggli_reduced,mp-10851,mp-10851,SiO2,niggli_reduced,equivalent_transform,no_noise,1,20,1,0,0,0,large::mp-10851::reference,32.58215354941785
loose,large,large::mp-10851::origin_shifted,mp-10851,mp-10851,SiO2,origin_shifted,equivalent_transform,no_noise,1,20,1,0,0,0,large::mp-10851::reference,32.30307368002832
loose,large,large::mp-10851::permuted_sites,mp-10851,mp-10851,SiO2,permuted_sites,equivalent_transform,no_noise,1,20,1,0,0,0,large::mp-10851::reference,35.36360530368984
loose,large,large::mp-10851::combined_noise_0.002A_0.003,mp-10851,mp-10851,SiO2,combined_noise_0.002A_0.003,combined_perturbation,noise,1,20,1,0,0,0,large::mp-10851::reference,32.25223306752741
loose,large,large::mp-10851::combined_noise_0.015A_0.003,mp-10851,mp-10851,SiO2,combined_noise_0.015A_0.003,combined_perturbation,noise,1,20,1,0,0,0,large::mp-10851::reference,32.996528290212154
loose,large,large::mp-10851::combined_noise_0.050A_0.003,mp-10851,mp-10851,SiO2,combined_noise_0.050A_0.003,combined_perturbation,noise,1,20,1,0,0,0,large::mp-10851::reference,4.470346683636308
loose,large,large::mp-10851::combined_noise_0.002A_0.010,mp-10851,mp-10851,SiO2,combined_noise_0.002A_0.010,combined_perturbation,noise,1,20,1,0,0,0,large::mp-10851::reference,33.51361258327961
loose,large,large::mp-10851::combined_noise_0.015A_0.010,mp-10851,mp-10851,SiO2,combined_noise_0.015A_0.010,combined_perturbation,noise,1,20,1,0,0,0,large::mp-10851::reference,33.63652629032731
loose,large,large::mp-10851::combined_noise_0.050A_0.010,mp-10851,mp-10851,SiO2,combined_noise_0.050A_0.010,combined_perturbation,noise,1,20,1,0,0,0,large::mp-10851::reference,34.04414268769324
loose,large,large::mp-10851::combined_noise_0.002A_0.030,mp-10851,mp-10851,SiO2,combined_noise_0.002A_0.030,combined_perturbation,noise,1,20,1,0,0,0,large::mp-10851::reference,35.70082497596741
loose,large,large::mp-10851::combined_noise_0.015A_0.030,mp-10851,mp-10851,SiO2,combined_noise_0.015A_0.030,combined_perturbation,noise,1,20,1,0,0,0,large::mp-10851::reference,35.01339863985777
loose,large,large::mp-10851::combined_noise_0.050A_0.030,mp-10851,mp-10851,SiO2,combined_noise_0.050A_0.030,combined_perturbation,noise,1,20,1,0,0,0,large::mp-10851::reference,4.747801560908556
loose,large,large::mp-10948::conventional_standard,mp-10948,mp-10948,SiO2,conventional_standard,equivalent_transform,no_noise,1,20,4,0,3,0,large::mp-10064::reference|large::mp-1021503::reference|large::mp-1071820::reference|large::mp-10948::reference,26.96599319577217
loose,large,large::mp-10948::niggli_reduced,mp-10948,mp-10948,SiO2,niggli_reduced,equivalent_transform,no_noise,1,20,4,0,3,0,large::mp-10064::reference|large::mp-1021503::reference|large::mp-1071820::reference|large::mp-10948::reference,27.774002455174923
loose,large,large::mp-10948::origin_shifted,mp-10948,mp-10948,SiO2,origin_shifted,equivalent_transform,no_noise,1,20,4,0,3,0,large::mp-10064::reference|large::mp-1021503::reference|large::mp-1071820::reference|large::mp-10948::reference,27.771345142275095
loose,large,large::mp-10948::permuted_sites,mp-10948,mp-10948,SiO2,permuted_sites,equivalent_transform,no_noise,1,20,4,0,3,0,large::mp-10064::reference|large::mp-1021503::reference|large::mp-1071820::reference|large::mp-10948::reference,30.857533602043986
loose,large,large::mp-10948::combined_noise_0.002A_0.003,mp-10948,mp-10948,SiO2,combined_noise_0.002A_0.003,combined_perturbation,noise,1,20,4,0,3,0,large::mp-10064::reference|large::mp-1021503::reference|large::mp-1071820::reference|large::mp-10948::reference,28.039048751816154
loose,large,large::mp-10948::combined_noise_0.015A_0.003,mp-10948,mp-10948,SiO2,combined_noise_0.015A_0.003,combined_perturbation,noise,1,20,4,0,3,0,large::mp-10064::reference|large::mp-1021503::reference|large::mp-1071820::reference|large::mp-10948::reference,28.12985333800316
loose,large,large::mp-10948::combined_noise_0.050A_0.003,mp-10948,mp-10948,SiO2,combined_noise_0.050A_0.003,combined_perturbation,noise,1,20,4,0,3,0,large::mp-10064::reference|large::mp-1021503::reference|large::mp-1071820::reference|large::mp-10948::reference,27.804184513166547
loose,large,large::mp-10948::combined_noise_0.002A_0.010,mp-10948,mp-10948,SiO2,combined_noise_0.002A_0.010,combined_perturbation,noise,1,20,4,0,3,0,large::mp-10064::reference|large::mp-1021503::reference|large::mp-1071820::reference|large::mp-10948::reference,25.772997222840786
loose,large,large::mp-10948::combined_noise_0.015A_0.010,mp-10948,mp-10948,SiO2,combined_noise_0.015A_0.010,combined_perturbation,noise,1,20,4,0,3,0,large::mp-10064::reference|large::mp-1021503::reference|large::mp-1071820::reference|large::mp-10948::reference,27.618533954024315
loose,large,large::mp-10948::combined_noise_0.050A_0.010,mp-10948,mp-10948,SiO2,combined_noise_0.050A_0.010,combined_perturbation,noise,1,20,4,0,3,0,large::mp-10064::reference|large::mp-1021503::reference|large::mp-1071820::reference|large::mp-10948::reference,27.79954081401229
loose,large,large::mp-10948::combined_noise_0.002A_0.030,mp-10948,mp-10948,SiO2,combined_noise_0.002A_0.030,combined_perturbation,noise,1,20,4,0,3,0,large::mp-10064::reference|large::mp-1021503::reference|large::mp-1071820::reference|large::mp-10948::reference,31.127844406291842
loose,large,large::mp-10948::combined_noise_0.015A_0.030,mp-10948,mp-10948,SiO2,combined_noise_0.015A_0.030,combined_perturbation,noise,1,20,4,0,3,0,large::mp-10064::reference|large::mp-1021503::reference|large::mp-1071820::reference|large::mp-10948::reference,27.743911998346448
loose,large,large::mp-10948::combined_noise_0.050A_0.030,mp-10948,mp-10948,SiO2,combined_noise_0.050A_0.030,combined_perturbation,noise,1,20,4,0,3,0,large::mp-10064::reference|large::mp-1021503::reference|large::mp-1071820::reference|large::mp-10948::reference,27.886249655857682
loose,large,large::mp-11684::conventional_standard,mp-11684,mp-11684,SiO2,conventional_standard,equivalent_transform,no_noise,1,20,2,0,1,0,large::mp-11684::reference|large::mp-1201738::reference,15.993076607584953
loose,large,large::mp-11684::niggli_reduced,mp-11684,mp-11684,SiO2,niggli_reduced,equivalent_transform,no_noise,1,20,2,0,1,0,large::mp-11684::reference|large::mp-1201738::reference,16.78749292716384
loose,large,large::mp-11684::origin_shifted,mp-11684,mp-11684,SiO2,origin_shifted,equivalent_transform,no_noise,1,20,2,0,1,0,large::mp-11684::reference|large::mp-1201738::reference,16.896541172638535
loose,large,large::mp-11684::permuted_sites,mp-11684,mp-11684,SiO2,permuted_sites,equivalent_transform,no_noise,1,20,2,0,1,0,large::mp-11684::reference|large::mp-1201738::reference,18.85073854215443
loose,large,large::mp-11684::combined_noise_0.002A_0.003,mp-11684,mp-11684,SiO2,combined_noise_0.002A_0.003,combined_perturbation,noise,1,20,2,0,1,0,large::mp-11684::reference|large::mp-1201738::reference,16.385564783588052
loose,large,large::mp-11684::combined_noise_0.015A_0.003,mp-11684,mp-11684,SiO2,combined_noise_0.015A_0.003,combined_perturbation,noise,1,20,1,1,0,0,large::mp-11684::reference,75.46106348745525
loose,large,large::mp-11684::combined_noise_0.050A_0.003,mp-11684,mp-11684,SiO2,combined_noise_0.050A_0.003,combined_perturbation,noise,1,20,1,1,0,0,large::mp-11684::reference,75.12159396335483
loose,large,large::mp-11684::combined_noise_0.002A_0.010,mp-11684,mp-11684,SiO2,combined_noise_0.002A_0.010,combined_perturbation,noise,1,20,2,0,1,0,large::mp-11684::reference|large::mp-1201738::reference,15.77947349473834
loose,large,large::mp-11684::combined_noise_0.015A_0.010,mp-11684,mp-11684,SiO2,combined_noise_0.015A_0.010,combined_perturbation,noise,1,20,1,1,0,0,large::mp-11684::reference,74.13508379645646
loose,large,large::mp-11684::combined_noise_0.050A_0.010,mp-11684,mp-11684,SiO2,combined_noise_0.050A_0.010,combined_perturbation,noise,1,20,1,1,0,0,large::mp-11684::reference,74.85279051214457
loose,large,large::mp-11684::combined_noise_0.002A_0.030,mp-11684,mp-11684,SiO2,combined_noise_0.002A_0.030,combined_perturbation,noise,1,20,2,0,1,0,large::mp-11684::reference|large::mp-1201738::reference,15.319845754653215
loose,large,large::mp-11684::combined_noise_0.015A_0.030,mp-11684,mp-11684,SiO2,combined_noise_0.015A_0.030,combined_perturbation,noise,1,20,1,1,0,0,large::mp-11684::reference,67.95700100064278
loose,large,large::mp-11684::combined_noise_0.050A_0.030,mp-11684,mp-11684,SiO2,combined_noise_0.050A_0.030,combined_perturbation,noise,1,20,1,1,0,0,large::mp-11684::reference,72.78954868391156
loose,large,large::mp-1179447::conventional_standard,mp-1179447,mp-1179447,SiO2,conventional_standard,equivalent_transform,no_noise,1,20,1,0,0,0,large::mp-1179447::reference,3.2661781813949347
loose,large,large::mp-1179447::niggli_reduced,mp-1179447,mp-1179447,SiO2,niggli_reduced,equivalent_transform,no_noise,1,20,1,0,0,0,large::mp-1179447::reference,4.114341834560037
loose,large,large::mp-1179447::origin_shifted,mp-1179447,mp-1179447,SiO2,origin_shifted,equivalent_transform,no_noise,1,20,1,0,0,0,large::mp-1179447::reference,4.1496180687099695
loose,large,large::mp-1179447::permuted_sites,mp-1179447,mp-1179447,SiO2,permuted_sites,equivalent_transform,no_noise,1,20,1,0,0,0,large::mp-1179447::reference,6.06122568435967
loose,large,large::mp-1179447::combined_noise_0.002A_0.003,mp-1179447,mp-1179447,SiO2,combined_noise_0.002A_0.003,combined_perturbation,noise,1,20,1,0,0,0,large::mp-1179447::reference,4.1349981017410755
loose,large,large::mp-1179447::combined_noise_0.015A_0.003,mp-1179447,mp-1179447,SiO2,combined_noise_0.015A_0.003,combined_perturbation,noise,1,20,1,1,0,0,large::mp-1179447::reference,55.50021204352379
loose,large,large::mp-1179447::combined_noise_0.050A_0.003,mp-1179447,mp-1179447,SiO2,combined_noise_0.050A_0.003,combined_perturbation,noise,1,20,1,1,0,0,large::mp-1179447::reference,54.48856480419636
loose,large,large::mp-1179447::combined_noise_0.002A_0.010,mp-1179447,mp-1179447,SiO2,combined_noise_0.002A_0.010,combined_perturbation,noise,1,20,1,0,0,0,large::mp-1179447::reference,4.12653161585331
loose,large,large::mp-1179447::combined_noise_0.015A_0.010,mp-1179447,mp-1179447,SiO2,combined_noise_0.015A_0.010,combined_perturbation,noise,1,20,1,1,0,0,large::mp-1179447::reference,56.590592509135604
loose,large,large::mp-1179447::combined_noise_0.050A_0.010,mp-1179447,mp-1179447,SiO2,combined_noise_0.050A_0.010,combined_perturbation,noise,1,20,1,1,0,0,large::mp-1179447::reference,56.44707862474024
loose,large,large::mp-1179447::combined_noise_0.002A_0.030,mp-1179447,mp-1179447,SiO2,combined_noise_0.002A_0.030,combined_perturbation,noise,1,20,1,0,0,0,large::mp-1179447::reference,3.6630364637821913
loose,large,large::mp-1179447::combined_noise_0.015A_0.030,mp-1179447,mp-1179447,SiO2,combined_noise_0.015A_0.030,combined_perturbation,noise,1,20,1,1,0,0,large::mp-1179447::reference,55.34293325431645
loose,large,large::mp-1179447::combined_noise_0.050A_0.030,mp-1179447,mp-1179447,SiO2,combined_noise_0.050A_0.030,combined_perturbation,noise,1,20,1,0,0,0,large::mp-1179447::reference,45.48769532330334
loose,large,large::mp-1179454::conventional_standard,mp-1179454,mp-1179454,SiO2,conventional_standard,equivalent_transform,no_noise,1,20,1,0,0,0,large::mp-1179454::reference,17.600625336170197
loose,large,large::mp-1179454::niggli_reduced,mp-1179454,mp-1179454,SiO2,niggli_reduced,equivalent_transform,no_noise,1,20,1,0,0,0,large::mp-1179454::reference,18.337225982919335
loose,large,large::mp-1179454::origin_shifted,mp-1179454,mp-1179454,SiO2,origin_shifted,equivalent_transform,no_noise,1,20,1,0,0,0,large::mp-1179454::reference,18.272693088278174
loose,large,large::mp-1179454::permuted_sites,mp-1179454,mp-1179454,SiO2,permuted_sites,equivalent_transform,no_noise,1,20,1,0,0,0,large::mp-1179454::reference,20.030716439709067
loose,large,large::mp-1179454::combined_noise_0.002A_0.003,mp-1179454,mp-1179454,SiO2,combined_noise_0.002A_0.003,combined_perturbation,noise,1,20,1,0,0,0,large::mp-1179454::reference,18.360212616622448
loose,large,large::mp-1179454::combined_noise_0.015A_0.003,mp-1179454,mp-1179454,SiO2,combined_noise_0.015A_0.003,combined_perturbation,noise,1,20,1,0,0,0,large::mp-1179454::reference,16.123057773336768
loose,large,large::mp-1179454::combined_noise_0.050A_0.003,mp-1179454,mp-1179454,SiO2,combined_noise_0.050A_0.003,combined_perturbation,noise,1,20,1,0,0,0,large::mp-1179454::reference,9.246752809733152
loose,large,large::mp-1179454::combined_noise_0.002A_0.010,mp-1179454,mp-1179454,SiO2,combined_noise_0.002A_0.010,combined_perturbation,noise,1,20,1,0,0,0,large::mp-1179454::reference,18.0333555880934
loose,large,large::mp-1179454::combined_noise_0.015A_0.010,mp-1179454,mp-1179454,SiO2,combined_noise_0.015A_0.010,combined_perturbation,noise,1,20,1,0,0,0,large::mp-1179454::reference,22.032033674418926
loose,large,large::mp-1179454::combined_noise_0.050A_0.010,mp-1179454,mp-1179454,SiO2,combined_noise_0.050A_0.010,combined_perturbation,noise,1,20,1,1,0,0,large::mp-1179454::reference,67.24536829255521
loose,large,large::mp-1179454::combined_noise_0.002A_0.030,mp-1179454,mp-1179454,SiO2,combined_noise_0.002A_0.030,combined_perturbation,noise,1,20,1,0,0,0,large::mp-1179454::reference,23.616192983463407
loose,large,large::mp-1179454::combined_noise_0.015A_0.030,mp-1179454,mp-1179454,SiO2,combined_noise_0.015A_0.030,combined_perturbation,noise,1,20,1,0,0,0,large::mp-1179454::reference,24.578089712187648
loose,large,large::mp-1179454::combined_noise_0.050A_0.030,mp-1179454,mp-1179454,SiO2,combined_noise_0.050A_0.030,combined_perturbation,noise,1,20,1,0,0,0,large::mp-1179454::reference,7.337868750095367
loose,large,large::mp-1179488::conventional_standard,mp-1179488,mp-1179488,SiO2,conventional_standard,equivalent_transform,no_noise,1,20,1,0,0,0,large::mp-1179488::reference,21.385190153494477
loose,large,large::mp-1179488::niggli_reduced,mp-1179488,mp-1179488,SiO2,niggli_reduced,equivalent_transform,no_noise,1,20,1,0,0,0,large::mp-1179488::reference,21.00495746359229
loose,large,large::mp-1179488::origin_shifted,mp-1179488,mp-1179488,SiO2,origin_shifted,equivalent_transform,no_noise,1,20,1,0,0,0,large::mp-1179488::reference,20.86341230943799
loose,large,large::mp-1179488::permuted_sites,mp-1179488,mp-1179488,SiO2,permuted_sites,equivalent_transform,no_noise,1,20,1,0,0,0,large::mp-1179488::reference,24.715398151427507
loose,large,large::mp-1179488::combined_noise_0.002A_0.003,mp-1179488,mp-1179488,SiO2,combined_noise_0.002A_0.003,combined_perturbation,noise,1,20,1,0,0,0,large::mp-1179488::reference,20.851028317585588
loose,large,large::mp-1179488::combined_noise_0.015A_0.003,mp-1179488,mp-1179488,SiO2,combined_noise_0.015A_0.003,combined_perturbation,noise,1,20,1,0,0,0,large::mp-1179488::reference,21.140838004648685
loose,large,large::mp-1179488::combined_noise_0.050A_0.003,mp-1179488,mp-1179488,SiO2,combined_noise_0.050A_0.003,combined_perturbation,noise,1,20,1,1,0,0,large::mp-1179488::reference,67.0590838175267
loose,large,large::mp-1179488::combined_noise_0.002A_0.010,mp-1179488,mp-1179488,SiO2,combined_noise_0.002A_0.010,combined_perturbation,noise,1,20,1,0,0,0,large::mp-1179488::reference,22.333635810762644
loose,large,large::mp-1179488::combined_noise_0.015A_0.010,mp-1179488,mp-1179488,SiO2,combined_noise_0.015A_0.010,combined_perturbation,noise,1,20,1,0,0,0,large::mp-1179488::reference,20.38428753055632
loose,large,large::mp-1179488::combined_noise_0.050A_0.010,mp-1179488,mp-1179488,SiO2,combined_noise_0.050A_0.010,combined_perturbation,noise,1,20,1,1,0,0,large::mp-1179488::reference,65.81088048778474
loose,large,large::mp-1179488::combined_noise_0.002A_0.030,mp-1179488,mp-1179488,SiO2,combined_noise_0.002A_0.030,combined_perturbation,noise,1,20,1,0,0,0,large::mp-1179488::reference,22.596388466656208
loose,large,large::mp-1179488::combined_noise_0.015A_0.030,mp-1179488,mp-1179488,SiO2,combined_noise_0.015A_0.030,combined_perturbation,noise,1,20,1,0,0,0,large::mp-1179488::reference,22.40203490294516
loose,large,large::mp-1179488::combined_noise_0.050A_0.030,mp-1179488,mp-1179488,SiO2,combined_noise_0.050A_0.030,combined_perturbation,noise,1,20,1,1,0,0,large::mp-1179488::reference,67.60746108554304
loose,large,large::mp-1179529::conventional_standard,mp-1179529,mp-1179529,SiO2,conventional_standard,equivalent_transform,no_noise,1,20,1,0,0,0,large::mp-1179529::reference,3.500881729647517
loose,large,large::mp-1179529::niggli_reduced,mp-1179529,mp-1179529,SiO2,niggli_reduced,equivalent_transform,no_noise,1,20,1,0,0,0,large::mp-1179529::reference,4.268444936722517
loose,large,large::mp-1179529::origin_shifted,mp-1179529,mp-1179529,SiO2,origin_shifted,equivalent_transform,no_noise,1,20,1,0,0,0,large::mp-1179529::reference,4.623779810965061
loose,large,large::mp-1179529::permuted_sites,mp-1179529,mp-1179529,SiO2,permuted_sites,equivalent_transform,no_noise,1,20,1,0,0,0,large::mp-1179529::reference,5.841477436944842
loose,large,large::mp-1179529::combined_noise_0.002A_0.003,mp-1179529,mp-1179529,SiO2,combined_noise_0.002A_0.003,combined_perturbation,noise,1,20,1,0,0,0,large::mp-1179529::reference,4.308159599080682
loose,large,large::mp-1179529::combined_noise_0.015A_0.003,mp-1179529,mp-1179529,SiO2,combined_noise_0.015A_0.003,combined_perturbation,noise,1,20,1,0,0,0,large::mp-1179529::reference,4.289299853146076
loose,large,large::mp-1179529::combined_noise_0.050A_0.003,mp-1179529,mp-1179529,SiO2,combined_noise_0.050A_0.003,combined_perturbation,noise,1,20,1,0,0,0,large::mp-1179529::reference,4.343260399997234
loose,large,large::mp-1179529::combined_noise_0.002A_0.010,mp-1179529,mp-1179529,SiO2,combined_noise_0.002A_0.010,combined_perturbation,noise,1,20,1,0,0,0,large::mp-1179529::reference,4.254069896414876
loose,large,large::mp-1179529::combined_noise_0.015A_0.010,mp-1179529,mp-1179529,SiO2,combined_noise_0.015A_0.010,combined_perturbation,noise,1,20,1,0,0,0,large::mp-1179529::reference,4.48734525591135
loose,large,large::mp-1179529::combined_noise_0.050A_0.010,mp-1179529,mp-1179529,SiO2,combined_noise_0.050A_0.010,combined_perturbation,noise,1,20,1,0,0,0,large::mp-1179529::reference,4.367303945124149
loose,large,large::mp-1179529::combined_noise_0.002A_0.030,mp-1179529,mp-1179529,SiO2,combined_noise_0.002A_0.030,combined_perturbation,noise,1,20,1,0,0,0,large::mp-1179529::reference,4.5240743085742
loose,large,large::mp-1179529::combined_noise_0.015A_0.030,mp-1179529,mp-1179529,SiO2,combined_noise_0.015A_0.030,combined_perturbation,noise,1,20,1,0,0,0,large::mp-1179529::reference,4.401890002191067
loose,large,large::mp-1179529::combined_noise_0.050A_0.030,mp-1179529,mp-1179529,SiO2,combined_noise_0.050A_0.030,combined_perturbation,noise,1,20,1,0,0,0,large::mp-1179529::reference,4.375633351504803
loose,large,large::mp-1188220::conventional_standard,mp-1188220,mp-1188220,SiO2,conventional_standard,equivalent_transform,no_noise,1,20,1,0,0,0,large::mp-1188220::reference,7.088884828612208
loose,large,large::mp-1188220::niggli_reduced,mp-1188220,mp-1188220,SiO2,niggli_reduced,equivalent_transform,no_noise,1,20,1,0,0,0,large::mp-1188220::reference,7.8865112997591496
loose,large,large::mp-1188220::origin_shifted,mp-1188220,mp-1188220,SiO2,origin_shifted,equivalent_transform,no_noise,1,20,1,0,0,0,large::mp-1188220::reference,7.89550113864243
loose,large,large::mp-1188220::permuted_sites,mp-1188220,mp-1188220,SiO2,permuted_sites,equivalent_transform,no_noise,1,20,1,0,0,0,large::mp-1188220::reference,9.43864875100553
loose,large,large::mp-1188220::combined_noise_0.002A_0.003,mp-1188220,mp-1188220,SiO2,combined_noise_0.002A_0.003,combined_perturbation,noise,1,20,1,0,0,0,large::mp-1188220::reference,7.916600747033954
loose,large,large::mp-1188220::combined_noise_0.015A_0.003,mp-1188220,mp-1188220,SiO2,combined_noise_0.015A_0.003,combined_perturbation,noise,1,20,1,0,0,0,large::mp-1188220::reference,4.954526839777827
loose,large,large::mp-1188220::combined_noise_0.050A_0.003,mp-1188220,mp-1188220,SiO2,combined_noise_0.050A_0.003,combined_perturbation,noise,1,20,1,0,0,0,large::mp-1188220::reference,26.413293598219752
loose,large,large::mp-1188220::combined_noise_0.002A_0.010,mp-1188220,mp-1188220,SiO2,combined_noise_0.002A_0.010,combined_perturbation,noise,1,20,1,0,0,0,large::mp-1188220::reference,7.856637412682176
loose,large,large::mp-1188220::combined_noise_0.015A_0.010,mp-1188220,mp-1188220,SiO2,combined_noise_0.015A_0.010,combined_perturbation,noise,1,20,1,0,0,0,large::mp-1188220::reference,5.015377240255475
loose,large,large::mp-1188220::combined_noise_0.050A_0.010,mp-1188220,mp-1188220,SiO2,combined_noise_0.050A_0.010,combined_perturbation,noise,1,20,1,0,0,0,large::mp-1188220::reference,26.270547907799482
loose,large,large::mp-1188220::combined_noise_0.002A_0.030,mp-1188220,mp-1188220,SiO2,combined_noise_0.002A_0.030,combined_perturbation,noise,1,20,1,0,0,0,large::mp-1188220::reference,7.697344126179814
loose,large,large::mp-1188220::combined_noise_0.015A_0.030,mp-1188220,mp-1188220,SiO2,combined_noise_0.015A_0.030,combined_perturbation,noise,1,20,1,0,0,0,large::mp-1188220::reference,4.5221463441848755
loose,large,large::mp-1188220::combined_noise_0.050A_0.030,mp-1188220,mp-1188220,SiO2,combined_noise_0.050A_0.030,combined_perturbation,noise,1,20,1,0,0,0,large::mp-1188220::reference,21.426507264375687
loose,large,large::mp-1195265::conventional_standard,mp-1195265,mp-1195265,SiO2,conventional_standard,equivalent_transform,no_noise,1,20,2,1,1,0,large::mp-1195265::reference|large::mp-1200292::reference,76.51500791125
loose,large,large::mp-1195265::niggli_reduced,mp-1195265,mp-1195265,SiO2,niggli_reduced,equivalent_transform,no_noise,1,20,2,1,1,0,large::mp-1195265::reference|large::mp-1200292::reference,72.4516135212034
loose,large,large::mp-1195265::origin_shifted,mp-1195265,mp-1195265,SiO2,origin_shifted,equivalent_transform,no_noise,1,20,2,1,1,0,large::mp-1195265::reference|large::mp-1200292::reference,71.96233129128814
loose,large,large::mp-1195265::permuted_sites,mp-1195265,mp-1195265,SiO2,permuted_sites,equivalent_transform,no_noise,1,20,2,1,1,0,large::mp-1195265::reference|large::mp-1200292::reference,85.29871987178922
loose,large,large::mp-1195265::combined_noise_0.002A_0.003,mp-1195265,mp-1195265,SiO2,combined_noise_0.002A_0.003,combined_perturbation,noise,1,20,2,1,1,0,large::mp-1195265::reference|large::mp-1200292::reference,73.85163813456893
loose,large,large::mp-1195265::combined_noise_0.015A_0.003,mp-1195265,mp-1195265,SiO2,combined_noise_0.015A_0.003,combined_perturbation,noise,1,20,2,1,1,0,large::mp-1195265::reference|large::mp-1200292::reference,72.82912354916334
loose,large,large::mp-1195265::combined_noise_0.050A_0.003,mp-1195265,mp-1195265,SiO2,combined_noise_0.050A_0.003,combined_perturbation,noise,1,20,2,1,1,0,large::mp-1195265::reference|large::mp-1200292::reference,74.34467326290905
loose,large,large::mp-1195265::combined_noise_0.002A_0.010,mp-1195265,mp-1195265,SiO2,combined_noise_0.002A_0.010,combined_perturbation,noise,1,20,2,1,1,0,large::mp-1195265::reference|large::mp-1200292::reference,74.26379311084747
loose,large,large::mp-1195265::combined_noise_0.015A_0.010,mp-1195265,mp-1195265,SiO2,combined_noise_0.015A_0.010,combined_perturbation,noise,1,20,2,1,1,0,large::mp-1195265::reference|large::mp-1200292::reference,71.83446143008769
loose,large,large::mp-1195265::combined_noise_0.050A_0.010,mp-1195265,mp-1195265,SiO2,combined_noise_0.050A_0.010,combined_perturbation,noise,1,20,2,1,1,0,large::mp-1195265::reference|large::mp-1200292::reference,75.39325579814613
loose,large,large::mp-1195265::combined_noise_0.002A_0.030,mp-1195265,mp-1195265,SiO2,combined_noise_0.002A_0.030,combined_perturbation,noise,1,20,2,1,1,0,large::mp-1195265::reference|large::mp-1200292::reference,74.1887472011149
loose,large,large::mp-1195265::combined_noise_0.015A_0.030,mp-1195265,mp-1195265,SiO2,combined_noise_0.015A_0.030,combined_perturbation,noise,1,20,2,1,1,0,large::mp-1195265::reference|large::mp-1200292::reference,71.78890296071768
loose,large,large::mp-1195265::combined_noise_0.050A_0.030,mp-1195265,mp-1195265,SiO2,combined_noise_0.050A_0.030,combined_perturbation,noise,1,20,2,1,1,0,large::mp-1195265::reference|large::mp-1200292::reference,72.58599038049579
loose,large,large::mp-1199998::conventional_standard,mp-1199998,mp-1199998,SiO2,conventional_standard,equivalent_transform,no_noise,1,20,1,0,0,0,large::mp-1199998::reference,8.81182568706572
loose,large,large::mp-1199998::niggli_reduced,mp-1199998,mp-1199998,SiO2,niggli_reduced,equivalent_transform,no_noise,1,20,1,0,0,0,large::mp-1199998::reference,6.103136355057359
loose,large,large::mp-1199998::origin_shifted,mp-1199998,mp-1199998,SiO2,origin_shifted,equivalent_transform,no_noise,1,20,1,0,0,0,large::mp-1199998::reference,6.113659612834454
loose,large,large::mp-1199998::permuted_sites,mp-1199998,mp-1199998,SiO2,permuted_sites,equivalent_transform,no_noise,1,20,1,0,0,0,large::mp-1199998::reference,7.838747061789036
loose,large,large::mp-1199998::combined_noise_0.002A_0.003,mp-1199998,mp-1199998,SiO2,combined_noise_0.002A_0.003,combined_perturbation,noise,1,20,1,0,0,0,large::mp-1199998::reference,6.228999573737383
loose,large,large::mp-1199998::combined_noise_0.015A_0.003,mp-1199998,mp-1199998,SiO2,combined_noise_0.015A_0.003,combined_perturbation,noise,1,20,1,0,0,0,large::mp-1199998::reference,6.081704255193472
loose,large,large::mp-1199998::combined_noise_0.050A_0.003,mp-1199998,mp-1199998,SiO2,combined_noise_0.050A_0.003,combined_perturbation,noise,1,20,1,0,0,0,large::mp-1199998::reference,6.176671465858817
loose,large,large::mp-1199998::combined_noise_0.002A_0.010,mp-1199998,mp-1199998,SiO2,combined_noise_0.002A_0.010,combined_perturbation,noise,1,20,1,0,0,0,large::mp-1199998::reference,6.350958377122879
loose,large,large::mp-1199998::combined_noise_0.015A_0.010,mp-1199998,mp-1199998,SiO2,combined_noise_0.015A_0.010,combined_perturbation,noise,1,20,1,0,0,0,large::mp-1199998::reference,6.572183107957244
loose,large,large::mp-1199998::combined_noise_0.050A_0.010,mp-1199998,mp-1199998,SiO2,combined_noise_0.050A_0.010,combined_perturbation,noise,1,20,1,0,0,0,large::mp-1199998::reference,6.2267923429608345
loose,large,large::mp-1199998::combined_noise_0.002A_0.030,mp-1199998,mp-1199998,SiO2,combined_noise_0.002A_0.030,combined_perturbation,noise,1,20,1,0,0,0,large::mp-1199998::reference,6.659156911075115
loose,large,large::mp-1199998::combined_noise_0.015A_0.030,mp-1199998,mp-1199998,SiO2,combined_noise_0.015A_0.030,combined_perturbation,noise,1,20,1,0,0,0,large::mp-1199998::reference,6.327034266665578
loose,large,large::mp-1199998::combined_noise_0.050A_0.030,mp-1199998,mp-1199998,SiO2,combined_noise_0.050A_0.030,combined_perturbation,noise,1,20,1,0,0,0,large::mp-1199998::reference,6.730169914662838
loose,large,large::mp-1200292::conventional_standard,mp-1200292,mp-1200292,SiO2,conventional_standard,equivalent_transform,no_noise,1,20,2,1,1,0,large::mp-1195265::reference|large::mp-1200292::reference,85.68178914487362
loose,large,large::mp-1200292::niggli_reduced,mp-1200292,mp-1200292,SiO2,niggli_reduced,equivalent_transform,no_noise,1,20,2,1,1,0,large::mp-1195265::reference|large::mp-1200292::reference,76.46597696840763
loose,large,large::mp-1200292::origin_shifted,mp-1200292,mp-1200292,SiO2,origin_shifted,equivalent_transform,no_noise,1,20,2,1,1,0,large::mp-1195265::reference|large::mp-1200292::reference,76.35564285889268
loose,large,large::mp-1200292::permuted_sites,mp-1200292,mp-1200292,SiO2,permuted_sites,equivalent_transform,no_noise,1,20,2,1,1,0,large::mp-1195265::reference|large::mp-1200292::reference,95.0090133100748
loose,large,large::mp-1200292::combined_noise_0.002A_0.003,mp-1200292,mp-1200292,SiO2,combined_noise_0.002A_0.003,combined_perturbation,noise,1,20,2,1,1,0,large::mp-1195265::reference|large::mp-1200292::reference,76.46709911711514
loose,large,large::mp-1200292::combined_noise_0.015A_0.003,mp-1200292,mp-1200292,SiO2,combined_noise_0.015A_0.003,combined_perturbation,noise,1,20,2,1,1,0,large::mp-1195265::reference|large::mp-1200292::reference,75.72545631788671
loose,large,large::mp-1200292::combined_noise_0.050A_0.003,mp-1200292,mp-1200292,SiO2,combined_noise_0.050A_0.003,combined_perturbation,noise,1,20,2,1,1,0,large::mp-1195265::reference|large::mp-1200292::reference,75.49094818159938
loose,large,large::mp-1200292::combined_noise_0.002A_0.010,mp-1200292,mp-1200292,SiO2,combined_noise_0.002A_0.010,combined_perturbation,noise,1,20,2,1,1,0,large::mp-1195265::reference|large::mp-1200292::reference,78.1974039748311
loose,large,large::mp-1200292::combined_noise_0.015A_0.010,mp-1200292,mp-1200292,SiO2,combined_noise_0.015A_0.010,combined_perturbation,noise,1,20,2,1,1,0,large::mp-1195265::reference|large::mp-1200292::reference,77.67374552972615
loose,large,large::mp-1200292::combined_noise_0.050A_0.010,mp-1200292,mp-1200292,SiO2,combined_noise_0.050A_0.010,combined_perturbation,noise,1,20,2,1,1,0,large::mp-1195265::reference|large::mp-1200292::reference,75.55857958644629
loose,large,large::mp-1200292::combined_noise_0.002A_0.030,mp-1200292,mp-1200292,SiO2,combined_noise_0.002A_0.030,combined_perturbation,noise,1,20,2,1,1,0,large::mp-1195265::reference|large::mp-1200292::reference,76.62431975267828
loose,large,large::mp-1200292::combined_noise_0.015A_0.030,mp-1200292,mp-1200292,SiO2,combined_noise_0.015A_0.030,combined_perturbation,noise,1,20,2,1,1,0,large::mp-1195265::reference|large::mp-1200292::reference,78.389090616256
loose,large,large::mp-1200292::combined_noise_0.050A_0.030,mp-1200292,mp-1200292,SiO2,combined_noise_0.050A_0.030,combined_perturbation,noise,1,20,2,1,1,0,large::mp-1195265::reference|large::mp-1200292::reference,76.94313425943255
loose,large,large::mp-1200685::conventional_standard,mp-1200685,mp-1200685,SiO2,conventional_standard,equivalent_transform,no_noise,1,20,1,0,0,0,large::mp-1200685::reference,4.232636123895645
loose,large,large::mp-1200685::niggli_reduced,mp-1200685,mp-1200685,SiO2,niggli_reduced,equivalent_transform,no_noise,1,20,1,0,0,0,large::mp-1200685::reference,5.026633435860276
loose,large,large::mp-1200685::origin_shifted,mp-1200685,mp-1200685,SiO2,origin_shifted,equivalent_transform,no_noise,1,20,1,0,0,0,large::mp-1200685::reference,5.064260475337505
loose,large,large::mp-1200685::permuted_sites,mp-1200685,mp-1200685,SiO2,permuted_sites,equivalent_transform,no_noise,1,20,1,0,0,0,large::mp-1200685::reference,5.5466697383672
loose,large,large::mp-1200685::combined_noise_0.002A_0.003,mp-1200685,mp-1200685,SiO2,combined_noise_0.002A_0.003,combined_perturbation,noise,1,20,1,0,0,0,large::mp-1200685::reference,5.1616941802203655
loose,large,large::mp-1200685::combined_noise_0.015A_0.003,mp-1200685,mp-1200685,SiO2,combined_noise_0.015A_0.003,combined_perturbation,noise,1,20,1,0,0,0,large::mp-1200685::reference,48.683540876954794
loose,large,large::mp-1200685::combined_noise_0.050A_0.003,mp-1200685,mp-1200685,SiO2,combined_noise_0.050A_0.003,combined_perturbation,noise,1,20,1,0,0,0,large::mp-1200685::reference,47.20377995446324
loose,large,large::mp-1200685::combined_noise_0.002A_0.010,mp-1200685,mp-1200685,SiO2,combined_noise_0.002A_0.010,combined_perturbation,noise,1,20,1,0,0,0,large::mp-1200685::reference,5.429748916998506
loose,large,large::mp-1200685::combined_noise_0.015A_0.010,mp-1200685,mp-1200685,SiO2,combined_noise_0.015A_0.010,combined_perturbation,noise,1,20,1,0,0,0,large::mp-1200685::reference,49.60546845942736
loose,large,large::mp-1200685::combined_noise_0.050A_0.010,mp-1200685,mp-1200685,SiO2,combined_noise_0.050A_0.010,combined_perturbation,noise,1,20,1,0,0,0,large::mp-1200685::reference,45.380981132388115
loose,large,large::mp-1200685::combined_noise_0.002A_0.030,mp-1200685,mp-1200685,SiO2,combined_noise_0.002A_0.030,combined_perturbation,noise,1,20,1,0,0,0,large::mp-1200685::reference,5.8532693181186914
loose,large,large::mp-1200685::combined_noise_0.015A_0.030,mp-1200685,mp-1200685,SiO2,combined_noise_0.015A_0.030,combined_perturbation,noise,1,20,1,1,0,0,large::mp-1200685::reference,51.45447324588895
loose,large,large::mp-1200685::combined_noise_0.050A_0.030,mp-1200685,mp-1200685,SiO2,combined_noise_0.050A_0.030,combined_perturbation,noise,1,20,1,0,0,0,large::mp-1200685::reference,40.96648738346994
loose,large,large::mp-1201738::conventional_standard,mp-1201738,mp-1201738,SiO2,conventional_standard,equivalent_transform,no_noise,1,20,2,1,1,0,large::mp-11684::reference|large::mp-1201738::reference,47.89942539297044
loose,large,large::mp-1201738::niggli_reduced,mp-1201738,mp-1201738,SiO2,niggli_reduced,equivalent_transform,no_noise,1,20,2,1,1,0,large::mp-11684::reference|large::mp-1201738::reference,49.72038434818387
loose,large,large::mp-1201738::origin_shifted,mp-1201738,mp-1201738,SiO2,origin_shifted,equivalent_transform,no_noise,1,20,2,1,1,0,large::mp-11684::reference|large::mp-1201738::reference,50.19490212388337
loose,large,large::mp-1201738::permuted_sites,mp-1201738,mp-1201738,SiO2,permuted_sites,equivalent_transform,no_noise,1,20,2,1,1,0,large::mp-11684::reference|large::mp-1201738::reference,54.143180990591645
loose,large,large::mp-1201738::combined_noise_0.002A_0.003,mp-1201738,mp-1201738,SiO2,combined_noise_0.002A_0.003,combined_perturbation,noise,1,20,2,1,1,0,large::mp-11684::reference|large::mp-1201738::reference,49.801553785800934
loose,large,large::mp-1201738::combined_noise_0.015A_0.003,mp-1201738,mp-1201738,SiO2,combined_noise_0.015A_0.003,combined_perturbation,noise,1,20,2,1,1,0,large::mp-11684::reference|large::mp-1201738::reference,50.42398110963404
loose,large,large::mp-1201738::combined_noise_0.050A_0.003,mp-1201738,mp-1201738,SiO2,combined_noise_0.050A_0.003,combined_perturbation,noise,1,20,2,4,1,0,large::mp-11684::reference|large::mp-1201738::reference,160.24562813341618
loose,large,large::mp-1201738::combined_noise_0.002A_0.010,mp-1201738,mp-1201738,SiO2,combined_noise_0.002A_0.010,combined_perturbation,noise,1,20,2,1,1,0,large::mp-11684::reference|large::mp-1201738::reference,46.63089254125953
loose,large,large::mp-1201738::combined_noise_0.015A_0.010,mp-1201738,mp-1201738,SiO2,combined_noise_0.015A_0.010,combined_perturbation,noise,1,20,2,1,1,0,large::mp-11684::reference|large::mp-1201738::reference,49.76061566732824
loose,large,large::mp-1201738::combined_noise_0.050A_0.010,mp-1201738,mp-1201738,SiO2,combined_noise_0.050A_0.010,combined_perturbation,noise,1,20,2,4,1,0,large::mp-11684::reference|large::mp-1201738::reference,157.82189680077136
loose,large,large::mp-1201738::combined_noise_0.002A_0.030,mp-1201738,mp-1201738,SiO2,combined_noise_0.002A_0.030,combined_perturbation,noise,1,20,2,1,1,0,large::mp-11684::reference|large::mp-1201738::reference,45.57214712910354
loose,large,large::mp-1201738::combined_noise_0.015A_0.030,mp-1201738,mp-1201738,SiO2,combined_noise_0.015A_0.030,combined_perturbation,noise,1,20,2,1,1,0,large::mp-11684::reference|large::mp-1201738::reference,47.503690926358104
loose,large,large::mp-1201738::combined_noise_0.050A_0.030,mp-1201738,mp-1201738,SiO2,combined_noise_0.050A_0.030,combined_perturbation,noise,1,20,2,4,1,0,large::mp-11684::reference|large::mp-1201738::reference,155.42536479234695
loose,large,large::mp-1201887::conventional_standard,mp-1201887,mp-1201887,SiO2,conventional_standard,equivalent_transform,no_noise,1,20,1,0,0,0,large::mp-1201887::reference,5.800837729126215
loose,large,large::mp-1201887::niggli_reduced,mp-1201887,mp-1201887,SiO2,niggli_reduced,equivalent_transform,no_noise,1,20,1,0,0,0,large::mp-1201887::reference,6.908520540222526
loose,large,large::mp-1201887::origin_shifted,mp-1201887,mp-1201887,SiO2,origin_shifted,equivalent_transform,no_noise,1,20,1,0,0,0,large::mp-1201887::reference,6.934730088338256
loose,large,large::mp-1201887::permuted_sites,mp-1201887,mp-1201887,SiO2,permuted_sites,equivalent_transform,no_noise,1,20,1,0,0,0,large::mp-1201887::reference,9.879362175241113
loose,large,large::mp-1201887::combined_noise_0.002A_0.003,mp-1201887,mp-1201887,SiO2,combined_noise_0.002A_0.003,combined_perturbation,noise,1,20,1,0,0,0,large::mp-1201887::reference,6.753879578784108
loose,large,large::mp-1201887::combined_noise_0.015A_0.003,mp-1201887,mp-1201887,SiO2,combined_noise_0.015A_0.003,combined_perturbation,noise,1,20,1,0,0,0,large::mp-1201887::reference,7.023454023525119
loose,large,large::mp-1201887::combined_noise_0.050A_0.003,mp-1201887,mp-1201887,SiO2,combined_noise_0.050A_0.003,combined_perturbation,noise,1,20,1,0,0,0,large::mp-1201887::reference,11.464360356330872
loose,large,large::mp-1201887::combined_noise_0.002A_0.010,mp-1201887,mp-1201887,SiO2,combined_noise_0.002A_0.010,combined_perturbation,noise,1,20,1,0,0,0,large::mp-1201887::reference,6.820291901007295
loose,large,large::mp-1201887::combined_noise_0.015A_0.010,mp-1201887,mp-1201887,SiO2,combined_noise_0.015A_0.010,combined_perturbation,noise,1,20,1,0,0,0,large::mp-1201887::reference,6.820151600986719
loose,large,large::mp-1201887::combined_noise_0.050A_0.010,mp-1201887,mp-1201887,SiO2,combined_noise_0.050A_0.010,combined_perturbation,noise,1,20,1,0,0,0,large::mp-1201887::reference,11.615471042692661
loose,large,large::mp-1201887::combined_noise_0.002A_0.030,mp-1201887,mp-1201887,SiO2,combined_noise_0.002A_0.030,combined_perturbation,noise,1,20,1,0,0,0,large::mp-1201887::reference,6.7194962203502655
loose,large,large::mp-1201887::combined_noise_0.015A_0.030,mp-1201887,mp-1201887,SiO2,combined_noise_0.015A_0.030,combined_perturbation,noise,1,20,1,0,0,0,large::mp-1201887::reference,6.834361059591174
loose,large,large::mp-1201887::combined_noise_0.050A_0.030,mp-1201887,mp-1201887,SiO2,combined_noise_0.050A_0.030,combined_perturbation,noise,1,20,1,0,0,0,large::mp-1201887::reference,10.90211757645011
loose,large,large::mp-1203655::conventional_standard,mp-1203655,mp-1203655,SiO2,conventional_standard,equivalent_transform,no_noise,1,20,1,0,0,0,large::mp-1203655::reference,13.326781572774053
loose,large,large::mp-1203655::niggli_reduced,mp-1203655,mp-1203655,SiO2,niggli_reduced,equivalent_transform,no_noise,1,20,1,0,0,0,large::mp-1203655::reference,12.876936044543982
loose,large,large::mp-1203655::origin_shifted,mp-1203655,mp-1203655,SiO2,origin_shifted,equivalent_transform,no_noise,1,20,1,0,0,0,large::mp-1203655::reference,12.990383775904775
loose,large,large::mp-1203655::permuted_sites,mp-1203655,mp-1203655,SiO2,permuted_sites,equivalent_transform,no_noise,1,20,1,0,0,0,large::mp-1203655::reference,17.741717593744397
loose,large,large::mp-1203655::combined_noise_0.002A_0.003,mp-1203655,mp-1203655,SiO2,combined_noise_0.002A_0.003,combined_perturbation,noise,1,20,1,0,0,0,large::mp-1203655::reference,12.595652082934976
loose,large,large::mp-1203655::combined_noise_0.015A_0.003,mp-1203655,mp-1203655,SiO2,combined_noise_0.015A_0.003,combined_perturbation,noise,1,20,1,0,0,0,large::mp-1203655::reference,13.031734863296151
loose,large,large::mp-1203655::combined_noise_0.050A_0.003,mp-1203655,mp-1203655,SiO2,combined_noise_0.050A_0.003,combined_perturbation,noise,1,20,1,0,0,0,large::mp-1203655::reference,13.47689345665276
loose,large,large::mp-1203655::combined_noise_0.002A_0.010,mp-1203655,mp-1203655,SiO2,combined_noise_0.002A_0.010,combined_perturbation,noise,1,20,1,0,0,0,large::mp-1203655::reference,12.515574499964714
loose,large,large::mp-1203655::combined_noise_0.015A_0.010,mp-1203655,mp-1203655,SiO2,combined_noise_0.015A_0.010,combined_perturbation,noise,1,20,1,0,0,0,large::mp-1203655::reference,12.670516865327954
loose,large,large::mp-1203655::combined_noise_0.050A_0.010,mp-1203655,mp-1203655,SiO2,combined_noise_0.050A_0.010,combined_perturbation,noise,1,20,1,0,0,0,large::mp-1203655::reference,13.282303327694535
loose,large,large::mp-1203655::combined_noise_0.002A_0.030,mp-1203655,mp-1203655,SiO2,combined_noise_0.002A_0.030,combined_perturbation,noise,1,20,1,0,0,0,large::mp-1203655::reference,14.595697483047843
loose,large,large::mp-1203655::combined_noise_0.015A_0.030,mp-1203655,mp-1203655,SiO2,combined_noise_0.015A_0.030,combined_perturbation,noise,1,20,1,0,0,0,large::mp-1203655::reference,12.448598893359303
loose,large,large::mp-1203655::combined_noise_0.050A_0.030,mp-1203655,mp-1203655,SiO2,combined_noise_0.050A_0.030,combined_perturbation,noise,1,20,1,0,0,0,large::mp-1203655::reference,15.633253755047917
loose,large,large::mp-1204026::conventional_standard,mp-1204026,mp-1204026,SiO2,conventional_standard,equivalent_transform,no_noise,1,20,1,5,0,0,large::mp-1204026::reference,203.57101604901254
loose,large,large::mp-1204026::niggli_reduced,mp-1204026,mp-1204026,SiO2,niggli_reduced,equivalent_transform,no_noise,1,20,1,5,0,0,large::mp-1204026::reference,200.26369562000036
loose,large,large::mp-1204026::origin_shifted,mp-1204026,mp-1204026,SiO2,origin_shifted,equivalent_transform,no_noise,1,20,1,5,0,0,large::mp-1204026::reference,200.6684717219323
loose,large,large::mp-1204026::permuted_sites,mp-1204026,mp-1204026,SiO2,permuted_sites,equivalent_transform,no_noise,1,20,1,5,0,0,large::mp-1204026::reference,202.61481787636876
loose,large,large::mp-1204026::combined_noise_0.002A_0.003,mp-1204026,mp-1204026,SiO2,combined_noise_0.002A_0.003,combined_perturbation,noise,1,20,1,5,0,0,large::mp-1204026::reference,197.5051013994962
loose,large,large::mp-1204026::combined_noise_0.015A_0.003,mp-1204026,mp-1204026,SiO2,combined_noise_0.015A_0.003,combined_perturbation,noise,1,20,1,5,0,0,large::mp-1204026::reference,198.8403786458075
loose,large,large::mp-1204026::combined_noise_0.050A_0.003,mp-1204026,mp-1204026,SiO2,combined_noise_0.050A_0.003,combined_perturbation,noise,1,20,1,5,0,0,large::mp-1204026::reference,198.7739811334759
loose,large,large::mp-1204026::combined_noise_0.002A_0.010,mp-1204026,mp-1204026,SiO2,combined_noise_0.002A_0.010,combined_perturbation,noise,1,20,1,5,0,0,large::mp-1204026::reference,196.57318531535566
loose,large,large::mp-1204026::combined_noise_0.015A_0.010,mp-1204026,mp-1204026,SiO2,combined_noise_0.015A_0.010,combined_perturbation,noise,1,20,1,5,0,0,large::mp-1204026::reference,196.52916274778545
loose,large,large::mp-1204026::combined_noise_0.050A_0.010,mp-1204026,mp-1204026,SiO2,combined_noise_0.050A_0.010,combined_perturbation,noise,1,20,1,5,0,0,large::mp-1204026::reference,197.35369493439794
loose,large,large::mp-1204026::combined_noise_0.002A_0.030,mp-1204026,mp-1204026,SiO2,combined_noise_0.002A_0.030,combined_perturbation,noise,1,20,1,4,0,0,large::mp-1204026::reference,191.82301295921206
loose,large,large::mp-1204026::combined_noise_0.015A_0.030,mp-1204026,mp-1204026,SiO2,combined_noise_0.015A_0.030,combined_perturbation,noise,1,20,1,4,0,0,large::mp-1204026::reference,192.814149023965
loose,large,large::mp-1204026::combined_noise_0.050A_0.030,mp-1204026,mp-1204026,SiO2,combined_noise_0.050A_0.030,combined_perturbation,noise,1,20,1,5,0,0,large::mp-1204026::reference,191.96562047861516
loose,large,large::mp-1204057::conventional_standard,mp-1204057,mp-1204057,SiO2,conventional_standard,equivalent_transform,no_noise,1,20,1,1,0,0,large::mp-1204057::reference,71.78001604042947
loose,large,large::mp-1204057::niggli_reduced,mp-1204057,mp-1204057,SiO2,niggli_reduced,equivalent_transform,no_noise,1,20,1,1,0,0,large::mp-1204057::reference,76.98367349244654
loose,large,large::mp-1204057::origin_shifted,mp-1204057,mp-1204057,SiO2,origin_shifted,equivalent_transform,no_noise,1,20,1,1,0,0,large::mp-1204057::reference,66.7409385908395
loose,large,large::mp-1204057::permuted_sites,mp-1204057,mp-1204057,SiO2,permuted_sites,equivalent_transform,no_noise,1,20,1,1,0,0,large::mp-1204057::reference,77.69090453721583
loose,large,large::mp-1204057::combined_noise_0.002A_0.003,mp-1204057,mp-1204057,SiO2,combined_noise_0.002A_0.003,combined_perturbation,noise,1,20,1,1,0,0,large::mp-1204057::reference,66.05618880316615
loose,large,large::mp-1204057::combined_noise_0.015A_0.003,mp-1204057,mp-1204057,SiO2,combined_noise_0.015A_0.003,combined_perturbation,noise,1,20,1,1,0,0,large::mp-1204057::reference,66.63436142355204
loose,large,large::mp-1204057::combined_noise_0.050A_0.003,mp-1204057,mp-1204057,SiO2,combined_noise_0.050A_0.003,combined_perturbation,noise,1,20,1,1,0,0,large::mp-1204057::reference,67.20504665002227
loose,large,large::mp-1204057::combined_noise_0.002A_0.010,mp-1204057,mp-1204057,SiO2,combined_noise_0.002A_0.010,combined_perturbation,noise,1,20,1,1,0,0,large::mp-1204057::reference,69.85912428423762
loose,large,large::mp-1204057::combined_noise_0.015A_0.010,mp-1204057,mp-1204057,SiO2,combined_noise_0.015A_0.010,combined_perturbation,noise,1,20,1,1,0,0,large::mp-1204057::reference,65.77964777871966
loose,large,large::mp-1204057::combined_noise_0.050A_0.010,mp-1204057,mp-1204057,SiO2,combined_noise_0.050A_0.010,combined_perturbation,noise,1,20,1,1,0,0,large::mp-1204057::reference,68.95126302354038
loose,large,large::mp-1204057::combined_noise_0.002A_0.030,mp-1204057,mp-1204057,SiO2,combined_noise_0.002A_0.030,combined_perturbation,noise,1,20,1,1,0,0,large::mp-1204057::reference,67.56502228043973
loose,large,large::mp-1204057::combined_noise_0.015A_0.030,mp-1204057,mp-1204057,SiO2,combined_noise_0.015A_0.030,combined_perturbation,noise,1,20,1,1,0,0,large::mp-1204057::reference,64.092769311741
loose,large,large::mp-1204057::combined_noise_0.050A_0.030,mp-1204057,mp-1204057,SiO2,combined_noise_0.050A_0.030,combined_perturbation,noise,1,20,1,1,0,0,large::mp-1204057::reference,64.99097980558872
loose,large,large::mp-1008677::conventional_standard,mp-1008677,mp-1008677,TiO2,conventional_standard,equivalent_transform,no_noise,1,20,3,0,2,0,large::mp-1008677::reference|large::mp-1102591::reference|large::mp-1190753::reference,5.874717220664024
loose,large,large::mp-1008677::niggli_reduced,mp-1008677,mp-1008677,TiO2,niggli_reduced,equivalent_transform,no_noise,1,20,3,0,2,0,large::mp-1008677::reference|large::mp-1102591::reference|large::mp-1190753::reference,7.380430651828647
loose,large,large::mp-1008677::origin_shifted,mp-1008677,mp-1008677,TiO2,origin_shifted,equivalent_transform,no_noise,1,20,3,0,2,0,large::mp-1008677::reference|large::mp-1102591::reference|large::mp-1190753::reference,7.398397339507937
loose,large,large::mp-1008677::permuted_sites,mp-1008677,mp-1008677,TiO2,permuted_sites,equivalent_transform,no_noise,1,20,3,0,2,0,large::mp-1008677::reference|large::mp-1102591::reference|large::mp-1190753::reference,8.941490763798356
loose,large,large::mp-1008677::combined_noise_0.002A_0.003,mp-1008677,mp-1008677,TiO2,combined_noise_0.002A_0.003,combined_perturbation,noise,1,20,3,0,2,0,large::mp-1008677::reference|large::mp-1102591::reference|large::mp-1190753::reference,7.755775840952992
loose,large,large::mp-1008677::combined_noise_0.015A_0.003,mp-1008677,mp-1008677,TiO2,combined_noise_0.015A_0.003,combined_perturbation,noise,1,20,3,0,2,0,large::mp-1008677::reference|large::mp-1102591::reference|large::mp-1190753::reference,7.616980474442244
loose,large,large::mp-1008677::combined_noise_0.050A_0.003,mp-1008677,mp-1008677,TiO2,combined_noise_0.050A_0.003,combined_perturbation,noise,1,20,1,1,0,0,large::mp-1008677::reference,84.9904937595129
loose,large,large::mp-1008677::combined_noise_0.002A_0.010,mp-1008677,mp-1008677,TiO2,combined_noise_0.002A_0.010,combined_perturbation,noise,1,20,4,0,3,0,large::mp-1008677::reference|large::mp-1041565::reference|large::mp-1102591::reference|large::mp-1190753::reference,7.767114736139774
loose,large,large::mp-1008677::combined_noise_0.015A_0.010,mp-1008677,mp-1008677,TiO2,combined_noise_0.015A_0.010,combined_perturbation,noise,1,20,4,0,3,0,large::mp-1008677::reference|large::mp-1041565::reference|large::mp-1102591::reference|large::mp-1190753::reference,7.596923556178808
loose,large,large::mp-1008677::combined_noise_0.050A_0.010,mp-1008677,mp-1008677,TiO2,combined_noise_0.050A_0.010,combined_perturbation,noise,1,20,1,0,0,0,large::mp-1008677::reference,3.081512304022908
loose,large,large::mp-1008677::combined_noise_0.002A_0.030,mp-1008677,mp-1008677,TiO2,combined_noise_0.002A_0.030,combined_perturbation,noise,1,20,4,0,3,0,large::mp-1008677::reference|large::mp-1041565::reference|large::mp-1102591::reference|large::mp-1190753::reference,7.4182358011603355
loose,large,large::mp-1008677::combined_noise_0.015A_0.030,mp-1008677,mp-1008677,TiO2,combined_noise_0.015A_0.030,combined_perturbation,noise,1,20,4,0,3,0,large::mp-1008677::reference|large::mp-1041565::reference|large::mp-1102591::reference|large::mp-1190753::reference,7.7331140991300344
loose,large,large::mp-1008677::combined_noise_0.050A_0.030,mp-1008677,mp-1008677,TiO2,combined_noise_0.050A_0.030,combined_perturbation,noise,1,20,1,0,0,0,large::mp-1008677::reference,2.1787831597030163
loose,large,large::mp-1041565::conventional_standard,mp-1041565,mp-1041565,TiO2,conventional_standard,equivalent_transform,no_noise,1,20,1,0,0,0,large::mp-1041565::reference,2.6444842740893364
loose,large,large::mp-1041565::niggli_reduced,mp-1041565,mp-1041565,TiO2,niggli_reduced,equivalent_transform,no_noise,1,20,1,0,0,0,large::mp-1041565::reference,3.4329561311751604
loose,large,large::mp-1041565::origin_shifted,mp-1041565,mp-1041565,TiO2,origin_shifted,equivalent_transform,no_noise,1,20,1,0,0,0,large::mp-1041565::reference,3.4540238697081804
loose,large,large::mp-1041565::permuted_sites,mp-1041565,mp-1041565,TiO2,permuted_sites,equivalent_transform,no_noise,1,20,1,0,0,0,large::mp-1041565::reference,4.993712410330772
loose,large,large::mp-1041565::combined_noise_0.002A_0.003,mp-1041565,mp-1041565,TiO2,combined_noise_0.002A_0.003,combined_perturbation,noise,1,20,1,0,0,0,large::mp-1041565::reference,3.536397200077772
loose,large,large::mp-1041565::combined_noise_0.015A_0.003,mp-1041565,mp-1041565,TiO2,combined_noise_0.015A_0.003,combined_perturbation,noise,1,20,1,0,0,0,large::mp-1041565::reference,3.4601614512503147
loose,large,large::mp-1041565::combined_noise_0.050A_0.003,mp-1041565,mp-1041565,TiO2,combined_noise_0.050A_0.003,combined_perturbation,noise,1,20,1,0,0,0,large::mp-1041565::reference,2.3644954059273005
loose,large,large::mp-1041565::combined_noise_0.002A_0.010,mp-1041565,mp-1041565,TiO2,combined_noise_0.002A_0.010,combined_perturbation,noise,1,20,1,0,0,0,large::mp-1041565::reference,3.4528961069881916
loose,large,large::mp-1041565::combined_noise_0.015A_0.010,mp-1041565,mp-1041565,TiO2,combined_noise_0.015A_0.010,combined_perturbation,noise,1,20,1,0,0,0,large::mp-1041565::reference,3.5007228814065456
loose,large,large::mp-1041565::combined_noise_0.050A_0.010,mp-1041565,mp-1041565,TiO2,combined_noise_0.050A_0.010,combined_perturbation,noise,1,20,1,0,0,0,large::mp-1041565::reference,5.399965671822429
loose,large,large::mp-1041565::combined_noise_0.002A_0.030,mp-1041565,mp-1041565,TiO2,combined_noise_0.002A_0.030,combined_perturbation,noise,1,20,1,0,0,0,large::mp-1041565::reference,3.402169331908226
loose,large,large::mp-1041565::combined_noise_0.015A_0.030,mp-1041565,mp-1041565,TiO2,combined_noise_0.015A_0.030,combined_perturbation,noise,1,20,2,0,1,0,large::mp-1008677::reference|large::mp-1041565::reference,3.805045075714588
loose,large,large::mp-1041565::combined_noise_0.050A_0.030,mp-1041565,mp-1041565,TiO2,combined_noise_0.050A_0.030,combined_perturbation,noise,1,20,2,0,1,0,large::mp-1008677::reference|large::mp-1041565::reference,3.287879802286625
loose,large,large::mp-1044853::conventional_standard,mp-1044853,mp-1044853,TiO2,conventional_standard,equivalent_transform,no_noise,1,20,1,0,0,0,large::mp-1044853::reference,2.591672832146287
loose,large,large::mp-1044853::niggli_reduced,mp-1044853,mp-1044853,TiO2,niggli_reduced,equivalent_transform,no_noise,1,20,1,0,0,0,large::mp-1044853::reference,3.3426471669226885
loose,large,large::mp-1044853::origin_shifted,mp-1044853,mp-1044853,TiO2,origin_shifted,equivalent_transform,no_noise,1,20,1,0,0,0,large::mp-1044853::reference,3.3649280592799187
loose,large,large::mp-1044853::permuted_sites,mp-1044853,mp-1044853,TiO2,permuted_sites,equivalent_transform,no_noise,1,20,1,0,0,0,large::mp-1044853::reference,5.304848639294505
loose,large,large::mp-1044853::combined_noise_0.002A_0.003,mp-1044853,mp-1044853,TiO2,combined_noise_0.002A_0.003,combined_perturbation,noise,1,20,1,0,0,0,large::mp-1044853::reference,3.428750330582261
loose,large,large::mp-1044853::combined_noise_0.015A_0.003,mp-1044853,mp-1044853,TiO2,combined_noise_0.015A_0.003,combined_perturbation,noise,1,20,1,0,0,0,large::mp-1044853::reference,3.3536091670393944
loose,large,large::mp-1044853::combined_noise_0.050A_0.003,mp-1044853,mp-1044853,TiO2,combined_noise_0.050A_0.003,combined_perturbation,noise,1,20,1,1,0,0,large::mp-1044853::reference,61.8497511241585
loose,large,large::mp-1044853::combined_noise_0.002A_0.010,mp-1044853,mp-1044853,TiO2,combined_noise_0.002A_0.010,combined_perturbation,noise,1,20,1,0,0,0,large::mp-1044853::reference,3.5137750059366226
loose,large,large::mp-1044853::combined_noise_0.015A_0.010,mp-1044853,mp-1044853,TiO2,combined_noise_0.015A_0.010,combined_perturbation,noise,1,20,1,0,0,0,large::mp-1044853::reference,3.2329323776066303
loose,large,large::mp-1044853::combined_noise_0.050A_0.010,mp-1044853,mp-1044853,TiO2,combined_noise_0.050A_0.010,combined_perturbation,noise,1,20,1,1,0,0,large::mp-1044853::reference,71.9592571426183
loose,large,large::mp-1044853::combined_noise_0.002A_0.030,mp-1044853,mp-1044853,TiO2,combined_noise_0.002A_0.030,combined_perturbation,noise,1,20,1,0,0,0,large::mp-1044853::reference,3.2756567876785994
loose,large,large::mp-1044853::combined_noise_0.015A_0.030,mp-1044853,mp-1044853,TiO2,combined_noise_0.015A_0.030,combined_perturbation,noise,1,20,1,0,0,0,large::mp-1044853::reference,3.5406796392053366
loose,large,large::mp-1044853::combined_noise_0.050A_0.030,mp-1044853,mp-1044853,TiO2,combined_noise_0.050A_0.030,combined_perturbation,noise,1,20,1,1,0,0,large::mp-1044853::reference,62.881999580189586
loose,large,large::mp-1079207::conventional_standard,mp-1079207,mp-1079207,TiO2,conventional_standard,equivalent_transform,no_noise,1,20,1,0,0,0,large::mp-1079207::reference,1.413407675921917
loose,large,large::mp-1079207::niggli_reduced,mp-1079207,mp-1079207,TiO2,niggli_reduced,equivalent_transform,no_noise,1,20,1,0,0,0,large::mp-1079207::reference,2.264259183779359
loose,large,large::mp-1079207::origin_shifted,mp-1079207,mp-1079207,TiO2,origin_shifted,equivalent_transform,no_noise,1,20,1,0,0,0,large::mp-1079207::reference,2.292613297700882
loose,large,large::mp-1079207::permuted_sites,mp-1079207,mp-1079207,TiO2,permuted_sites,equivalent_transform,no_noise,1,20,1,0,0,0,large::mp-1079207::reference,3.851253315806389
loose,large,large::mp-1079207::combined_noise_0.002A_0.003,mp-1079207,mp-1079207,TiO2,combined_noise_0.002A_0.003,combined_perturbation,noise,1,20,1,0,0,0,large::mp-1079207::reference,2.3377768266946077
loose,large,large::mp-1079207::combined_noise_0.015A_0.003,mp-1079207,mp-1079207,TiO2,combined_noise_0.015A_0.003,combined_perturbation,noise,1,20,1,0,0,0,large::mp-1079207::reference,2.265581266954541
loose,large,large::mp-1079207::combined_noise_0.050A_0.003,mp-1079207,mp-1079207,TiO2,combined_noise_0.050A_0.003,combined_perturbation,noise,1,20,1,0,0,0,large::mp-1079207::reference,2.2723702490329742
loose,large,large::mp-1079207::combined_noise_0.002A_0.010,mp-1079207,mp-1079207,TiO2,combined_noise_0.002A_0.010,combined_perturbation,noise,1,20,1,0,0,0,large::mp-1079207::reference,2.268905261531472
loose,large,large::mp-1079207::combined_noise_0.015A_0.010,mp-1079207,mp-1079207,TiO2,combined_noise_0.015A_0.010,combined_perturbation,noise,1,20,1,0,0,0,large::mp-1079207::reference,2.269841695204377
loose,large,large::mp-1079207::combined_noise_0.050A_0.010,mp-1079207,mp-1079207,TiO2,combined_noise_0.050A_0.010,combined_perturbation,noise,1,20,1,0,0,0,large::mp-1079207::reference,2.314833663403988
loose,large,large::mp-1079207::combined_noise_0.002A_0.030,mp-1079207,mp-1079207,TiO2,combined_noise_0.002A_0.030,combined_perturbation,noise,1,20,1,0,0,0,large::mp-1079207::reference,2.2800214029848576
loose,large,large::mp-1079207::combined_noise_0.015A_0.030,mp-1079207,mp-1079207,TiO2,combined_noise_0.015A_0.030,combined_perturbation,noise,1,20,1,0,0,0,large::mp-1079207::reference,2.269745333120227
loose,large,large::mp-1079207::combined_noise_0.050A_0.030,mp-1079207,mp-1079207,TiO2,combined_noise_0.050A_0.030,combined_perturbation,noise,1,20,1,0,0,0,large::mp-1079207::reference,2.299070669338107
loose,large,large::mp-1101022::conventional_standard,mp-1101022,mp-1101022,TiO2,conventional_standard,equivalent_transform,no_noise,1,20,1,0,0,0,large::mp-1101022::reference,1.3643345329910517
loose,large,large::mp-1101022::niggli_reduced,mp-1101022,mp-1101022,TiO2,niggli_reduced,equivalent_transform,no_noise,1,20,1,0,0,0,large::mp-1101022::reference,2.173464998602867
loose,large,large::mp-1101022::origin_shifted,mp-1101022,mp-1101022,TiO2,origin_shifted,equivalent_transform,no_noise,1,20,1,0,0,0,large::mp-1101022::reference,2.1920801252126694
loose,large,large::mp-1101022::permuted_sites,mp-1101022,mp-1101022,TiO2,permuted_sites,equivalent_transform,no_noise,1,20,1,0,0,0,large::mp-1101022::reference,3.7515867426991463
loose,large,large::mp-1101022::combined_noise_0.002A_0.003,mp-1101022,mp-1101022,TiO2,combined_noise_0.002A_0.003,combined_perturbation,noise,1,20,1,0,0,0,large::mp-1101022::reference,2.2490635123103857
loose,large,large::mp-1101022::combined_noise_0.015A_0.003,mp-1101022,mp-1101022,TiO2,combined_noise_0.015A_0.003,combined_perturbation,noise,1,20,1,0,0,0,large::mp-1101022::reference,2.180753132328391
loose,large,large::mp-1101022::combined_noise_0.050A_0.003,mp-1101022,mp-1101022,TiO2,combined_noise_0.050A_0.003,combined_perturbation,noise,1,20,1,0,0,0,large::mp-1101022::reference,4.580498626455665
loose,large,large::mp-1101022::combined_noise_0.002A_0.010,mp-1101022,mp-1101022,TiO2,combined_noise_0.002A_0.010,combined_perturbation,noise,1,20,1,0,0,0,large::mp-1101022::reference,2.1714332960546017
loose,large,large::mp-1101022::combined_noise_0.015A_0.010,mp-1101022,mp-1101022,TiO2,combined_noise_0.015A_0.010,combined_perturbation,noise,1,20,1,0,0,0,large::mp-1101022::reference,2.182201648131013
loose,large,large::mp-1101022::combined_noise_0.050A_0.010,mp-1101022,mp-1101022,TiO2,combined_noise_0.050A_0.010,combined_perturbation,noise,1,20,1,0,0,0,large::mp-1101022::reference,4.538038235157728
loose,large,large::mp-1101022::combined_noise_0.002A_0.030,mp-1101022,mp-1101022,TiO2,combined_noise_0.002A_0.030,combined_perturbation,noise,1,20,1,0,0,0,large::mp-1101022::reference,2.1784332003444433
loose,large,large::mp-1101022::combined_noise_0.015A_0.030,mp-1101022,mp-1101022,TiO2,combined_noise_0.015A_0.030,combined_perturbation,noise,1,20,1,0,0,0,large::mp-1101022::reference,2.1765858735889196
loose,large,large::mp-1101022::combined_noise_0.050A_0.030,mp-1101022,mp-1101022,TiO2,combined_noise_0.050A_0.030,combined_perturbation,noise,1,20,1,0,0,0,large::mp-1101022::reference,4.339055523276329
loose,large,large::mp-1102255::conventional_standard,mp-1102255,mp-1102255,TiO2,conventional_standard,equivalent_transform,no_noise,1,20,1,0,0,0,large::mp-1102255::reference,1.3485523015260696
loose,large,large::mp-1102255::niggli_reduced,mp-1102255,mp-1102255,TiO2,niggli_reduced,equivalent_transform,no_noise,1,20,1,0,0,0,large::mp-1102255::reference,2.211401952430606
loose,large,large::mp-1102255::origin_shifted,mp-1102255,mp-1102255,TiO2,origin_shifted,equivalent_transform,no_noise,1,20,1,0,0,0,large::mp-1102255::reference,2.2238764967769384
loose,large,large::mp-1102255::permuted_sites,mp-1102255,mp-1102255,TiO2,permuted_sites,equivalent_transform,no_noise,1,20,1,0,0,0,large::mp-1102255::reference,3.7739910669624805
loose,large,large::mp-1102255::combined_noise_0.002A_0.003,mp-1102255,mp-1102255,TiO2,combined_noise_0.002A_0.003,combined_perturbation,noise,1,20,1,0,0,0,large::mp-1102255::reference,2.2858204022049904
loose,large,large::mp-1102255::combined_noise_0.015A_0.003,mp-1102255,mp-1102255,TiO2,combined_noise_0.015A_0.003,combined_perturbation,noise,1,20,1,0,0,0,large::mp-1102255::reference,2.1985327191650867
loose,large,large::mp-1102255::combined_noise_0.050A_0.003,mp-1102255,mp-1102255,TiO2,combined_noise_0.050A_0.003,combined_perturbation,noise,1,20,1,0,0,0,large::mp-1102255::reference,2.2041961792856455
loose,large,large::mp-1102255::combined_noise_0.002A_0.010,mp-1102255,mp-1102255,TiO2,combined_noise_0.002A_0.010,combined_perturbation,noise,1,20,1,0,0,0,large::mp-1102255::reference,2.203711958602071
loose,large,large::mp-1102255::combined_noise_0.015A_0.010,mp-1102255,mp-1102255,TiO2,combined_noise_0.015A_0.010,combined_perturbation,noise,1,20,1,0,0,0,large::mp-1102255::reference,2.2016260232776403
loose,large,large::mp-1102255::combined_noise_0.050A_0.010,mp-1102255,mp-1102255,TiO2,combined_noise_0.050A_0.010,combined_perturbation,noise,1,20,1,0,0,0,large::mp-1102255::reference,2.2034092862159014
loose,large,large::mp-1102255::combined_noise_0.002A_0.030,mp-1102255,mp-1102255,TiO2,combined_noise_0.002A_0.030,combined_perturbation,noise,1,20,1,0,0,0,large::mp-1102255::reference,2.207329533994198
loose,large,large::mp-1102255::combined_noise_0.015A_0.030,mp-1102255,mp-1102255,TiO2,combined_noise_0.015A_0.030,combined_perturbation,noise,1,20,1,0,0,0,large::mp-1102255::reference,2.232403215020895
loose,large,large::mp-1102255::combined_noise_0.050A_0.030,mp-1102255,mp-1102255,TiO2,combined_noise_0.050A_0.030,combined_perturbation,noise,1,20,1,0,0,0,large::mp-1102255::reference,2.2026289254426956
loose,large,large::mp-1102591::conventional_standard,mp-1102591,mp-1102591,TiO2,conventional_standard,equivalent_transform,no_noise,1,20,3,0,2,0,large::mp-1008677::reference|large::mp-1102591::reference|large::mp-1190753::reference,1.3287604451179504
loose,large,large::mp-1102591::niggli_reduced,mp-1102591,mp-1102591,TiO2,niggli_reduced,equivalent_transform,no_noise,1,20,3,0,2,0,large::mp-1008677::reference|large::mp-1102591::reference|large::mp-1190753::reference,2.1780501157045364
loose,large,large::mp-1102591::origin_shifted,mp-1102591,mp-1102591,TiO2,origin_shifted,equivalent_transform,no_noise,1,20,3,0,2,0,large::mp-1008677::reference|large::mp-1102591::reference|large::mp-1190753::reference,2.1955414824187756
loose,large,large::mp-1102591::permuted_sites,mp-1102591,mp-1102591,TiO2,permuted_sites,equivalent_transform,no_noise,1,20,3,0,2,0,large::mp-1008677::reference|large::mp-1102591::reference|large::mp-1190753::reference,3.755250820890069
loose,large,large::mp-1102591::combined_noise_0.002A_0.003,mp-1102591,mp-1102591,TiO2,combined_noise_0.002A_0.003,combined_perturbation,noise,1,20,3,0,2,0,large::mp-1008677::reference|large::mp-1102591::reference|large::mp-1190753::reference,2.2676628790795803
loose,large,large::mp-1102591::combined_noise_0.015A_0.003,mp-1102591,mp-1102591,TiO2,combined_noise_0.015A_0.003,combined_perturbation,noise,1,20,3,0,2,0,large::mp-1008677::reference|large::mp-1102591::reference|large::mp-1190753::reference,2.1869342252612114
loose,large,large::mp-1102591::combined_noise_0.050A_0.003,mp-1102591,mp-1102591,TiO2,combined_noise_0.050A_0.003,combined_perturbation,noise,1,20,3,0,2,0,large::mp-1008677::reference|large::mp-1102591::reference|large::mp-1190753::reference,2.177107846364379
loose,large,large::mp-1102591::combined_noise_0.002A_0.010,mp-1102591,mp-1102591,TiO2,combined_noise_0.002A_0.010,combined_perturbation,noise,1,20,3,0,2,0,large::mp-1008677::reference|large::mp-1102591::reference|large::mp-1190753::reference,2.1790103297680616
loose,large,large::mp-1102591::combined_noise_0.015A_0.010,mp-1102591,mp-1102591,TiO2,combined_noise_0.015A_0.010,combined_perturbation,noise,1,20,3,0,2,0,large::mp-1008677::reference|large::mp-1102591::reference|large::mp-1190753::reference,2.1725948974490166
loose,large,large::mp-1102591::combined_noise_0.050A_0.010,mp-1102591,mp-1102591,TiO2,combined_noise_0.050A_0.010,combined_perturbation,noise,1,20,3,0,2,0,large::mp-1008677::reference|large::mp-1102591::reference|large::mp-1190753::reference,2.1750979013741016
loose,large,large::mp-1102591::combined_noise_0.002A_0.030,mp-1102591,mp-1102591,TiO2,combined_noise_0.002A_0.030,combined_perturbation,noise,1,20,3,0,2,0,large::mp-1008677::reference|large::mp-1102591::reference|large::mp-1190753::reference,2.1740010492503643
loose,large,large::mp-1102591::combined_noise_0.015A_0.030,mp-1102591,mp-1102591,TiO2,combined_noise_0.015A_0.030,combined_perturbation,noise,1,20,3,0,2,0,large::mp-1008677::reference|large::mp-1102591::reference|large::mp-1190753::reference,2.175370141863823
loose,large,large::mp-1102591::combined_noise_0.050A_0.030,mp-1102591,mp-1102591,TiO2,combined_noise_0.050A_0.030,combined_perturbation,noise,1,20,3,0,2,0,large::mp-1008677::reference|large::mp-1102591::reference|large::mp-1190753::reference,2.176087833940983
loose,large,large::mp-1190753::conventional_standard,mp-1190753,mp-1190753,TiO2,conventional_standard,equivalent_transform,no_noise,1,20,3,0,2,0,large::mp-1008677::reference|large::mp-1102591::reference|large::mp-1190753::reference,1.5020863376557827
loose,large,large::mp-1190753::niggli_reduced,mp-1190753,mp-1190753,TiO2,niggli_reduced,equivalent_transform,no_noise,1,20,3,0,2,0,large::mp-1008677::reference|large::mp-1102591::reference|large::mp-1190753::reference,2.489764366298914
loose,large,large::mp-1190753::origin_shifted,mp-1190753,mp-1190753,TiO2,origin_shifted,equivalent_transform,no_noise,1,20,3,0,2,0,large::mp-1008677::reference|large::mp-1102591::reference|large::mp-1190753::reference,2.52251691929996
loose,large,large::mp-1190753::permuted_sites,mp-1190753,mp-1190753,TiO2,permuted_sites,equivalent_transform,no_noise,1,20,3,0,2,0,large::mp-1008677::reference|large::mp-1102591::reference|large::mp-1190753::reference,4.423372447490692
loose,large,large::mp-1190753::combined_noise_0.002A_0.003,mp-1190753,mp-1190753,TiO2,combined_noise_0.002A_0.003,combined_perturbation,noise,1,20,3,0,2,0,large::mp-1008677::reference|large::mp-1102591::reference|large::mp-1190753::reference,2.6324591524899006
loose,large,large::mp-1190753::combined_noise_0.015A_0.003,mp-1190753,mp-1190753,TiO2,combined_noise_0.015A_0.003,combined_perturbation,noise,1,20,3,0,2,0,large::mp-1008677::reference|large::mp-1102591::reference|large::mp-1190753::reference,2.4911277312785387
loose,large,large::mp-1190753::combined_noise_0.050A_0.003,mp-1190753,mp-1190753,TiO2,combined_noise_0.050A_0.003,combined_perturbation,noise,1,20,3,0,2,0,large::mp-1008677::reference|large::mp-1102591::reference|large::mp-1190753::reference,2.487313412129879
loose,large,large::mp-1190753::combined_noise_0.002A_0.010,mp-1190753,mp-1190753,TiO2,combined_noise_0.002A_0.010,combined_perturbation,noise,1,20,3,0,2,0,large::mp-1008677::reference|large::mp-1102591::reference|large::mp-1190753::reference,2.487221922725439
loose,large,large::mp-1190753::combined_noise_0.015A_0.010,mp-1190753,mp-1190753,TiO2,combined_noise_0.015A_0.010,combined_perturbation,noise,1,20,3,0,2,0,large::mp-1008677::reference|large::mp-1102591::reference|large::mp-1190753::reference,2.4859908390790224
loose,large,large::mp-1190753::combined_noise_0.050A_0.010,mp-1190753,mp-1190753,TiO2,combined_noise_0.050A_0.010,combined_perturbation,noise,1,20,3,0,2,0,large::mp-1008677::reference|large::mp-1102591::reference|large::mp-1190753::reference,2.4969173800200224
loose,large,large::mp-1190753::combined_noise_0.002A_0.030,mp-1190753,mp-1190753,TiO2,combined_noise_0.002A_0.030,combined_perturbation,noise,1,20,3,0,2,0,large::mp-1008677::reference|large::mp-1102591::reference|large::mp-1190753::reference,2.4857752602547407
loose,large,large::mp-1190753::combined_noise_0.015A_0.030,mp-1190753,mp-1190753,TiO2,combined_noise_0.015A_0.030,combined_perturbation,noise,1,20,3,0,2,0,large::mp-1008677::reference|large::mp-1102591::reference|large::mp-1190753::reference,2.4973977711051702
loose,large,large::mp-1190753::combined_noise_0.050A_0.030,mp-1190753,mp-1190753,TiO2,combined_noise_0.050A_0.030,combined_perturbation,noise,1,20,3,0,2,0,large::mp-1008677::reference|large::mp-1102591::reference|large::mp-1190753::reference,2.5014661699533463
loose,large,large::mp-1201727::conventional_standard,mp-1201727,mp-1201727,TiO2,conventional_standard,equivalent_transform,no_noise,1,20,1,0,0,0,large::mp-1201727::reference,3.2038662303239107
loose,large,large::mp-1201727::niggli_reduced,mp-1201727,mp-1201727,TiO2,niggli_reduced,equivalent_transform,no_noise,1,20,1,0,0,0,large::mp-1201727::reference,5.604617465287447
loose,large,large::mp-1201727::origin_shifted,mp-1201727,mp-1201727,TiO2,origin_shifted,equivalent_transform,no_noise,1,20,1,0,0,0,large::mp-1201727::reference,4.5317860916256905
loose,large,large::mp-1201727::permuted_sites,mp-1201727,mp-1201727,TiO2,permuted_sites,equivalent_transform,no_noise,1,20,1,0,0,0,large::mp-1201727::reference,7.637129552662373
loose,large,large::mp-1201727::combined_noise_0.002A_0.003,mp-1201727,mp-1201727,TiO2,combined_noise_0.002A_0.003,combined_perturbation,noise,1,20,1,0,0,0,large::mp-1201727::reference,4.426305368542671
loose,large,large::mp-1201727::combined_noise_0.015A_0.003,mp-1201727,mp-1201727,TiO2,combined_noise_0.015A_0.003,combined_perturbation,noise,1,20,1,0,0,0,large::mp-1201727::reference,4.793989656493068
loose,large,large::mp-1201727::combined_noise_0.050A_0.003,mp-1201727,mp-1201727,TiO2,combined_noise_0.050A_0.003,combined_perturbation,noise,1,20,1,0,0,0,large::mp-1201727::reference,4.507542995736003
loose,large,large::mp-1201727::combined_noise_0.002A_0.010,mp-1201727,mp-1201727,TiO2,combined_noise_0.002A_0.010,combined_perturbation,noise,1,20,1,0,0,0,large::mp-1201727::reference,4.439947845414281
loose,large,large::mp-1201727::combined_noise_0.015A_0.010,mp-1201727,mp-1201727,TiO2,combined_noise_0.015A_0.010,combined_perturbation,noise,1,20,1,0,0,0,large::mp-1201727::reference,4.539901727810502
loose,large,large::mp-1201727::combined_noise_0.050A_0.010,mp-1201727,mp-1201727,TiO2,combined_noise_0.050A_0.010,combined_perturbation,noise,1,20,1,0,0,0,large::mp-1201727::reference,4.490844523534179
loose,large,large::mp-1201727::combined_noise_0.002A_0.030,mp-1201727,mp-1201727,TiO2,combined_noise_0.002A_0.030,combined_perturbation,noise,1,20,1,0,0,0,large::mp-1201727::reference,4.50342795625329
loose,large,large::mp-1201727::combined_noise_0.015A_0.030,mp-1201727,mp-1201727,TiO2,combined_noise_0.015A_0.030,combined_perturbation,noise,1,20,1,0,0,0,large::mp-1201727::reference,4.480253923684359
loose,large,large::mp-1201727::combined_noise_0.050A_0.030,mp-1201727,mp-1201727,TiO2,combined_noise_0.050A_0.030,combined_perturbation,noise,1,20,1,2,0,0,large::mp-1201727::reference,140.1644879449159
loose,large,large::mp-1245098::conventional_standard,mp-1245098,mp-1245098,TiO2,conventional_standard,equivalent_transform,no_noise,1,20,1,1,0,0,large::mp-1245098::reference,43.87511175125837
loose,large,large::mp-1245098::niggli_reduced,mp-1245098,mp-1245098,TiO2,niggli_reduced,equivalent_transform,no_noise,1,20,1,1,0,0,large::mp-1245098::reference,45.556825591251254
loose,large,large::mp-1245098::origin_shifted,mp-1245098,mp-1245098,TiO2,origin_shifted,equivalent_transform,no_noise,1,20,1,1,0,0,large::mp-1245098::reference,45.536435863003135
loose,large,large::mp-1245098::permuted_sites,mp-1245098,mp-1245098,TiO2,permuted_sites,equivalent_transform,no_noise,1,20,1,1,0,0,large::mp-1245098::reference,49.57346044294536
loose,large,large::mp-1245098::combined_noise_0.002A_0.003,mp-1245098,mp-1245098,TiO2,combined_noise_0.002A_0.003,combined_perturbation,noise,1,20,1,1,0,0,large::mp-1245098::reference,49.137195294722915
loose,large,large::mp-1245098::combined_noise_0.015A_0.003,mp-1245098,mp-1245098,TiO2,combined_noise_0.015A_0.003,combined_perturbation,noise,1,20,1,1,0,0,large::mp-1245098::reference,45.61330305971205
loose,large,large::mp-1245098::combined_noise_0.050A_0.003,mp-1245098,mp-1245098,TiO2,combined_noise_0.050A_0.003,combined_perturbation,noise,1,20,1,1,0,0,large::mp-1245098::reference,45.61109825223684
loose,large,large::mp-1245098::combined_noise_0.002A_0.010,mp-1245098,mp-1245098,TiO2,combined_noise_0.002A_0.010,combined_perturbation,noise,1,20,1,1,0,0,large::mp-1245098::reference,50.07322820276022
loose,large,large::mp-1245098::combined_noise_0.015A_0.010,mp-1245098,mp-1245098,TiO2,combined_noise_0.015A_0.010,combined_perturbation,noise,1,20,1,1,0,0,large::mp-1245098::reference,49.22824425064027
loose,large,large::mp-1245098::combined_noise_0.050A_0.010,mp-1245098,mp-1245098,TiO2,combined_noise_0.050A_0.010,combined_perturbation,noise,1,20,1,1,0,0,large::mp-1245098::reference,45.50438185594976
loose,large,large::mp-1245098::combined_noise_0.002A_0.030,mp-1245098,mp-1245098,TiO2,combined_noise_0.002A_0.030,combined_perturbation,noise,1,20,1,1,0,0,large::mp-1245098::reference,50.27410098724067
loose,large,large::mp-1245098::combined_noise_0.015A_0.030,mp-1245098,mp-1245098,TiO2,combined_noise_0.015A_0.030,combined_perturbation,noise,1,20,1,1,0,0,large::mp-1245098::reference,47.80578210018575
loose,large,large::mp-1245098::combined_noise_0.050A_0.030,mp-1245098,mp-1245098,TiO2,combined_noise_0.050A_0.030,combined_perturbation,noise,1,20,1,1,0,0,large::mp-1245098::reference,45.047796651721
loose,large,large::mp-1245134::conventional_standard,mp-1245134,mp-1245134,TiO2,conventional_standard,equivalent_transform,no_noise,1,20,1,0,0,0,large::mp-1245134::reference,39.9822995737195
loose,large,large::mp-1245134::niggli_reduced,mp-1245134,mp-1245134,TiO2,niggli_reduced,equivalent_transform,no_noise,1,20,1,0,0,0,large::mp-1245134::reference,41.80482389219105
loose,large,large::mp-1245134::origin_shifted,mp-1245134,mp-1245134,TiO2,origin_shifted,equivalent_transform,no_noise,1,20,1,0,0,0,large::mp-1245134::reference,41.678184159100056
loose,large,large::mp-1245134::permuted_sites,mp-1245134,mp-1245134,TiO2,permuted_sites,equivalent_transform,no_noise,1,20,1,1,0,0,large::mp-1245134::reference,46.30823829211295
loose,large,large::mp-1245134::combined_noise_0.002A_0.003,mp-1245134,mp-1245134,TiO2,combined_noise_0.002A_0.003,combined_perturbation,noise,1,20,1,0,0,0,large::mp-1245134::reference,41.725112333893776
loose,large,large::mp-1245134::combined_noise_0.015A_0.003,mp-1245134,mp-1245134,TiO2,combined_noise_0.015A_0.003,combined_perturbation,noise,1,20,1,1,0,0,large::mp-1245134::reference,43.13374046981335
loose,large,large::mp-1245134::combined_noise_0.050A_0.003,mp-1245134,mp-1245134,TiO2,combined_noise_0.050A_0.003,combined_perturbation,noise,1,20,1,1,0,0,large::mp-1245134::reference,42.365528121590614
loose,large,large::mp-1245134::combined_noise_0.002A_0.010,mp-1245134,mp-1245134,TiO2,combined_noise_0.002A_0.010,combined_perturbation,noise,1,20,1,0,0,0,large::mp-1245134::reference,46.06028458662331
loose,large,large::mp-1245134::combined_noise_0.015A_0.010,mp-1245134,mp-1245134,TiO2,combined_noise_0.015A_0.010,combined_perturbation,noise,1,20,1,1,0,0,large::mp-1245134::reference,41.44689296558499
loose,large,large::mp-1245134::combined_noise_0.050A_0.010,mp-1245134,mp-1245134,TiO2,combined_noise_0.050A_0.010,combined_perturbation,noise,1,20,1,0,0,0,large::mp-1245134::reference,42.58901806548238
loose,large,large::mp-1245134::combined_noise_0.002A_0.030,mp-1245134,mp-1245134,TiO2,combined_noise_0.002A_0.030,combined_perturbation,noise,1,20,1,0,0,0,large::mp-1245134::reference,43.01240228675306
loose,large,large::mp-1245134::combined_noise_0.015A_0.030,mp-1245134,mp-1245134,TiO2,combined_noise_0.015A_0.030,combined_perturbation,noise,1,20,1,0,0,0,large::mp-1245134::reference,41.09433660656214
loose,large,large::mp-1245134::combined_noise_0.050A_0.030,mp-1245134,mp-1245134,TiO2,combined_noise_0.050A_0.030,combined_perturbation,noise,1,20,1,0,0,0,large::mp-1245134::reference,45.681683860719204
loose,large,large::mp-1245308::conventional_standard,mp-1245308,mp-1245308,TiO2,conventional_standard,equivalent_transform,no_noise,1,20,1,1,0,0,large::mp-1245308::reference,46.4143060464412
loose,large,large::mp-1245308::niggli_reduced,mp-1245308,mp-1245308,TiO2,niggli_reduced,equivalent_transform,no_noise,1,20,1,1,0,0,large::mp-1245308::reference,48.05941029638052
loose,large,large::mp-1245308::origin_shifted,mp-1245308,mp-1245308,TiO2,origin_shifted,equivalent_transform,no_noise,1,20,1,1,0,0,large::mp-1245308::reference,48.05847240425646
loose,large,large::mp-1245308::permuted_sites,mp-1245308,mp-1245308,TiO2,permuted_sites,equivalent_transform,no_noise,1,20,1,1,0,0,large::mp-1245308::reference,52.24859913624823
loose,large,large::mp-1245308::combined_noise_0.002A_0.003,mp-1245308,mp-1245308,TiO2,combined_noise_0.002A_0.003,combined_perturbation,noise,1,20,1,1,0,0,large::mp-1245308::reference,48.650600207969546
loose,large,large::mp-1245308::combined_noise_0.015A_0.003,mp-1245308,mp-1245308,TiO2,combined_noise_0.015A_0.003,combined_perturbation,noise,1,20,1,1,0,0,large::mp-1245308::reference,48.0278337392956
loose,large,large::mp-1245308::combined_noise_0.050A_0.003,mp-1245308,mp-1245308,TiO2,combined_noise_0.050A_0.003,combined_perturbation,noise,1,20,1,1,0,0,large::mp-1245308::reference,47.698155680671334
loose,large,large::mp-1245308::combined_noise_0.002A_0.010,mp-1245308,mp-1245308,TiO2,combined_noise_0.002A_0.010,combined_perturbation,noise,1,20,1,1,0,0,large::mp-1245308::reference,47.98359658382833
loose,large,large::mp-1245308::combined_noise_0.015A_0.010,mp-1245308,mp-1245308,TiO2,combined_noise_0.015A_0.010,combined_perturbation,noise,1,20,1,1,0,0,large::mp-1245308::reference,49.41782479919493
loose,large,large::mp-1245308::combined_noise_0.050A_0.010,mp-1245308,mp-1245308,TiO2,combined_noise_0.050A_0.010,combined_perturbation,noise,1,20,1,1,0,0,large::mp-1245308::reference,47.97701667249203
loose,large,large::mp-1245308::combined_noise_0.002A_0.030,mp-1245308,mp-1245308,TiO2,combined_noise_0.002A_0.030,combined_perturbation,noise,1,20,1,1,0,0,large::mp-1245308::reference,48.49610276147723
loose,large,large::mp-1245308::combined_noise_0.015A_0.030,mp-1245308,mp-1245308,TiO2,combined_noise_0.015A_0.030,combined_perturbation,noise,1,20,1,1,0,0,large::mp-1245308::reference,48.01016341522336
loose,large,large::mp-1245308::combined_noise_0.050A_0.030,mp-1245308,mp-1245308,TiO2,combined_noise_0.050A_0.030,combined_perturbation,noise,1,20,1,1,0,0,large::mp-1245308::reference,54.494263511151075
loose,large,large::mp-1245321::conventional_standard,mp-1245321,mp-1245321,TiO2,conventional_standard,equivalent_transform,no_noise,1,20,1,0,0,0,large::mp-1245321::reference,44.800063360482454
loose,large,large::mp-1245321::niggli_reduced,mp-1245321,mp-1245321,TiO2,niggli_reduced,equivalent_transform,no_noise,1,20,1,0,0,0,large::mp-1245321::reference,46.80624819919467
loose,large,large::mp-1245321::origin_shifted,mp-1245321,mp-1245321,TiO2,origin_shifted,equivalent_transform,no_noise,1,20,1,0,0,0,large::mp-1245321::reference,46.76682568527758
loose,large,large::mp-1245321::permuted_sites,mp-1245321,mp-1245321,TiO2,permuted_sites,equivalent_transform,no_noise,1,20,1,1,0,0,large::mp-1245321::reference,50.81098875589669
loose,large,large::mp-1245321::combined_noise_0.002A_0.003,mp-1245321,mp-1245321,TiO2,combined_noise_0.002A_0.003,combined_perturbation,noise,1,20,1,0,0,0,large::mp-1245321::reference,45.13767386600375
loose,large,large::mp-1245321::combined_noise_0.015A_0.003,mp-1245321,mp-1245321,TiO2,combined_noise_0.015A_0.003,combined_perturbation,noise,1,20,1,1,0,0,large::mp-1245321::reference,46.73212553746998
loose,large,large::mp-1245321::combined_noise_0.050A_0.003,mp-1245321,mp-1245321,TiO2,combined_noise_0.050A_0.003,combined_perturbation,noise,1,20,1,0,0,0,large::mp-1245321::reference,46.39276008680463
loose,large,large::mp-1245321::combined_noise_0.002A_0.010,mp-1245321,mp-1245321,TiO2,combined_noise_0.002A_0.010,combined_perturbation,noise,1,20,1,1,0,0,large::mp-1245321::reference,41.55302779562771
loose,large,large::mp-1245321::combined_noise_0.015A_0.010,mp-1245321,mp-1245321,TiO2,combined_noise_0.015A_0.010,combined_perturbation,noise,1,20,1,1,0,0,large::mp-1245321::reference,46.721313666552305
loose,large,large::mp-1245321::combined_noise_0.050A_0.010,mp-1245321,mp-1245321,TiO2,combined_noise_0.050A_0.010,combined_perturbation,noise,1,20,1,1,0,0,large::mp-1245321::reference,46.937692837789655
loose,large,large::mp-1245321::combined_noise_0.002A_0.030,mp-1245321,mp-1245321,TiO2,combined_noise_0.002A_0.030,combined_perturbation,noise,1,20,1,0,0,0,large::mp-1245321::reference,38.19097104296088
loose,large,large::mp-1245321::combined_noise_0.015A_0.030,mp-1245321,mp-1245321,TiO2,combined_noise_0.015A_0.030,combined_perturbation,noise,1,20,1,1,0,0,large::mp-1245321::reference,54.37381991185248
loose,large,large::mp-1245321::combined_noise_0.050A_0.030,mp-1245321,mp-1245321,TiO2,combined_noise_0.050A_0.030,combined_perturbation,noise,1,20,1,1,0,0,large::mp-1245321::reference,46.6259015891701
loose,large,large::mp-1341203::conventional_standard,mp-1341203,mp-1341203,TiO2,conventional_standard,equivalent_transform,no_noise,1,20,1,0,0,0,large::mp-1341203::reference,1.568360859528184
loose,large,large::mp-1341203::niggli_reduced,mp-1341203,mp-1341203,TiO2,niggli_reduced,equivalent_transform,no_noise,1,20,1,0,0,0,large::mp-1341203::reference,3.060171352699399
loose,large,large::mp-1341203::origin_shifted,mp-1341203,mp-1341203,TiO2,origin_shifted,equivalent_transform,no_noise,1,20,1,0,0,0,large::mp-1341203::reference,2.5804543420672417
loose,large,large::mp-1341203::permuted_sites,mp-1341203,mp-1341203,TiO2,permuted_sites,equivalent_transform,no_noise,1,20,1,0,0,0,large::mp-1341203::reference,4.530131850391626
loose,large,large::mp-1341203::combined_noise_0.002A_0.003,mp-1341203,mp-1341203,TiO2,combined_noise_0.002A_0.003,combined_perturbation,noise,1,20,1,0,0,0,large::mp-1341203::reference,3.0516277868300676
loose,large,large::mp-1341203::combined_noise_0.015A_0.003,mp-1341203,mp-1341203,TiO2,combined_noise_0.015A_0.003,combined_perturbation,noise,1,20,1,0,0,0,large::mp-1341203::reference,2.5630007684230804
loose,large,large::mp-1341203::combined_noise_0.050A_0.003,mp-1341203,mp-1341203,TiO2,combined_noise_0.050A_0.003,combined_perturbation,noise,1,20,2,0,1,0,large::mp-1341203::reference|large::mp-1426806::reference,2.44224401563406
loose,large,large::mp-1341203::combined_noise_0.002A_0.010,mp-1341203,mp-1341203,TiO2,combined_noise_0.002A_0.010,combined_perturbation,noise,1,20,2,0,1,0,large::mp-1341203::reference|large::mp-1426806::reference,2.445229671895504
loose,large,large::mp-1341203::combined_noise_0.015A_0.010,mp-1341203,mp-1341203,TiO2,combined_noise_0.015A_0.010,combined_perturbation,noise,1,20,1,0,0,0,large::mp-1341203::reference,2.564866792410612
loose,large,large::mp-1341203::combined_noise_0.050A_0.010,mp-1341203,mp-1341203,TiO2,combined_noise_0.050A_0.010,combined_perturbation,noise,1,20,2,0,1,0,large::mp-1341203::reference|large::mp-1426806::reference,2.4316062964498997
loose,large,large::mp-1341203::combined_noise_0.002A_0.030,mp-1341203,mp-1341203,TiO2,combined_noise_0.002A_0.030,combined_perturbation,noise,1,20,2,0,1,0,large::mp-1341203::reference|large::mp-1426806::reference,2.4613622035831213
loose,large,large::mp-1341203::combined_noise_0.015A_0.030,mp-1341203,mp-1341203,TiO2,combined_noise_0.015A_0.030,combined_perturbation,noise,1,20,2,0,1,0,large::mp-1341203::reference|large::mp-1426806::reference,2.444091998040676
loose,large,large::mp-1341203::combined_noise_0.050A_0.030,mp-1341203,mp-1341203,TiO2,combined_noise_0.050A_0.030,combined_perturbation,noise,1,20,2,0,1,0,large::mp-1341203::reference|large::mp-1426806::reference,2.4411811344325542
loose,large,large::mp-1350429::conventional_standard,mp-1350429,mp-1350429,TiO2,conventional_standard,equivalent_transform,no_noise,1,20,1,0,0,0,large::mp-1350429::reference,6.939357763156295
loose,large,large::mp-1350429::niggli_reduced,mp-1350429,mp-1350429,TiO2,niggli_reduced,equivalent_transform,no_noise,1,20,1,0,0,0,large::mp-1350429::reference,8.086009345948696
loose,large,large::mp-1350429::origin_shifted,mp-1350429,mp-1350429,TiO2,origin_shifted,equivalent_transform,no_noise,1,20,1,0,0,0,large::mp-1350429::reference,7.751338900998235
loose,large,large::mp-1350429::permuted_sites,mp-1350429,mp-1350429,TiO2,permuted_sites,equivalent_transform,no_noise,1,20,1,0,0,0,large::mp-1350429::reference,10.382588280364871
loose,large,large::mp-1350429::combined_noise_0.002A_0.003,mp-1350429,mp-1350429,TiO2,combined_noise_0.002A_0.003,combined_perturbation,noise,1,20,1,0,0,0,large::mp-1350429::reference,7.859009947627783
loose,large,large::mp-1350429::combined_noise_0.015A_0.003,mp-1350429,mp-1350429,TiO2,combined_noise_0.015A_0.003,combined_perturbation,noise,1,20,1,0,0,0,large::mp-1350429::reference,7.683582263067365
loose,large,large::mp-1350429::combined_noise_0.050A_0.003,mp-1350429,mp-1350429,TiO2,combined_noise_0.050A_0.003,combined_perturbation,noise,1,20,1,3,0,0,large::mp-1350429::reference,184.5632298924029
loose,large,large::mp-1350429::combined_noise_0.002A_0.010,mp-1350429,mp-1350429,TiO2,combined_noise_0.002A_0.010,combined_perturbation,noise,1,20,1,0,0,0,large::mp-1350429::reference,7.742301573976874
loose,large,large::mp-1350429::combined_noise_0.015A_0.010,mp-1350429,mp-1350429,TiO2,combined_noise_0.015A_0.010,combined_perturbation,noise,1,20,1,0,0,0,large::mp-1350429::reference,7.63829361461103
loose,large,large::mp-1350429::combined_noise_0.050A_0.010,mp-1350429,mp-1350429,TiO2,combined_noise_0.050A_0.010,combined_perturbation,noise,1,20,1,3,0,0,large::mp-1350429::reference,183.62427669204772
loose,large,large::mp-1350429::combined_noise_0.002A_0.030,mp-1350429,mp-1350429,TiO2,combined_noise_0.002A_0.030,combined_perturbation,noise,1,20,1,0,0,0,large::mp-1350429::reference,7.295886827632785
loose,large,large::mp-1350429::combined_noise_0.015A_0.030,mp-1350429,mp-1350429,TiO2,combined_noise_0.015A_0.030,combined_perturbation,noise,1,20,1,3,0,0,large::mp-1350429::reference,178.92202531173825
loose,large,large::mp-1350429::combined_noise_0.050A_0.030,mp-1350429,mp-1350429,TiO2,combined_noise_0.050A_0.030,combined_perturbation,noise,1,20,1,3,0,0,large::mp-1350429::reference,187.9955211095512
loose,large,large::mp-1380335::conventional_standard,mp-1380335,mp-1380335,TiO2,conventional_standard,equivalent_transform,no_noise,1,20,1,0,0,0,large::mp-1380335::reference,2.6921872962266207
loose,large,large::mp-1380335::niggli_reduced,mp-1380335,mp-1380335,TiO2,niggli_reduced,equivalent_transform,no_noise,1,20,1,0,0,0,large::mp-1380335::reference,3.4772501196712255
loose,large,large::mp-1380335::origin_shifted,mp-1380335,mp-1380335,TiO2,origin_shifted,equivalent_transform,no_noise,1,20,1,0,0,0,large::mp-1380335::reference,3.4847737085074186
loose,large,large::mp-1380335::permuted_sites,mp-1380335,mp-1380335,TiO2,permuted_sites,equivalent_transform,no_noise,1,20,1,0,0,0,large::mp-1380335::reference,5.042955135926604
loose,large,large::mp-1380335::combined_noise_0.002A_0.003,mp-1380335,mp-1380335,TiO2,combined_noise_0.002A_0.003,combined_perturbation,noise,1,20,1,0,0,0,large::mp-1380335::reference,3.4483862556517124
loose,large,large::mp-1380335::combined_noise_0.015A_0.003,mp-1380335,mp-1380335,TiO2,combined_noise_0.015A_0.003,combined_perturbation,noise,1,20,1,0,0,0,large::mp-1380335::reference,3.4617932233959436
loose,large,large::mp-1380335::combined_noise_0.050A_0.003,mp-1380335,mp-1380335,TiO2,combined_noise_0.050A_0.003,combined_perturbation,noise,1,20,1,0,0,0,large::mp-1380335::reference,61.53709984011948
loose,large,large::mp-1380335::combined_noise_0.002A_0.010,mp-1380335,mp-1380335,TiO2,combined_noise_0.002A_0.010,combined_perturbation,noise,1,20,1,0,0,0,large::mp-1380335::reference,3.4747288674116135
loose,large,large::mp-1380335::combined_noise_0.015A_0.010,mp-1380335,mp-1380335,TiO2,combined_noise_0.015A_0.010,combined_perturbation,noise,1,20,1,0,0,0,large::mp-1380335::reference,3.562574725598097
loose,large,large::mp-1380335::combined_noise_0.050A_0.010,mp-1380335,mp-1380335,TiO2,combined_noise_0.050A_0.010,combined_perturbation,noise,1,20,1,0,0,0,large::mp-1380335::reference,55.11762047186494
loose,large,large::mp-1380335::combined_noise_0.002A_0.030,mp-1380335,mp-1380335,TiO2,combined_noise_0.002A_0.030,combined_perturbation,noise,1,20,1,0,0,0,large::mp-1380335::reference,3.4611505698412657
loose,large,large::mp-1380335::combined_noise_0.015A_0.030,mp-1380335,mp-1380335,TiO2,combined_noise_0.015A_0.030,combined_perturbation,noise,1,20,1,0,0,0,large::mp-1380335::reference,3.3515377920120955
loose,large,large::mp-1380335::combined_noise_0.050A_0.030,mp-1380335,mp-1380335,TiO2,combined_noise_0.050A_0.030,combined_perturbation,noise,1,20,1,1,0,0,large::mp-1380335::reference,66.59901720844209
loose,large,large::mp-1386640::conventional_standard,mp-1386640,mp-1386640,TiO2,conventional_standard,equivalent_transform,no_noise,1,20,1,0,0,0,large::mp-1386640::reference,1.480678766965866
loose,large,large::mp-1386640::niggli_reduced,mp-1386640,mp-1386640,TiO2,niggli_reduced,equivalent_transform,no_noise,1,20,1,0,0,0,large::mp-1386640::reference,2.2825815584510565
loose,large,large::mp-1386640::origin_shifted,mp-1386640,mp-1386640,TiO2,origin_shifted,equivalent_transform,no_noise,1,20,1,0,0,0,large::mp-1386640::reference,2.316550564020872
loose,large,large::mp-1386640::permuted_sites,mp-1386640,mp-1386640,TiO2,permuted_sites,equivalent_transform,no_noise,1,20,1,0,0,0,large::mp-1386640::reference,3.8675090558826923
loose,large,large::mp-1386640::combined_noise_0.002A_0.003,mp-1386640,mp-1386640,TiO2,combined_noise_0.002A_0.003,combined_perturbation,noise,1,20,1,0,0,0,large::mp-1386640::reference,2.425431551411748
loose,large,large::mp-1386640::combined_noise_0.015A_0.003,mp-1386640,mp-1386640,TiO2,combined_noise_0.015A_0.003,combined_perturbation,noise,1,20,1,0,0,0,large::mp-1386640::reference,2.2878313213586807
loose,large,large::mp-1386640::combined_noise_0.050A_0.003,mp-1386640,mp-1386640,TiO2,combined_noise_0.050A_0.003,combined_perturbation,noise,1,20,1,0,0,0,large::mp-1386640::reference,2.2966944370418787
loose,large,large::mp-1386640::combined_noise_0.002A_0.010,mp-1386640,mp-1386640,TiO2,combined_noise_0.002A_0.010,combined_perturbation,noise,1,20,1,0,0,0,large::mp-1386640::reference,2.2982348576188087
loose,large,large::mp-1386640::combined_noise_0.015A_0.010,mp-1386640,mp-1386640,TiO2,combined_noise_0.015A_0.010,combined_perturbation,noise,1,20,1,0,0,0,large::mp-1386640::reference,2.3083305079489946
loose,large,large::mp-1386640::combined_noise_0.050A_0.010,mp-1386640,mp-1386640,TiO2,combined_noise_0.050A_0.010,combined_perturbation,noise,1,20,1,0,0,0,large::mp-1386640::reference,2.28360722027719
loose,large,large::mp-1386640::combined_noise_0.002A_0.030,mp-1386640,mp-1386640,TiO2,combined_noise_0.002A_0.030,combined_perturbation,noise,1,20,1,0,0,0,large::mp-1386640::reference,2.3164332937449217
loose,large,large::mp-1386640::combined_noise_0.015A_0.030,mp-1386640,mp-1386640,TiO2,combined_noise_0.015A_0.030,combined_perturbation,noise,1,20,1,0,0,0,large::mp-1386640::reference,2.263086471706629
loose,large,large::mp-1386640::combined_noise_0.050A_0.030,mp-1386640,mp-1386640,TiO2,combined_noise_0.050A_0.030,combined_perturbation,noise,1,20,1,0,0,0,large::mp-1386640::reference,2.2708875350654125
loose,large,large::mp-1400963::conventional_standard,mp-1400963,mp-1400963,TiO2,conventional_standard,equivalent_transform,no_noise,1,20,1,0,0,0,large::mp-1400963::reference,1.3673387300223112
loose,large,large::mp-1400963::niggli_reduced,mp-1400963,mp-1400963,TiO2,niggli_reduced,equivalent_transform,no_noise,1,20,1,0,0,0,large::mp-1400963::reference,2.191847464069724
loose,large,large::mp-1400963::origin_shifted,mp-1400963,mp-1400963,TiO2,origin_shifted,equivalent_transform,no_noise,1,20,1,0,0,0,large::mp-1400963::reference,2.200135339051485
loose,large,large::mp-1400963::permuted_sites,mp-1400963,mp-1400963,TiO2,permuted_sites,equivalent_transform,no_noise,1,20,1,0,0,0,large::mp-1400963::reference,3.7723807524889708
loose,large,large::mp-1400963::combined_noise_0.002A_0.003,mp-1400963,mp-1400963,TiO2,combined_noise_0.002A_0.003,combined_perturbation,noise,1,20,1,0,0,0,large::mp-1400963::reference,2.3083655294030905
loose,large,large::mp-1400963::combined_noise_0.015A_0.003,mp-1400963,mp-1400963,TiO2,combined_noise_0.015A_0.003,combined_perturbation,noise,1,20,1,0,0,0,large::mp-1400963::reference,2.5494166184216738
loose,large,large::mp-1400963::combined_noise_0.050A_0.003,mp-1400963,mp-1400963,TiO2,combined_noise_0.050A_0.003,combined_perturbation,noise,1,20,1,0,0,0,large::mp-1400963::reference,29.549220906570554
loose,large,large::mp-1400963::combined_noise_0.002A_0.010,mp-1400963,mp-1400963,TiO2,combined_noise_0.002A_0.010,combined_perturbation,noise,1,20,1,0,0,0,large::mp-1400963::reference,2.189042119309306
loose,large,large::mp-1400963::combined_noise_0.015A_0.010,mp-1400963,mp-1400963,TiO2,combined_noise_0.015A_0.010,combined_perturbation,noise,1,20,1,0,0,0,large::mp-1400963::reference,2.20741131529212
loose,large,large::mp-1400963::combined_noise_0.050A_0.010,mp-1400963,mp-1400963,TiO2,combined_noise_0.050A_0.010,combined_perturbation,noise,1,20,1,0,0,0,large::mp-1400963::reference,2.1945083104074
loose,large,large::mp-1400963::combined_noise_0.002A_0.030,mp-1400963,mp-1400963,TiO2,combined_noise_0.002A_0.030,combined_perturbation,noise,1,20,1,0,0,0,large::mp-1400963::reference,2.193628778681159
loose,large,large::mp-1400963::combined_noise_0.015A_0.030,mp-1400963,mp-1400963,TiO2,combined_noise_0.015A_0.030,combined_perturbation,noise,1,20,1,0,0,0,large::mp-1400963::reference,2.200952921062708
loose,large,large::mp-1400963::combined_noise_0.050A_0.030,mp-1400963,mp-1400963,TiO2,combined_noise_0.050A_0.030,combined_perturbation,noise,1,20,1,0,0,0,large::mp-1400963::reference,2.2129539866000414
loose,large,large::mp-1408285::conventional_standard,mp-1408285,mp-1408285,TiO2,conventional_standard,equivalent_transform,no_noise,1,20,1,0,0,0,large::mp-1408285::reference,1.8634646870195866
loose,large,large::mp-1408285::niggli_reduced,mp-1408285,mp-1408285,TiO2,niggli_reduced,equivalent_transform,no_noise,1,20,1,0,0,0,large::mp-1408285::reference,2.6311818659305573
loose,large,large::mp-1408285::origin_shifted,mp-1408285,mp-1408285,TiO2,origin_shifted,equivalent_transform,no_noise,1,20,1,0,0,0,large::mp-1408285::reference,2.6597946882247925
loose,large,large::mp-1408285::permuted_sites,mp-1408285,mp-1408285,TiO2,permuted_sites,equivalent_transform,no_noise,1,20,1,0,0,0,large::mp-1408285::reference,4.211234338581562
loose,large,large::mp-1408285::combined_noise_0.002A_0.003,mp-1408285,mp-1408285,TiO2,combined_noise_0.002A_0.003,combined_perturbation,noise,1,20,1,0,0,0,large::mp-1408285::reference,2.76378502137959
loose,large,large::mp-1408285::combined_noise_0.015A_0.003,mp-1408285,mp-1408285,TiO2,combined_noise_0.015A_0.003,combined_perturbation,noise,1,20,1,0,0,0,large::mp-1408285::reference,2.6320678628981113
loose,large,large::mp-1408285::combined_noise_0.050A_0.003,mp-1408285,mp-1408285,TiO2,combined_noise_0.050A_0.003,combined_perturbation,noise,1,20,1,2,0,0,large::mp-1408285::reference,93.43807512521744
loose,large,large::mp-1408285::combined_noise_0.002A_0.010,mp-1408285,mp-1408285,TiO2,combined_noise_0.002A_0.010,combined_perturbation,noise,1,20,1,0,0,0,large::mp-1408285::reference,2.6360920164734125
loose,large,large::mp-1408285::combined_noise_0.015A_0.010,mp-1408285,mp-1408285,TiO2,combined_noise_0.015A_0.010,combined_perturbation,noise,1,20,1,0,0,0,large::mp-1408285::reference,2.6346643697470427
loose,large,large::mp-1408285::combined_noise_0.050A_0.010,mp-1408285,mp-1408285,TiO2,combined_noise_0.050A_0.010,combined_perturbation,noise,1,20,1,0,0,0,large::mp-1408285::reference,3.4424831345677376
loose,large,large::mp-1408285::combined_noise_0.002A_0.030,mp-1408285,mp-1408285,TiO2,combined_noise_0.002A_0.030,combined_perturbation,noise,1,20,1,0,0,0,large::mp-1408285::reference,2.639816591516137
loose,large,large::mp-1408285::combined_noise_0.015A_0.030,mp-1408285,mp-1408285,TiO2,combined_noise_0.015A_0.030,combined_perturbation,noise,1,20,1,0,0,0,large::mp-1408285::reference,2.638751570135355
loose,large,large::mp-1408285::combined_noise_0.050A_0.030,mp-1408285,mp-1408285,TiO2,combined_noise_0.050A_0.030,combined_perturbation,noise,1,20,1,0,0,0,large::mp-1408285::reference,3.300275871530175
loose,large,large::mp-1426806::conventional_standard,mp-1426806,mp-1426806,TiO2,conventional_standard,equivalent_transform,no_noise,1,20,1,0,0,0,large::mp-1426806::reference,6.8790438156574965
loose,large,large::mp-1426806::niggli_reduced,mp-1426806,mp-1426806,TiO2,niggli_reduced,equivalent_transform,no_noise,1,20,1,0,0,0,large::mp-1426806::reference,8.004794605076313
loose,large,large::mp-1426806::origin_shifted,mp-1426806,mp-1426806,TiO2,origin_shifted,equivalent_transform,no_noise,1,20,1,0,0,0,large::mp-1426806::reference,8.066858883947134
loose,large,large::mp-1426806::permuted_sites,mp-1426806,mp-1426806,TiO2,permuted_sites,equivalent_transform,no_noise,1,20,1,0,0,0,large::mp-1426806::reference,9.317789511755109
loose,large,large::mp-1426806::combined_noise_0.002A_0.003,mp-1426806,mp-1426806,TiO2,combined_noise_0.002A_0.003,combined_perturbation,noise,1,20,1,0,0,0,large::mp-1426806::reference,8.017889373004436
loose,large,large::mp-1426806::combined_noise_0.015A_0.003,mp-1426806,mp-1426806,TiO2,combined_noise_0.015A_0.003,combined_perturbation,noise,1,20,1,0,0,0,large::mp-1426806::reference,2.6552410796284676
loose,large,large::mp-1426806::combined_noise_0.050A_0.003,mp-1426806,mp-1426806,TiO2,combined_noise_0.050A_0.003,combined_perturbation,noise,1,20,1,0,0,0,large::mp-1426806::reference,2.2169598322361708
loose,large,large::mp-1426806::combined_noise_0.002A_0.010,mp-1426806,mp-1426806,TiO2,combined_noise_0.002A_0.010,combined_perturbation,noise,1,20,1,0,0,0,large::mp-1426806::reference,8.09706661105156
loose,large,large::mp-1426806::combined_noise_0.015A_0.010,mp-1426806,mp-1426806,TiO2,combined_noise_0.015A_0.010,combined_perturbation,noise,1,20,1,0,0,0,large::mp-1426806::reference,2.2287253960967064
loose,large,large::mp-1426806::combined_noise_0.050A_0.010,mp-1426806,mp-1426806,TiO2,combined_noise_0.050A_0.010,combined_perturbation,noise,1,20,1,0,0,0,large::mp-1426806::reference,2.210132360458374
loose,large,large::mp-1426806::combined_noise_0.002A_0.030,mp-1426806,mp-1426806,TiO2,combined_noise_0.002A_0.030,combined_perturbation,noise,1,20,1,0,0,0,large::mp-1426806::reference,8.045489512383938
loose,large,large::mp-1426806::combined_noise_0.015A_0.030,mp-1426806,mp-1426806,TiO2,combined_noise_0.015A_0.030,combined_perturbation,noise,1,20,2,0,1,0,large::mp-1341203::reference|large::mp-1426806::reference,7.085162008181214
loose,large,large::mp-1426806::combined_noise_0.050A_0.030,mp-1426806,mp-1426806,TiO2,combined_noise_0.050A_0.030,combined_perturbation,noise,1,20,2,0,1,0,large::mp-1341203::reference|large::mp-1426806::reference,2.9411496482789516
